ISO-10303-21;
HEADER;
FILE_DESCRIPTION((''),'2;1');
FILE_NAME('CELLPLATE15','2026-06-04T13:25:40',('user'),(''),
'CREO PARAMETRIC BY PTC INC, 2025102','CREO PARAMETRIC BY PTC INC, 2025102','');
FILE_SCHEMA(('CONFIG_CONTROL_DESIGN'));
ENDSEC;
DATA;
#1=CARTESIAN_POINT('',(-2.375E2,0.E0,-1.375E2));
#2=DIRECTION('',(0.E0,-1.E0,0.E0));
#3=DIRECTION('',(1.E0,0.E0,0.E0));
#4=AXIS2_PLACEMENT_3D('',#1,#2,#3);
#6=CARTESIAN_POINT('',(-2.375E2,0.E0,-1.375E2));
#7=DIRECTION('',(0.E0,-1.E0,0.E0));
#8=DIRECTION('',(-1.E0,0.E0,0.E0));
#9=AXIS2_PLACEMENT_3D('',#6,#7,#8);
#11=CARTESIAN_POINT('',(-2.375E2,0.E0,-1.25E1));
#12=DIRECTION('',(0.E0,-1.E0,0.E0));
#13=DIRECTION('',(1.E0,0.E0,0.E0));
#14=AXIS2_PLACEMENT_3D('',#11,#12,#13);
#16=CARTESIAN_POINT('',(-2.375E2,0.E0,-1.25E1));
#17=DIRECTION('',(0.E0,-1.E0,0.E0));
#18=DIRECTION('',(-1.E0,0.E0,0.E0));
#19=AXIS2_PLACEMENT_3D('',#16,#17,#18);
#21=CARTESIAN_POINT('',(-1.25E1,0.E0,-1.375E2));
#22=DIRECTION('',(0.E0,-1.E0,0.E0));
#23=DIRECTION('',(1.E0,0.E0,0.E0));
#24=AXIS2_PLACEMENT_3D('',#21,#22,#23);
#26=CARTESIAN_POINT('',(-1.25E1,0.E0,-1.375E2));
#27=DIRECTION('',(0.E0,-1.E0,0.E0));
#28=DIRECTION('',(-1.E0,0.E0,0.E0));
#29=AXIS2_PLACEMENT_3D('',#26,#27,#28);
#31=CARTESIAN_POINT('',(-1.25E1,0.E0,-1.25E1));
#32=DIRECTION('',(0.E0,-1.E0,0.E0));
#33=DIRECTION('',(1.E0,0.E0,0.E0));
#34=AXIS2_PLACEMENT_3D('',#31,#32,#33);
#36=CARTESIAN_POINT('',(-1.25E1,0.E0,-1.25E1));
#37=DIRECTION('',(0.E0,-1.E0,0.E0));
#38=DIRECTION('',(-1.E0,0.E0,0.E0));
#39=AXIS2_PLACEMENT_3D('',#36,#37,#38);
#41=DIRECTION('',(0.E0,0.E0,-1.E0));
#42=VECTOR('',#41,1.5E2);
#43=CARTESIAN_POINT('',(0.E0,0.E0,0.E0));
#44=LINE('',#43,#42);
#45=DIRECTION('',(-1.E0,0.E0,0.E0));
#46=VECTOR('',#45,2.5E2);
#47=CARTESIAN_POINT('',(0.E0,0.E0,-1.5E2));
#48=LINE('',#47,#46);
#49=DIRECTION('',(0.E0,0.E0,1.E0));
#50=VECTOR('',#49,1.5E2);
#51=CARTESIAN_POINT('',(-2.5E2,0.E0,-1.5E2));
#52=LINE('',#51,#50);
#53=DIRECTION('',(1.E0,0.E0,0.E0));
#54=VECTOR('',#53,2.5E2);
#55=CARTESIAN_POINT('',(-2.5E2,0.E0,0.E0));
#56=LINE('',#55,#54);
#57=DIRECTION('',(0.E0,1.E0,0.E0));
#58=VECTOR('',#57,1.E1);
#59=CARTESIAN_POINT('',(-2.34E2,0.E0,-1.375E2));
#60=LINE('',#59,#58);
#61=DIRECTION('',(0.E0,1.E0,0.E0));
#62=VECTOR('',#61,1.E1);
#63=CARTESIAN_POINT('',(-2.41E2,0.E0,-1.375E2));
#64=LINE('',#63,#62);
#65=CARTESIAN_POINT('',(-2.375E2,1.E1,-1.375E2));
#66=DIRECTION('',(0.E0,-1.E0,0.E0));
#67=DIRECTION('',(1.E0,0.E0,0.E0));
#68=AXIS2_PLACEMENT_3D('',#65,#66,#67);
#70=CARTESIAN_POINT('',(-2.375E2,1.E1,-1.375E2));
#71=DIRECTION('',(0.E0,-1.E0,0.E0));
#72=DIRECTION('',(-1.E0,0.E0,0.E0));
#73=AXIS2_PLACEMENT_3D('',#70,#71,#72);
#75=CARTESIAN_POINT('',(-2.375E2,1.E1,-1.25E1));
#76=DIRECTION('',(0.E0,-1.E0,0.E0));
#77=DIRECTION('',(1.E0,0.E0,0.E0));
#78=AXIS2_PLACEMENT_3D('',#75,#76,#77);
#80=CARTESIAN_POINT('',(-2.375E2,1.E1,-1.25E1));
#81=DIRECTION('',(0.E0,-1.E0,0.E0));
#82=DIRECTION('',(-1.E0,0.E0,0.E0));
#83=AXIS2_PLACEMENT_3D('',#80,#81,#82);
#85=CARTESIAN_POINT('',(-1.25E1,1.E1,-1.375E2));
#86=DIRECTION('',(0.E0,-1.E0,0.E0));
#87=DIRECTION('',(1.E0,0.E0,0.E0));
#88=AXIS2_PLACEMENT_3D('',#85,#86,#87);
#90=CARTESIAN_POINT('',(-1.25E1,1.E1,-1.375E2));
#91=DIRECTION('',(0.E0,-1.E0,0.E0));
#92=DIRECTION('',(-1.E0,0.E0,0.E0));
#93=AXIS2_PLACEMENT_3D('',#90,#91,#92);
#95=CARTESIAN_POINT('',(-1.25E1,1.E1,-1.25E1));
#96=DIRECTION('',(0.E0,-1.E0,0.E0));
#97=DIRECTION('',(1.E0,0.E0,0.E0));
#98=AXIS2_PLACEMENT_3D('',#95,#96,#97);
#100=CARTESIAN_POINT('',(-1.25E1,1.E1,-1.25E1));
#101=DIRECTION('',(0.E0,-1.E0,0.E0));
#102=DIRECTION('',(-1.E0,0.E0,0.E0));
#103=AXIS2_PLACEMENT_3D('',#100,#101,#102);
#105=DIRECTION('',(0.E0,0.E0,-1.E0));
#106=VECTOR('',#105,1.5E2);
#107=CARTESIAN_POINT('',(-2.25E2,1.E1,0.E0));
#108=LINE('',#107,#106);
#109=DIRECTION('',(1.E0,0.E0,0.E0));
#110=VECTOR('',#109,2.5E1);
#111=CARTESIAN_POINT('',(-2.5E2,1.E1,0.E0));
#112=LINE('',#111,#110);
#113=DIRECTION('',(0.E0,0.E0,1.E0));
#114=VECTOR('',#113,1.5E2);
#115=CARTESIAN_POINT('',(-2.5E2,1.E1,-1.5E2));
#116=LINE('',#115,#114);
#117=DIRECTION('',(-1.E0,0.E0,0.E0));
#118=VECTOR('',#117,2.5E1);
#119=CARTESIAN_POINT('',(-2.25E2,1.E1,-1.5E2));
#120=LINE('',#119,#118);
#121=DIRECTION('',(0.E0,0.E0,-1.E0));
#122=VECTOR('',#121,1.5E2);
#123=CARTESIAN_POINT('',(-2.5E1,1.E1,0.E0));
#124=LINE('',#123,#122);
#125=DIRECTION('',(-1.E0,0.E0,0.E0));
#126=VECTOR('',#125,2.5E1);
#127=CARTESIAN_POINT('',(0.E0,1.E1,-1.5E2));
#128=LINE('',#127,#126);
#129=DIRECTION('',(0.E0,0.E0,-1.E0));
#130=VECTOR('',#129,1.5E2);
#131=CARTESIAN_POINT('',(0.E0,1.E1,0.E0));
#132=LINE('',#131,#130);
#133=DIRECTION('',(1.E0,0.E0,0.E0));
#134=VECTOR('',#133,2.5E1);
#135=CARTESIAN_POINT('',(-2.5E1,1.E1,0.E0));
#136=LINE('',#135,#134);
#137=DIRECTION('',(0.E0,1.E0,0.E0));
#138=VECTOR('',#137,1.E1);
#139=CARTESIAN_POINT('',(-2.34E2,0.E0,-1.25E1));
#140=LINE('',#139,#138);
#141=DIRECTION('',(0.E0,1.E0,0.E0));
#142=VECTOR('',#141,1.E1);
#143=CARTESIAN_POINT('',(-2.41E2,0.E0,-1.25E1));
#144=LINE('',#143,#142);
#145=DIRECTION('',(0.E0,1.E0,0.E0));
#146=VECTOR('',#145,1.E1);
#147=CARTESIAN_POINT('',(-9.E0,0.E0,-1.375E2));
#148=LINE('',#147,#146);
#149=DIRECTION('',(0.E0,1.E0,0.E0));
#150=VECTOR('',#149,1.E1);
#151=CARTESIAN_POINT('',(-1.6E1,0.E0,-1.375E2));
#152=LINE('',#151,#150);
#153=DIRECTION('',(0.E0,1.E0,0.E0));
#154=VECTOR('',#153,1.E1);
#155=CARTESIAN_POINT('',(-9.E0,0.E0,-1.25E1));
#156=LINE('',#155,#154);
#157=DIRECTION('',(0.E0,1.E0,0.E0));
#158=VECTOR('',#157,1.E1);
#159=CARTESIAN_POINT('',(-1.6E1,0.E0,-1.25E1));
#160=LINE('',#159,#158);
#161=DIRECTION('',(0.E0,1.E0,0.E0));
#162=VECTOR('',#161,1.3E2);
#163=CARTESIAN_POINT('',(-2.25E2,1.E1,-1.5E2));
#164=LINE('',#163,#162);
#165=DIRECTION('',(0.E0,1.E0,0.E0));
#166=VECTOR('',#165,1.3E2);
#167=CARTESIAN_POINT('',(-2.5E1,1.E1,-1.5E2));
#168=LINE('',#167,#166);
#169=DIRECTION('',(0.E0,1.E0,0.E0));
#170=VECTOR('',#169,1.E1);
#171=CARTESIAN_POINT('',(0.E0,0.E0,-1.5E2));
#172=LINE('',#171,#170);
#173=DIRECTION('',(0.E0,1.E0,0.E0));
#174=VECTOR('',#173,1.3E2);
#175=CARTESIAN_POINT('',(-2.5E1,1.E1,0.E0));
#176=LINE('',#175,#174);
#177=DIRECTION('',(0.E0,1.E0,0.E0));
#178=VECTOR('',#177,1.3E2);
#179=CARTESIAN_POINT('',(-2.25E2,1.E1,0.E0));
#180=LINE('',#179,#178);
#181=DIRECTION('',(0.E0,1.E0,0.E0));
#182=VECTOR('',#181,1.E1);
#183=CARTESIAN_POINT('',(-2.5E2,0.E0,0.E0));
#184=LINE('',#183,#182);
#185=DIRECTION('',(0.E0,0.E0,1.E0));
#186=VECTOR('',#185,1.5E2);
#187=CARTESIAN_POINT('',(-2.25E2,1.4E2,-1.5E2));
#188=LINE('',#187,#186);
#189=DIRECTION('',(-1.E0,0.E0,0.E0));
#190=VECTOR('',#189,2.E2);
#191=CARTESIAN_POINT('',(-2.5E1,1.4E2,-1.5E2));
#192=LINE('',#191,#190);
#193=DIRECTION('',(0.E0,0.E0,-1.E0));
#194=VECTOR('',#193,1.5E2);
#195=CARTESIAN_POINT('',(-2.5E1,1.4E2,0.E0));
#196=LINE('',#195,#194);
#197=DIRECTION('',(1.E0,0.E0,0.E0));
#198=VECTOR('',#197,2.E2);
#199=CARTESIAN_POINT('',(-2.25E2,1.4E2,0.E0));
#200=LINE('',#199,#198);
#201=DIRECTION('',(0.E0,0.E0,-1.E0));
#202=VECTOR('',#201,2.48E1);
#203=CARTESIAN_POINT('',(-3.E1,1.4E2,-1.202E2));
#204=LINE('',#203,#202);
#205=DIRECTION('',(0.E0,0.E0,1.E0));
#206=VECTOR('',#205,2.48E1);
#207=CARTESIAN_POINT('',(-4.E1,1.4E2,-1.45E2));
#208=LINE('',#207,#206);
#209=DIRECTION('',(0.E0,0.E0,1.E0));
#210=VECTOR('',#209,2.48E1);
#211=CARTESIAN_POINT('',(-6.54E1,1.4E2,-1.45E2));
#212=LINE('',#211,#210);
#213=DIRECTION('',(0.E0,0.E0,-1.E0));
#214=VECTOR('',#213,2.48E1);
#215=CARTESIAN_POINT('',(-5.54E1,1.4E2,-1.202E2));
#216=LINE('',#215,#214);
#217=DIRECTION('',(0.E0,0.E0,-1.E0));
#218=VECTOR('',#217,2.48E1);
#219=CARTESIAN_POINT('',(-3.E1,1.4E2,-8.18E1));
#220=LINE('',#219,#218);
#221=DIRECTION('',(0.E0,0.E0,1.E0));
#222=VECTOR('',#221,2.48E1);
#223=CARTESIAN_POINT('',(-4.E1,1.4E2,-1.066E2));
#224=LINE('',#223,#222);
#225=DIRECTION('',(0.E0,0.E0,1.E0));
#226=VECTOR('',#225,2.48E1);
#227=CARTESIAN_POINT('',(-6.54E1,1.4E2,-1.066E2));
#228=LINE('',#227,#226);
#229=DIRECTION('',(0.E0,0.E0,-1.E0));
#230=VECTOR('',#229,2.48E1);
#231=CARTESIAN_POINT('',(-5.54E1,1.4E2,-8.18E1));
#232=LINE('',#231,#230);
#233=DIRECTION('',(0.E0,0.E0,-1.E0));
#234=VECTOR('',#233,2.48E1);
#235=CARTESIAN_POINT('',(-3.E1,1.4E2,-4.34E1));
#236=LINE('',#235,#234);
#237=DIRECTION('',(0.E0,0.E0,1.E0));
#238=VECTOR('',#237,2.48E1);
#239=CARTESIAN_POINT('',(-4.E1,1.4E2,-6.82E1));
#240=LINE('',#239,#238);
#241=DIRECTION('',(0.E0,0.E0,1.E0));
#242=VECTOR('',#241,2.48E1);
#243=CARTESIAN_POINT('',(-6.54E1,1.4E2,-6.82E1));
#244=LINE('',#243,#242);
#245=DIRECTION('',(0.E0,0.E0,-1.E0));
#246=VECTOR('',#245,2.48E1);
#247=CARTESIAN_POINT('',(-5.54E1,1.4E2,-4.34E1));
#248=LINE('',#247,#246);
#249=DIRECTION('',(0.E0,0.E0,-1.E0));
#250=VECTOR('',#249,2.48E1);
#251=CARTESIAN_POINT('',(-3.E1,1.4E2,-5.E0));
#252=LINE('',#251,#250);
#253=DIRECTION('',(0.E0,0.E0,1.E0));
#254=VECTOR('',#253,2.48E1);
#255=CARTESIAN_POINT('',(-4.E1,1.4E2,-2.98E1));
#256=LINE('',#255,#254);
#257=DIRECTION('',(0.E0,0.E0,1.E0));
#258=VECTOR('',#257,2.48E1);
#259=CARTESIAN_POINT('',(-6.54E1,1.4E2,-2.98E1));
#260=LINE('',#259,#258);
#261=DIRECTION('',(0.E0,0.E0,-1.E0));
#262=VECTOR('',#261,2.48E1);
#263=CARTESIAN_POINT('',(-5.54E1,1.4E2,-5.E0));
#264=LINE('',#263,#262);
#265=DIRECTION('',(0.E0,0.E0,-1.E0));
#266=VECTOR('',#265,2.48E1);
#267=CARTESIAN_POINT('',(-7.2E1,1.4E2,-1.202E2));
#268=LINE('',#267,#266);
#269=DIRECTION('',(0.E0,0.E0,1.E0));
#270=VECTOR('',#269,2.48E1);
#271=CARTESIAN_POINT('',(-8.2E1,1.4E2,-1.45E2));
#272=LINE('',#271,#270);
#273=DIRECTION('',(0.E0,0.E0,1.E0));
#274=VECTOR('',#273,2.48E1);
#275=CARTESIAN_POINT('',(-1.074E2,1.4E2,-1.45E2));
#276=LINE('',#275,#274);
#277=DIRECTION('',(0.E0,0.E0,-1.E0));
#278=VECTOR('',#277,2.48E1);
#279=CARTESIAN_POINT('',(-9.74E1,1.4E2,-1.202E2));
#280=LINE('',#279,#278);
#281=DIRECTION('',(0.E0,0.E0,-1.E0));
#282=VECTOR('',#281,2.48E1);
#283=CARTESIAN_POINT('',(-7.2E1,1.4E2,-8.18E1));
#284=LINE('',#283,#282);
#285=DIRECTION('',(0.E0,0.E0,1.E0));
#286=VECTOR('',#285,2.48E1);
#287=CARTESIAN_POINT('',(-8.2E1,1.4E2,-1.066E2));
#288=LINE('',#287,#286);
#289=DIRECTION('',(0.E0,0.E0,1.E0));
#290=VECTOR('',#289,2.48E1);
#291=CARTESIAN_POINT('',(-1.074E2,1.4E2,-1.066E2));
#292=LINE('',#291,#290);
#293=DIRECTION('',(0.E0,0.E0,-1.E0));
#294=VECTOR('',#293,2.48E1);
#295=CARTESIAN_POINT('',(-9.74E1,1.4E2,-8.18E1));
#296=LINE('',#295,#294);
#297=DIRECTION('',(0.E0,0.E0,-1.E0));
#298=VECTOR('',#297,2.48E1);
#299=CARTESIAN_POINT('',(-7.2E1,1.4E2,-4.34E1));
#300=LINE('',#299,#298);
#301=DIRECTION('',(0.E0,0.E0,1.E0));
#302=VECTOR('',#301,2.48E1);
#303=CARTESIAN_POINT('',(-8.2E1,1.4E2,-6.82E1));
#304=LINE('',#303,#302);
#305=DIRECTION('',(0.E0,0.E0,1.E0));
#306=VECTOR('',#305,2.48E1);
#307=CARTESIAN_POINT('',(-1.074E2,1.4E2,-6.82E1));
#308=LINE('',#307,#306);
#309=DIRECTION('',(0.E0,0.E0,-1.E0));
#310=VECTOR('',#309,2.48E1);
#311=CARTESIAN_POINT('',(-9.74E1,1.4E2,-4.34E1));
#312=LINE('',#311,#310);
#313=DIRECTION('',(0.E0,0.E0,-1.E0));
#314=VECTOR('',#313,2.48E1);
#315=CARTESIAN_POINT('',(-7.2E1,1.4E2,-5.E0));
#316=LINE('',#315,#314);
#317=DIRECTION('',(0.E0,0.E0,1.E0));
#318=VECTOR('',#317,2.48E1);
#319=CARTESIAN_POINT('',(-8.2E1,1.4E2,-2.98E1));
#320=LINE('',#319,#318);
#321=DIRECTION('',(0.E0,0.E0,1.E0));
#322=VECTOR('',#321,2.48E1);
#323=CARTESIAN_POINT('',(-1.074E2,1.4E2,-2.98E1));
#324=LINE('',#323,#322);
#325=DIRECTION('',(0.E0,0.E0,-1.E0));
#326=VECTOR('',#325,2.48E1);
#327=CARTESIAN_POINT('',(-9.74E1,1.4E2,-5.E0));
#328=LINE('',#327,#326);
#329=DIRECTION('',(0.E0,0.E0,-1.E0));
#330=VECTOR('',#329,2.48E1);
#331=CARTESIAN_POINT('',(-1.14E2,1.4E2,-1.202E2));
#332=LINE('',#331,#330);
#333=DIRECTION('',(0.E0,0.E0,1.E0));
#334=VECTOR('',#333,2.48E1);
#335=CARTESIAN_POINT('',(-1.24E2,1.4E2,-1.45E2));
#336=LINE('',#335,#334);
#337=DIRECTION('',(0.E0,0.E0,1.E0));
#338=VECTOR('',#337,2.48E1);
#339=CARTESIAN_POINT('',(-1.494E2,1.4E2,-1.45E2));
#340=LINE('',#339,#338);
#341=DIRECTION('',(0.E0,0.E0,-1.E0));
#342=VECTOR('',#341,2.48E1);
#343=CARTESIAN_POINT('',(-1.394E2,1.4E2,-1.202E2));
#344=LINE('',#343,#342);
#345=DIRECTION('',(0.E0,0.E0,-1.E0));
#346=VECTOR('',#345,2.48E1);
#347=CARTESIAN_POINT('',(-1.14E2,1.4E2,-8.18E1));
#348=LINE('',#347,#346);
#349=DIRECTION('',(0.E0,0.E0,1.E0));
#350=VECTOR('',#349,2.48E1);
#351=CARTESIAN_POINT('',(-1.24E2,1.4E2,-1.066E2));
#352=LINE('',#351,#350);
#353=DIRECTION('',(0.E0,0.E0,1.E0));
#354=VECTOR('',#353,2.48E1);
#355=CARTESIAN_POINT('',(-1.494E2,1.4E2,-1.066E2));
#356=LINE('',#355,#354);
#357=DIRECTION('',(0.E0,0.E0,-1.E0));
#358=VECTOR('',#357,2.48E1);
#359=CARTESIAN_POINT('',(-1.394E2,1.4E2,-8.18E1));
#360=LINE('',#359,#358);
#361=DIRECTION('',(0.E0,0.E0,-1.E0));
#362=VECTOR('',#361,2.48E1);
#363=CARTESIAN_POINT('',(-1.14E2,1.4E2,-4.34E1));
#364=LINE('',#363,#362);
#365=DIRECTION('',(0.E0,0.E0,1.E0));
#366=VECTOR('',#365,2.48E1);
#367=CARTESIAN_POINT('',(-1.24E2,1.4E2,-6.82E1));
#368=LINE('',#367,#366);
#369=DIRECTION('',(0.E0,0.E0,1.E0));
#370=VECTOR('',#369,2.48E1);
#371=CARTESIAN_POINT('',(-1.494E2,1.4E2,-6.82E1));
#372=LINE('',#371,#370);
#373=DIRECTION('',(0.E0,0.E0,-1.E0));
#374=VECTOR('',#373,2.48E1);
#375=CARTESIAN_POINT('',(-1.394E2,1.4E2,-4.34E1));
#376=LINE('',#375,#374);
#377=DIRECTION('',(0.E0,0.E0,-1.E0));
#378=VECTOR('',#377,2.48E1);
#379=CARTESIAN_POINT('',(-1.14E2,1.4E2,-5.E0));
#380=LINE('',#379,#378);
#381=DIRECTION('',(0.E0,0.E0,1.E0));
#382=VECTOR('',#381,2.48E1);
#383=CARTESIAN_POINT('',(-1.24E2,1.4E2,-2.98E1));
#384=LINE('',#383,#382);
#385=DIRECTION('',(0.E0,0.E0,1.E0));
#386=VECTOR('',#385,2.48E1);
#387=CARTESIAN_POINT('',(-1.494E2,1.4E2,-2.98E1));
#388=LINE('',#387,#386);
#389=DIRECTION('',(0.E0,0.E0,-1.E0));
#390=VECTOR('',#389,2.48E1);
#391=CARTESIAN_POINT('',(-1.394E2,1.4E2,-5.E0));
#392=LINE('',#391,#390);
#393=DIRECTION('',(0.E0,0.E0,-1.E0));
#394=VECTOR('',#393,2.48E1);
#395=CARTESIAN_POINT('',(-1.56E2,1.4E2,-1.202E2));
#396=LINE('',#395,#394);
#397=DIRECTION('',(0.E0,0.E0,1.E0));
#398=VECTOR('',#397,2.48E1);
#399=CARTESIAN_POINT('',(-1.66E2,1.4E2,-1.45E2));
#400=LINE('',#399,#398);
#401=DIRECTION('',(0.E0,0.E0,1.E0));
#402=VECTOR('',#401,2.48E1);
#403=CARTESIAN_POINT('',(-1.914E2,1.4E2,-1.45E2));
#404=LINE('',#403,#402);
#405=DIRECTION('',(0.E0,0.E0,-1.E0));
#406=VECTOR('',#405,2.48E1);
#407=CARTESIAN_POINT('',(-1.814E2,1.4E2,-1.202E2));
#408=LINE('',#407,#406);
#409=DIRECTION('',(0.E0,0.E0,-1.E0));
#410=VECTOR('',#409,2.48E1);
#411=CARTESIAN_POINT('',(-1.56E2,1.4E2,-8.18E1));
#412=LINE('',#411,#410);
#413=DIRECTION('',(0.E0,0.E0,1.E0));
#414=VECTOR('',#413,2.48E1);
#415=CARTESIAN_POINT('',(-1.66E2,1.4E2,-1.066E2));
#416=LINE('',#415,#414);
#417=DIRECTION('',(0.E0,0.E0,1.E0));
#418=VECTOR('',#417,2.48E1);
#419=CARTESIAN_POINT('',(-1.914E2,1.4E2,-1.066E2));
#420=LINE('',#419,#418);
#421=DIRECTION('',(0.E0,0.E0,-1.E0));
#422=VECTOR('',#421,2.48E1);
#423=CARTESIAN_POINT('',(-1.814E2,1.4E2,-8.18E1));
#424=LINE('',#423,#422);
#425=DIRECTION('',(0.E0,0.E0,-1.E0));
#426=VECTOR('',#425,2.48E1);
#427=CARTESIAN_POINT('',(-1.56E2,1.4E2,-4.34E1));
#428=LINE('',#427,#426);
#429=DIRECTION('',(0.E0,0.E0,1.E0));
#430=VECTOR('',#429,2.48E1);
#431=CARTESIAN_POINT('',(-1.66E2,1.4E2,-6.82E1));
#432=LINE('',#431,#430);
#433=DIRECTION('',(0.E0,0.E0,1.E0));
#434=VECTOR('',#433,2.48E1);
#435=CARTESIAN_POINT('',(-1.914E2,1.4E2,-6.82E1));
#436=LINE('',#435,#434);
#437=DIRECTION('',(0.E0,0.E0,-1.E0));
#438=VECTOR('',#437,2.48E1);
#439=CARTESIAN_POINT('',(-1.814E2,1.4E2,-4.34E1));
#440=LINE('',#439,#438);
#441=DIRECTION('',(0.E0,0.E0,-1.E0));
#442=VECTOR('',#441,2.48E1);
#443=CARTESIAN_POINT('',(-1.56E2,1.4E2,-5.E0));
#444=LINE('',#443,#442);
#445=DIRECTION('',(0.E0,0.E0,1.E0));
#446=VECTOR('',#445,2.48E1);
#447=CARTESIAN_POINT('',(-1.66E2,1.4E2,-2.98E1));
#448=LINE('',#447,#446);
#449=DIRECTION('',(0.E0,0.E0,1.E0));
#450=VECTOR('',#449,2.48E1);
#451=CARTESIAN_POINT('',(-1.914E2,1.4E2,-2.98E1));
#452=LINE('',#451,#450);
#453=DIRECTION('',(0.E0,0.E0,-1.E0));
#454=VECTOR('',#453,2.48E1);
#455=CARTESIAN_POINT('',(-1.814E2,1.4E2,-5.E0));
#456=LINE('',#455,#454);
#457=DIRECTION('',(0.E0,1.E0,0.E0));
#458=VECTOR('',#457,5.E0);
#459=CARTESIAN_POINT('',(-3.5E1,1.45E2,-1.202E2));
#460=LINE('',#459,#458);
#461=DIRECTION('',(-1.E0,0.E0,0.E0));
#462=VECTOR('',#461,1.E1);
#463=CARTESIAN_POINT('',(-3.E1,1.4E2,-1.202E2));
#464=LINE('',#463,#462);
#465=DIRECTION('',(0.E0,1.E0,0.E0));
#466=VECTOR('',#465,5.E0);
#467=CARTESIAN_POINT('',(-4.E1,1.4E2,-1.202E2));
#468=LINE('',#467,#466);
#469=DIRECTION('',(0.E0,0.E0,-1.E0));
#470=VECTOR('',#469,2.48E1);
#471=CARTESIAN_POINT('',(-3.5E1,1.45E2,-1.202E2));
#472=LINE('',#471,#470);
#473=DIRECTION('',(1.E0,0.E0,0.E0));
#474=VECTOR('',#473,5.E0);
#475=CARTESIAN_POINT('',(-4.E1,1.45E2,-1.202E2));
#476=LINE('',#475,#474);
#477=DIRECTION('',(0.E0,0.E0,1.E0));
#478=VECTOR('',#477,2.48E1);
#479=CARTESIAN_POINT('',(-4.E1,1.45E2,-1.45E2));
#480=LINE('',#479,#478);
#481=DIRECTION('',(-1.E0,0.E0,0.E0));
#482=VECTOR('',#481,5.E0);
#483=CARTESIAN_POINT('',(-3.5E1,1.45E2,-1.45E2));
#484=LINE('',#483,#482);
#485=DIRECTION('',(0.E0,0.E0,-1.E0));
#486=VECTOR('',#485,2.48E1);
#487=CARTESIAN_POINT('',(-6.04E1,1.45E2,-1.202E2));
#488=LINE('',#487,#486);
#489=DIRECTION('',(-1.E0,0.E0,0.E0));
#490=VECTOR('',#489,5.E0);
#491=CARTESIAN_POINT('',(-5.54E1,1.45E2,-1.45E2));
#492=LINE('',#491,#490);
#493=DIRECTION('',(0.E0,0.E0,-1.E0));
#494=VECTOR('',#493,2.48E1);
#495=CARTESIAN_POINT('',(-5.54E1,1.45E2,-1.202E2));
#496=LINE('',#495,#494);
#497=DIRECTION('',(1.E0,0.E0,0.E0));
#498=VECTOR('',#497,5.E0);
#499=CARTESIAN_POINT('',(-6.04E1,1.45E2,-1.202E2));
#500=LINE('',#499,#498);
#501=DIRECTION('',(0.E0,1.E0,0.E0));
#502=VECTOR('',#501,5.E0);
#503=CARTESIAN_POINT('',(-3.5E1,1.45E2,-1.45E2));
#504=LINE('',#503,#502);
#505=DIRECTION('',(1.E0,0.E0,0.E0));
#506=VECTOR('',#505,1.E1);
#507=CARTESIAN_POINT('',(-4.E1,1.4E2,-1.45E2));
#508=LINE('',#507,#506);
#509=DIRECTION('',(0.E0,1.E0,0.E0));
#510=VECTOR('',#509,1.E1);
#511=CARTESIAN_POINT('',(-3.E1,1.4E2,-1.45E2));
#512=LINE('',#511,#510);
#513=DIRECTION('',(0.E0,1.E0,0.E0));
#514=VECTOR('',#513,1.E1);
#515=CARTESIAN_POINT('',(-3.E1,1.4E2,-1.202E2));
#516=LINE('',#515,#514);
#517=DIRECTION('',(0.E0,0.E0,1.E0));
#518=VECTOR('',#517,2.48E1);
#519=CARTESIAN_POINT('',(-3.5E1,1.5E2,-1.45E2));
#520=LINE('',#519,#518);
#521=DIRECTION('',(-1.E0,0.E0,0.E0));
#522=VECTOR('',#521,5.E0);
#523=CARTESIAN_POINT('',(-3.E1,1.5E2,-1.45E2));
#524=LINE('',#523,#522);
#525=DIRECTION('',(0.E0,0.E0,-1.E0));
#526=VECTOR('',#525,2.48E1);
#527=CARTESIAN_POINT('',(-3.E1,1.5E2,-1.202E2));
#528=LINE('',#527,#526);
#529=DIRECTION('',(1.E0,0.E0,0.E0));
#530=VECTOR('',#529,5.E0);
#531=CARTESIAN_POINT('',(-3.5E1,1.5E2,-1.202E2));
#532=LINE('',#531,#530);
#533=DIRECTION('',(-1.E0,0.E0,0.E0));
#534=VECTOR('',#533,5.E0);
#535=CARTESIAN_POINT('',(-6.04E1,1.5E2,-1.45E2));
#536=LINE('',#535,#534);
#537=DIRECTION('',(0.E0,0.E0,-1.E0));
#538=VECTOR('',#537,2.48E1);
#539=CARTESIAN_POINT('',(-6.04E1,1.5E2,-1.202E2));
#540=LINE('',#539,#538);
#541=DIRECTION('',(1.E0,0.E0,0.E0));
#542=VECTOR('',#541,5.E0);
#543=CARTESIAN_POINT('',(-6.54E1,1.5E2,-1.202E2));
#544=LINE('',#543,#542);
#545=DIRECTION('',(0.E0,0.E0,1.E0));
#546=VECTOR('',#545,2.48E1);
#547=CARTESIAN_POINT('',(-6.54E1,1.5E2,-1.45E2));
#548=LINE('',#547,#546);
#549=DIRECTION('',(0.E0,1.E0,0.E0));
#550=VECTOR('',#549,5.E0);
#551=CARTESIAN_POINT('',(-6.04E1,1.45E2,-1.45E2));
#552=LINE('',#551,#550);
#553=DIRECTION('',(1.E0,0.E0,0.E0));
#554=VECTOR('',#553,1.E1);
#555=CARTESIAN_POINT('',(-6.54E1,1.4E2,-1.45E2));
#556=LINE('',#555,#554);
#557=DIRECTION('',(0.E0,1.E0,0.E0));
#558=VECTOR('',#557,5.E0);
#559=CARTESIAN_POINT('',(-5.54E1,1.4E2,-1.45E2));
#560=LINE('',#559,#558);
#561=DIRECTION('',(0.E0,1.E0,0.E0));
#562=VECTOR('',#561,5.E0);
#563=CARTESIAN_POINT('',(-6.04E1,1.45E2,-1.202E2));
#564=LINE('',#563,#562);
#565=DIRECTION('',(-1.E0,0.E0,0.E0));
#566=VECTOR('',#565,1.E1);
#567=CARTESIAN_POINT('',(-5.54E1,1.4E2,-1.202E2));
#568=LINE('',#567,#566);
#569=DIRECTION('',(0.E0,1.E0,0.E0));
#570=VECTOR('',#569,1.E1);
#571=CARTESIAN_POINT('',(-6.54E1,1.4E2,-1.202E2));
#572=LINE('',#571,#570);
#573=DIRECTION('',(0.E0,1.E0,0.E0));
#574=VECTOR('',#573,1.E1);
#575=CARTESIAN_POINT('',(-6.54E1,1.4E2,-1.45E2));
#576=LINE('',#575,#574);
#577=DIRECTION('',(0.E0,1.E0,0.E0));
#578=VECTOR('',#577,5.E0);
#579=CARTESIAN_POINT('',(-5.54E1,1.4E2,-1.202E2));
#580=LINE('',#579,#578);
#581=DIRECTION('',(0.E0,1.E0,0.E0));
#582=VECTOR('',#581,5.E0);
#583=CARTESIAN_POINT('',(-4.E1,1.4E2,-1.45E2));
#584=LINE('',#583,#582);
#585=DIRECTION('',(-1.E0,0.E0,0.E0));
#586=VECTOR('',#585,1.E1);
#587=CARTESIAN_POINT('',(-3.E1,1.4E2,-8.18E1));
#588=LINE('',#587,#586);
#589=DIRECTION('',(0.E0,1.E0,0.E0));
#590=VECTOR('',#589,5.E0);
#591=CARTESIAN_POINT('',(-4.E1,1.4E2,-8.18E1));
#592=LINE('',#591,#590);
#593=DIRECTION('',(0.E0,1.E0,0.E0));
#594=VECTOR('',#593,5.E0);
#595=CARTESIAN_POINT('',(-3.5E1,1.45E2,-8.18E1));
#596=LINE('',#595,#594);
#597=DIRECTION('',(0.E0,1.E0,0.E0));
#598=VECTOR('',#597,5.E0);
#599=CARTESIAN_POINT('',(-4.E1,1.4E2,-1.066E2));
#600=LINE('',#599,#598);
#601=DIRECTION('',(1.E0,0.E0,0.E0));
#602=VECTOR('',#601,1.E1);
#603=CARTESIAN_POINT('',(-4.E1,1.4E2,-1.066E2));
#604=LINE('',#603,#602);
#605=DIRECTION('',(0.E0,1.E0,0.E0));
#606=VECTOR('',#605,1.E1);
#607=CARTESIAN_POINT('',(-3.E1,1.4E2,-1.066E2));
#608=LINE('',#607,#606);
#609=DIRECTION('',(0.E0,1.E0,0.E0));
#610=VECTOR('',#609,5.E0);
#611=CARTESIAN_POINT('',(-3.5E1,1.45E2,-1.066E2));
#612=LINE('',#611,#610);
#613=DIRECTION('',(0.E0,0.E0,1.E0));
#614=VECTOR('',#613,2.48E1);
#615=CARTESIAN_POINT('',(-3.5E1,1.5E2,-1.066E2));
#616=LINE('',#615,#614);
#617=DIRECTION('',(-1.E0,0.E0,0.E0));
#618=VECTOR('',#617,5.E0);
#619=CARTESIAN_POINT('',(-3.E1,1.5E2,-1.066E2));
#620=LINE('',#619,#618);
#621=DIRECTION('',(0.E0,0.E0,-1.E0));
#622=VECTOR('',#621,2.48E1);
#623=CARTESIAN_POINT('',(-3.E1,1.5E2,-8.18E1));
#624=LINE('',#623,#622);
#625=DIRECTION('',(1.E0,0.E0,0.E0));
#626=VECTOR('',#625,5.E0);
#627=CARTESIAN_POINT('',(-3.5E1,1.5E2,-8.18E1));
#628=LINE('',#627,#626);
#629=DIRECTION('',(-1.E0,0.E0,0.E0));
#630=VECTOR('',#629,5.E0);
#631=CARTESIAN_POINT('',(-6.04E1,1.5E2,-1.066E2));
#632=LINE('',#631,#630);
#633=DIRECTION('',(0.E0,0.E0,-1.E0));
#634=VECTOR('',#633,2.48E1);
#635=CARTESIAN_POINT('',(-6.04E1,1.5E2,-8.18E1));
#636=LINE('',#635,#634);
#637=DIRECTION('',(1.E0,0.E0,0.E0));
#638=VECTOR('',#637,5.E0);
#639=CARTESIAN_POINT('',(-6.54E1,1.5E2,-8.18E1));
#640=LINE('',#639,#638);
#641=DIRECTION('',(0.E0,0.E0,1.E0));
#642=VECTOR('',#641,2.48E1);
#643=CARTESIAN_POINT('',(-6.54E1,1.5E2,-1.066E2));
#644=LINE('',#643,#642);
#645=DIRECTION('',(0.E0,1.E0,0.E0));
#646=VECTOR('',#645,1.E1);
#647=CARTESIAN_POINT('',(-3.E1,1.4E2,-8.18E1));
#648=LINE('',#647,#646);
#649=DIRECTION('',(1.E0,0.E0,0.E0));
#650=VECTOR('',#649,1.E1);
#651=CARTESIAN_POINT('',(-6.54E1,1.4E2,-1.066E2));
#652=LINE('',#651,#650);
#653=DIRECTION('',(0.E0,1.E0,0.E0));
#654=VECTOR('',#653,5.E0);
#655=CARTESIAN_POINT('',(-5.54E1,1.4E2,-1.066E2));
#656=LINE('',#655,#654);
#657=DIRECTION('',(0.E0,1.E0,0.E0));
#658=VECTOR('',#657,5.E0);
#659=CARTESIAN_POINT('',(-6.04E1,1.45E2,-1.066E2));
#660=LINE('',#659,#658);
#661=DIRECTION('',(0.E0,1.E0,0.E0));
#662=VECTOR('',#661,5.E0);
#663=CARTESIAN_POINT('',(-5.54E1,1.4E2,-8.18E1));
#664=LINE('',#663,#662);
#665=DIRECTION('',(-1.E0,0.E0,0.E0));
#666=VECTOR('',#665,1.E1);
#667=CARTESIAN_POINT('',(-5.54E1,1.4E2,-8.18E1));
#668=LINE('',#667,#666);
#669=DIRECTION('',(0.E0,1.E0,0.E0));
#670=VECTOR('',#669,1.E1);
#671=CARTESIAN_POINT('',(-6.54E1,1.4E2,-8.18E1));
#672=LINE('',#671,#670);
#673=DIRECTION('',(0.E0,1.E0,0.E0));
#674=VECTOR('',#673,5.E0);
#675=CARTESIAN_POINT('',(-6.04E1,1.45E2,-8.18E1));
#676=LINE('',#675,#674);
#677=DIRECTION('',(0.E0,0.E0,-1.E0));
#678=VECTOR('',#677,2.48E1);
#679=CARTESIAN_POINT('',(-3.5E1,1.45E2,-8.18E1));
#680=LINE('',#679,#678);
#681=DIRECTION('',(1.E0,0.E0,0.E0));
#682=VECTOR('',#681,5.E0);
#683=CARTESIAN_POINT('',(-4.E1,1.45E2,-8.18E1));
#684=LINE('',#683,#682);
#685=DIRECTION('',(0.E0,0.E0,1.E0));
#686=VECTOR('',#685,2.48E1);
#687=CARTESIAN_POINT('',(-4.E1,1.45E2,-1.066E2));
#688=LINE('',#687,#686);
#689=DIRECTION('',(-1.E0,0.E0,0.E0));
#690=VECTOR('',#689,5.E0);
#691=CARTESIAN_POINT('',(-3.5E1,1.45E2,-1.066E2));
#692=LINE('',#691,#690);
#693=DIRECTION('',(0.E0,0.E0,-1.E0));
#694=VECTOR('',#693,2.48E1);
#695=CARTESIAN_POINT('',(-6.04E1,1.45E2,-8.18E1));
#696=LINE('',#695,#694);
#697=DIRECTION('',(-1.E0,0.E0,0.E0));
#698=VECTOR('',#697,5.E0);
#699=CARTESIAN_POINT('',(-5.54E1,1.45E2,-1.066E2));
#700=LINE('',#699,#698);
#701=DIRECTION('',(0.E0,0.E0,-1.E0));
#702=VECTOR('',#701,2.48E1);
#703=CARTESIAN_POINT('',(-5.54E1,1.45E2,-8.18E1));
#704=LINE('',#703,#702);
#705=DIRECTION('',(1.E0,0.E0,0.E0));
#706=VECTOR('',#705,5.E0);
#707=CARTESIAN_POINT('',(-6.04E1,1.45E2,-8.18E1));
#708=LINE('',#707,#706);
#709=DIRECTION('',(0.E0,1.E0,0.E0));
#710=VECTOR('',#709,1.E1);
#711=CARTESIAN_POINT('',(-6.54E1,1.4E2,-1.066E2));
#712=LINE('',#711,#710);
#713=DIRECTION('',(-1.E0,0.E0,0.E0));
#714=VECTOR('',#713,1.E1);
#715=CARTESIAN_POINT('',(-3.E1,1.4E2,-4.34E1));
#716=LINE('',#715,#714);
#717=DIRECTION('',(0.E0,1.E0,0.E0));
#718=VECTOR('',#717,5.E0);
#719=CARTESIAN_POINT('',(-4.E1,1.4E2,-4.34E1));
#720=LINE('',#719,#718);
#721=DIRECTION('',(0.E0,1.E0,0.E0));
#722=VECTOR('',#721,5.E0);
#723=CARTESIAN_POINT('',(-3.5E1,1.45E2,-4.34E1));
#724=LINE('',#723,#722);
#725=DIRECTION('',(0.E0,1.E0,0.E0));
#726=VECTOR('',#725,5.E0);
#727=CARTESIAN_POINT('',(-4.E1,1.4E2,-6.82E1));
#728=LINE('',#727,#726);
#729=DIRECTION('',(1.E0,0.E0,0.E0));
#730=VECTOR('',#729,1.E1);
#731=CARTESIAN_POINT('',(-4.E1,1.4E2,-6.82E1));
#732=LINE('',#731,#730);
#733=DIRECTION('',(0.E0,1.E0,0.E0));
#734=VECTOR('',#733,1.E1);
#735=CARTESIAN_POINT('',(-3.E1,1.4E2,-6.82E1));
#736=LINE('',#735,#734);
#737=DIRECTION('',(0.E0,1.E0,0.E0));
#738=VECTOR('',#737,5.E0);
#739=CARTESIAN_POINT('',(-3.5E1,1.45E2,-6.82E1));
#740=LINE('',#739,#738);
#741=DIRECTION('',(0.E0,0.E0,1.E0));
#742=VECTOR('',#741,2.48E1);
#743=CARTESIAN_POINT('',(-3.5E1,1.5E2,-6.82E1));
#744=LINE('',#743,#742);
#745=DIRECTION('',(-1.E0,0.E0,0.E0));
#746=VECTOR('',#745,5.E0);
#747=CARTESIAN_POINT('',(-3.E1,1.5E2,-6.82E1));
#748=LINE('',#747,#746);
#749=DIRECTION('',(0.E0,0.E0,-1.E0));
#750=VECTOR('',#749,2.48E1);
#751=CARTESIAN_POINT('',(-3.E1,1.5E2,-4.34E1));
#752=LINE('',#751,#750);
#753=DIRECTION('',(1.E0,0.E0,0.E0));
#754=VECTOR('',#753,5.E0);
#755=CARTESIAN_POINT('',(-3.5E1,1.5E2,-4.34E1));
#756=LINE('',#755,#754);
#757=DIRECTION('',(-1.E0,0.E0,0.E0));
#758=VECTOR('',#757,5.E0);
#759=CARTESIAN_POINT('',(-6.04E1,1.5E2,-6.82E1));
#760=LINE('',#759,#758);
#761=DIRECTION('',(0.E0,0.E0,-1.E0));
#762=VECTOR('',#761,2.48E1);
#763=CARTESIAN_POINT('',(-6.04E1,1.5E2,-4.34E1));
#764=LINE('',#763,#762);
#765=DIRECTION('',(1.E0,0.E0,0.E0));
#766=VECTOR('',#765,5.E0);
#767=CARTESIAN_POINT('',(-6.54E1,1.5E2,-4.34E1));
#768=LINE('',#767,#766);
#769=DIRECTION('',(0.E0,0.E0,1.E0));
#770=VECTOR('',#769,2.48E1);
#771=CARTESIAN_POINT('',(-6.54E1,1.5E2,-6.82E1));
#772=LINE('',#771,#770);
#773=DIRECTION('',(0.E0,1.E0,0.E0));
#774=VECTOR('',#773,1.E1);
#775=CARTESIAN_POINT('',(-3.E1,1.4E2,-4.34E1));
#776=LINE('',#775,#774);
#777=DIRECTION('',(1.E0,0.E0,0.E0));
#778=VECTOR('',#777,1.E1);
#779=CARTESIAN_POINT('',(-6.54E1,1.4E2,-6.82E1));
#780=LINE('',#779,#778);
#781=DIRECTION('',(0.E0,1.E0,0.E0));
#782=VECTOR('',#781,5.E0);
#783=CARTESIAN_POINT('',(-5.54E1,1.4E2,-6.82E1));
#784=LINE('',#783,#782);
#785=DIRECTION('',(0.E0,1.E0,0.E0));
#786=VECTOR('',#785,5.E0);
#787=CARTESIAN_POINT('',(-6.04E1,1.45E2,-6.82E1));
#788=LINE('',#787,#786);
#789=DIRECTION('',(0.E0,1.E0,0.E0));
#790=VECTOR('',#789,5.E0);
#791=CARTESIAN_POINT('',(-5.54E1,1.4E2,-4.34E1));
#792=LINE('',#791,#790);
#793=DIRECTION('',(-1.E0,0.E0,0.E0));
#794=VECTOR('',#793,1.E1);
#795=CARTESIAN_POINT('',(-5.54E1,1.4E2,-4.34E1));
#796=LINE('',#795,#794);
#797=DIRECTION('',(0.E0,1.E0,0.E0));
#798=VECTOR('',#797,1.E1);
#799=CARTESIAN_POINT('',(-6.54E1,1.4E2,-4.34E1));
#800=LINE('',#799,#798);
#801=DIRECTION('',(0.E0,1.E0,0.E0));
#802=VECTOR('',#801,5.E0);
#803=CARTESIAN_POINT('',(-6.04E1,1.45E2,-4.34E1));
#804=LINE('',#803,#802);
#805=DIRECTION('',(0.E0,0.E0,-1.E0));
#806=VECTOR('',#805,2.48E1);
#807=CARTESIAN_POINT('',(-3.5E1,1.45E2,-4.34E1));
#808=LINE('',#807,#806);
#809=DIRECTION('',(1.E0,0.E0,0.E0));
#810=VECTOR('',#809,5.E0);
#811=CARTESIAN_POINT('',(-4.E1,1.45E2,-4.34E1));
#812=LINE('',#811,#810);
#813=DIRECTION('',(0.E0,0.E0,1.E0));
#814=VECTOR('',#813,2.48E1);
#815=CARTESIAN_POINT('',(-4.E1,1.45E2,-6.82E1));
#816=LINE('',#815,#814);
#817=DIRECTION('',(-1.E0,0.E0,0.E0));
#818=VECTOR('',#817,5.E0);
#819=CARTESIAN_POINT('',(-3.5E1,1.45E2,-6.82E1));
#820=LINE('',#819,#818);
#821=DIRECTION('',(0.E0,0.E0,-1.E0));
#822=VECTOR('',#821,2.48E1);
#823=CARTESIAN_POINT('',(-6.04E1,1.45E2,-4.34E1));
#824=LINE('',#823,#822);
#825=DIRECTION('',(-1.E0,0.E0,0.E0));
#826=VECTOR('',#825,5.E0);
#827=CARTESIAN_POINT('',(-5.54E1,1.45E2,-6.82E1));
#828=LINE('',#827,#826);
#829=DIRECTION('',(0.E0,0.E0,-1.E0));
#830=VECTOR('',#829,2.48E1);
#831=CARTESIAN_POINT('',(-5.54E1,1.45E2,-4.34E1));
#832=LINE('',#831,#830);
#833=DIRECTION('',(1.E0,0.E0,0.E0));
#834=VECTOR('',#833,5.E0);
#835=CARTESIAN_POINT('',(-6.04E1,1.45E2,-4.34E1));
#836=LINE('',#835,#834);
#837=DIRECTION('',(0.E0,1.E0,0.E0));
#838=VECTOR('',#837,1.E1);
#839=CARTESIAN_POINT('',(-6.54E1,1.4E2,-6.82E1));
#840=LINE('',#839,#838);
#841=DIRECTION('',(-1.E0,0.E0,0.E0));
#842=VECTOR('',#841,1.E1);
#843=CARTESIAN_POINT('',(-3.E1,1.4E2,-5.E0));
#844=LINE('',#843,#842);
#845=DIRECTION('',(0.E0,1.E0,0.E0));
#846=VECTOR('',#845,5.E0);
#847=CARTESIAN_POINT('',(-4.E1,1.4E2,-5.E0));
#848=LINE('',#847,#846);
#849=DIRECTION('',(0.E0,1.E0,0.E0));
#850=VECTOR('',#849,5.E0);
#851=CARTESIAN_POINT('',(-3.5E1,1.45E2,-5.E0));
#852=LINE('',#851,#850);
#853=DIRECTION('',(0.E0,1.E0,0.E0));
#854=VECTOR('',#853,5.E0);
#855=CARTESIAN_POINT('',(-4.E1,1.4E2,-2.98E1));
#856=LINE('',#855,#854);
#857=DIRECTION('',(1.E0,0.E0,0.E0));
#858=VECTOR('',#857,1.E1);
#859=CARTESIAN_POINT('',(-4.E1,1.4E2,-2.98E1));
#860=LINE('',#859,#858);
#861=DIRECTION('',(0.E0,1.E0,0.E0));
#862=VECTOR('',#861,1.E1);
#863=CARTESIAN_POINT('',(-3.E1,1.4E2,-2.98E1));
#864=LINE('',#863,#862);
#865=DIRECTION('',(0.E0,1.E0,0.E0));
#866=VECTOR('',#865,5.E0);
#867=CARTESIAN_POINT('',(-3.5E1,1.45E2,-2.98E1));
#868=LINE('',#867,#866);
#869=DIRECTION('',(0.E0,0.E0,1.E0));
#870=VECTOR('',#869,2.48E1);
#871=CARTESIAN_POINT('',(-3.5E1,1.5E2,-2.98E1));
#872=LINE('',#871,#870);
#873=DIRECTION('',(-1.E0,0.E0,0.E0));
#874=VECTOR('',#873,5.E0);
#875=CARTESIAN_POINT('',(-3.E1,1.5E2,-2.98E1));
#876=LINE('',#875,#874);
#877=DIRECTION('',(0.E0,0.E0,-1.E0));
#878=VECTOR('',#877,2.48E1);
#879=CARTESIAN_POINT('',(-3.E1,1.5E2,-5.E0));
#880=LINE('',#879,#878);
#881=DIRECTION('',(1.E0,0.E0,0.E0));
#882=VECTOR('',#881,5.E0);
#883=CARTESIAN_POINT('',(-3.5E1,1.5E2,-5.E0));
#884=LINE('',#883,#882);
#885=DIRECTION('',(-1.E0,0.E0,0.E0));
#886=VECTOR('',#885,5.E0);
#887=CARTESIAN_POINT('',(-6.04E1,1.5E2,-2.98E1));
#888=LINE('',#887,#886);
#889=DIRECTION('',(0.E0,0.E0,-1.E0));
#890=VECTOR('',#889,2.48E1);
#891=CARTESIAN_POINT('',(-6.04E1,1.5E2,-5.E0));
#892=LINE('',#891,#890);
#893=DIRECTION('',(1.E0,0.E0,0.E0));
#894=VECTOR('',#893,5.E0);
#895=CARTESIAN_POINT('',(-6.54E1,1.5E2,-5.E0));
#896=LINE('',#895,#894);
#897=DIRECTION('',(0.E0,0.E0,1.E0));
#898=VECTOR('',#897,2.48E1);
#899=CARTESIAN_POINT('',(-6.54E1,1.5E2,-2.98E1));
#900=LINE('',#899,#898);
#901=DIRECTION('',(0.E0,1.E0,0.E0));
#902=VECTOR('',#901,1.E1);
#903=CARTESIAN_POINT('',(-3.E1,1.4E2,-5.E0));
#904=LINE('',#903,#902);
#905=DIRECTION('',(1.E0,0.E0,0.E0));
#906=VECTOR('',#905,1.E1);
#907=CARTESIAN_POINT('',(-6.54E1,1.4E2,-2.98E1));
#908=LINE('',#907,#906);
#909=DIRECTION('',(0.E0,1.E0,0.E0));
#910=VECTOR('',#909,5.E0);
#911=CARTESIAN_POINT('',(-5.54E1,1.4E2,-2.98E1));
#912=LINE('',#911,#910);
#913=DIRECTION('',(0.E0,1.E0,0.E0));
#914=VECTOR('',#913,5.E0);
#915=CARTESIAN_POINT('',(-6.04E1,1.45E2,-2.98E1));
#916=LINE('',#915,#914);
#917=DIRECTION('',(0.E0,1.E0,0.E0));
#918=VECTOR('',#917,5.E0);
#919=CARTESIAN_POINT('',(-5.54E1,1.4E2,-5.E0));
#920=LINE('',#919,#918);
#921=DIRECTION('',(-1.E0,0.E0,0.E0));
#922=VECTOR('',#921,1.E1);
#923=CARTESIAN_POINT('',(-5.54E1,1.4E2,-5.E0));
#924=LINE('',#923,#922);
#925=DIRECTION('',(0.E0,1.E0,0.E0));
#926=VECTOR('',#925,1.E1);
#927=CARTESIAN_POINT('',(-6.54E1,1.4E2,-5.E0));
#928=LINE('',#927,#926);
#929=DIRECTION('',(0.E0,1.E0,0.E0));
#930=VECTOR('',#929,5.E0);
#931=CARTESIAN_POINT('',(-6.04E1,1.45E2,-5.E0));
#932=LINE('',#931,#930);
#933=DIRECTION('',(0.E0,0.E0,-1.E0));
#934=VECTOR('',#933,2.48E1);
#935=CARTESIAN_POINT('',(-3.5E1,1.45E2,-5.E0));
#936=LINE('',#935,#934);
#937=DIRECTION('',(1.E0,0.E0,0.E0));
#938=VECTOR('',#937,5.E0);
#939=CARTESIAN_POINT('',(-4.E1,1.45E2,-5.E0));
#940=LINE('',#939,#938);
#941=DIRECTION('',(0.E0,0.E0,1.E0));
#942=VECTOR('',#941,2.48E1);
#943=CARTESIAN_POINT('',(-4.E1,1.45E2,-2.98E1));
#944=LINE('',#943,#942);
#945=DIRECTION('',(-1.E0,0.E0,0.E0));
#946=VECTOR('',#945,5.E0);
#947=CARTESIAN_POINT('',(-3.5E1,1.45E2,-2.98E1));
#948=LINE('',#947,#946);
#949=DIRECTION('',(0.E0,0.E0,-1.E0));
#950=VECTOR('',#949,2.48E1);
#951=CARTESIAN_POINT('',(-6.04E1,1.45E2,-5.E0));
#952=LINE('',#951,#950);
#953=DIRECTION('',(-1.E0,0.E0,0.E0));
#954=VECTOR('',#953,5.E0);
#955=CARTESIAN_POINT('',(-5.54E1,1.45E2,-2.98E1));
#956=LINE('',#955,#954);
#957=DIRECTION('',(0.E0,0.E0,-1.E0));
#958=VECTOR('',#957,2.48E1);
#959=CARTESIAN_POINT('',(-5.54E1,1.45E2,-5.E0));
#960=LINE('',#959,#958);
#961=DIRECTION('',(1.E0,0.E0,0.E0));
#962=VECTOR('',#961,5.E0);
#963=CARTESIAN_POINT('',(-6.04E1,1.45E2,-5.E0));
#964=LINE('',#963,#962);
#965=DIRECTION('',(0.E0,1.E0,0.E0));
#966=VECTOR('',#965,1.E1);
#967=CARTESIAN_POINT('',(-6.54E1,1.4E2,-2.98E1));
#968=LINE('',#967,#966);
#969=DIRECTION('',(-1.E0,0.E0,0.E0));
#970=VECTOR('',#969,1.E1);
#971=CARTESIAN_POINT('',(-7.2E1,1.4E2,-1.202E2));
#972=LINE('',#971,#970);
#973=DIRECTION('',(0.E0,1.E0,0.E0));
#974=VECTOR('',#973,5.E0);
#975=CARTESIAN_POINT('',(-8.2E1,1.4E2,-1.202E2));
#976=LINE('',#975,#974);
#977=DIRECTION('',(0.E0,1.E0,0.E0));
#978=VECTOR('',#977,5.E0);
#979=CARTESIAN_POINT('',(-7.7E1,1.45E2,-1.202E2));
#980=LINE('',#979,#978);
#981=DIRECTION('',(0.E0,1.E0,0.E0));
#982=VECTOR('',#981,5.E0);
#983=CARTESIAN_POINT('',(-8.2E1,1.4E2,-1.45E2));
#984=LINE('',#983,#982);
#985=DIRECTION('',(1.E0,0.E0,0.E0));
#986=VECTOR('',#985,1.E1);
#987=CARTESIAN_POINT('',(-8.2E1,1.4E2,-1.45E2));
#988=LINE('',#987,#986);
#989=DIRECTION('',(0.E0,1.E0,0.E0));
#990=VECTOR('',#989,1.E1);
#991=CARTESIAN_POINT('',(-7.2E1,1.4E2,-1.45E2));
#992=LINE('',#991,#990);
#993=DIRECTION('',(0.E0,1.E0,0.E0));
#994=VECTOR('',#993,5.E0);
#995=CARTESIAN_POINT('',(-7.7E1,1.45E2,-1.45E2));
#996=LINE('',#995,#994);
#997=DIRECTION('',(0.E0,0.E0,1.E0));
#998=VECTOR('',#997,2.48E1);
#999=CARTESIAN_POINT('',(-7.7E1,1.5E2,-1.45E2));
#1000=LINE('',#999,#998);
#1001=DIRECTION('',(-1.E0,0.E0,0.E0));
#1002=VECTOR('',#1001,5.E0);
#1003=CARTESIAN_POINT('',(-7.2E1,1.5E2,-1.45E2));
#1004=LINE('',#1003,#1002);
#1005=DIRECTION('',(0.E0,0.E0,-1.E0));
#1006=VECTOR('',#1005,2.48E1);
#1007=CARTESIAN_POINT('',(-7.2E1,1.5E2,-1.202E2));
#1008=LINE('',#1007,#1006);
#1009=DIRECTION('',(1.E0,0.E0,0.E0));
#1010=VECTOR('',#1009,5.E0);
#1011=CARTESIAN_POINT('',(-7.7E1,1.5E2,-1.202E2));
#1012=LINE('',#1011,#1010);
#1013=DIRECTION('',(-1.E0,0.E0,0.E0));
#1014=VECTOR('',#1013,5.E0);
#1015=CARTESIAN_POINT('',(-1.024E2,1.5E2,-1.45E2));
#1016=LINE('',#1015,#1014);
#1017=DIRECTION('',(0.E0,0.E0,-1.E0));
#1018=VECTOR('',#1017,2.48E1);
#1019=CARTESIAN_POINT('',(-1.024E2,1.5E2,-1.202E2));
#1020=LINE('',#1019,#1018);
#1021=DIRECTION('',(1.E0,0.E0,0.E0));
#1022=VECTOR('',#1021,5.E0);
#1023=CARTESIAN_POINT('',(-1.074E2,1.5E2,-1.202E2));
#1024=LINE('',#1023,#1022);
#1025=DIRECTION('',(0.E0,0.E0,1.E0));
#1026=VECTOR('',#1025,2.48E1);
#1027=CARTESIAN_POINT('',(-1.074E2,1.5E2,-1.45E2));
#1028=LINE('',#1027,#1026);
#1029=DIRECTION('',(0.E0,1.E0,0.E0));
#1030=VECTOR('',#1029,1.E1);
#1031=CARTESIAN_POINT('',(-7.2E1,1.4E2,-1.202E2));
#1032=LINE('',#1031,#1030);
#1033=DIRECTION('',(1.E0,0.E0,0.E0));
#1034=VECTOR('',#1033,1.E1);
#1035=CARTESIAN_POINT('',(-1.074E2,1.4E2,-1.45E2));
#1036=LINE('',#1035,#1034);
#1037=DIRECTION('',(0.E0,1.E0,0.E0));
#1038=VECTOR('',#1037,5.E0);
#1039=CARTESIAN_POINT('',(-9.74E1,1.4E2,-1.45E2));
#1040=LINE('',#1039,#1038);
#1041=DIRECTION('',(0.E0,1.E0,0.E0));
#1042=VECTOR('',#1041,5.E0);
#1043=CARTESIAN_POINT('',(-1.024E2,1.45E2,-1.45E2));
#1044=LINE('',#1043,#1042);
#1045=DIRECTION('',(0.E0,1.E0,0.E0));
#1046=VECTOR('',#1045,5.E0);
#1047=CARTESIAN_POINT('',(-9.74E1,1.4E2,-1.202E2));
#1048=LINE('',#1047,#1046);
#1049=DIRECTION('',(-1.E0,0.E0,0.E0));
#1050=VECTOR('',#1049,1.E1);
#1051=CARTESIAN_POINT('',(-9.74E1,1.4E2,-1.202E2));
#1052=LINE('',#1051,#1050);
#1053=DIRECTION('',(0.E0,1.E0,0.E0));
#1054=VECTOR('',#1053,1.E1);
#1055=CARTESIAN_POINT('',(-1.074E2,1.4E2,-1.202E2));
#1056=LINE('',#1055,#1054);
#1057=DIRECTION('',(0.E0,1.E0,0.E0));
#1058=VECTOR('',#1057,5.E0);
#1059=CARTESIAN_POINT('',(-1.024E2,1.45E2,-1.202E2));
#1060=LINE('',#1059,#1058);
#1061=DIRECTION('',(-1.E0,0.E0,0.E0));
#1062=VECTOR('',#1061,5.E0);
#1063=CARTESIAN_POINT('',(-7.7E1,1.45E2,-1.45E2));
#1064=LINE('',#1063,#1062);
#1065=DIRECTION('',(0.E0,0.E0,-1.E0));
#1066=VECTOR('',#1065,2.48E1);
#1067=CARTESIAN_POINT('',(-7.7E1,1.45E2,-1.202E2));
#1068=LINE('',#1067,#1066);
#1069=DIRECTION('',(1.E0,0.E0,0.E0));
#1070=VECTOR('',#1069,5.E0);
#1071=CARTESIAN_POINT('',(-8.2E1,1.45E2,-1.202E2));
#1072=LINE('',#1071,#1070);
#1073=DIRECTION('',(0.E0,0.E0,1.E0));
#1074=VECTOR('',#1073,2.48E1);
#1075=CARTESIAN_POINT('',(-8.2E1,1.45E2,-1.45E2));
#1076=LINE('',#1075,#1074);
#1077=DIRECTION('',(0.E0,0.E0,-1.E0));
#1078=VECTOR('',#1077,2.48E1);
#1079=CARTESIAN_POINT('',(-1.024E2,1.45E2,-1.202E2));
#1080=LINE('',#1079,#1078);
#1081=DIRECTION('',(-1.E0,0.E0,0.E0));
#1082=VECTOR('',#1081,5.E0);
#1083=CARTESIAN_POINT('',(-9.74E1,1.45E2,-1.45E2));
#1084=LINE('',#1083,#1082);
#1085=DIRECTION('',(0.E0,0.E0,-1.E0));
#1086=VECTOR('',#1085,2.48E1);
#1087=CARTESIAN_POINT('',(-9.74E1,1.45E2,-1.202E2));
#1088=LINE('',#1087,#1086);
#1089=DIRECTION('',(1.E0,0.E0,0.E0));
#1090=VECTOR('',#1089,5.E0);
#1091=CARTESIAN_POINT('',(-1.024E2,1.45E2,-1.202E2));
#1092=LINE('',#1091,#1090);
#1093=DIRECTION('',(0.E0,1.E0,0.E0));
#1094=VECTOR('',#1093,1.E1);
#1095=CARTESIAN_POINT('',(-1.074E2,1.4E2,-1.45E2));
#1096=LINE('',#1095,#1094);
#1097=DIRECTION('',(-1.E0,0.E0,0.E0));
#1098=VECTOR('',#1097,1.E1);
#1099=CARTESIAN_POINT('',(-7.2E1,1.4E2,-8.18E1));
#1100=LINE('',#1099,#1098);
#1101=DIRECTION('',(0.E0,1.E0,0.E0));
#1102=VECTOR('',#1101,5.E0);
#1103=CARTESIAN_POINT('',(-8.2E1,1.4E2,-8.18E1));
#1104=LINE('',#1103,#1102);
#1105=DIRECTION('',(0.E0,1.E0,0.E0));
#1106=VECTOR('',#1105,5.E0);
#1107=CARTESIAN_POINT('',(-7.7E1,1.45E2,-8.18E1));
#1108=LINE('',#1107,#1106);
#1109=DIRECTION('',(0.E0,1.E0,0.E0));
#1110=VECTOR('',#1109,5.E0);
#1111=CARTESIAN_POINT('',(-8.2E1,1.4E2,-1.066E2));
#1112=LINE('',#1111,#1110);
#1113=DIRECTION('',(1.E0,0.E0,0.E0));
#1114=VECTOR('',#1113,1.E1);
#1115=CARTESIAN_POINT('',(-8.2E1,1.4E2,-1.066E2));
#1116=LINE('',#1115,#1114);
#1117=DIRECTION('',(0.E0,1.E0,0.E0));
#1118=VECTOR('',#1117,1.E1);
#1119=CARTESIAN_POINT('',(-7.2E1,1.4E2,-1.066E2));
#1120=LINE('',#1119,#1118);
#1121=DIRECTION('',(0.E0,1.E0,0.E0));
#1122=VECTOR('',#1121,5.E0);
#1123=CARTESIAN_POINT('',(-7.7E1,1.45E2,-1.066E2));
#1124=LINE('',#1123,#1122);
#1125=DIRECTION('',(0.E0,0.E0,1.E0));
#1126=VECTOR('',#1125,2.48E1);
#1127=CARTESIAN_POINT('',(-7.7E1,1.5E2,-1.066E2));
#1128=LINE('',#1127,#1126);
#1129=DIRECTION('',(-1.E0,0.E0,0.E0));
#1130=VECTOR('',#1129,5.E0);
#1131=CARTESIAN_POINT('',(-7.2E1,1.5E2,-1.066E2));
#1132=LINE('',#1131,#1130);
#1133=DIRECTION('',(0.E0,0.E0,-1.E0));
#1134=VECTOR('',#1133,2.48E1);
#1135=CARTESIAN_POINT('',(-7.2E1,1.5E2,-8.18E1));
#1136=LINE('',#1135,#1134);
#1137=DIRECTION('',(1.E0,0.E0,0.E0));
#1138=VECTOR('',#1137,5.E0);
#1139=CARTESIAN_POINT('',(-7.7E1,1.5E2,-8.18E1));
#1140=LINE('',#1139,#1138);
#1141=DIRECTION('',(-1.E0,0.E0,0.E0));
#1142=VECTOR('',#1141,5.E0);
#1143=CARTESIAN_POINT('',(-1.024E2,1.5E2,-1.066E2));
#1144=LINE('',#1143,#1142);
#1145=DIRECTION('',(0.E0,0.E0,-1.E0));
#1146=VECTOR('',#1145,2.48E1);
#1147=CARTESIAN_POINT('',(-1.024E2,1.5E2,-8.18E1));
#1148=LINE('',#1147,#1146);
#1149=DIRECTION('',(1.E0,0.E0,0.E0));
#1150=VECTOR('',#1149,5.E0);
#1151=CARTESIAN_POINT('',(-1.074E2,1.5E2,-8.18E1));
#1152=LINE('',#1151,#1150);
#1153=DIRECTION('',(0.E0,0.E0,1.E0));
#1154=VECTOR('',#1153,2.48E1);
#1155=CARTESIAN_POINT('',(-1.074E2,1.5E2,-1.066E2));
#1156=LINE('',#1155,#1154);
#1157=DIRECTION('',(0.E0,1.E0,0.E0));
#1158=VECTOR('',#1157,1.E1);
#1159=CARTESIAN_POINT('',(-7.2E1,1.4E2,-8.18E1));
#1160=LINE('',#1159,#1158);
#1161=DIRECTION('',(1.E0,0.E0,0.E0));
#1162=VECTOR('',#1161,1.E1);
#1163=CARTESIAN_POINT('',(-1.074E2,1.4E2,-1.066E2));
#1164=LINE('',#1163,#1162);
#1165=DIRECTION('',(0.E0,1.E0,0.E0));
#1166=VECTOR('',#1165,5.E0);
#1167=CARTESIAN_POINT('',(-9.74E1,1.4E2,-1.066E2));
#1168=LINE('',#1167,#1166);
#1169=DIRECTION('',(0.E0,1.E0,0.E0));
#1170=VECTOR('',#1169,5.E0);
#1171=CARTESIAN_POINT('',(-1.024E2,1.45E2,-1.066E2));
#1172=LINE('',#1171,#1170);
#1173=DIRECTION('',(0.E0,1.E0,0.E0));
#1174=VECTOR('',#1173,5.E0);
#1175=CARTESIAN_POINT('',(-9.74E1,1.4E2,-8.18E1));
#1176=LINE('',#1175,#1174);
#1177=DIRECTION('',(-1.E0,0.E0,0.E0));
#1178=VECTOR('',#1177,1.E1);
#1179=CARTESIAN_POINT('',(-9.74E1,1.4E2,-8.18E1));
#1180=LINE('',#1179,#1178);
#1181=DIRECTION('',(0.E0,1.E0,0.E0));
#1182=VECTOR('',#1181,1.E1);
#1183=CARTESIAN_POINT('',(-1.074E2,1.4E2,-8.18E1));
#1184=LINE('',#1183,#1182);
#1185=DIRECTION('',(0.E0,1.E0,0.E0));
#1186=VECTOR('',#1185,5.E0);
#1187=CARTESIAN_POINT('',(-1.024E2,1.45E2,-8.18E1));
#1188=LINE('',#1187,#1186);
#1189=DIRECTION('',(-1.E0,0.E0,0.E0));
#1190=VECTOR('',#1189,5.E0);
#1191=CARTESIAN_POINT('',(-7.7E1,1.45E2,-1.066E2));
#1192=LINE('',#1191,#1190);
#1193=DIRECTION('',(0.E0,0.E0,-1.E0));
#1194=VECTOR('',#1193,2.48E1);
#1195=CARTESIAN_POINT('',(-7.7E1,1.45E2,-8.18E1));
#1196=LINE('',#1195,#1194);
#1197=DIRECTION('',(1.E0,0.E0,0.E0));
#1198=VECTOR('',#1197,5.E0);
#1199=CARTESIAN_POINT('',(-8.2E1,1.45E2,-8.18E1));
#1200=LINE('',#1199,#1198);
#1201=DIRECTION('',(0.E0,0.E0,1.E0));
#1202=VECTOR('',#1201,2.48E1);
#1203=CARTESIAN_POINT('',(-8.2E1,1.45E2,-1.066E2));
#1204=LINE('',#1203,#1202);
#1205=DIRECTION('',(0.E0,0.E0,-1.E0));
#1206=VECTOR('',#1205,2.48E1);
#1207=CARTESIAN_POINT('',(-1.024E2,1.45E2,-8.18E1));
#1208=LINE('',#1207,#1206);
#1209=DIRECTION('',(-1.E0,0.E0,0.E0));
#1210=VECTOR('',#1209,5.E0);
#1211=CARTESIAN_POINT('',(-9.74E1,1.45E2,-1.066E2));
#1212=LINE('',#1211,#1210);
#1213=DIRECTION('',(0.E0,0.E0,-1.E0));
#1214=VECTOR('',#1213,2.48E1);
#1215=CARTESIAN_POINT('',(-9.74E1,1.45E2,-8.18E1));
#1216=LINE('',#1215,#1214);
#1217=DIRECTION('',(1.E0,0.E0,0.E0));
#1218=VECTOR('',#1217,5.E0);
#1219=CARTESIAN_POINT('',(-1.024E2,1.45E2,-8.18E1));
#1220=LINE('',#1219,#1218);
#1221=DIRECTION('',(0.E0,1.E0,0.E0));
#1222=VECTOR('',#1221,1.E1);
#1223=CARTESIAN_POINT('',(-1.074E2,1.4E2,-1.066E2));
#1224=LINE('',#1223,#1222);
#1225=DIRECTION('',(-1.E0,0.E0,0.E0));
#1226=VECTOR('',#1225,1.E1);
#1227=CARTESIAN_POINT('',(-7.2E1,1.4E2,-4.34E1));
#1228=LINE('',#1227,#1226);
#1229=DIRECTION('',(0.E0,1.E0,0.E0));
#1230=VECTOR('',#1229,5.E0);
#1231=CARTESIAN_POINT('',(-8.2E1,1.4E2,-4.34E1));
#1232=LINE('',#1231,#1230);
#1233=DIRECTION('',(0.E0,1.E0,0.E0));
#1234=VECTOR('',#1233,5.E0);
#1235=CARTESIAN_POINT('',(-7.7E1,1.45E2,-4.34E1));
#1236=LINE('',#1235,#1234);
#1237=DIRECTION('',(0.E0,1.E0,0.E0));
#1238=VECTOR('',#1237,5.E0);
#1239=CARTESIAN_POINT('',(-8.2E1,1.4E2,-6.82E1));
#1240=LINE('',#1239,#1238);
#1241=DIRECTION('',(1.E0,0.E0,0.E0));
#1242=VECTOR('',#1241,1.E1);
#1243=CARTESIAN_POINT('',(-8.2E1,1.4E2,-6.82E1));
#1244=LINE('',#1243,#1242);
#1245=DIRECTION('',(0.E0,1.E0,0.E0));
#1246=VECTOR('',#1245,1.E1);
#1247=CARTESIAN_POINT('',(-7.2E1,1.4E2,-6.82E1));
#1248=LINE('',#1247,#1246);
#1249=DIRECTION('',(0.E0,1.E0,0.E0));
#1250=VECTOR('',#1249,5.E0);
#1251=CARTESIAN_POINT('',(-7.7E1,1.45E2,-6.82E1));
#1252=LINE('',#1251,#1250);
#1253=DIRECTION('',(0.E0,0.E0,1.E0));
#1254=VECTOR('',#1253,2.48E1);
#1255=CARTESIAN_POINT('',(-7.7E1,1.5E2,-6.82E1));
#1256=LINE('',#1255,#1254);
#1257=DIRECTION('',(-1.E0,0.E0,0.E0));
#1258=VECTOR('',#1257,5.E0);
#1259=CARTESIAN_POINT('',(-7.2E1,1.5E2,-6.82E1));
#1260=LINE('',#1259,#1258);
#1261=DIRECTION('',(0.E0,0.E0,-1.E0));
#1262=VECTOR('',#1261,2.48E1);
#1263=CARTESIAN_POINT('',(-7.2E1,1.5E2,-4.34E1));
#1264=LINE('',#1263,#1262);
#1265=DIRECTION('',(1.E0,0.E0,0.E0));
#1266=VECTOR('',#1265,5.E0);
#1267=CARTESIAN_POINT('',(-7.7E1,1.5E2,-4.34E1));
#1268=LINE('',#1267,#1266);
#1269=DIRECTION('',(-1.E0,0.E0,0.E0));
#1270=VECTOR('',#1269,5.E0);
#1271=CARTESIAN_POINT('',(-1.024E2,1.5E2,-6.82E1));
#1272=LINE('',#1271,#1270);
#1273=DIRECTION('',(0.E0,0.E0,-1.E0));
#1274=VECTOR('',#1273,2.48E1);
#1275=CARTESIAN_POINT('',(-1.024E2,1.5E2,-4.34E1));
#1276=LINE('',#1275,#1274);
#1277=DIRECTION('',(1.E0,0.E0,0.E0));
#1278=VECTOR('',#1277,5.E0);
#1279=CARTESIAN_POINT('',(-1.074E2,1.5E2,-4.34E1));
#1280=LINE('',#1279,#1278);
#1281=DIRECTION('',(0.E0,0.E0,1.E0));
#1282=VECTOR('',#1281,2.48E1);
#1283=CARTESIAN_POINT('',(-1.074E2,1.5E2,-6.82E1));
#1284=LINE('',#1283,#1282);
#1285=DIRECTION('',(0.E0,1.E0,0.E0));
#1286=VECTOR('',#1285,1.E1);
#1287=CARTESIAN_POINT('',(-7.2E1,1.4E2,-4.34E1));
#1288=LINE('',#1287,#1286);
#1289=DIRECTION('',(1.E0,0.E0,0.E0));
#1290=VECTOR('',#1289,1.E1);
#1291=CARTESIAN_POINT('',(-1.074E2,1.4E2,-6.82E1));
#1292=LINE('',#1291,#1290);
#1293=DIRECTION('',(0.E0,1.E0,0.E0));
#1294=VECTOR('',#1293,5.E0);
#1295=CARTESIAN_POINT('',(-9.74E1,1.4E2,-6.82E1));
#1296=LINE('',#1295,#1294);
#1297=DIRECTION('',(0.E0,1.E0,0.E0));
#1298=VECTOR('',#1297,5.E0);
#1299=CARTESIAN_POINT('',(-1.024E2,1.45E2,-6.82E1));
#1300=LINE('',#1299,#1298);
#1301=DIRECTION('',(0.E0,1.E0,0.E0));
#1302=VECTOR('',#1301,5.E0);
#1303=CARTESIAN_POINT('',(-9.74E1,1.4E2,-4.34E1));
#1304=LINE('',#1303,#1302);
#1305=DIRECTION('',(-1.E0,0.E0,0.E0));
#1306=VECTOR('',#1305,1.E1);
#1307=CARTESIAN_POINT('',(-9.74E1,1.4E2,-4.34E1));
#1308=LINE('',#1307,#1306);
#1309=DIRECTION('',(0.E0,1.E0,0.E0));
#1310=VECTOR('',#1309,1.E1);
#1311=CARTESIAN_POINT('',(-1.074E2,1.4E2,-4.34E1));
#1312=LINE('',#1311,#1310);
#1313=DIRECTION('',(0.E0,1.E0,0.E0));
#1314=VECTOR('',#1313,5.E0);
#1315=CARTESIAN_POINT('',(-1.024E2,1.45E2,-4.34E1));
#1316=LINE('',#1315,#1314);
#1317=DIRECTION('',(-1.E0,0.E0,0.E0));
#1318=VECTOR('',#1317,5.E0);
#1319=CARTESIAN_POINT('',(-7.7E1,1.45E2,-6.82E1));
#1320=LINE('',#1319,#1318);
#1321=DIRECTION('',(0.E0,0.E0,-1.E0));
#1322=VECTOR('',#1321,2.48E1);
#1323=CARTESIAN_POINT('',(-7.7E1,1.45E2,-4.34E1));
#1324=LINE('',#1323,#1322);
#1325=DIRECTION('',(1.E0,0.E0,0.E0));
#1326=VECTOR('',#1325,5.E0);
#1327=CARTESIAN_POINT('',(-8.2E1,1.45E2,-4.34E1));
#1328=LINE('',#1327,#1326);
#1329=DIRECTION('',(0.E0,0.E0,1.E0));
#1330=VECTOR('',#1329,2.48E1);
#1331=CARTESIAN_POINT('',(-8.2E1,1.45E2,-6.82E1));
#1332=LINE('',#1331,#1330);
#1333=DIRECTION('',(0.E0,0.E0,-1.E0));
#1334=VECTOR('',#1333,2.48E1);
#1335=CARTESIAN_POINT('',(-1.024E2,1.45E2,-4.34E1));
#1336=LINE('',#1335,#1334);
#1337=DIRECTION('',(-1.E0,0.E0,0.E0));
#1338=VECTOR('',#1337,5.E0);
#1339=CARTESIAN_POINT('',(-9.74E1,1.45E2,-6.82E1));
#1340=LINE('',#1339,#1338);
#1341=DIRECTION('',(0.E0,0.E0,-1.E0));
#1342=VECTOR('',#1341,2.48E1);
#1343=CARTESIAN_POINT('',(-9.74E1,1.45E2,-4.34E1));
#1344=LINE('',#1343,#1342);
#1345=DIRECTION('',(1.E0,0.E0,0.E0));
#1346=VECTOR('',#1345,5.E0);
#1347=CARTESIAN_POINT('',(-1.024E2,1.45E2,-4.34E1));
#1348=LINE('',#1347,#1346);
#1349=DIRECTION('',(0.E0,1.E0,0.E0));
#1350=VECTOR('',#1349,1.E1);
#1351=CARTESIAN_POINT('',(-1.074E2,1.4E2,-6.82E1));
#1352=LINE('',#1351,#1350);
#1353=DIRECTION('',(-1.E0,0.E0,0.E0));
#1354=VECTOR('',#1353,1.E1);
#1355=CARTESIAN_POINT('',(-7.2E1,1.4E2,-5.E0));
#1356=LINE('',#1355,#1354);
#1357=DIRECTION('',(0.E0,1.E0,0.E0));
#1358=VECTOR('',#1357,5.E0);
#1359=CARTESIAN_POINT('',(-8.2E1,1.4E2,-5.E0));
#1360=LINE('',#1359,#1358);
#1361=DIRECTION('',(0.E0,1.E0,0.E0));
#1362=VECTOR('',#1361,5.E0);
#1363=CARTESIAN_POINT('',(-7.7E1,1.45E2,-5.E0));
#1364=LINE('',#1363,#1362);
#1365=DIRECTION('',(0.E0,1.E0,0.E0));
#1366=VECTOR('',#1365,5.E0);
#1367=CARTESIAN_POINT('',(-8.2E1,1.4E2,-2.98E1));
#1368=LINE('',#1367,#1366);
#1369=DIRECTION('',(1.E0,0.E0,0.E0));
#1370=VECTOR('',#1369,1.E1);
#1371=CARTESIAN_POINT('',(-8.2E1,1.4E2,-2.98E1));
#1372=LINE('',#1371,#1370);
#1373=DIRECTION('',(0.E0,1.E0,0.E0));
#1374=VECTOR('',#1373,1.E1);
#1375=CARTESIAN_POINT('',(-7.2E1,1.4E2,-2.98E1));
#1376=LINE('',#1375,#1374);
#1377=DIRECTION('',(0.E0,1.E0,0.E0));
#1378=VECTOR('',#1377,5.E0);
#1379=CARTESIAN_POINT('',(-7.7E1,1.45E2,-2.98E1));
#1380=LINE('',#1379,#1378);
#1381=DIRECTION('',(0.E0,0.E0,1.E0));
#1382=VECTOR('',#1381,2.48E1);
#1383=CARTESIAN_POINT('',(-7.7E1,1.5E2,-2.98E1));
#1384=LINE('',#1383,#1382);
#1385=DIRECTION('',(-1.E0,0.E0,0.E0));
#1386=VECTOR('',#1385,5.E0);
#1387=CARTESIAN_POINT('',(-7.2E1,1.5E2,-2.98E1));
#1388=LINE('',#1387,#1386);
#1389=DIRECTION('',(0.E0,0.E0,-1.E0));
#1390=VECTOR('',#1389,2.48E1);
#1391=CARTESIAN_POINT('',(-7.2E1,1.5E2,-5.E0));
#1392=LINE('',#1391,#1390);
#1393=DIRECTION('',(1.E0,0.E0,0.E0));
#1394=VECTOR('',#1393,5.E0);
#1395=CARTESIAN_POINT('',(-7.7E1,1.5E2,-5.E0));
#1396=LINE('',#1395,#1394);
#1397=DIRECTION('',(-1.E0,0.E0,0.E0));
#1398=VECTOR('',#1397,5.E0);
#1399=CARTESIAN_POINT('',(-1.024E2,1.5E2,-2.98E1));
#1400=LINE('',#1399,#1398);
#1401=DIRECTION('',(0.E0,0.E0,-1.E0));
#1402=VECTOR('',#1401,2.48E1);
#1403=CARTESIAN_POINT('',(-1.024E2,1.5E2,-5.E0));
#1404=LINE('',#1403,#1402);
#1405=DIRECTION('',(1.E0,0.E0,0.E0));
#1406=VECTOR('',#1405,5.E0);
#1407=CARTESIAN_POINT('',(-1.074E2,1.5E2,-5.E0));
#1408=LINE('',#1407,#1406);
#1409=DIRECTION('',(0.E0,0.E0,1.E0));
#1410=VECTOR('',#1409,2.48E1);
#1411=CARTESIAN_POINT('',(-1.074E2,1.5E2,-2.98E1));
#1412=LINE('',#1411,#1410);
#1413=DIRECTION('',(0.E0,1.E0,0.E0));
#1414=VECTOR('',#1413,1.E1);
#1415=CARTESIAN_POINT('',(-7.2E1,1.4E2,-5.E0));
#1416=LINE('',#1415,#1414);
#1417=DIRECTION('',(1.E0,0.E0,0.E0));
#1418=VECTOR('',#1417,1.E1);
#1419=CARTESIAN_POINT('',(-1.074E2,1.4E2,-2.98E1));
#1420=LINE('',#1419,#1418);
#1421=DIRECTION('',(0.E0,1.E0,0.E0));
#1422=VECTOR('',#1421,5.E0);
#1423=CARTESIAN_POINT('',(-9.74E1,1.4E2,-2.98E1));
#1424=LINE('',#1423,#1422);
#1425=DIRECTION('',(0.E0,1.E0,0.E0));
#1426=VECTOR('',#1425,5.E0);
#1427=CARTESIAN_POINT('',(-1.024E2,1.45E2,-2.98E1));
#1428=LINE('',#1427,#1426);
#1429=DIRECTION('',(0.E0,1.E0,0.E0));
#1430=VECTOR('',#1429,5.E0);
#1431=CARTESIAN_POINT('',(-9.74E1,1.4E2,-5.E0));
#1432=LINE('',#1431,#1430);
#1433=DIRECTION('',(-1.E0,0.E0,0.E0));
#1434=VECTOR('',#1433,1.E1);
#1435=CARTESIAN_POINT('',(-9.74E1,1.4E2,-5.E0));
#1436=LINE('',#1435,#1434);
#1437=DIRECTION('',(0.E0,1.E0,0.E0));
#1438=VECTOR('',#1437,1.E1);
#1439=CARTESIAN_POINT('',(-1.074E2,1.4E2,-5.E0));
#1440=LINE('',#1439,#1438);
#1441=DIRECTION('',(0.E0,1.E0,0.E0));
#1442=VECTOR('',#1441,5.E0);
#1443=CARTESIAN_POINT('',(-1.024E2,1.45E2,-5.E0));
#1444=LINE('',#1443,#1442);
#1445=DIRECTION('',(-1.E0,0.E0,0.E0));
#1446=VECTOR('',#1445,5.E0);
#1447=CARTESIAN_POINT('',(-7.7E1,1.45E2,-2.98E1));
#1448=LINE('',#1447,#1446);
#1449=DIRECTION('',(0.E0,0.E0,-1.E0));
#1450=VECTOR('',#1449,2.48E1);
#1451=CARTESIAN_POINT('',(-7.7E1,1.45E2,-5.E0));
#1452=LINE('',#1451,#1450);
#1453=DIRECTION('',(1.E0,0.E0,0.E0));
#1454=VECTOR('',#1453,5.E0);
#1455=CARTESIAN_POINT('',(-8.2E1,1.45E2,-5.E0));
#1456=LINE('',#1455,#1454);
#1457=DIRECTION('',(0.E0,0.E0,1.E0));
#1458=VECTOR('',#1457,2.48E1);
#1459=CARTESIAN_POINT('',(-8.2E1,1.45E2,-2.98E1));
#1460=LINE('',#1459,#1458);
#1461=DIRECTION('',(0.E0,0.E0,-1.E0));
#1462=VECTOR('',#1461,2.48E1);
#1463=CARTESIAN_POINT('',(-1.024E2,1.45E2,-5.E0));
#1464=LINE('',#1463,#1462);
#1465=DIRECTION('',(-1.E0,0.E0,0.E0));
#1466=VECTOR('',#1465,5.E0);
#1467=CARTESIAN_POINT('',(-9.74E1,1.45E2,-2.98E1));
#1468=LINE('',#1467,#1466);
#1469=DIRECTION('',(0.E0,0.E0,-1.E0));
#1470=VECTOR('',#1469,2.48E1);
#1471=CARTESIAN_POINT('',(-9.74E1,1.45E2,-5.E0));
#1472=LINE('',#1471,#1470);
#1473=DIRECTION('',(1.E0,0.E0,0.E0));
#1474=VECTOR('',#1473,5.E0);
#1475=CARTESIAN_POINT('',(-1.024E2,1.45E2,-5.E0));
#1476=LINE('',#1475,#1474);
#1477=DIRECTION('',(0.E0,1.E0,0.E0));
#1478=VECTOR('',#1477,1.E1);
#1479=CARTESIAN_POINT('',(-1.074E2,1.4E2,-2.98E1));
#1480=LINE('',#1479,#1478);
#1481=DIRECTION('',(-1.E0,0.E0,0.E0));
#1482=VECTOR('',#1481,1.E1);
#1483=CARTESIAN_POINT('',(-1.14E2,1.4E2,-1.202E2));
#1484=LINE('',#1483,#1482);
#1485=DIRECTION('',(0.E0,1.E0,0.E0));
#1486=VECTOR('',#1485,5.E0);
#1487=CARTESIAN_POINT('',(-1.24E2,1.4E2,-1.202E2));
#1488=LINE('',#1487,#1486);
#1489=DIRECTION('',(0.E0,1.E0,0.E0));
#1490=VECTOR('',#1489,5.E0);
#1491=CARTESIAN_POINT('',(-1.19E2,1.45E2,-1.202E2));
#1492=LINE('',#1491,#1490);
#1493=DIRECTION('',(0.E0,1.E0,0.E0));
#1494=VECTOR('',#1493,5.E0);
#1495=CARTESIAN_POINT('',(-1.24E2,1.4E2,-1.45E2));
#1496=LINE('',#1495,#1494);
#1497=DIRECTION('',(1.E0,0.E0,0.E0));
#1498=VECTOR('',#1497,1.E1);
#1499=CARTESIAN_POINT('',(-1.24E2,1.4E2,-1.45E2));
#1500=LINE('',#1499,#1498);
#1501=DIRECTION('',(0.E0,1.E0,0.E0));
#1502=VECTOR('',#1501,1.E1);
#1503=CARTESIAN_POINT('',(-1.14E2,1.4E2,-1.45E2));
#1504=LINE('',#1503,#1502);
#1505=DIRECTION('',(0.E0,1.E0,0.E0));
#1506=VECTOR('',#1505,5.E0);
#1507=CARTESIAN_POINT('',(-1.19E2,1.45E2,-1.45E2));
#1508=LINE('',#1507,#1506);
#1509=DIRECTION('',(0.E0,0.E0,1.E0));
#1510=VECTOR('',#1509,2.48E1);
#1511=CARTESIAN_POINT('',(-1.19E2,1.5E2,-1.45E2));
#1512=LINE('',#1511,#1510);
#1513=DIRECTION('',(-1.E0,0.E0,0.E0));
#1514=VECTOR('',#1513,5.E0);
#1515=CARTESIAN_POINT('',(-1.14E2,1.5E2,-1.45E2));
#1516=LINE('',#1515,#1514);
#1517=DIRECTION('',(0.E0,0.E0,-1.E0));
#1518=VECTOR('',#1517,2.48E1);
#1519=CARTESIAN_POINT('',(-1.14E2,1.5E2,-1.202E2));
#1520=LINE('',#1519,#1518);
#1521=DIRECTION('',(1.E0,0.E0,0.E0));
#1522=VECTOR('',#1521,5.E0);
#1523=CARTESIAN_POINT('',(-1.19E2,1.5E2,-1.202E2));
#1524=LINE('',#1523,#1522);
#1525=DIRECTION('',(-1.E0,0.E0,0.E0));
#1526=VECTOR('',#1525,5.E0);
#1527=CARTESIAN_POINT('',(-1.444E2,1.5E2,-1.45E2));
#1528=LINE('',#1527,#1526);
#1529=DIRECTION('',(0.E0,0.E0,-1.E0));
#1530=VECTOR('',#1529,2.48E1);
#1531=CARTESIAN_POINT('',(-1.444E2,1.5E2,-1.202E2));
#1532=LINE('',#1531,#1530);
#1533=DIRECTION('',(1.E0,0.E0,0.E0));
#1534=VECTOR('',#1533,5.E0);
#1535=CARTESIAN_POINT('',(-1.494E2,1.5E2,-1.202E2));
#1536=LINE('',#1535,#1534);
#1537=DIRECTION('',(0.E0,0.E0,1.E0));
#1538=VECTOR('',#1537,2.48E1);
#1539=CARTESIAN_POINT('',(-1.494E2,1.5E2,-1.45E2));
#1540=LINE('',#1539,#1538);
#1541=DIRECTION('',(0.E0,1.E0,0.E0));
#1542=VECTOR('',#1541,1.E1);
#1543=CARTESIAN_POINT('',(-1.14E2,1.4E2,-1.202E2));
#1544=LINE('',#1543,#1542);
#1545=DIRECTION('',(1.E0,0.E0,0.E0));
#1546=VECTOR('',#1545,1.E1);
#1547=CARTESIAN_POINT('',(-1.494E2,1.4E2,-1.45E2));
#1548=LINE('',#1547,#1546);
#1549=DIRECTION('',(0.E0,1.E0,0.E0));
#1550=VECTOR('',#1549,5.E0);
#1551=CARTESIAN_POINT('',(-1.394E2,1.4E2,-1.45E2));
#1552=LINE('',#1551,#1550);
#1553=DIRECTION('',(0.E0,1.E0,0.E0));
#1554=VECTOR('',#1553,5.E0);
#1555=CARTESIAN_POINT('',(-1.444E2,1.45E2,-1.45E2));
#1556=LINE('',#1555,#1554);
#1557=DIRECTION('',(0.E0,1.E0,0.E0));
#1558=VECTOR('',#1557,5.E0);
#1559=CARTESIAN_POINT('',(-1.394E2,1.4E2,-1.202E2));
#1560=LINE('',#1559,#1558);
#1561=DIRECTION('',(-1.E0,0.E0,0.E0));
#1562=VECTOR('',#1561,1.E1);
#1563=CARTESIAN_POINT('',(-1.394E2,1.4E2,-1.202E2));
#1564=LINE('',#1563,#1562);
#1565=DIRECTION('',(0.E0,1.E0,0.E0));
#1566=VECTOR('',#1565,1.E1);
#1567=CARTESIAN_POINT('',(-1.494E2,1.4E2,-1.202E2));
#1568=LINE('',#1567,#1566);
#1569=DIRECTION('',(0.E0,1.E0,0.E0));
#1570=VECTOR('',#1569,5.E0);
#1571=CARTESIAN_POINT('',(-1.444E2,1.45E2,-1.202E2));
#1572=LINE('',#1571,#1570);
#1573=DIRECTION('',(0.E0,0.E0,-1.E0));
#1574=VECTOR('',#1573,2.48E1);
#1575=CARTESIAN_POINT('',(-1.19E2,1.45E2,-1.202E2));
#1576=LINE('',#1575,#1574);
#1577=DIRECTION('',(1.E0,0.E0,0.E0));
#1578=VECTOR('',#1577,5.E0);
#1579=CARTESIAN_POINT('',(-1.24E2,1.45E2,-1.202E2));
#1580=LINE('',#1579,#1578);
#1581=DIRECTION('',(0.E0,0.E0,1.E0));
#1582=VECTOR('',#1581,2.48E1);
#1583=CARTESIAN_POINT('',(-1.24E2,1.45E2,-1.45E2));
#1584=LINE('',#1583,#1582);
#1585=DIRECTION('',(-1.E0,0.E0,0.E0));
#1586=VECTOR('',#1585,5.E0);
#1587=CARTESIAN_POINT('',(-1.19E2,1.45E2,-1.45E2));
#1588=LINE('',#1587,#1586);
#1589=DIRECTION('',(0.E0,0.E0,-1.E0));
#1590=VECTOR('',#1589,2.48E1);
#1591=CARTESIAN_POINT('',(-1.444E2,1.45E2,-1.202E2));
#1592=LINE('',#1591,#1590);
#1593=DIRECTION('',(-1.E0,0.E0,0.E0));
#1594=VECTOR('',#1593,5.E0);
#1595=CARTESIAN_POINT('',(-1.394E2,1.45E2,-1.45E2));
#1596=LINE('',#1595,#1594);
#1597=DIRECTION('',(0.E0,0.E0,-1.E0));
#1598=VECTOR('',#1597,2.48E1);
#1599=CARTESIAN_POINT('',(-1.394E2,1.45E2,-1.202E2));
#1600=LINE('',#1599,#1598);
#1601=DIRECTION('',(1.E0,0.E0,0.E0));
#1602=VECTOR('',#1601,5.E0);
#1603=CARTESIAN_POINT('',(-1.444E2,1.45E2,-1.202E2));
#1604=LINE('',#1603,#1602);
#1605=DIRECTION('',(0.E0,1.E0,0.E0));
#1606=VECTOR('',#1605,1.E1);
#1607=CARTESIAN_POINT('',(-1.494E2,1.4E2,-1.45E2));
#1608=LINE('',#1607,#1606);
#1609=DIRECTION('',(-1.E0,0.E0,0.E0));
#1610=VECTOR('',#1609,1.E1);
#1611=CARTESIAN_POINT('',(-1.14E2,1.4E2,-8.18E1));
#1612=LINE('',#1611,#1610);
#1613=DIRECTION('',(0.E0,1.E0,0.E0));
#1614=VECTOR('',#1613,5.E0);
#1615=CARTESIAN_POINT('',(-1.24E2,1.4E2,-8.18E1));
#1616=LINE('',#1615,#1614);
#1617=DIRECTION('',(0.E0,1.E0,0.E0));
#1618=VECTOR('',#1617,5.E0);
#1619=CARTESIAN_POINT('',(-1.19E2,1.45E2,-8.18E1));
#1620=LINE('',#1619,#1618);
#1621=DIRECTION('',(0.E0,1.E0,0.E0));
#1622=VECTOR('',#1621,5.E0);
#1623=CARTESIAN_POINT('',(-1.24E2,1.4E2,-1.066E2));
#1624=LINE('',#1623,#1622);
#1625=DIRECTION('',(1.E0,0.E0,0.E0));
#1626=VECTOR('',#1625,1.E1);
#1627=CARTESIAN_POINT('',(-1.24E2,1.4E2,-1.066E2));
#1628=LINE('',#1627,#1626);
#1629=DIRECTION('',(0.E0,1.E0,0.E0));
#1630=VECTOR('',#1629,1.E1);
#1631=CARTESIAN_POINT('',(-1.14E2,1.4E2,-1.066E2));
#1632=LINE('',#1631,#1630);
#1633=DIRECTION('',(0.E0,1.E0,0.E0));
#1634=VECTOR('',#1633,5.E0);
#1635=CARTESIAN_POINT('',(-1.19E2,1.45E2,-1.066E2));
#1636=LINE('',#1635,#1634);
#1637=DIRECTION('',(0.E0,0.E0,1.E0));
#1638=VECTOR('',#1637,2.48E1);
#1639=CARTESIAN_POINT('',(-1.19E2,1.5E2,-1.066E2));
#1640=LINE('',#1639,#1638);
#1641=DIRECTION('',(-1.E0,0.E0,0.E0));
#1642=VECTOR('',#1641,5.E0);
#1643=CARTESIAN_POINT('',(-1.14E2,1.5E2,-1.066E2));
#1644=LINE('',#1643,#1642);
#1645=DIRECTION('',(0.E0,0.E0,-1.E0));
#1646=VECTOR('',#1645,2.48E1);
#1647=CARTESIAN_POINT('',(-1.14E2,1.5E2,-8.18E1));
#1648=LINE('',#1647,#1646);
#1649=DIRECTION('',(1.E0,0.E0,0.E0));
#1650=VECTOR('',#1649,5.E0);
#1651=CARTESIAN_POINT('',(-1.19E2,1.5E2,-8.18E1));
#1652=LINE('',#1651,#1650);
#1653=DIRECTION('',(-1.E0,0.E0,0.E0));
#1654=VECTOR('',#1653,5.E0);
#1655=CARTESIAN_POINT('',(-1.444E2,1.5E2,-1.066E2));
#1656=LINE('',#1655,#1654);
#1657=DIRECTION('',(0.E0,0.E0,-1.E0));
#1658=VECTOR('',#1657,2.48E1);
#1659=CARTESIAN_POINT('',(-1.444E2,1.5E2,-8.18E1));
#1660=LINE('',#1659,#1658);
#1661=DIRECTION('',(1.E0,0.E0,0.E0));
#1662=VECTOR('',#1661,5.E0);
#1663=CARTESIAN_POINT('',(-1.494E2,1.5E2,-8.18E1));
#1664=LINE('',#1663,#1662);
#1665=DIRECTION('',(0.E0,0.E0,1.E0));
#1666=VECTOR('',#1665,2.48E1);
#1667=CARTESIAN_POINT('',(-1.494E2,1.5E2,-1.066E2));
#1668=LINE('',#1667,#1666);
#1669=DIRECTION('',(0.E0,1.E0,0.E0));
#1670=VECTOR('',#1669,1.E1);
#1671=CARTESIAN_POINT('',(-1.14E2,1.4E2,-8.18E1));
#1672=LINE('',#1671,#1670);
#1673=DIRECTION('',(1.E0,0.E0,0.E0));
#1674=VECTOR('',#1673,1.E1);
#1675=CARTESIAN_POINT('',(-1.494E2,1.4E2,-1.066E2));
#1676=LINE('',#1675,#1674);
#1677=DIRECTION('',(0.E0,1.E0,0.E0));
#1678=VECTOR('',#1677,5.E0);
#1679=CARTESIAN_POINT('',(-1.394E2,1.4E2,-1.066E2));
#1680=LINE('',#1679,#1678);
#1681=DIRECTION('',(0.E0,1.E0,0.E0));
#1682=VECTOR('',#1681,5.E0);
#1683=CARTESIAN_POINT('',(-1.444E2,1.45E2,-1.066E2));
#1684=LINE('',#1683,#1682);
#1685=DIRECTION('',(0.E0,1.E0,0.E0));
#1686=VECTOR('',#1685,5.E0);
#1687=CARTESIAN_POINT('',(-1.394E2,1.4E2,-8.18E1));
#1688=LINE('',#1687,#1686);
#1689=DIRECTION('',(-1.E0,0.E0,0.E0));
#1690=VECTOR('',#1689,1.E1);
#1691=CARTESIAN_POINT('',(-1.394E2,1.4E2,-8.18E1));
#1692=LINE('',#1691,#1690);
#1693=DIRECTION('',(0.E0,1.E0,0.E0));
#1694=VECTOR('',#1693,1.E1);
#1695=CARTESIAN_POINT('',(-1.494E2,1.4E2,-8.18E1));
#1696=LINE('',#1695,#1694);
#1697=DIRECTION('',(0.E0,1.E0,0.E0));
#1698=VECTOR('',#1697,5.E0);
#1699=CARTESIAN_POINT('',(-1.444E2,1.45E2,-8.18E1));
#1700=LINE('',#1699,#1698);
#1701=DIRECTION('',(0.E0,0.E0,-1.E0));
#1702=VECTOR('',#1701,2.48E1);
#1703=CARTESIAN_POINT('',(-1.19E2,1.45E2,-8.18E1));
#1704=LINE('',#1703,#1702);
#1705=DIRECTION('',(1.E0,0.E0,0.E0));
#1706=VECTOR('',#1705,5.E0);
#1707=CARTESIAN_POINT('',(-1.24E2,1.45E2,-8.18E1));
#1708=LINE('',#1707,#1706);
#1709=DIRECTION('',(0.E0,0.E0,1.E0));
#1710=VECTOR('',#1709,2.48E1);
#1711=CARTESIAN_POINT('',(-1.24E2,1.45E2,-1.066E2));
#1712=LINE('',#1711,#1710);
#1713=DIRECTION('',(-1.E0,0.E0,0.E0));
#1714=VECTOR('',#1713,5.E0);
#1715=CARTESIAN_POINT('',(-1.19E2,1.45E2,-1.066E2));
#1716=LINE('',#1715,#1714);
#1717=DIRECTION('',(0.E0,0.E0,-1.E0));
#1718=VECTOR('',#1717,2.48E1);
#1719=CARTESIAN_POINT('',(-1.444E2,1.45E2,-8.18E1));
#1720=LINE('',#1719,#1718);
#1721=DIRECTION('',(-1.E0,0.E0,0.E0));
#1722=VECTOR('',#1721,5.E0);
#1723=CARTESIAN_POINT('',(-1.394E2,1.45E2,-1.066E2));
#1724=LINE('',#1723,#1722);
#1725=DIRECTION('',(0.E0,0.E0,-1.E0));
#1726=VECTOR('',#1725,2.48E1);
#1727=CARTESIAN_POINT('',(-1.394E2,1.45E2,-8.18E1));
#1728=LINE('',#1727,#1726);
#1729=DIRECTION('',(1.E0,0.E0,0.E0));
#1730=VECTOR('',#1729,5.E0);
#1731=CARTESIAN_POINT('',(-1.444E2,1.45E2,-8.18E1));
#1732=LINE('',#1731,#1730);
#1733=DIRECTION('',(0.E0,1.E0,0.E0));
#1734=VECTOR('',#1733,1.E1);
#1735=CARTESIAN_POINT('',(-1.494E2,1.4E2,-1.066E2));
#1736=LINE('',#1735,#1734);
#1737=DIRECTION('',(-1.E0,0.E0,0.E0));
#1738=VECTOR('',#1737,1.E1);
#1739=CARTESIAN_POINT('',(-1.14E2,1.4E2,-4.34E1));
#1740=LINE('',#1739,#1738);
#1741=DIRECTION('',(0.E0,1.E0,0.E0));
#1742=VECTOR('',#1741,5.E0);
#1743=CARTESIAN_POINT('',(-1.24E2,1.4E2,-4.34E1));
#1744=LINE('',#1743,#1742);
#1745=DIRECTION('',(0.E0,1.E0,0.E0));
#1746=VECTOR('',#1745,5.E0);
#1747=CARTESIAN_POINT('',(-1.19E2,1.45E2,-4.34E1));
#1748=LINE('',#1747,#1746);
#1749=DIRECTION('',(0.E0,1.E0,0.E0));
#1750=VECTOR('',#1749,5.E0);
#1751=CARTESIAN_POINT('',(-1.24E2,1.4E2,-6.82E1));
#1752=LINE('',#1751,#1750);
#1753=DIRECTION('',(1.E0,0.E0,0.E0));
#1754=VECTOR('',#1753,1.E1);
#1755=CARTESIAN_POINT('',(-1.24E2,1.4E2,-6.82E1));
#1756=LINE('',#1755,#1754);
#1757=DIRECTION('',(0.E0,1.E0,0.E0));
#1758=VECTOR('',#1757,1.E1);
#1759=CARTESIAN_POINT('',(-1.14E2,1.4E2,-6.82E1));
#1760=LINE('',#1759,#1758);
#1761=DIRECTION('',(0.E0,1.E0,0.E0));
#1762=VECTOR('',#1761,5.E0);
#1763=CARTESIAN_POINT('',(-1.19E2,1.45E2,-6.82E1));
#1764=LINE('',#1763,#1762);
#1765=DIRECTION('',(0.E0,0.E0,1.E0));
#1766=VECTOR('',#1765,2.48E1);
#1767=CARTESIAN_POINT('',(-1.19E2,1.5E2,-6.82E1));
#1768=LINE('',#1767,#1766);
#1769=DIRECTION('',(-1.E0,0.E0,0.E0));
#1770=VECTOR('',#1769,5.E0);
#1771=CARTESIAN_POINT('',(-1.14E2,1.5E2,-6.82E1));
#1772=LINE('',#1771,#1770);
#1773=DIRECTION('',(0.E0,0.E0,-1.E0));
#1774=VECTOR('',#1773,2.48E1);
#1775=CARTESIAN_POINT('',(-1.14E2,1.5E2,-4.34E1));
#1776=LINE('',#1775,#1774);
#1777=DIRECTION('',(1.E0,0.E0,0.E0));
#1778=VECTOR('',#1777,5.E0);
#1779=CARTESIAN_POINT('',(-1.19E2,1.5E2,-4.34E1));
#1780=LINE('',#1779,#1778);
#1781=DIRECTION('',(-1.E0,0.E0,0.E0));
#1782=VECTOR('',#1781,5.E0);
#1783=CARTESIAN_POINT('',(-1.444E2,1.5E2,-6.82E1));
#1784=LINE('',#1783,#1782);
#1785=DIRECTION('',(0.E0,0.E0,-1.E0));
#1786=VECTOR('',#1785,2.48E1);
#1787=CARTESIAN_POINT('',(-1.444E2,1.5E2,-4.34E1));
#1788=LINE('',#1787,#1786);
#1789=DIRECTION('',(1.E0,0.E0,0.E0));
#1790=VECTOR('',#1789,5.E0);
#1791=CARTESIAN_POINT('',(-1.494E2,1.5E2,-4.34E1));
#1792=LINE('',#1791,#1790);
#1793=DIRECTION('',(0.E0,0.E0,1.E0));
#1794=VECTOR('',#1793,2.48E1);
#1795=CARTESIAN_POINT('',(-1.494E2,1.5E2,-6.82E1));
#1796=LINE('',#1795,#1794);
#1797=DIRECTION('',(0.E0,1.E0,0.E0));
#1798=VECTOR('',#1797,1.E1);
#1799=CARTESIAN_POINT('',(-1.14E2,1.4E2,-4.34E1));
#1800=LINE('',#1799,#1798);
#1801=DIRECTION('',(1.E0,0.E0,0.E0));
#1802=VECTOR('',#1801,1.E1);
#1803=CARTESIAN_POINT('',(-1.494E2,1.4E2,-6.82E1));
#1804=LINE('',#1803,#1802);
#1805=DIRECTION('',(0.E0,1.E0,0.E0));
#1806=VECTOR('',#1805,5.E0);
#1807=CARTESIAN_POINT('',(-1.394E2,1.4E2,-6.82E1));
#1808=LINE('',#1807,#1806);
#1809=DIRECTION('',(0.E0,1.E0,0.E0));
#1810=VECTOR('',#1809,5.E0);
#1811=CARTESIAN_POINT('',(-1.444E2,1.45E2,-6.82E1));
#1812=LINE('',#1811,#1810);
#1813=DIRECTION('',(0.E0,1.E0,0.E0));
#1814=VECTOR('',#1813,5.E0);
#1815=CARTESIAN_POINT('',(-1.394E2,1.4E2,-4.34E1));
#1816=LINE('',#1815,#1814);
#1817=DIRECTION('',(-1.E0,0.E0,0.E0));
#1818=VECTOR('',#1817,1.E1);
#1819=CARTESIAN_POINT('',(-1.394E2,1.4E2,-4.34E1));
#1820=LINE('',#1819,#1818);
#1821=DIRECTION('',(0.E0,1.E0,0.E0));
#1822=VECTOR('',#1821,1.E1);
#1823=CARTESIAN_POINT('',(-1.494E2,1.4E2,-4.34E1));
#1824=LINE('',#1823,#1822);
#1825=DIRECTION('',(0.E0,1.E0,0.E0));
#1826=VECTOR('',#1825,5.E0);
#1827=CARTESIAN_POINT('',(-1.444E2,1.45E2,-4.34E1));
#1828=LINE('',#1827,#1826);
#1829=DIRECTION('',(0.E0,0.E0,-1.E0));
#1830=VECTOR('',#1829,2.48E1);
#1831=CARTESIAN_POINT('',(-1.19E2,1.45E2,-4.34E1));
#1832=LINE('',#1831,#1830);
#1833=DIRECTION('',(1.E0,0.E0,0.E0));
#1834=VECTOR('',#1833,5.E0);
#1835=CARTESIAN_POINT('',(-1.24E2,1.45E2,-4.34E1));
#1836=LINE('',#1835,#1834);
#1837=DIRECTION('',(0.E0,0.E0,1.E0));
#1838=VECTOR('',#1837,2.48E1);
#1839=CARTESIAN_POINT('',(-1.24E2,1.45E2,-6.82E1));
#1840=LINE('',#1839,#1838);
#1841=DIRECTION('',(-1.E0,0.E0,0.E0));
#1842=VECTOR('',#1841,5.E0);
#1843=CARTESIAN_POINT('',(-1.19E2,1.45E2,-6.82E1));
#1844=LINE('',#1843,#1842);
#1845=DIRECTION('',(0.E0,0.E0,-1.E0));
#1846=VECTOR('',#1845,2.48E1);
#1847=CARTESIAN_POINT('',(-1.444E2,1.45E2,-4.34E1));
#1848=LINE('',#1847,#1846);
#1849=DIRECTION('',(-1.E0,0.E0,0.E0));
#1850=VECTOR('',#1849,5.E0);
#1851=CARTESIAN_POINT('',(-1.394E2,1.45E2,-6.82E1));
#1852=LINE('',#1851,#1850);
#1853=DIRECTION('',(0.E0,0.E0,-1.E0));
#1854=VECTOR('',#1853,2.48E1);
#1855=CARTESIAN_POINT('',(-1.394E2,1.45E2,-4.34E1));
#1856=LINE('',#1855,#1854);
#1857=DIRECTION('',(1.E0,0.E0,0.E0));
#1858=VECTOR('',#1857,5.E0);
#1859=CARTESIAN_POINT('',(-1.444E2,1.45E2,-4.34E1));
#1860=LINE('',#1859,#1858);
#1861=DIRECTION('',(0.E0,1.E0,0.E0));
#1862=VECTOR('',#1861,1.E1);
#1863=CARTESIAN_POINT('',(-1.494E2,1.4E2,-6.82E1));
#1864=LINE('',#1863,#1862);
#1865=DIRECTION('',(-1.E0,0.E0,0.E0));
#1866=VECTOR('',#1865,1.E1);
#1867=CARTESIAN_POINT('',(-1.14E2,1.4E2,-5.E0));
#1868=LINE('',#1867,#1866);
#1869=DIRECTION('',(0.E0,1.E0,0.E0));
#1870=VECTOR('',#1869,5.E0);
#1871=CARTESIAN_POINT('',(-1.24E2,1.4E2,-5.E0));
#1872=LINE('',#1871,#1870);
#1873=DIRECTION('',(0.E0,1.E0,0.E0));
#1874=VECTOR('',#1873,5.E0);
#1875=CARTESIAN_POINT('',(-1.19E2,1.45E2,-5.E0));
#1876=LINE('',#1875,#1874);
#1877=DIRECTION('',(0.E0,1.E0,0.E0));
#1878=VECTOR('',#1877,5.E0);
#1879=CARTESIAN_POINT('',(-1.24E2,1.4E2,-2.98E1));
#1880=LINE('',#1879,#1878);
#1881=DIRECTION('',(1.E0,0.E0,0.E0));
#1882=VECTOR('',#1881,1.E1);
#1883=CARTESIAN_POINT('',(-1.24E2,1.4E2,-2.98E1));
#1884=LINE('',#1883,#1882);
#1885=DIRECTION('',(0.E0,1.E0,0.E0));
#1886=VECTOR('',#1885,1.E1);
#1887=CARTESIAN_POINT('',(-1.14E2,1.4E2,-2.98E1));
#1888=LINE('',#1887,#1886);
#1889=DIRECTION('',(0.E0,1.E0,0.E0));
#1890=VECTOR('',#1889,5.E0);
#1891=CARTESIAN_POINT('',(-1.19E2,1.45E2,-2.98E1));
#1892=LINE('',#1891,#1890);
#1893=DIRECTION('',(0.E0,0.E0,1.E0));
#1894=VECTOR('',#1893,2.48E1);
#1895=CARTESIAN_POINT('',(-1.19E2,1.5E2,-2.98E1));
#1896=LINE('',#1895,#1894);
#1897=DIRECTION('',(-1.E0,0.E0,0.E0));
#1898=VECTOR('',#1897,5.E0);
#1899=CARTESIAN_POINT('',(-1.14E2,1.5E2,-2.98E1));
#1900=LINE('',#1899,#1898);
#1901=DIRECTION('',(0.E0,0.E0,-1.E0));
#1902=VECTOR('',#1901,2.48E1);
#1903=CARTESIAN_POINT('',(-1.14E2,1.5E2,-5.E0));
#1904=LINE('',#1903,#1902);
#1905=DIRECTION('',(1.E0,0.E0,0.E0));
#1906=VECTOR('',#1905,5.E0);
#1907=CARTESIAN_POINT('',(-1.19E2,1.5E2,-5.E0));
#1908=LINE('',#1907,#1906);
#1909=DIRECTION('',(-1.E0,0.E0,0.E0));
#1910=VECTOR('',#1909,5.E0);
#1911=CARTESIAN_POINT('',(-1.444E2,1.5E2,-2.98E1));
#1912=LINE('',#1911,#1910);
#1913=DIRECTION('',(0.E0,0.E0,-1.E0));
#1914=VECTOR('',#1913,2.48E1);
#1915=CARTESIAN_POINT('',(-1.444E2,1.5E2,-5.E0));
#1916=LINE('',#1915,#1914);
#1917=DIRECTION('',(1.E0,0.E0,0.E0));
#1918=VECTOR('',#1917,5.E0);
#1919=CARTESIAN_POINT('',(-1.494E2,1.5E2,-5.E0));
#1920=LINE('',#1919,#1918);
#1921=DIRECTION('',(0.E0,0.E0,1.E0));
#1922=VECTOR('',#1921,2.48E1);
#1923=CARTESIAN_POINT('',(-1.494E2,1.5E2,-2.98E1));
#1924=LINE('',#1923,#1922);
#1925=DIRECTION('',(0.E0,1.E0,0.E0));
#1926=VECTOR('',#1925,1.E1);
#1927=CARTESIAN_POINT('',(-1.14E2,1.4E2,-5.E0));
#1928=LINE('',#1927,#1926);
#1929=DIRECTION('',(1.E0,0.E0,0.E0));
#1930=VECTOR('',#1929,1.E1);
#1931=CARTESIAN_POINT('',(-1.494E2,1.4E2,-2.98E1));
#1932=LINE('',#1931,#1930);
#1933=DIRECTION('',(0.E0,1.E0,0.E0));
#1934=VECTOR('',#1933,5.E0);
#1935=CARTESIAN_POINT('',(-1.394E2,1.4E2,-2.98E1));
#1936=LINE('',#1935,#1934);
#1937=DIRECTION('',(0.E0,1.E0,0.E0));
#1938=VECTOR('',#1937,5.E0);
#1939=CARTESIAN_POINT('',(-1.444E2,1.45E2,-2.98E1));
#1940=LINE('',#1939,#1938);
#1941=DIRECTION('',(0.E0,1.E0,0.E0));
#1942=VECTOR('',#1941,5.E0);
#1943=CARTESIAN_POINT('',(-1.394E2,1.4E2,-5.E0));
#1944=LINE('',#1943,#1942);
#1945=DIRECTION('',(-1.E0,0.E0,0.E0));
#1946=VECTOR('',#1945,1.E1);
#1947=CARTESIAN_POINT('',(-1.394E2,1.4E2,-5.E0));
#1948=LINE('',#1947,#1946);
#1949=DIRECTION('',(0.E0,1.E0,0.E0));
#1950=VECTOR('',#1949,1.E1);
#1951=CARTESIAN_POINT('',(-1.494E2,1.4E2,-5.E0));
#1952=LINE('',#1951,#1950);
#1953=DIRECTION('',(0.E0,1.E0,0.E0));
#1954=VECTOR('',#1953,5.E0);
#1955=CARTESIAN_POINT('',(-1.444E2,1.45E2,-5.E0));
#1956=LINE('',#1955,#1954);
#1957=DIRECTION('',(0.E0,0.E0,-1.E0));
#1958=VECTOR('',#1957,2.48E1);
#1959=CARTESIAN_POINT('',(-1.19E2,1.45E2,-5.E0));
#1960=LINE('',#1959,#1958);
#1961=DIRECTION('',(1.E0,0.E0,0.E0));
#1962=VECTOR('',#1961,5.E0);
#1963=CARTESIAN_POINT('',(-1.24E2,1.45E2,-5.E0));
#1964=LINE('',#1963,#1962);
#1965=DIRECTION('',(0.E0,0.E0,1.E0));
#1966=VECTOR('',#1965,2.48E1);
#1967=CARTESIAN_POINT('',(-1.24E2,1.45E2,-2.98E1));
#1968=LINE('',#1967,#1966);
#1969=DIRECTION('',(-1.E0,0.E0,0.E0));
#1970=VECTOR('',#1969,5.E0);
#1971=CARTESIAN_POINT('',(-1.19E2,1.45E2,-2.98E1));
#1972=LINE('',#1971,#1970);
#1973=DIRECTION('',(0.E0,0.E0,-1.E0));
#1974=VECTOR('',#1973,2.48E1);
#1975=CARTESIAN_POINT('',(-1.444E2,1.45E2,-5.E0));
#1976=LINE('',#1975,#1974);
#1977=DIRECTION('',(-1.E0,0.E0,0.E0));
#1978=VECTOR('',#1977,5.E0);
#1979=CARTESIAN_POINT('',(-1.394E2,1.45E2,-2.98E1));
#1980=LINE('',#1979,#1978);
#1981=DIRECTION('',(0.E0,0.E0,-1.E0));
#1982=VECTOR('',#1981,2.48E1);
#1983=CARTESIAN_POINT('',(-1.394E2,1.45E2,-5.E0));
#1984=LINE('',#1983,#1982);
#1985=DIRECTION('',(1.E0,0.E0,0.E0));
#1986=VECTOR('',#1985,5.E0);
#1987=CARTESIAN_POINT('',(-1.444E2,1.45E2,-5.E0));
#1988=LINE('',#1987,#1986);
#1989=DIRECTION('',(0.E0,1.E0,0.E0));
#1990=VECTOR('',#1989,1.E1);
#1991=CARTESIAN_POINT('',(-1.494E2,1.4E2,-2.98E1));
#1992=LINE('',#1991,#1990);
#1993=DIRECTION('',(-1.E0,0.E0,0.E0));
#1994=VECTOR('',#1993,1.E1);
#1995=CARTESIAN_POINT('',(-1.56E2,1.4E2,-1.202E2));
#1996=LINE('',#1995,#1994);
#1997=DIRECTION('',(0.E0,1.E0,0.E0));
#1998=VECTOR('',#1997,5.E0);
#1999=CARTESIAN_POINT('',(-1.66E2,1.4E2,-1.202E2));
#2000=LINE('',#1999,#1998);
#2001=DIRECTION('',(0.E0,1.E0,0.E0));
#2002=VECTOR('',#2001,5.E0);
#2003=CARTESIAN_POINT('',(-1.61E2,1.45E2,-1.202E2));
#2004=LINE('',#2003,#2002);
#2005=DIRECTION('',(0.E0,1.E0,0.E0));
#2006=VECTOR('',#2005,5.E0);
#2007=CARTESIAN_POINT('',(-1.66E2,1.4E2,-1.45E2));
#2008=LINE('',#2007,#2006);
#2009=DIRECTION('',(1.E0,0.E0,0.E0));
#2010=VECTOR('',#2009,1.E1);
#2011=CARTESIAN_POINT('',(-1.66E2,1.4E2,-1.45E2));
#2012=LINE('',#2011,#2010);
#2013=DIRECTION('',(0.E0,1.E0,0.E0));
#2014=VECTOR('',#2013,1.E1);
#2015=CARTESIAN_POINT('',(-1.56E2,1.4E2,-1.45E2));
#2016=LINE('',#2015,#2014);
#2017=DIRECTION('',(0.E0,1.E0,0.E0));
#2018=VECTOR('',#2017,5.E0);
#2019=CARTESIAN_POINT('',(-1.61E2,1.45E2,-1.45E2));
#2020=LINE('',#2019,#2018);
#2021=DIRECTION('',(0.E0,0.E0,1.E0));
#2022=VECTOR('',#2021,2.48E1);
#2023=CARTESIAN_POINT('',(-1.61E2,1.5E2,-1.45E2));
#2024=LINE('',#2023,#2022);
#2025=DIRECTION('',(-1.E0,0.E0,0.E0));
#2026=VECTOR('',#2025,5.E0);
#2027=CARTESIAN_POINT('',(-1.56E2,1.5E2,-1.45E2));
#2028=LINE('',#2027,#2026);
#2029=DIRECTION('',(0.E0,0.E0,-1.E0));
#2030=VECTOR('',#2029,2.48E1);
#2031=CARTESIAN_POINT('',(-1.56E2,1.5E2,-1.202E2));
#2032=LINE('',#2031,#2030);
#2033=DIRECTION('',(1.E0,0.E0,0.E0));
#2034=VECTOR('',#2033,5.E0);
#2035=CARTESIAN_POINT('',(-1.61E2,1.5E2,-1.202E2));
#2036=LINE('',#2035,#2034);
#2037=DIRECTION('',(-1.E0,0.E0,0.E0));
#2038=VECTOR('',#2037,5.E0);
#2039=CARTESIAN_POINT('',(-1.864E2,1.5E2,-1.45E2));
#2040=LINE('',#2039,#2038);
#2041=DIRECTION('',(0.E0,0.E0,-1.E0));
#2042=VECTOR('',#2041,2.48E1);
#2043=CARTESIAN_POINT('',(-1.864E2,1.5E2,-1.202E2));
#2044=LINE('',#2043,#2042);
#2045=DIRECTION('',(1.E0,0.E0,0.E0));
#2046=VECTOR('',#2045,5.E0);
#2047=CARTESIAN_POINT('',(-1.914E2,1.5E2,-1.202E2));
#2048=LINE('',#2047,#2046);
#2049=DIRECTION('',(0.E0,0.E0,1.E0));
#2050=VECTOR('',#2049,2.48E1);
#2051=CARTESIAN_POINT('',(-1.914E2,1.5E2,-1.45E2));
#2052=LINE('',#2051,#2050);
#2053=DIRECTION('',(0.E0,1.E0,0.E0));
#2054=VECTOR('',#2053,1.E1);
#2055=CARTESIAN_POINT('',(-1.56E2,1.4E2,-1.202E2));
#2056=LINE('',#2055,#2054);
#2057=DIRECTION('',(1.E0,0.E0,0.E0));
#2058=VECTOR('',#2057,1.E1);
#2059=CARTESIAN_POINT('',(-1.914E2,1.4E2,-1.45E2));
#2060=LINE('',#2059,#2058);
#2061=DIRECTION('',(0.E0,1.E0,0.E0));
#2062=VECTOR('',#2061,5.E0);
#2063=CARTESIAN_POINT('',(-1.814E2,1.4E2,-1.45E2));
#2064=LINE('',#2063,#2062);
#2065=DIRECTION('',(0.E0,1.E0,0.E0));
#2066=VECTOR('',#2065,5.E0);
#2067=CARTESIAN_POINT('',(-1.864E2,1.45E2,-1.45E2));
#2068=LINE('',#2067,#2066);
#2069=DIRECTION('',(0.E0,1.E0,0.E0));
#2070=VECTOR('',#2069,5.E0);
#2071=CARTESIAN_POINT('',(-1.814E2,1.4E2,-1.202E2));
#2072=LINE('',#2071,#2070);
#2073=DIRECTION('',(-1.E0,0.E0,0.E0));
#2074=VECTOR('',#2073,1.E1);
#2075=CARTESIAN_POINT('',(-1.814E2,1.4E2,-1.202E2));
#2076=LINE('',#2075,#2074);
#2077=DIRECTION('',(0.E0,1.E0,0.E0));
#2078=VECTOR('',#2077,1.E1);
#2079=CARTESIAN_POINT('',(-1.914E2,1.4E2,-1.202E2));
#2080=LINE('',#2079,#2078);
#2081=DIRECTION('',(0.E0,1.E0,0.E0));
#2082=VECTOR('',#2081,5.E0);
#2083=CARTESIAN_POINT('',(-1.864E2,1.45E2,-1.202E2));
#2084=LINE('',#2083,#2082);
#2085=DIRECTION('',(0.E0,0.E0,-1.E0));
#2086=VECTOR('',#2085,2.48E1);
#2087=CARTESIAN_POINT('',(-1.61E2,1.45E2,-1.202E2));
#2088=LINE('',#2087,#2086);
#2089=DIRECTION('',(1.E0,0.E0,0.E0));
#2090=VECTOR('',#2089,5.E0);
#2091=CARTESIAN_POINT('',(-1.66E2,1.45E2,-1.202E2));
#2092=LINE('',#2091,#2090);
#2093=DIRECTION('',(0.E0,0.E0,1.E0));
#2094=VECTOR('',#2093,2.48E1);
#2095=CARTESIAN_POINT('',(-1.66E2,1.45E2,-1.45E2));
#2096=LINE('',#2095,#2094);
#2097=DIRECTION('',(-1.E0,0.E0,0.E0));
#2098=VECTOR('',#2097,5.E0);
#2099=CARTESIAN_POINT('',(-1.61E2,1.45E2,-1.45E2));
#2100=LINE('',#2099,#2098);
#2101=DIRECTION('',(0.E0,0.E0,-1.E0));
#2102=VECTOR('',#2101,2.48E1);
#2103=CARTESIAN_POINT('',(-1.864E2,1.45E2,-1.202E2));
#2104=LINE('',#2103,#2102);
#2105=DIRECTION('',(-1.E0,0.E0,0.E0));
#2106=VECTOR('',#2105,5.E0);
#2107=CARTESIAN_POINT('',(-1.814E2,1.45E2,-1.45E2));
#2108=LINE('',#2107,#2106);
#2109=DIRECTION('',(0.E0,0.E0,-1.E0));
#2110=VECTOR('',#2109,2.48E1);
#2111=CARTESIAN_POINT('',(-1.814E2,1.45E2,-1.202E2));
#2112=LINE('',#2111,#2110);
#2113=DIRECTION('',(1.E0,0.E0,0.E0));
#2114=VECTOR('',#2113,5.E0);
#2115=CARTESIAN_POINT('',(-1.864E2,1.45E2,-1.202E2));
#2116=LINE('',#2115,#2114);
#2117=DIRECTION('',(0.E0,1.E0,0.E0));
#2118=VECTOR('',#2117,1.E1);
#2119=CARTESIAN_POINT('',(-1.914E2,1.4E2,-1.45E2));
#2120=LINE('',#2119,#2118);
#2121=DIRECTION('',(-1.E0,0.E0,0.E0));
#2122=VECTOR('',#2121,1.E1);
#2123=CARTESIAN_POINT('',(-1.56E2,1.4E2,-8.18E1));
#2124=LINE('',#2123,#2122);
#2125=DIRECTION('',(0.E0,1.E0,0.E0));
#2126=VECTOR('',#2125,5.E0);
#2127=CARTESIAN_POINT('',(-1.66E2,1.4E2,-8.18E1));
#2128=LINE('',#2127,#2126);
#2129=DIRECTION('',(0.E0,1.E0,0.E0));
#2130=VECTOR('',#2129,5.E0);
#2131=CARTESIAN_POINT('',(-1.61E2,1.45E2,-8.18E1));
#2132=LINE('',#2131,#2130);
#2133=DIRECTION('',(0.E0,1.E0,0.E0));
#2134=VECTOR('',#2133,5.E0);
#2135=CARTESIAN_POINT('',(-1.66E2,1.4E2,-1.066E2));
#2136=LINE('',#2135,#2134);
#2137=DIRECTION('',(1.E0,0.E0,0.E0));
#2138=VECTOR('',#2137,1.E1);
#2139=CARTESIAN_POINT('',(-1.66E2,1.4E2,-1.066E2));
#2140=LINE('',#2139,#2138);
#2141=DIRECTION('',(0.E0,1.E0,0.E0));
#2142=VECTOR('',#2141,1.E1);
#2143=CARTESIAN_POINT('',(-1.56E2,1.4E2,-1.066E2));
#2144=LINE('',#2143,#2142);
#2145=DIRECTION('',(0.E0,1.E0,0.E0));
#2146=VECTOR('',#2145,5.E0);
#2147=CARTESIAN_POINT('',(-1.61E2,1.45E2,-1.066E2));
#2148=LINE('',#2147,#2146);
#2149=DIRECTION('',(0.E0,0.E0,1.E0));
#2150=VECTOR('',#2149,2.48E1);
#2151=CARTESIAN_POINT('',(-1.61E2,1.5E2,-1.066E2));
#2152=LINE('',#2151,#2150);
#2153=DIRECTION('',(-1.E0,0.E0,0.E0));
#2154=VECTOR('',#2153,5.E0);
#2155=CARTESIAN_POINT('',(-1.56E2,1.5E2,-1.066E2));
#2156=LINE('',#2155,#2154);
#2157=DIRECTION('',(0.E0,0.E0,-1.E0));
#2158=VECTOR('',#2157,2.48E1);
#2159=CARTESIAN_POINT('',(-1.56E2,1.5E2,-8.18E1));
#2160=LINE('',#2159,#2158);
#2161=DIRECTION('',(1.E0,0.E0,0.E0));
#2162=VECTOR('',#2161,5.E0);
#2163=CARTESIAN_POINT('',(-1.61E2,1.5E2,-8.18E1));
#2164=LINE('',#2163,#2162);
#2165=DIRECTION('',(-1.E0,0.E0,0.E0));
#2166=VECTOR('',#2165,5.E0);
#2167=CARTESIAN_POINT('',(-1.864E2,1.5E2,-1.066E2));
#2168=LINE('',#2167,#2166);
#2169=DIRECTION('',(0.E0,0.E0,-1.E0));
#2170=VECTOR('',#2169,2.48E1);
#2171=CARTESIAN_POINT('',(-1.864E2,1.5E2,-8.18E1));
#2172=LINE('',#2171,#2170);
#2173=DIRECTION('',(1.E0,0.E0,0.E0));
#2174=VECTOR('',#2173,5.E0);
#2175=CARTESIAN_POINT('',(-1.914E2,1.5E2,-8.18E1));
#2176=LINE('',#2175,#2174);
#2177=DIRECTION('',(0.E0,0.E0,1.E0));
#2178=VECTOR('',#2177,2.48E1);
#2179=CARTESIAN_POINT('',(-1.914E2,1.5E2,-1.066E2));
#2180=LINE('',#2179,#2178);
#2181=DIRECTION('',(0.E0,1.E0,0.E0));
#2182=VECTOR('',#2181,1.E1);
#2183=CARTESIAN_POINT('',(-1.56E2,1.4E2,-8.18E1));
#2184=LINE('',#2183,#2182);
#2185=DIRECTION('',(1.E0,0.E0,0.E0));
#2186=VECTOR('',#2185,1.E1);
#2187=CARTESIAN_POINT('',(-1.914E2,1.4E2,-1.066E2));
#2188=LINE('',#2187,#2186);
#2189=DIRECTION('',(0.E0,1.E0,0.E0));
#2190=VECTOR('',#2189,5.E0);
#2191=CARTESIAN_POINT('',(-1.814E2,1.4E2,-1.066E2));
#2192=LINE('',#2191,#2190);
#2193=DIRECTION('',(0.E0,1.E0,0.E0));
#2194=VECTOR('',#2193,5.E0);
#2195=CARTESIAN_POINT('',(-1.864E2,1.45E2,-1.066E2));
#2196=LINE('',#2195,#2194);
#2197=DIRECTION('',(0.E0,1.E0,0.E0));
#2198=VECTOR('',#2197,5.E0);
#2199=CARTESIAN_POINT('',(-1.814E2,1.4E2,-8.18E1));
#2200=LINE('',#2199,#2198);
#2201=DIRECTION('',(-1.E0,0.E0,0.E0));
#2202=VECTOR('',#2201,1.E1);
#2203=CARTESIAN_POINT('',(-1.814E2,1.4E2,-8.18E1));
#2204=LINE('',#2203,#2202);
#2205=DIRECTION('',(0.E0,1.E0,0.E0));
#2206=VECTOR('',#2205,1.E1);
#2207=CARTESIAN_POINT('',(-1.914E2,1.4E2,-8.18E1));
#2208=LINE('',#2207,#2206);
#2209=DIRECTION('',(0.E0,1.E0,0.E0));
#2210=VECTOR('',#2209,5.E0);
#2211=CARTESIAN_POINT('',(-1.864E2,1.45E2,-8.18E1));
#2212=LINE('',#2211,#2210);
#2213=DIRECTION('',(0.E0,0.E0,-1.E0));
#2214=VECTOR('',#2213,2.48E1);
#2215=CARTESIAN_POINT('',(-1.61E2,1.45E2,-8.18E1));
#2216=LINE('',#2215,#2214);
#2217=DIRECTION('',(1.E0,0.E0,0.E0));
#2218=VECTOR('',#2217,5.E0);
#2219=CARTESIAN_POINT('',(-1.66E2,1.45E2,-8.18E1));
#2220=LINE('',#2219,#2218);
#2221=DIRECTION('',(0.E0,0.E0,1.E0));
#2222=VECTOR('',#2221,2.48E1);
#2223=CARTESIAN_POINT('',(-1.66E2,1.45E2,-1.066E2));
#2224=LINE('',#2223,#2222);
#2225=DIRECTION('',(-1.E0,0.E0,0.E0));
#2226=VECTOR('',#2225,5.E0);
#2227=CARTESIAN_POINT('',(-1.61E2,1.45E2,-1.066E2));
#2228=LINE('',#2227,#2226);
#2229=DIRECTION('',(0.E0,0.E0,-1.E0));
#2230=VECTOR('',#2229,2.48E1);
#2231=CARTESIAN_POINT('',(-1.864E2,1.45E2,-8.18E1));
#2232=LINE('',#2231,#2230);
#2233=DIRECTION('',(-1.E0,0.E0,0.E0));
#2234=VECTOR('',#2233,5.E0);
#2235=CARTESIAN_POINT('',(-1.814E2,1.45E2,-1.066E2));
#2236=LINE('',#2235,#2234);
#2237=DIRECTION('',(0.E0,0.E0,-1.E0));
#2238=VECTOR('',#2237,2.48E1);
#2239=CARTESIAN_POINT('',(-1.814E2,1.45E2,-8.18E1));
#2240=LINE('',#2239,#2238);
#2241=DIRECTION('',(1.E0,0.E0,0.E0));
#2242=VECTOR('',#2241,5.E0);
#2243=CARTESIAN_POINT('',(-1.864E2,1.45E2,-8.18E1));
#2244=LINE('',#2243,#2242);
#2245=DIRECTION('',(0.E0,1.E0,0.E0));
#2246=VECTOR('',#2245,1.E1);
#2247=CARTESIAN_POINT('',(-1.914E2,1.4E2,-1.066E2));
#2248=LINE('',#2247,#2246);
#2249=DIRECTION('',(-1.E0,0.E0,0.E0));
#2250=VECTOR('',#2249,1.E1);
#2251=CARTESIAN_POINT('',(-1.56E2,1.4E2,-4.34E1));
#2252=LINE('',#2251,#2250);
#2253=DIRECTION('',(0.E0,1.E0,0.E0));
#2254=VECTOR('',#2253,5.E0);
#2255=CARTESIAN_POINT('',(-1.66E2,1.4E2,-4.34E1));
#2256=LINE('',#2255,#2254);
#2257=DIRECTION('',(0.E0,1.E0,0.E0));
#2258=VECTOR('',#2257,5.E0);
#2259=CARTESIAN_POINT('',(-1.61E2,1.45E2,-4.34E1));
#2260=LINE('',#2259,#2258);
#2261=DIRECTION('',(0.E0,1.E0,0.E0));
#2262=VECTOR('',#2261,5.E0);
#2263=CARTESIAN_POINT('',(-1.66E2,1.4E2,-6.82E1));
#2264=LINE('',#2263,#2262);
#2265=DIRECTION('',(1.E0,0.E0,0.E0));
#2266=VECTOR('',#2265,1.E1);
#2267=CARTESIAN_POINT('',(-1.66E2,1.4E2,-6.82E1));
#2268=LINE('',#2267,#2266);
#2269=DIRECTION('',(0.E0,1.E0,0.E0));
#2270=VECTOR('',#2269,1.E1);
#2271=CARTESIAN_POINT('',(-1.56E2,1.4E2,-6.82E1));
#2272=LINE('',#2271,#2270);
#2273=DIRECTION('',(0.E0,1.E0,0.E0));
#2274=VECTOR('',#2273,5.E0);
#2275=CARTESIAN_POINT('',(-1.61E2,1.45E2,-6.82E1));
#2276=LINE('',#2275,#2274);
#2277=DIRECTION('',(0.E0,0.E0,1.E0));
#2278=VECTOR('',#2277,2.48E1);
#2279=CARTESIAN_POINT('',(-1.61E2,1.5E2,-6.82E1));
#2280=LINE('',#2279,#2278);
#2281=DIRECTION('',(-1.E0,0.E0,0.E0));
#2282=VECTOR('',#2281,5.E0);
#2283=CARTESIAN_POINT('',(-1.56E2,1.5E2,-6.82E1));
#2284=LINE('',#2283,#2282);
#2285=DIRECTION('',(0.E0,0.E0,-1.E0));
#2286=VECTOR('',#2285,2.48E1);
#2287=CARTESIAN_POINT('',(-1.56E2,1.5E2,-4.34E1));
#2288=LINE('',#2287,#2286);
#2289=DIRECTION('',(1.E0,0.E0,0.E0));
#2290=VECTOR('',#2289,5.E0);
#2291=CARTESIAN_POINT('',(-1.61E2,1.5E2,-4.34E1));
#2292=LINE('',#2291,#2290);
#2293=DIRECTION('',(-1.E0,0.E0,0.E0));
#2294=VECTOR('',#2293,5.E0);
#2295=CARTESIAN_POINT('',(-1.864E2,1.5E2,-6.82E1));
#2296=LINE('',#2295,#2294);
#2297=DIRECTION('',(0.E0,0.E0,-1.E0));
#2298=VECTOR('',#2297,2.48E1);
#2299=CARTESIAN_POINT('',(-1.864E2,1.5E2,-4.34E1));
#2300=LINE('',#2299,#2298);
#2301=DIRECTION('',(1.E0,0.E0,0.E0));
#2302=VECTOR('',#2301,5.E0);
#2303=CARTESIAN_POINT('',(-1.914E2,1.5E2,-4.34E1));
#2304=LINE('',#2303,#2302);
#2305=DIRECTION('',(0.E0,0.E0,1.E0));
#2306=VECTOR('',#2305,2.48E1);
#2307=CARTESIAN_POINT('',(-1.914E2,1.5E2,-6.82E1));
#2308=LINE('',#2307,#2306);
#2309=DIRECTION('',(0.E0,1.E0,0.E0));
#2310=VECTOR('',#2309,1.E1);
#2311=CARTESIAN_POINT('',(-1.56E2,1.4E2,-4.34E1));
#2312=LINE('',#2311,#2310);
#2313=DIRECTION('',(1.E0,0.E0,0.E0));
#2314=VECTOR('',#2313,1.E1);
#2315=CARTESIAN_POINT('',(-1.914E2,1.4E2,-6.82E1));
#2316=LINE('',#2315,#2314);
#2317=DIRECTION('',(0.E0,1.E0,0.E0));
#2318=VECTOR('',#2317,5.E0);
#2319=CARTESIAN_POINT('',(-1.814E2,1.4E2,-6.82E1));
#2320=LINE('',#2319,#2318);
#2321=DIRECTION('',(0.E0,1.E0,0.E0));
#2322=VECTOR('',#2321,5.E0);
#2323=CARTESIAN_POINT('',(-1.864E2,1.45E2,-6.82E1));
#2324=LINE('',#2323,#2322);
#2325=DIRECTION('',(0.E0,1.E0,0.E0));
#2326=VECTOR('',#2325,5.E0);
#2327=CARTESIAN_POINT('',(-1.814E2,1.4E2,-4.34E1));
#2328=LINE('',#2327,#2326);
#2329=DIRECTION('',(-1.E0,0.E0,0.E0));
#2330=VECTOR('',#2329,1.E1);
#2331=CARTESIAN_POINT('',(-1.814E2,1.4E2,-4.34E1));
#2332=LINE('',#2331,#2330);
#2333=DIRECTION('',(0.E0,1.E0,0.E0));
#2334=VECTOR('',#2333,1.E1);
#2335=CARTESIAN_POINT('',(-1.914E2,1.4E2,-4.34E1));
#2336=LINE('',#2335,#2334);
#2337=DIRECTION('',(0.E0,1.E0,0.E0));
#2338=VECTOR('',#2337,5.E0);
#2339=CARTESIAN_POINT('',(-1.864E2,1.45E2,-4.34E1));
#2340=LINE('',#2339,#2338);
#2341=DIRECTION('',(0.E0,0.E0,-1.E0));
#2342=VECTOR('',#2341,2.48E1);
#2343=CARTESIAN_POINT('',(-1.61E2,1.45E2,-4.34E1));
#2344=LINE('',#2343,#2342);
#2345=DIRECTION('',(1.E0,0.E0,0.E0));
#2346=VECTOR('',#2345,5.E0);
#2347=CARTESIAN_POINT('',(-1.66E2,1.45E2,-4.34E1));
#2348=LINE('',#2347,#2346);
#2349=DIRECTION('',(0.E0,0.E0,1.E0));
#2350=VECTOR('',#2349,2.48E1);
#2351=CARTESIAN_POINT('',(-1.66E2,1.45E2,-6.82E1));
#2352=LINE('',#2351,#2350);
#2353=DIRECTION('',(-1.E0,0.E0,0.E0));
#2354=VECTOR('',#2353,5.E0);
#2355=CARTESIAN_POINT('',(-1.61E2,1.45E2,-6.82E1));
#2356=LINE('',#2355,#2354);
#2357=DIRECTION('',(0.E0,0.E0,-1.E0));
#2358=VECTOR('',#2357,2.48E1);
#2359=CARTESIAN_POINT('',(-1.864E2,1.45E2,-4.34E1));
#2360=LINE('',#2359,#2358);
#2361=DIRECTION('',(-1.E0,0.E0,0.E0));
#2362=VECTOR('',#2361,5.E0);
#2363=CARTESIAN_POINT('',(-1.814E2,1.45E2,-6.82E1));
#2364=LINE('',#2363,#2362);
#2365=DIRECTION('',(0.E0,0.E0,-1.E0));
#2366=VECTOR('',#2365,2.48E1);
#2367=CARTESIAN_POINT('',(-1.814E2,1.45E2,-4.34E1));
#2368=LINE('',#2367,#2366);
#2369=DIRECTION('',(1.E0,0.E0,0.E0));
#2370=VECTOR('',#2369,5.E0);
#2371=CARTESIAN_POINT('',(-1.864E2,1.45E2,-4.34E1));
#2372=LINE('',#2371,#2370);
#2373=DIRECTION('',(0.E0,1.E0,0.E0));
#2374=VECTOR('',#2373,1.E1);
#2375=CARTESIAN_POINT('',(-1.914E2,1.4E2,-6.82E1));
#2376=LINE('',#2375,#2374);
#2377=DIRECTION('',(-1.E0,0.E0,0.E0));
#2378=VECTOR('',#2377,1.E1);
#2379=CARTESIAN_POINT('',(-1.56E2,1.4E2,-5.E0));
#2380=LINE('',#2379,#2378);
#2381=DIRECTION('',(0.E0,1.E0,0.E0));
#2382=VECTOR('',#2381,5.E0);
#2383=CARTESIAN_POINT('',(-1.66E2,1.4E2,-5.E0));
#2384=LINE('',#2383,#2382);
#2385=DIRECTION('',(0.E0,1.E0,0.E0));
#2386=VECTOR('',#2385,5.E0);
#2387=CARTESIAN_POINT('',(-1.61E2,1.45E2,-5.E0));
#2388=LINE('',#2387,#2386);
#2389=DIRECTION('',(0.E0,1.E0,0.E0));
#2390=VECTOR('',#2389,5.E0);
#2391=CARTESIAN_POINT('',(-1.66E2,1.4E2,-2.98E1));
#2392=LINE('',#2391,#2390);
#2393=DIRECTION('',(1.E0,0.E0,0.E0));
#2394=VECTOR('',#2393,1.E1);
#2395=CARTESIAN_POINT('',(-1.66E2,1.4E2,-2.98E1));
#2396=LINE('',#2395,#2394);
#2397=DIRECTION('',(0.E0,1.E0,0.E0));
#2398=VECTOR('',#2397,1.E1);
#2399=CARTESIAN_POINT('',(-1.56E2,1.4E2,-2.98E1));
#2400=LINE('',#2399,#2398);
#2401=DIRECTION('',(0.E0,1.E0,0.E0));
#2402=VECTOR('',#2401,5.E0);
#2403=CARTESIAN_POINT('',(-1.61E2,1.45E2,-2.98E1));
#2404=LINE('',#2403,#2402);
#2405=DIRECTION('',(0.E0,0.E0,1.E0));
#2406=VECTOR('',#2405,2.48E1);
#2407=CARTESIAN_POINT('',(-1.61E2,1.5E2,-2.98E1));
#2408=LINE('',#2407,#2406);
#2409=DIRECTION('',(-1.E0,0.E0,0.E0));
#2410=VECTOR('',#2409,5.E0);
#2411=CARTESIAN_POINT('',(-1.56E2,1.5E2,-2.98E1));
#2412=LINE('',#2411,#2410);
#2413=DIRECTION('',(0.E0,0.E0,-1.E0));
#2414=VECTOR('',#2413,2.48E1);
#2415=CARTESIAN_POINT('',(-1.56E2,1.5E2,-5.E0));
#2416=LINE('',#2415,#2414);
#2417=DIRECTION('',(1.E0,0.E0,0.E0));
#2418=VECTOR('',#2417,5.E0);
#2419=CARTESIAN_POINT('',(-1.61E2,1.5E2,-5.E0));
#2420=LINE('',#2419,#2418);
#2421=DIRECTION('',(-1.E0,0.E0,0.E0));
#2422=VECTOR('',#2421,5.E0);
#2423=CARTESIAN_POINT('',(-1.864E2,1.5E2,-2.98E1));
#2424=LINE('',#2423,#2422);
#2425=DIRECTION('',(0.E0,0.E0,-1.E0));
#2426=VECTOR('',#2425,2.48E1);
#2427=CARTESIAN_POINT('',(-1.864E2,1.5E2,-5.E0));
#2428=LINE('',#2427,#2426);
#2429=DIRECTION('',(1.E0,0.E0,0.E0));
#2430=VECTOR('',#2429,5.E0);
#2431=CARTESIAN_POINT('',(-1.914E2,1.5E2,-5.E0));
#2432=LINE('',#2431,#2430);
#2433=DIRECTION('',(0.E0,0.E0,1.E0));
#2434=VECTOR('',#2433,2.48E1);
#2435=CARTESIAN_POINT('',(-1.914E2,1.5E2,-2.98E1));
#2436=LINE('',#2435,#2434);
#2437=DIRECTION('',(0.E0,1.E0,0.E0));
#2438=VECTOR('',#2437,1.E1);
#2439=CARTESIAN_POINT('',(-1.56E2,1.4E2,-5.E0));
#2440=LINE('',#2439,#2438);
#2441=DIRECTION('',(1.E0,0.E0,0.E0));
#2442=VECTOR('',#2441,1.E1);
#2443=CARTESIAN_POINT('',(-1.914E2,1.4E2,-2.98E1));
#2444=LINE('',#2443,#2442);
#2445=DIRECTION('',(0.E0,1.E0,0.E0));
#2446=VECTOR('',#2445,5.E0);
#2447=CARTESIAN_POINT('',(-1.814E2,1.4E2,-2.98E1));
#2448=LINE('',#2447,#2446);
#2449=DIRECTION('',(0.E0,1.E0,0.E0));
#2450=VECTOR('',#2449,5.E0);
#2451=CARTESIAN_POINT('',(-1.864E2,1.45E2,-2.98E1));
#2452=LINE('',#2451,#2450);
#2453=DIRECTION('',(0.E0,1.E0,0.E0));
#2454=VECTOR('',#2453,5.E0);
#2455=CARTESIAN_POINT('',(-1.814E2,1.4E2,-5.E0));
#2456=LINE('',#2455,#2454);
#2457=DIRECTION('',(-1.E0,0.E0,0.E0));
#2458=VECTOR('',#2457,1.E1);
#2459=CARTESIAN_POINT('',(-1.814E2,1.4E2,-5.E0));
#2460=LINE('',#2459,#2458);
#2461=DIRECTION('',(0.E0,1.E0,0.E0));
#2462=VECTOR('',#2461,1.E1);
#2463=CARTESIAN_POINT('',(-1.914E2,1.4E2,-5.E0));
#2464=LINE('',#2463,#2462);
#2465=DIRECTION('',(0.E0,1.E0,0.E0));
#2466=VECTOR('',#2465,5.E0);
#2467=CARTESIAN_POINT('',(-1.864E2,1.45E2,-5.E0));
#2468=LINE('',#2467,#2466);
#2469=DIRECTION('',(0.E0,0.E0,-1.E0));
#2470=VECTOR('',#2469,2.48E1);
#2471=CARTESIAN_POINT('',(-1.61E2,1.45E2,-5.E0));
#2472=LINE('',#2471,#2470);
#2473=DIRECTION('',(1.E0,0.E0,0.E0));
#2474=VECTOR('',#2473,5.E0);
#2475=CARTESIAN_POINT('',(-1.66E2,1.45E2,-5.E0));
#2476=LINE('',#2475,#2474);
#2477=DIRECTION('',(0.E0,0.E0,1.E0));
#2478=VECTOR('',#2477,2.48E1);
#2479=CARTESIAN_POINT('',(-1.66E2,1.45E2,-2.98E1));
#2480=LINE('',#2479,#2478);
#2481=DIRECTION('',(-1.E0,0.E0,0.E0));
#2482=VECTOR('',#2481,5.E0);
#2483=CARTESIAN_POINT('',(-1.61E2,1.45E2,-2.98E1));
#2484=LINE('',#2483,#2482);
#2485=DIRECTION('',(0.E0,0.E0,-1.E0));
#2486=VECTOR('',#2485,2.48E1);
#2487=CARTESIAN_POINT('',(-1.864E2,1.45E2,-5.E0));
#2488=LINE('',#2487,#2486);
#2489=DIRECTION('',(-1.E0,0.E0,0.E0));
#2490=VECTOR('',#2489,5.E0);
#2491=CARTESIAN_POINT('',(-1.814E2,1.45E2,-2.98E1));
#2492=LINE('',#2491,#2490);
#2493=DIRECTION('',(0.E0,0.E0,-1.E0));
#2494=VECTOR('',#2493,2.48E1);
#2495=CARTESIAN_POINT('',(-1.814E2,1.45E2,-5.E0));
#2496=LINE('',#2495,#2494);
#2497=DIRECTION('',(1.E0,0.E0,0.E0));
#2498=VECTOR('',#2497,5.E0);
#2499=CARTESIAN_POINT('',(-1.864E2,1.45E2,-5.E0));
#2500=LINE('',#2499,#2498);
#2501=DIRECTION('',(0.E0,1.E0,0.E0));
#2502=VECTOR('',#2501,1.E1);
#2503=CARTESIAN_POINT('',(-1.914E2,1.4E2,-2.98E1));
#2504=LINE('',#2503,#2502);
#2505=DIRECTION('',(0.E0,1.E0,0.E0));
#2506=VECTOR('',#2505,1.E1);
#2507=CARTESIAN_POINT('',(0.E0,0.E0,0.E0));
#2508=LINE('',#2507,#2506);
#2509=DIRECTION('',(0.E0,1.E0,0.E0));
#2510=VECTOR('',#2509,1.E1);
#2511=CARTESIAN_POINT('',(-2.5E2,0.E0,-1.5E2));
#2512=LINE('',#2511,#2510);
#2513=CARTESIAN_POINT('',(0.E0,0.E0,0.E0));
#2514=CARTESIAN_POINT('',(0.E0,0.E0,-1.5E2));
#2515=VERTEX_POINT('',#2513);
#2516=VERTEX_POINT('',#2514);
#2517=CARTESIAN_POINT('',(-2.5E2,0.E0,-1.5E2));
#2518=VERTEX_POINT('',#2517);
#2519=CARTESIAN_POINT('',(-2.5E2,0.E0,0.E0));
#2520=VERTEX_POINT('',#2519);
#2521=CARTESIAN_POINT('',(0.E0,1.E1,0.E0));
#2522=CARTESIAN_POINT('',(0.E0,1.E1,-1.5E2));
#2523=VERTEX_POINT('',#2521);
#2524=VERTEX_POINT('',#2522);
#2525=CARTESIAN_POINT('',(-2.5E2,1.E1,-1.5E2));
#2526=CARTESIAN_POINT('',(-2.5E2,1.E1,0.E0));
#2527=VERTEX_POINT('',#2525);
#2528=VERTEX_POINT('',#2526);
#2529=CARTESIAN_POINT('',(-2.34E2,0.E0,-1.375E2));
#2530=CARTESIAN_POINT('',(-2.41E2,0.E0,-1.375E2));
#2531=VERTEX_POINT('',#2529);
#2532=VERTEX_POINT('',#2530);
#2533=CARTESIAN_POINT('',(-2.34E2,0.E0,-1.25E1));
#2534=CARTESIAN_POINT('',(-2.41E2,0.E0,-1.25E1));
#2535=VERTEX_POINT('',#2533);
#2536=VERTEX_POINT('',#2534);
#2537=CARTESIAN_POINT('',(-9.E0,0.E0,-1.375E2));
#2538=CARTESIAN_POINT('',(-1.6E1,0.E0,-1.375E2));
#2539=VERTEX_POINT('',#2537);
#2540=VERTEX_POINT('',#2538);
#2541=CARTESIAN_POINT('',(-9.E0,0.E0,-1.25E1));
#2542=CARTESIAN_POINT('',(-1.6E1,0.E0,-1.25E1));
#2543=VERTEX_POINT('',#2541);
#2544=VERTEX_POINT('',#2542);
#2545=CARTESIAN_POINT('',(-2.34E2,1.E1,-1.375E2));
#2546=CARTESIAN_POINT('',(-2.41E2,1.E1,-1.375E2));
#2547=VERTEX_POINT('',#2545);
#2548=VERTEX_POINT('',#2546);
#2549=CARTESIAN_POINT('',(-2.34E2,1.E1,-1.25E1));
#2550=CARTESIAN_POINT('',(-2.41E2,1.E1,-1.25E1));
#2551=VERTEX_POINT('',#2549);
#2552=VERTEX_POINT('',#2550);
#2553=CARTESIAN_POINT('',(-9.E0,1.E1,-1.375E2));
#2554=CARTESIAN_POINT('',(-1.6E1,1.E1,-1.375E2));
#2555=VERTEX_POINT('',#2553);
#2556=VERTEX_POINT('',#2554);
#2557=CARTESIAN_POINT('',(-9.E0,1.E1,-1.25E1));
#2558=CARTESIAN_POINT('',(-1.6E1,1.E1,-1.25E1));
#2559=VERTEX_POINT('',#2557);
#2560=VERTEX_POINT('',#2558);
#2561=CARTESIAN_POINT('',(-2.25E2,1.4E2,-1.5E2));
#2562=CARTESIAN_POINT('',(-2.25E2,1.4E2,0.E0));
#2563=VERTEX_POINT('',#2561);
#2564=VERTEX_POINT('',#2562);
#2565=CARTESIAN_POINT('',(-2.5E1,1.4E2,0.E0));
#2566=VERTEX_POINT('',#2565);
#2567=CARTESIAN_POINT('',(-2.5E1,1.4E2,-1.5E2));
#2568=VERTEX_POINT('',#2567);
#2569=CARTESIAN_POINT('',(-2.25E2,1.E1,0.E0));
#2570=CARTESIAN_POINT('',(-2.25E2,1.E1,-1.5E2));
#2571=VERTEX_POINT('',#2569);
#2572=VERTEX_POINT('',#2570);
#2573=CARTESIAN_POINT('',(-2.5E1,1.E1,0.E0));
#2574=CARTESIAN_POINT('',(-2.5E1,1.E1,-1.5E2));
#2575=VERTEX_POINT('',#2573);
#2576=VERTEX_POINT('',#2574);
#2577=CARTESIAN_POINT('',(-4.E1,1.45E2,-1.45E2));
#2578=CARTESIAN_POINT('',(-4.E1,1.45E2,-1.202E2));
#2579=VERTEX_POINT('',#2577);
#2580=VERTEX_POINT('',#2578);
#2581=CARTESIAN_POINT('',(-5.54E1,1.45E2,-1.202E2));
#2582=CARTESIAN_POINT('',(-5.54E1,1.45E2,-1.45E2));
#2583=VERTEX_POINT('',#2581);
#2584=VERTEX_POINT('',#2582);
#2585=CARTESIAN_POINT('',(-4.E1,1.4E2,-1.45E2));
#2586=CARTESIAN_POINT('',(-4.E1,1.4E2,-1.202E2));
#2587=VERTEX_POINT('',#2585);
#2588=VERTEX_POINT('',#2586);
#2589=CARTESIAN_POINT('',(-5.54E1,1.4E2,-1.202E2));
#2590=CARTESIAN_POINT('',(-5.54E1,1.4E2,-1.45E2));
#2591=VERTEX_POINT('',#2589);
#2592=VERTEX_POINT('',#2590);
#2593=CARTESIAN_POINT('',(-3.5E1,1.5E2,-1.45E2));
#2594=CARTESIAN_POINT('',(-3.5E1,1.5E2,-1.202E2));
#2595=VERTEX_POINT('',#2593);
#2596=VERTEX_POINT('',#2594);
#2597=CARTESIAN_POINT('',(-3.E1,1.5E2,-1.202E2));
#2598=VERTEX_POINT('',#2597);
#2599=CARTESIAN_POINT('',(-3.E1,1.5E2,-1.45E2));
#2600=VERTEX_POINT('',#2599);
#2601=CARTESIAN_POINT('',(-6.04E1,1.5E2,-1.45E2));
#2602=CARTESIAN_POINT('',(-6.54E1,1.5E2,-1.45E2));
#2603=VERTEX_POINT('',#2601);
#2604=VERTEX_POINT('',#2602);
#2605=CARTESIAN_POINT('',(-6.54E1,1.5E2,-1.202E2));
#2606=VERTEX_POINT('',#2605);
#2607=CARTESIAN_POINT('',(-6.04E1,1.5E2,-1.202E2));
#2608=VERTEX_POINT('',#2607);
#2609=CARTESIAN_POINT('',(-3.E1,1.4E2,-1.202E2));
#2610=CARTESIAN_POINT('',(-3.E1,1.4E2,-1.45E2));
#2611=VERTEX_POINT('',#2609);
#2612=VERTEX_POINT('',#2610);
#2613=CARTESIAN_POINT('',(-6.54E1,1.4E2,-1.45E2));
#2614=CARTESIAN_POINT('',(-6.54E1,1.4E2,-1.202E2));
#2615=VERTEX_POINT('',#2613);
#2616=VERTEX_POINT('',#2614);
#2617=CARTESIAN_POINT('',(-3.5E1,1.45E2,-1.202E2));
#2618=CARTESIAN_POINT('',(-3.5E1,1.45E2,-1.45E2));
#2619=VERTEX_POINT('',#2617);
#2620=VERTEX_POINT('',#2618);
#2621=CARTESIAN_POINT('',(-6.04E1,1.45E2,-1.202E2));
#2622=CARTESIAN_POINT('',(-6.04E1,1.45E2,-1.45E2));
#2623=VERTEX_POINT('',#2621);
#2624=VERTEX_POINT('',#2622);
#2625=CARTESIAN_POINT('',(-3.5E1,1.5E2,-1.066E2));
#2626=CARTESIAN_POINT('',(-3.5E1,1.5E2,-8.18E1));
#2627=VERTEX_POINT('',#2625);
#2628=VERTEX_POINT('',#2626);
#2629=CARTESIAN_POINT('',(-3.E1,1.5E2,-8.18E1));
#2630=VERTEX_POINT('',#2629);
#2631=CARTESIAN_POINT('',(-3.E1,1.5E2,-1.066E2));
#2632=VERTEX_POINT('',#2631);
#2633=CARTESIAN_POINT('',(-6.04E1,1.5E2,-1.066E2));
#2634=CARTESIAN_POINT('',(-6.54E1,1.5E2,-1.066E2));
#2635=VERTEX_POINT('',#2633);
#2636=VERTEX_POINT('',#2634);
#2637=CARTESIAN_POINT('',(-6.54E1,1.5E2,-8.18E1));
#2638=VERTEX_POINT('',#2637);
#2639=CARTESIAN_POINT('',(-6.04E1,1.5E2,-8.18E1));
#2640=VERTEX_POINT('',#2639);
#2641=CARTESIAN_POINT('',(-3.E1,1.4E2,-8.18E1));
#2642=CARTESIAN_POINT('',(-3.E1,1.4E2,-1.066E2));
#2643=VERTEX_POINT('',#2641);
#2644=VERTEX_POINT('',#2642);
#2645=CARTESIAN_POINT('',(-6.54E1,1.4E2,-1.066E2));
#2646=CARTESIAN_POINT('',(-6.54E1,1.4E2,-8.18E1));
#2647=VERTEX_POINT('',#2645);
#2648=VERTEX_POINT('',#2646);
#2649=CARTESIAN_POINT('',(-3.5E1,1.45E2,-1.066E2));
#2650=VERTEX_POINT('',#2649);
#2651=CARTESIAN_POINT('',(-3.5E1,1.45E2,-8.18E1));
#2652=VERTEX_POINT('',#2651);
#2653=CARTESIAN_POINT('',(-6.04E1,1.45E2,-1.066E2));
#2654=VERTEX_POINT('',#2653);
#2655=CARTESIAN_POINT('',(-6.04E1,1.45E2,-8.18E1));
#2656=VERTEX_POINT('',#2655);
#2657=CARTESIAN_POINT('',(-3.5E1,1.5E2,-6.82E1));
#2658=CARTESIAN_POINT('',(-3.5E1,1.5E2,-4.34E1));
#2659=VERTEX_POINT('',#2657);
#2660=VERTEX_POINT('',#2658);
#2661=CARTESIAN_POINT('',(-3.E1,1.5E2,-4.34E1));
#2662=VERTEX_POINT('',#2661);
#2663=CARTESIAN_POINT('',(-3.E1,1.5E2,-6.82E1));
#2664=VERTEX_POINT('',#2663);
#2665=CARTESIAN_POINT('',(-6.04E1,1.5E2,-6.82E1));
#2666=CARTESIAN_POINT('',(-6.54E1,1.5E2,-6.82E1));
#2667=VERTEX_POINT('',#2665);
#2668=VERTEX_POINT('',#2666);
#2669=CARTESIAN_POINT('',(-6.54E1,1.5E2,-4.34E1));
#2670=VERTEX_POINT('',#2669);
#2671=CARTESIAN_POINT('',(-6.04E1,1.5E2,-4.34E1));
#2672=VERTEX_POINT('',#2671);
#2673=CARTESIAN_POINT('',(-3.E1,1.4E2,-4.34E1));
#2674=CARTESIAN_POINT('',(-3.E1,1.4E2,-6.82E1));
#2675=VERTEX_POINT('',#2673);
#2676=VERTEX_POINT('',#2674);
#2677=CARTESIAN_POINT('',(-6.54E1,1.4E2,-6.82E1));
#2678=CARTESIAN_POINT('',(-6.54E1,1.4E2,-4.34E1));
#2679=VERTEX_POINT('',#2677);
#2680=VERTEX_POINT('',#2678);
#2681=CARTESIAN_POINT('',(-3.5E1,1.45E2,-6.82E1));
#2682=VERTEX_POINT('',#2681);
#2683=CARTESIAN_POINT('',(-3.5E1,1.45E2,-4.34E1));
#2684=VERTEX_POINT('',#2683);
#2685=CARTESIAN_POINT('',(-6.04E1,1.45E2,-6.82E1));
#2686=VERTEX_POINT('',#2685);
#2687=CARTESIAN_POINT('',(-6.04E1,1.45E2,-4.34E1));
#2688=VERTEX_POINT('',#2687);
#2689=CARTESIAN_POINT('',(-3.5E1,1.5E2,-2.98E1));
#2690=CARTESIAN_POINT('',(-3.5E1,1.5E2,-5.E0));
#2691=VERTEX_POINT('',#2689);
#2692=VERTEX_POINT('',#2690);
#2693=CARTESIAN_POINT('',(-3.E1,1.5E2,-5.E0));
#2694=VERTEX_POINT('',#2693);
#2695=CARTESIAN_POINT('',(-3.E1,1.5E2,-2.98E1));
#2696=VERTEX_POINT('',#2695);
#2697=CARTESIAN_POINT('',(-6.04E1,1.5E2,-2.98E1));
#2698=CARTESIAN_POINT('',(-6.54E1,1.5E2,-2.98E1));
#2699=VERTEX_POINT('',#2697);
#2700=VERTEX_POINT('',#2698);
#2701=CARTESIAN_POINT('',(-6.54E1,1.5E2,-5.E0));
#2702=VERTEX_POINT('',#2701);
#2703=CARTESIAN_POINT('',(-6.04E1,1.5E2,-5.E0));
#2704=VERTEX_POINT('',#2703);
#2705=CARTESIAN_POINT('',(-3.E1,1.4E2,-5.E0));
#2706=CARTESIAN_POINT('',(-3.E1,1.4E2,-2.98E1));
#2707=VERTEX_POINT('',#2705);
#2708=VERTEX_POINT('',#2706);
#2709=CARTESIAN_POINT('',(-6.54E1,1.4E2,-2.98E1));
#2710=CARTESIAN_POINT('',(-6.54E1,1.4E2,-5.E0));
#2711=VERTEX_POINT('',#2709);
#2712=VERTEX_POINT('',#2710);
#2713=CARTESIAN_POINT('',(-3.5E1,1.45E2,-2.98E1));
#2714=VERTEX_POINT('',#2713);
#2715=CARTESIAN_POINT('',(-3.5E1,1.45E2,-5.E0));
#2716=VERTEX_POINT('',#2715);
#2717=CARTESIAN_POINT('',(-6.04E1,1.45E2,-2.98E1));
#2718=VERTEX_POINT('',#2717);
#2719=CARTESIAN_POINT('',(-6.04E1,1.45E2,-5.E0));
#2720=VERTEX_POINT('',#2719);
#2721=CARTESIAN_POINT('',(-7.7E1,1.5E2,-1.45E2));
#2722=CARTESIAN_POINT('',(-7.7E1,1.5E2,-1.202E2));
#2723=VERTEX_POINT('',#2721);
#2724=VERTEX_POINT('',#2722);
#2725=CARTESIAN_POINT('',(-7.2E1,1.5E2,-1.202E2));
#2726=VERTEX_POINT('',#2725);
#2727=CARTESIAN_POINT('',(-7.2E1,1.5E2,-1.45E2));
#2728=VERTEX_POINT('',#2727);
#2729=CARTESIAN_POINT('',(-1.024E2,1.5E2,-1.45E2));
#2730=CARTESIAN_POINT('',(-1.074E2,1.5E2,-1.45E2));
#2731=VERTEX_POINT('',#2729);
#2732=VERTEX_POINT('',#2730);
#2733=CARTESIAN_POINT('',(-1.074E2,1.5E2,-1.202E2));
#2734=VERTEX_POINT('',#2733);
#2735=CARTESIAN_POINT('',(-1.024E2,1.5E2,-1.202E2));
#2736=VERTEX_POINT('',#2735);
#2737=CARTESIAN_POINT('',(-7.2E1,1.4E2,-1.202E2));
#2738=CARTESIAN_POINT('',(-7.2E1,1.4E2,-1.45E2));
#2739=VERTEX_POINT('',#2737);
#2740=VERTEX_POINT('',#2738);
#2741=CARTESIAN_POINT('',(-1.074E2,1.4E2,-1.45E2));
#2742=CARTESIAN_POINT('',(-1.074E2,1.4E2,-1.202E2));
#2743=VERTEX_POINT('',#2741);
#2744=VERTEX_POINT('',#2742);
#2745=CARTESIAN_POINT('',(-7.7E1,1.45E2,-1.45E2));
#2746=VERTEX_POINT('',#2745);
#2747=CARTESIAN_POINT('',(-7.7E1,1.45E2,-1.202E2));
#2748=VERTEX_POINT('',#2747);
#2749=CARTESIAN_POINT('',(-1.024E2,1.45E2,-1.45E2));
#2750=VERTEX_POINT('',#2749);
#2751=CARTESIAN_POINT('',(-1.024E2,1.45E2,-1.202E2));
#2752=VERTEX_POINT('',#2751);
#2753=CARTESIAN_POINT('',(-7.7E1,1.5E2,-1.066E2));
#2754=CARTESIAN_POINT('',(-7.7E1,1.5E2,-8.18E1));
#2755=VERTEX_POINT('',#2753);
#2756=VERTEX_POINT('',#2754);
#2757=CARTESIAN_POINT('',(-7.2E1,1.5E2,-8.18E1));
#2758=VERTEX_POINT('',#2757);
#2759=CARTESIAN_POINT('',(-7.2E1,1.5E2,-1.066E2));
#2760=VERTEX_POINT('',#2759);
#2761=CARTESIAN_POINT('',(-1.024E2,1.5E2,-1.066E2));
#2762=CARTESIAN_POINT('',(-1.074E2,1.5E2,-1.066E2));
#2763=VERTEX_POINT('',#2761);
#2764=VERTEX_POINT('',#2762);
#2765=CARTESIAN_POINT('',(-1.074E2,1.5E2,-8.18E1));
#2766=VERTEX_POINT('',#2765);
#2767=CARTESIAN_POINT('',(-1.024E2,1.5E2,-8.18E1));
#2768=VERTEX_POINT('',#2767);
#2769=CARTESIAN_POINT('',(-7.2E1,1.4E2,-8.18E1));
#2770=CARTESIAN_POINT('',(-7.2E1,1.4E2,-1.066E2));
#2771=VERTEX_POINT('',#2769);
#2772=VERTEX_POINT('',#2770);
#2773=CARTESIAN_POINT('',(-1.074E2,1.4E2,-1.066E2));
#2774=CARTESIAN_POINT('',(-1.074E2,1.4E2,-8.18E1));
#2775=VERTEX_POINT('',#2773);
#2776=VERTEX_POINT('',#2774);
#2777=CARTESIAN_POINT('',(-7.7E1,1.45E2,-1.066E2));
#2778=VERTEX_POINT('',#2777);
#2779=CARTESIAN_POINT('',(-7.7E1,1.45E2,-8.18E1));
#2780=VERTEX_POINT('',#2779);
#2781=CARTESIAN_POINT('',(-1.024E2,1.45E2,-1.066E2));
#2782=VERTEX_POINT('',#2781);
#2783=CARTESIAN_POINT('',(-1.024E2,1.45E2,-8.18E1));
#2784=VERTEX_POINT('',#2783);
#2785=CARTESIAN_POINT('',(-7.7E1,1.5E2,-6.82E1));
#2786=CARTESIAN_POINT('',(-7.7E1,1.5E2,-4.34E1));
#2787=VERTEX_POINT('',#2785);
#2788=VERTEX_POINT('',#2786);
#2789=CARTESIAN_POINT('',(-7.2E1,1.5E2,-4.34E1));
#2790=VERTEX_POINT('',#2789);
#2791=CARTESIAN_POINT('',(-7.2E1,1.5E2,-6.82E1));
#2792=VERTEX_POINT('',#2791);
#2793=CARTESIAN_POINT('',(-1.024E2,1.5E2,-6.82E1));
#2794=CARTESIAN_POINT('',(-1.074E2,1.5E2,-6.82E1));
#2795=VERTEX_POINT('',#2793);
#2796=VERTEX_POINT('',#2794);
#2797=CARTESIAN_POINT('',(-1.074E2,1.5E2,-4.34E1));
#2798=VERTEX_POINT('',#2797);
#2799=CARTESIAN_POINT('',(-1.024E2,1.5E2,-4.34E1));
#2800=VERTEX_POINT('',#2799);
#2801=CARTESIAN_POINT('',(-7.2E1,1.4E2,-4.34E1));
#2802=CARTESIAN_POINT('',(-7.2E1,1.4E2,-6.82E1));
#2803=VERTEX_POINT('',#2801);
#2804=VERTEX_POINT('',#2802);
#2805=CARTESIAN_POINT('',(-1.074E2,1.4E2,-6.82E1));
#2806=CARTESIAN_POINT('',(-1.074E2,1.4E2,-4.34E1));
#2807=VERTEX_POINT('',#2805);
#2808=VERTEX_POINT('',#2806);
#2809=CARTESIAN_POINT('',(-7.7E1,1.45E2,-6.82E1));
#2810=VERTEX_POINT('',#2809);
#2811=CARTESIAN_POINT('',(-7.7E1,1.45E2,-4.34E1));
#2812=VERTEX_POINT('',#2811);
#2813=CARTESIAN_POINT('',(-1.024E2,1.45E2,-6.82E1));
#2814=VERTEX_POINT('',#2813);
#2815=CARTESIAN_POINT('',(-1.024E2,1.45E2,-4.34E1));
#2816=VERTEX_POINT('',#2815);
#2817=CARTESIAN_POINT('',(-7.7E1,1.5E2,-2.98E1));
#2818=CARTESIAN_POINT('',(-7.7E1,1.5E2,-5.E0));
#2819=VERTEX_POINT('',#2817);
#2820=VERTEX_POINT('',#2818);
#2821=CARTESIAN_POINT('',(-7.2E1,1.5E2,-5.E0));
#2822=VERTEX_POINT('',#2821);
#2823=CARTESIAN_POINT('',(-7.2E1,1.5E2,-2.98E1));
#2824=VERTEX_POINT('',#2823);
#2825=CARTESIAN_POINT('',(-1.024E2,1.5E2,-2.98E1));
#2826=CARTESIAN_POINT('',(-1.074E2,1.5E2,-2.98E1));
#2827=VERTEX_POINT('',#2825);
#2828=VERTEX_POINT('',#2826);
#2829=CARTESIAN_POINT('',(-1.074E2,1.5E2,-5.E0));
#2830=VERTEX_POINT('',#2829);
#2831=CARTESIAN_POINT('',(-1.024E2,1.5E2,-5.E0));
#2832=VERTEX_POINT('',#2831);
#2833=CARTESIAN_POINT('',(-7.2E1,1.4E2,-5.E0));
#2834=CARTESIAN_POINT('',(-7.2E1,1.4E2,-2.98E1));
#2835=VERTEX_POINT('',#2833);
#2836=VERTEX_POINT('',#2834);
#2837=CARTESIAN_POINT('',(-1.074E2,1.4E2,-2.98E1));
#2838=CARTESIAN_POINT('',(-1.074E2,1.4E2,-5.E0));
#2839=VERTEX_POINT('',#2837);
#2840=VERTEX_POINT('',#2838);
#2841=CARTESIAN_POINT('',(-7.7E1,1.45E2,-2.98E1));
#2842=VERTEX_POINT('',#2841);
#2843=CARTESIAN_POINT('',(-7.7E1,1.45E2,-5.E0));
#2844=VERTEX_POINT('',#2843);
#2845=CARTESIAN_POINT('',(-1.024E2,1.45E2,-2.98E1));
#2846=VERTEX_POINT('',#2845);
#2847=CARTESIAN_POINT('',(-1.024E2,1.45E2,-5.E0));
#2848=VERTEX_POINT('',#2847);
#2849=CARTESIAN_POINT('',(-1.19E2,1.5E2,-1.45E2));
#2850=CARTESIAN_POINT('',(-1.19E2,1.5E2,-1.202E2));
#2851=VERTEX_POINT('',#2849);
#2852=VERTEX_POINT('',#2850);
#2853=CARTESIAN_POINT('',(-1.14E2,1.5E2,-1.202E2));
#2854=VERTEX_POINT('',#2853);
#2855=CARTESIAN_POINT('',(-1.14E2,1.5E2,-1.45E2));
#2856=VERTEX_POINT('',#2855);
#2857=CARTESIAN_POINT('',(-1.444E2,1.5E2,-1.45E2));
#2858=CARTESIAN_POINT('',(-1.494E2,1.5E2,-1.45E2));
#2859=VERTEX_POINT('',#2857);
#2860=VERTEX_POINT('',#2858);
#2861=CARTESIAN_POINT('',(-1.494E2,1.5E2,-1.202E2));
#2862=VERTEX_POINT('',#2861);
#2863=CARTESIAN_POINT('',(-1.444E2,1.5E2,-1.202E2));
#2864=VERTEX_POINT('',#2863);
#2865=CARTESIAN_POINT('',(-1.14E2,1.4E2,-1.202E2));
#2866=CARTESIAN_POINT('',(-1.14E2,1.4E2,-1.45E2));
#2867=VERTEX_POINT('',#2865);
#2868=VERTEX_POINT('',#2866);
#2869=CARTESIAN_POINT('',(-1.494E2,1.4E2,-1.45E2));
#2870=CARTESIAN_POINT('',(-1.494E2,1.4E2,-1.202E2));
#2871=VERTEX_POINT('',#2869);
#2872=VERTEX_POINT('',#2870);
#2873=CARTESIAN_POINT('',(-1.19E2,1.45E2,-1.45E2));
#2874=VERTEX_POINT('',#2873);
#2875=CARTESIAN_POINT('',(-1.19E2,1.45E2,-1.202E2));
#2876=VERTEX_POINT('',#2875);
#2877=CARTESIAN_POINT('',(-1.444E2,1.45E2,-1.45E2));
#2878=VERTEX_POINT('',#2877);
#2879=CARTESIAN_POINT('',(-1.444E2,1.45E2,-1.202E2));
#2880=VERTEX_POINT('',#2879);
#2881=CARTESIAN_POINT('',(-1.19E2,1.5E2,-1.066E2));
#2882=CARTESIAN_POINT('',(-1.19E2,1.5E2,-8.18E1));
#2883=VERTEX_POINT('',#2881);
#2884=VERTEX_POINT('',#2882);
#2885=CARTESIAN_POINT('',(-1.14E2,1.5E2,-8.18E1));
#2886=VERTEX_POINT('',#2885);
#2887=CARTESIAN_POINT('',(-1.14E2,1.5E2,-1.066E2));
#2888=VERTEX_POINT('',#2887);
#2889=CARTESIAN_POINT('',(-1.444E2,1.5E2,-1.066E2));
#2890=CARTESIAN_POINT('',(-1.494E2,1.5E2,-1.066E2));
#2891=VERTEX_POINT('',#2889);
#2892=VERTEX_POINT('',#2890);
#2893=CARTESIAN_POINT('',(-1.494E2,1.5E2,-8.18E1));
#2894=VERTEX_POINT('',#2893);
#2895=CARTESIAN_POINT('',(-1.444E2,1.5E2,-8.18E1));
#2896=VERTEX_POINT('',#2895);
#2897=CARTESIAN_POINT('',(-1.14E2,1.4E2,-8.18E1));
#2898=CARTESIAN_POINT('',(-1.14E2,1.4E2,-1.066E2));
#2899=VERTEX_POINT('',#2897);
#2900=VERTEX_POINT('',#2898);
#2901=CARTESIAN_POINT('',(-1.494E2,1.4E2,-1.066E2));
#2902=CARTESIAN_POINT('',(-1.494E2,1.4E2,-8.18E1));
#2903=VERTEX_POINT('',#2901);
#2904=VERTEX_POINT('',#2902);
#2905=CARTESIAN_POINT('',(-1.19E2,1.45E2,-1.066E2));
#2906=VERTEX_POINT('',#2905);
#2907=CARTESIAN_POINT('',(-1.19E2,1.45E2,-8.18E1));
#2908=VERTEX_POINT('',#2907);
#2909=CARTESIAN_POINT('',(-1.444E2,1.45E2,-1.066E2));
#2910=VERTEX_POINT('',#2909);
#2911=CARTESIAN_POINT('',(-1.444E2,1.45E2,-8.18E1));
#2912=VERTEX_POINT('',#2911);
#2913=CARTESIAN_POINT('',(-1.19E2,1.5E2,-6.82E1));
#2914=CARTESIAN_POINT('',(-1.19E2,1.5E2,-4.34E1));
#2915=VERTEX_POINT('',#2913);
#2916=VERTEX_POINT('',#2914);
#2917=CARTESIAN_POINT('',(-1.14E2,1.5E2,-4.34E1));
#2918=VERTEX_POINT('',#2917);
#2919=CARTESIAN_POINT('',(-1.14E2,1.5E2,-6.82E1));
#2920=VERTEX_POINT('',#2919);
#2921=CARTESIAN_POINT('',(-1.444E2,1.5E2,-6.82E1));
#2922=CARTESIAN_POINT('',(-1.494E2,1.5E2,-6.82E1));
#2923=VERTEX_POINT('',#2921);
#2924=VERTEX_POINT('',#2922);
#2925=CARTESIAN_POINT('',(-1.494E2,1.5E2,-4.34E1));
#2926=VERTEX_POINT('',#2925);
#2927=CARTESIAN_POINT('',(-1.444E2,1.5E2,-4.34E1));
#2928=VERTEX_POINT('',#2927);
#2929=CARTESIAN_POINT('',(-1.14E2,1.4E2,-4.34E1));
#2930=CARTESIAN_POINT('',(-1.14E2,1.4E2,-6.82E1));
#2931=VERTEX_POINT('',#2929);
#2932=VERTEX_POINT('',#2930);
#2933=CARTESIAN_POINT('',(-1.494E2,1.4E2,-6.82E1));
#2934=CARTESIAN_POINT('',(-1.494E2,1.4E2,-4.34E1));
#2935=VERTEX_POINT('',#2933);
#2936=VERTEX_POINT('',#2934);
#2937=CARTESIAN_POINT('',(-1.19E2,1.45E2,-6.82E1));
#2938=VERTEX_POINT('',#2937);
#2939=CARTESIAN_POINT('',(-1.19E2,1.45E2,-4.34E1));
#2940=VERTEX_POINT('',#2939);
#2941=CARTESIAN_POINT('',(-1.444E2,1.45E2,-6.82E1));
#2942=VERTEX_POINT('',#2941);
#2943=CARTESIAN_POINT('',(-1.444E2,1.45E2,-4.34E1));
#2944=VERTEX_POINT('',#2943);
#2945=CARTESIAN_POINT('',(-1.19E2,1.5E2,-2.98E1));
#2946=CARTESIAN_POINT('',(-1.19E2,1.5E2,-5.E0));
#2947=VERTEX_POINT('',#2945);
#2948=VERTEX_POINT('',#2946);
#2949=CARTESIAN_POINT('',(-1.14E2,1.5E2,-5.E0));
#2950=VERTEX_POINT('',#2949);
#2951=CARTESIAN_POINT('',(-1.14E2,1.5E2,-2.98E1));
#2952=VERTEX_POINT('',#2951);
#2953=CARTESIAN_POINT('',(-1.444E2,1.5E2,-2.98E1));
#2954=CARTESIAN_POINT('',(-1.494E2,1.5E2,-2.98E1));
#2955=VERTEX_POINT('',#2953);
#2956=VERTEX_POINT('',#2954);
#2957=CARTESIAN_POINT('',(-1.494E2,1.5E2,-5.E0));
#2958=VERTEX_POINT('',#2957);
#2959=CARTESIAN_POINT('',(-1.444E2,1.5E2,-5.E0));
#2960=VERTEX_POINT('',#2959);
#2961=CARTESIAN_POINT('',(-1.14E2,1.4E2,-5.E0));
#2962=CARTESIAN_POINT('',(-1.14E2,1.4E2,-2.98E1));
#2963=VERTEX_POINT('',#2961);
#2964=VERTEX_POINT('',#2962);
#2965=CARTESIAN_POINT('',(-1.494E2,1.4E2,-2.98E1));
#2966=CARTESIAN_POINT('',(-1.494E2,1.4E2,-5.E0));
#2967=VERTEX_POINT('',#2965);
#2968=VERTEX_POINT('',#2966);
#2969=CARTESIAN_POINT('',(-1.19E2,1.45E2,-2.98E1));
#2970=VERTEX_POINT('',#2969);
#2971=CARTESIAN_POINT('',(-1.19E2,1.45E2,-5.E0));
#2972=VERTEX_POINT('',#2971);
#2973=CARTESIAN_POINT('',(-1.444E2,1.45E2,-2.98E1));
#2974=VERTEX_POINT('',#2973);
#2975=CARTESIAN_POINT('',(-1.444E2,1.45E2,-5.E0));
#2976=VERTEX_POINT('',#2975);
#2977=CARTESIAN_POINT('',(-1.61E2,1.5E2,-1.45E2));
#2978=CARTESIAN_POINT('',(-1.61E2,1.5E2,-1.202E2));
#2979=VERTEX_POINT('',#2977);
#2980=VERTEX_POINT('',#2978);
#2981=CARTESIAN_POINT('',(-1.56E2,1.5E2,-1.202E2));
#2982=VERTEX_POINT('',#2981);
#2983=CARTESIAN_POINT('',(-1.56E2,1.5E2,-1.45E2));
#2984=VERTEX_POINT('',#2983);
#2985=CARTESIAN_POINT('',(-1.864E2,1.5E2,-1.45E2));
#2986=CARTESIAN_POINT('',(-1.914E2,1.5E2,-1.45E2));
#2987=VERTEX_POINT('',#2985);
#2988=VERTEX_POINT('',#2986);
#2989=CARTESIAN_POINT('',(-1.914E2,1.5E2,-1.202E2));
#2990=VERTEX_POINT('',#2989);
#2991=CARTESIAN_POINT('',(-1.864E2,1.5E2,-1.202E2));
#2992=VERTEX_POINT('',#2991);
#2993=CARTESIAN_POINT('',(-1.56E2,1.4E2,-1.202E2));
#2994=CARTESIAN_POINT('',(-1.56E2,1.4E2,-1.45E2));
#2995=VERTEX_POINT('',#2993);
#2996=VERTEX_POINT('',#2994);
#2997=CARTESIAN_POINT('',(-1.914E2,1.4E2,-1.45E2));
#2998=CARTESIAN_POINT('',(-1.914E2,1.4E2,-1.202E2));
#2999=VERTEX_POINT('',#2997);
#3000=VERTEX_POINT('',#2998);
#3001=CARTESIAN_POINT('',(-1.61E2,1.45E2,-1.45E2));
#3002=VERTEX_POINT('',#3001);
#3003=CARTESIAN_POINT('',(-1.61E2,1.45E2,-1.202E2));
#3004=VERTEX_POINT('',#3003);
#3005=CARTESIAN_POINT('',(-1.864E2,1.45E2,-1.45E2));
#3006=VERTEX_POINT('',#3005);
#3007=CARTESIAN_POINT('',(-1.864E2,1.45E2,-1.202E2));
#3008=VERTEX_POINT('',#3007);
#3009=CARTESIAN_POINT('',(-1.61E2,1.5E2,-1.066E2));
#3010=CARTESIAN_POINT('',(-1.61E2,1.5E2,-8.18E1));
#3011=VERTEX_POINT('',#3009);
#3012=VERTEX_POINT('',#3010);
#3013=CARTESIAN_POINT('',(-1.56E2,1.5E2,-8.18E1));
#3014=VERTEX_POINT('',#3013);
#3015=CARTESIAN_POINT('',(-1.56E2,1.5E2,-1.066E2));
#3016=VERTEX_POINT('',#3015);
#3017=CARTESIAN_POINT('',(-1.864E2,1.5E2,-1.066E2));
#3018=CARTESIAN_POINT('',(-1.914E2,1.5E2,-1.066E2));
#3019=VERTEX_POINT('',#3017);
#3020=VERTEX_POINT('',#3018);
#3021=CARTESIAN_POINT('',(-1.914E2,1.5E2,-8.18E1));
#3022=VERTEX_POINT('',#3021);
#3023=CARTESIAN_POINT('',(-1.864E2,1.5E2,-8.18E1));
#3024=VERTEX_POINT('',#3023);
#3025=CARTESIAN_POINT('',(-1.56E2,1.4E2,-8.18E1));
#3026=CARTESIAN_POINT('',(-1.56E2,1.4E2,-1.066E2));
#3027=VERTEX_POINT('',#3025);
#3028=VERTEX_POINT('',#3026);
#3029=CARTESIAN_POINT('',(-1.914E2,1.4E2,-1.066E2));
#3030=CARTESIAN_POINT('',(-1.914E2,1.4E2,-8.18E1));
#3031=VERTEX_POINT('',#3029);
#3032=VERTEX_POINT('',#3030);
#3033=CARTESIAN_POINT('',(-1.61E2,1.45E2,-1.066E2));
#3034=VERTEX_POINT('',#3033);
#3035=CARTESIAN_POINT('',(-1.61E2,1.45E2,-8.18E1));
#3036=VERTEX_POINT('',#3035);
#3037=CARTESIAN_POINT('',(-1.864E2,1.45E2,-1.066E2));
#3038=VERTEX_POINT('',#3037);
#3039=CARTESIAN_POINT('',(-1.864E2,1.45E2,-8.18E1));
#3040=VERTEX_POINT('',#3039);
#3041=CARTESIAN_POINT('',(-1.61E2,1.5E2,-6.82E1));
#3042=CARTESIAN_POINT('',(-1.61E2,1.5E2,-4.34E1));
#3043=VERTEX_POINT('',#3041);
#3044=VERTEX_POINT('',#3042);
#3045=CARTESIAN_POINT('',(-1.56E2,1.5E2,-4.34E1));
#3046=VERTEX_POINT('',#3045);
#3047=CARTESIAN_POINT('',(-1.56E2,1.5E2,-6.82E1));
#3048=VERTEX_POINT('',#3047);
#3049=CARTESIAN_POINT('',(-1.864E2,1.5E2,-6.82E1));
#3050=CARTESIAN_POINT('',(-1.914E2,1.5E2,-6.82E1));
#3051=VERTEX_POINT('',#3049);
#3052=VERTEX_POINT('',#3050);
#3053=CARTESIAN_POINT('',(-1.914E2,1.5E2,-4.34E1));
#3054=VERTEX_POINT('',#3053);
#3055=CARTESIAN_POINT('',(-1.864E2,1.5E2,-4.34E1));
#3056=VERTEX_POINT('',#3055);
#3057=CARTESIAN_POINT('',(-1.56E2,1.4E2,-4.34E1));
#3058=CARTESIAN_POINT('',(-1.56E2,1.4E2,-6.82E1));
#3059=VERTEX_POINT('',#3057);
#3060=VERTEX_POINT('',#3058);
#3061=CARTESIAN_POINT('',(-1.914E2,1.4E2,-6.82E1));
#3062=CARTESIAN_POINT('',(-1.914E2,1.4E2,-4.34E1));
#3063=VERTEX_POINT('',#3061);
#3064=VERTEX_POINT('',#3062);
#3065=CARTESIAN_POINT('',(-1.61E2,1.45E2,-6.82E1));
#3066=VERTEX_POINT('',#3065);
#3067=CARTESIAN_POINT('',(-1.61E2,1.45E2,-4.34E1));
#3068=VERTEX_POINT('',#3067);
#3069=CARTESIAN_POINT('',(-1.864E2,1.45E2,-6.82E1));
#3070=VERTEX_POINT('',#3069);
#3071=CARTESIAN_POINT('',(-1.864E2,1.45E2,-4.34E1));
#3072=VERTEX_POINT('',#3071);
#3073=CARTESIAN_POINT('',(-1.61E2,1.5E2,-2.98E1));
#3074=CARTESIAN_POINT('',(-1.61E2,1.5E2,-5.E0));
#3075=VERTEX_POINT('',#3073);
#3076=VERTEX_POINT('',#3074);
#3077=CARTESIAN_POINT('',(-1.56E2,1.5E2,-5.E0));
#3078=VERTEX_POINT('',#3077);
#3079=CARTESIAN_POINT('',(-1.56E2,1.5E2,-2.98E1));
#3080=VERTEX_POINT('',#3079);
#3081=CARTESIAN_POINT('',(-1.864E2,1.5E2,-2.98E1));
#3082=CARTESIAN_POINT('',(-1.914E2,1.5E2,-2.98E1));
#3083=VERTEX_POINT('',#3081);
#3084=VERTEX_POINT('',#3082);
#3085=CARTESIAN_POINT('',(-1.914E2,1.5E2,-5.E0));
#3086=VERTEX_POINT('',#3085);
#3087=CARTESIAN_POINT('',(-1.864E2,1.5E2,-5.E0));
#3088=VERTEX_POINT('',#3087);
#3089=CARTESIAN_POINT('',(-1.56E2,1.4E2,-5.E0));
#3090=CARTESIAN_POINT('',(-1.56E2,1.4E2,-2.98E1));
#3091=VERTEX_POINT('',#3089);
#3092=VERTEX_POINT('',#3090);
#3093=CARTESIAN_POINT('',(-1.914E2,1.4E2,-2.98E1));
#3094=CARTESIAN_POINT('',(-1.914E2,1.4E2,-5.E0));
#3095=VERTEX_POINT('',#3093);
#3096=VERTEX_POINT('',#3094);
#3097=CARTESIAN_POINT('',(-1.61E2,1.45E2,-2.98E1));
#3098=VERTEX_POINT('',#3097);
#3099=CARTESIAN_POINT('',(-1.61E2,1.45E2,-5.E0));
#3100=VERTEX_POINT('',#3099);
#3101=CARTESIAN_POINT('',(-1.864E2,1.45E2,-2.98E1));
#3102=VERTEX_POINT('',#3101);
#3103=CARTESIAN_POINT('',(-1.864E2,1.45E2,-5.E0));
#3104=VERTEX_POINT('',#3103);
#3105=CARTESIAN_POINT('',(-4.E1,1.45E2,-1.066E2));
#3106=CARTESIAN_POINT('',(-4.E1,1.45E2,-8.18E1));
#3107=VERTEX_POINT('',#3105);
#3108=VERTEX_POINT('',#3106);
#3109=CARTESIAN_POINT('',(-5.54E1,1.45E2,-8.18E1));
#3110=CARTESIAN_POINT('',(-5.54E1,1.45E2,-1.066E2));
#3111=VERTEX_POINT('',#3109);
#3112=VERTEX_POINT('',#3110);
#3113=CARTESIAN_POINT('',(-4.E1,1.4E2,-1.066E2));
#3114=CARTESIAN_POINT('',(-4.E1,1.4E2,-8.18E1));
#3115=VERTEX_POINT('',#3113);
#3116=VERTEX_POINT('',#3114);
#3117=CARTESIAN_POINT('',(-5.54E1,1.4E2,-8.18E1));
#3118=CARTESIAN_POINT('',(-5.54E1,1.4E2,-1.066E2));
#3119=VERTEX_POINT('',#3117);
#3120=VERTEX_POINT('',#3118);
#3121=CARTESIAN_POINT('',(-4.E1,1.45E2,-6.82E1));
#3122=CARTESIAN_POINT('',(-4.E1,1.45E2,-4.34E1));
#3123=VERTEX_POINT('',#3121);
#3124=VERTEX_POINT('',#3122);
#3125=CARTESIAN_POINT('',(-5.54E1,1.45E2,-4.34E1));
#3126=CARTESIAN_POINT('',(-5.54E1,1.45E2,-6.82E1));
#3127=VERTEX_POINT('',#3125);
#3128=VERTEX_POINT('',#3126);
#3129=CARTESIAN_POINT('',(-4.E1,1.4E2,-6.82E1));
#3130=CARTESIAN_POINT('',(-4.E1,1.4E2,-4.34E1));
#3131=VERTEX_POINT('',#3129);
#3132=VERTEX_POINT('',#3130);
#3133=CARTESIAN_POINT('',(-5.54E1,1.4E2,-4.34E1));
#3134=CARTESIAN_POINT('',(-5.54E1,1.4E2,-6.82E1));
#3135=VERTEX_POINT('',#3133);
#3136=VERTEX_POINT('',#3134);
#3137=CARTESIAN_POINT('',(-4.E1,1.45E2,-2.98E1));
#3138=CARTESIAN_POINT('',(-4.E1,1.45E2,-5.E0));
#3139=VERTEX_POINT('',#3137);
#3140=VERTEX_POINT('',#3138);
#3141=CARTESIAN_POINT('',(-5.54E1,1.45E2,-5.E0));
#3142=CARTESIAN_POINT('',(-5.54E1,1.45E2,-2.98E1));
#3143=VERTEX_POINT('',#3141);
#3144=VERTEX_POINT('',#3142);
#3145=CARTESIAN_POINT('',(-4.E1,1.4E2,-2.98E1));
#3146=CARTESIAN_POINT('',(-4.E1,1.4E2,-5.E0));
#3147=VERTEX_POINT('',#3145);
#3148=VERTEX_POINT('',#3146);
#3149=CARTESIAN_POINT('',(-5.54E1,1.4E2,-5.E0));
#3150=CARTESIAN_POINT('',(-5.54E1,1.4E2,-2.98E1));
#3151=VERTEX_POINT('',#3149);
#3152=VERTEX_POINT('',#3150);
#3153=CARTESIAN_POINT('',(-8.2E1,1.45E2,-1.45E2));
#3154=CARTESIAN_POINT('',(-8.2E1,1.45E2,-1.202E2));
#3155=VERTEX_POINT('',#3153);
#3156=VERTEX_POINT('',#3154);
#3157=CARTESIAN_POINT('',(-9.74E1,1.45E2,-1.202E2));
#3158=CARTESIAN_POINT('',(-9.74E1,1.45E2,-1.45E2));
#3159=VERTEX_POINT('',#3157);
#3160=VERTEX_POINT('',#3158);
#3161=CARTESIAN_POINT('',(-8.2E1,1.4E2,-1.45E2));
#3162=CARTESIAN_POINT('',(-8.2E1,1.4E2,-1.202E2));
#3163=VERTEX_POINT('',#3161);
#3164=VERTEX_POINT('',#3162);
#3165=CARTESIAN_POINT('',(-9.74E1,1.4E2,-1.202E2));
#3166=CARTESIAN_POINT('',(-9.74E1,1.4E2,-1.45E2));
#3167=VERTEX_POINT('',#3165);
#3168=VERTEX_POINT('',#3166);
#3169=CARTESIAN_POINT('',(-8.2E1,1.45E2,-1.066E2));
#3170=CARTESIAN_POINT('',(-8.2E1,1.45E2,-8.18E1));
#3171=VERTEX_POINT('',#3169);
#3172=VERTEX_POINT('',#3170);
#3173=CARTESIAN_POINT('',(-9.74E1,1.45E2,-8.18E1));
#3174=CARTESIAN_POINT('',(-9.74E1,1.45E2,-1.066E2));
#3175=VERTEX_POINT('',#3173);
#3176=VERTEX_POINT('',#3174);
#3177=CARTESIAN_POINT('',(-8.2E1,1.4E2,-1.066E2));
#3178=CARTESIAN_POINT('',(-8.2E1,1.4E2,-8.18E1));
#3179=VERTEX_POINT('',#3177);
#3180=VERTEX_POINT('',#3178);
#3181=CARTESIAN_POINT('',(-9.74E1,1.4E2,-8.18E1));
#3182=CARTESIAN_POINT('',(-9.74E1,1.4E2,-1.066E2));
#3183=VERTEX_POINT('',#3181);
#3184=VERTEX_POINT('',#3182);
#3185=CARTESIAN_POINT('',(-8.2E1,1.45E2,-6.82E1));
#3186=CARTESIAN_POINT('',(-8.2E1,1.45E2,-4.34E1));
#3187=VERTEX_POINT('',#3185);
#3188=VERTEX_POINT('',#3186);
#3189=CARTESIAN_POINT('',(-9.74E1,1.45E2,-4.34E1));
#3190=CARTESIAN_POINT('',(-9.74E1,1.45E2,-6.82E1));
#3191=VERTEX_POINT('',#3189);
#3192=VERTEX_POINT('',#3190);
#3193=CARTESIAN_POINT('',(-8.2E1,1.4E2,-6.82E1));
#3194=CARTESIAN_POINT('',(-8.2E1,1.4E2,-4.34E1));
#3195=VERTEX_POINT('',#3193);
#3196=VERTEX_POINT('',#3194);
#3197=CARTESIAN_POINT('',(-9.74E1,1.4E2,-4.34E1));
#3198=CARTESIAN_POINT('',(-9.74E1,1.4E2,-6.82E1));
#3199=VERTEX_POINT('',#3197);
#3200=VERTEX_POINT('',#3198);
#3201=CARTESIAN_POINT('',(-8.2E1,1.45E2,-2.98E1));
#3202=CARTESIAN_POINT('',(-8.2E1,1.45E2,-5.E0));
#3203=VERTEX_POINT('',#3201);
#3204=VERTEX_POINT('',#3202);
#3205=CARTESIAN_POINT('',(-9.74E1,1.45E2,-5.E0));
#3206=CARTESIAN_POINT('',(-9.74E1,1.45E2,-2.98E1));
#3207=VERTEX_POINT('',#3205);
#3208=VERTEX_POINT('',#3206);
#3209=CARTESIAN_POINT('',(-8.2E1,1.4E2,-2.98E1));
#3210=CARTESIAN_POINT('',(-8.2E1,1.4E2,-5.E0));
#3211=VERTEX_POINT('',#3209);
#3212=VERTEX_POINT('',#3210);
#3213=CARTESIAN_POINT('',(-9.74E1,1.4E2,-5.E0));
#3214=CARTESIAN_POINT('',(-9.74E1,1.4E2,-2.98E1));
#3215=VERTEX_POINT('',#3213);
#3216=VERTEX_POINT('',#3214);
#3217=CARTESIAN_POINT('',(-1.24E2,1.45E2,-1.45E2));
#3218=CARTESIAN_POINT('',(-1.24E2,1.45E2,-1.202E2));
#3219=VERTEX_POINT('',#3217);
#3220=VERTEX_POINT('',#3218);
#3221=CARTESIAN_POINT('',(-1.394E2,1.45E2,-1.202E2));
#3222=CARTESIAN_POINT('',(-1.394E2,1.45E2,-1.45E2));
#3223=VERTEX_POINT('',#3221);
#3224=VERTEX_POINT('',#3222);
#3225=CARTESIAN_POINT('',(-1.24E2,1.4E2,-1.45E2));
#3226=CARTESIAN_POINT('',(-1.24E2,1.4E2,-1.202E2));
#3227=VERTEX_POINT('',#3225);
#3228=VERTEX_POINT('',#3226);
#3229=CARTESIAN_POINT('',(-1.394E2,1.4E2,-1.202E2));
#3230=CARTESIAN_POINT('',(-1.394E2,1.4E2,-1.45E2));
#3231=VERTEX_POINT('',#3229);
#3232=VERTEX_POINT('',#3230);
#3233=CARTESIAN_POINT('',(-1.24E2,1.45E2,-1.066E2));
#3234=CARTESIAN_POINT('',(-1.24E2,1.45E2,-8.18E1));
#3235=VERTEX_POINT('',#3233);
#3236=VERTEX_POINT('',#3234);
#3237=CARTESIAN_POINT('',(-1.394E2,1.45E2,-8.18E1));
#3238=CARTESIAN_POINT('',(-1.394E2,1.45E2,-1.066E2));
#3239=VERTEX_POINT('',#3237);
#3240=VERTEX_POINT('',#3238);
#3241=CARTESIAN_POINT('',(-1.24E2,1.4E2,-1.066E2));
#3242=CARTESIAN_POINT('',(-1.24E2,1.4E2,-8.18E1));
#3243=VERTEX_POINT('',#3241);
#3244=VERTEX_POINT('',#3242);
#3245=CARTESIAN_POINT('',(-1.394E2,1.4E2,-8.18E1));
#3246=CARTESIAN_POINT('',(-1.394E2,1.4E2,-1.066E2));
#3247=VERTEX_POINT('',#3245);
#3248=VERTEX_POINT('',#3246);
#3249=CARTESIAN_POINT('',(-1.24E2,1.45E2,-6.82E1));
#3250=CARTESIAN_POINT('',(-1.24E2,1.45E2,-4.34E1));
#3251=VERTEX_POINT('',#3249);
#3252=VERTEX_POINT('',#3250);
#3253=CARTESIAN_POINT('',(-1.394E2,1.45E2,-4.34E1));
#3254=CARTESIAN_POINT('',(-1.394E2,1.45E2,-6.82E1));
#3255=VERTEX_POINT('',#3253);
#3256=VERTEX_POINT('',#3254);
#3257=CARTESIAN_POINT('',(-1.24E2,1.4E2,-6.82E1));
#3258=CARTESIAN_POINT('',(-1.24E2,1.4E2,-4.34E1));
#3259=VERTEX_POINT('',#3257);
#3260=VERTEX_POINT('',#3258);
#3261=CARTESIAN_POINT('',(-1.394E2,1.4E2,-4.34E1));
#3262=CARTESIAN_POINT('',(-1.394E2,1.4E2,-6.82E1));
#3263=VERTEX_POINT('',#3261);
#3264=VERTEX_POINT('',#3262);
#3265=CARTESIAN_POINT('',(-1.24E2,1.45E2,-2.98E1));
#3266=CARTESIAN_POINT('',(-1.24E2,1.45E2,-5.E0));
#3267=VERTEX_POINT('',#3265);
#3268=VERTEX_POINT('',#3266);
#3269=CARTESIAN_POINT('',(-1.394E2,1.45E2,-5.E0));
#3270=CARTESIAN_POINT('',(-1.394E2,1.45E2,-2.98E1));
#3271=VERTEX_POINT('',#3269);
#3272=VERTEX_POINT('',#3270);
#3273=CARTESIAN_POINT('',(-1.24E2,1.4E2,-2.98E1));
#3274=CARTESIAN_POINT('',(-1.24E2,1.4E2,-5.E0));
#3275=VERTEX_POINT('',#3273);
#3276=VERTEX_POINT('',#3274);
#3277=CARTESIAN_POINT('',(-1.394E2,1.4E2,-5.E0));
#3278=CARTESIAN_POINT('',(-1.394E2,1.4E2,-2.98E1));
#3279=VERTEX_POINT('',#3277);
#3280=VERTEX_POINT('',#3278);
#3281=CARTESIAN_POINT('',(-1.66E2,1.45E2,-1.45E2));
#3282=CARTESIAN_POINT('',(-1.66E2,1.45E2,-1.202E2));
#3283=VERTEX_POINT('',#3281);
#3284=VERTEX_POINT('',#3282);
#3285=CARTESIAN_POINT('',(-1.814E2,1.45E2,-1.202E2));
#3286=CARTESIAN_POINT('',(-1.814E2,1.45E2,-1.45E2));
#3287=VERTEX_POINT('',#3285);
#3288=VERTEX_POINT('',#3286);
#3289=CARTESIAN_POINT('',(-1.66E2,1.4E2,-1.45E2));
#3290=CARTESIAN_POINT('',(-1.66E2,1.4E2,-1.202E2));
#3291=VERTEX_POINT('',#3289);
#3292=VERTEX_POINT('',#3290);
#3293=CARTESIAN_POINT('',(-1.814E2,1.4E2,-1.202E2));
#3294=CARTESIAN_POINT('',(-1.814E2,1.4E2,-1.45E2));
#3295=VERTEX_POINT('',#3293);
#3296=VERTEX_POINT('',#3294);
#3297=CARTESIAN_POINT('',(-1.66E2,1.45E2,-1.066E2));
#3298=CARTESIAN_POINT('',(-1.66E2,1.45E2,-8.18E1));
#3299=VERTEX_POINT('',#3297);
#3300=VERTEX_POINT('',#3298);
#3301=CARTESIAN_POINT('',(-1.814E2,1.45E2,-8.18E1));
#3302=CARTESIAN_POINT('',(-1.814E2,1.45E2,-1.066E2));
#3303=VERTEX_POINT('',#3301);
#3304=VERTEX_POINT('',#3302);
#3305=CARTESIAN_POINT('',(-1.66E2,1.4E2,-1.066E2));
#3306=CARTESIAN_POINT('',(-1.66E2,1.4E2,-8.18E1));
#3307=VERTEX_POINT('',#3305);
#3308=VERTEX_POINT('',#3306);
#3309=CARTESIAN_POINT('',(-1.814E2,1.4E2,-8.18E1));
#3310=CARTESIAN_POINT('',(-1.814E2,1.4E2,-1.066E2));
#3311=VERTEX_POINT('',#3309);
#3312=VERTEX_POINT('',#3310);
#3313=CARTESIAN_POINT('',(-1.66E2,1.45E2,-6.82E1));
#3314=CARTESIAN_POINT('',(-1.66E2,1.45E2,-4.34E1));
#3315=VERTEX_POINT('',#3313);
#3316=VERTEX_POINT('',#3314);
#3317=CARTESIAN_POINT('',(-1.814E2,1.45E2,-4.34E1));
#3318=CARTESIAN_POINT('',(-1.814E2,1.45E2,-6.82E1));
#3319=VERTEX_POINT('',#3317);
#3320=VERTEX_POINT('',#3318);
#3321=CARTESIAN_POINT('',(-1.66E2,1.4E2,-6.82E1));
#3322=CARTESIAN_POINT('',(-1.66E2,1.4E2,-4.34E1));
#3323=VERTEX_POINT('',#3321);
#3324=VERTEX_POINT('',#3322);
#3325=CARTESIAN_POINT('',(-1.814E2,1.4E2,-4.34E1));
#3326=CARTESIAN_POINT('',(-1.814E2,1.4E2,-6.82E1));
#3327=VERTEX_POINT('',#3325);
#3328=VERTEX_POINT('',#3326);
#3329=CARTESIAN_POINT('',(-1.66E2,1.45E2,-2.98E1));
#3330=CARTESIAN_POINT('',(-1.66E2,1.45E2,-5.E0));
#3331=VERTEX_POINT('',#3329);
#3332=VERTEX_POINT('',#3330);
#3333=CARTESIAN_POINT('',(-1.814E2,1.45E2,-5.E0));
#3334=CARTESIAN_POINT('',(-1.814E2,1.45E2,-2.98E1));
#3335=VERTEX_POINT('',#3333);
#3336=VERTEX_POINT('',#3334);
#3337=CARTESIAN_POINT('',(-1.66E2,1.4E2,-2.98E1));
#3338=CARTESIAN_POINT('',(-1.66E2,1.4E2,-5.E0));
#3339=VERTEX_POINT('',#3337);
#3340=VERTEX_POINT('',#3338);
#3341=CARTESIAN_POINT('',(-1.814E2,1.4E2,-5.E0));
#3342=CARTESIAN_POINT('',(-1.814E2,1.4E2,-2.98E1));
#3343=VERTEX_POINT('',#3341);
#3344=VERTEX_POINT('',#3342);
#3345=CARTESIAN_POINT('',(0.E0,0.E0,0.E0));
#3346=DIRECTION('',(0.E0,1.E0,0.E0));
#3347=DIRECTION('',(1.E0,0.E0,0.E0));
#3348=AXIS2_PLACEMENT_3D('',#3345,#3346,#3347);
#3349=PLANE('',#3348);
#3351=ORIENTED_EDGE('',*,*,#3350,.T.);
#3353=ORIENTED_EDGE('',*,*,#3352,.T.);
#3355=ORIENTED_EDGE('',*,*,#3354,.T.);
#3357=ORIENTED_EDGE('',*,*,#3356,.T.);
#3358=EDGE_LOOP('',(#3351,#3353,#3355,#3357));
#3359=FACE_OUTER_BOUND('',#3358,.F.);
#3361=ORIENTED_EDGE('',*,*,#3360,.T.);
#3363=ORIENTED_EDGE('',*,*,#3362,.T.);
#3364=EDGE_LOOP('',(#3361,#3363));
#3365=FACE_BOUND('',#3364,.F.);
#3367=ORIENTED_EDGE('',*,*,#3366,.T.);
#3369=ORIENTED_EDGE('',*,*,#3368,.T.);
#3370=EDGE_LOOP('',(#3367,#3369));
#3371=FACE_BOUND('',#3370,.F.);
#3373=ORIENTED_EDGE('',*,*,#3372,.T.);
#3375=ORIENTED_EDGE('',*,*,#3374,.T.);
#3376=EDGE_LOOP('',(#3373,#3375));
#3377=FACE_BOUND('',#3376,.F.);
#3379=ORIENTED_EDGE('',*,*,#3378,.T.);
#3381=ORIENTED_EDGE('',*,*,#3380,.T.);
#3382=EDGE_LOOP('',(#3379,#3381));
#3383=FACE_BOUND('',#3382,.F.);
#3384=ADVANCED_FACE('',(#3359,#3365,#3371,#3377,#3383),#3349,.F.);
#3385=CARTESIAN_POINT('',(-2.375E2,0.E0,-1.375E2));
#3386=DIRECTION('',(0.E0,1.E0,0.E0));
#3387=DIRECTION('',(1.E0,0.E0,0.E0));
#3388=AXIS2_PLACEMENT_3D('',#3385,#3386,#3387);
#3389=CYLINDRICAL_SURFACE('',#3388,3.5E0);
#3390=ORIENTED_EDGE('',*,*,#3378,.F.);
#3392=ORIENTED_EDGE('',*,*,#3391,.T.);
#3394=ORIENTED_EDGE('',*,*,#3393,.T.);
#3396=ORIENTED_EDGE('',*,*,#3395,.F.);
#3397=EDGE_LOOP('',(#3390,#3392,#3394,#3396));
#3398=FACE_OUTER_BOUND('',#3397,.F.);
#3399=ADVANCED_FACE('',(#3398),#3389,.F.);
#3400=CARTESIAN_POINT('',(-2.375E2,0.E0,-1.375E2));
#3401=DIRECTION('',(0.E0,1.E0,0.E0));
#3402=DIRECTION('',(1.E0,0.E0,0.E0));
#3403=AXIS2_PLACEMENT_3D('',#3400,#3401,#3402);
#3404=CYLINDRICAL_SURFACE('',#3403,3.5E0);
#3405=ORIENTED_EDGE('',*,*,#3380,.F.);
#3406=ORIENTED_EDGE('',*,*,#3395,.T.);
#3408=ORIENTED_EDGE('',*,*,#3407,.T.);
#3409=ORIENTED_EDGE('',*,*,#3391,.F.);
#3410=EDGE_LOOP('',(#3405,#3406,#3408,#3409));
#3411=FACE_OUTER_BOUND('',#3410,.F.);
#3412=ADVANCED_FACE('',(#3411),#3404,.F.);
#3413=CARTESIAN_POINT('',(0.E0,1.E1,0.E0));
#3414=DIRECTION('',(0.E0,1.E0,0.E0));
#3415=DIRECTION('',(1.E0,0.E0,0.E0));
#3416=AXIS2_PLACEMENT_3D('',#3413,#3414,#3415);
#3417=PLANE('',#3416);
#3419=ORIENTED_EDGE('',*,*,#3418,.F.);
#3421=ORIENTED_EDGE('',*,*,#3420,.F.);
#3423=ORIENTED_EDGE('',*,*,#3422,.F.);
#3425=ORIENTED_EDGE('',*,*,#3424,.F.);
#3426=EDGE_LOOP('',(#3419,#3421,#3423,#3425));
#3427=FACE_OUTER_BOUND('',#3426,.F.);
#3428=ORIENTED_EDGE('',*,*,#3393,.F.);
#3429=ORIENTED_EDGE('',*,*,#3407,.F.);
#3430=EDGE_LOOP('',(#3428,#3429));
#3431=FACE_BOUND('',#3430,.F.);
#3433=ORIENTED_EDGE('',*,*,#3432,.F.);
#3435=ORIENTED_EDGE('',*,*,#3434,.F.);
#3436=EDGE_LOOP('',(#3433,#3435));
#3437=FACE_BOUND('',#3436,.F.);
#3438=ADVANCED_FACE('',(#3427,#3431,#3437),#3417,.T.);
#3439=CARTESIAN_POINT('',(0.E0,1.E1,0.E0));
#3440=DIRECTION('',(0.E0,1.E0,0.E0));
#3441=DIRECTION('',(1.E0,0.E0,0.E0));
#3442=AXIS2_PLACEMENT_3D('',#3439,#3440,#3441);
#3443=PLANE('',#3442);
#3445=ORIENTED_EDGE('',*,*,#3444,.T.);
#3447=ORIENTED_EDGE('',*,*,#3446,.F.);
#3449=ORIENTED_EDGE('',*,*,#3448,.F.);
#3451=ORIENTED_EDGE('',*,*,#3450,.F.);
#3452=EDGE_LOOP('',(#3445,#3447,#3449,#3451));
#3453=FACE_OUTER_BOUND('',#3452,.F.);
#3455=ORIENTED_EDGE('',*,*,#3454,.F.);
#3457=ORIENTED_EDGE('',*,*,#3456,.F.);
#3458=EDGE_LOOP('',(#3455,#3457));
#3459=FACE_BOUND('',#3458,.F.);
#3461=ORIENTED_EDGE('',*,*,#3460,.F.);
#3463=ORIENTED_EDGE('',*,*,#3462,.F.);
#3464=EDGE_LOOP('',(#3461,#3463));
#3465=FACE_BOUND('',#3464,.F.);
#3466=ADVANCED_FACE('',(#3453,#3459,#3465),#3443,.T.);
#3467=CARTESIAN_POINT('',(-2.375E2,0.E0,-1.25E1));
#3468=DIRECTION('',(0.E0,1.E0,0.E0));
#3469=DIRECTION('',(1.E0,0.E0,0.E0));
#3470=AXIS2_PLACEMENT_3D('',#3467,#3468,#3469);
#3471=CYLINDRICAL_SURFACE('',#3470,3.5E0);
#3472=ORIENTED_EDGE('',*,*,#3360,.F.);
#3474=ORIENTED_EDGE('',*,*,#3473,.T.);
#3475=ORIENTED_EDGE('',*,*,#3432,.T.);
#3477=ORIENTED_EDGE('',*,*,#3476,.F.);
#3478=EDGE_LOOP('',(#3472,#3474,#3475,#3477));
#3479=FACE_OUTER_BOUND('',#3478,.F.);
#3480=ADVANCED_FACE('',(#3479),#3471,.F.);
#3481=CARTESIAN_POINT('',(-2.375E2,0.E0,-1.25E1));
#3482=DIRECTION('',(0.E0,1.E0,0.E0));
#3483=DIRECTION('',(1.E0,0.E0,0.E0));
#3484=AXIS2_PLACEMENT_3D('',#3481,#3482,#3483);
#3485=CYLINDRICAL_SURFACE('',#3484,3.5E0);
#3486=ORIENTED_EDGE('',*,*,#3362,.F.);
#3487=ORIENTED_EDGE('',*,*,#3476,.T.);
#3488=ORIENTED_EDGE('',*,*,#3434,.T.);
#3489=ORIENTED_EDGE('',*,*,#3473,.F.);
#3490=EDGE_LOOP('',(#3486,#3487,#3488,#3489));
#3491=FACE_OUTER_BOUND('',#3490,.F.);
#3492=ADVANCED_FACE('',(#3491),#3485,.F.);
#3493=CARTESIAN_POINT('',(-1.25E1,0.E0,-1.375E2));
#3494=DIRECTION('',(0.E0,1.E0,0.E0));
#3495=DIRECTION('',(1.E0,0.E0,0.E0));
#3496=AXIS2_PLACEMENT_3D('',#3493,#3494,#3495);
#3497=CYLINDRICAL_SURFACE('',#3496,3.5E0);
#3498=ORIENTED_EDGE('',*,*,#3366,.F.);
#3500=ORIENTED_EDGE('',*,*,#3499,.T.);
#3501=ORIENTED_EDGE('',*,*,#3454,.T.);
#3503=ORIENTED_EDGE('',*,*,#3502,.F.);
#3504=EDGE_LOOP('',(#3498,#3500,#3501,#3503));
#3505=FACE_OUTER_BOUND('',#3504,.F.);
#3506=ADVANCED_FACE('',(#3505),#3497,.F.);
#3507=CARTESIAN_POINT('',(-1.25E1,0.E0,-1.375E2));
#3508=DIRECTION('',(0.E0,1.E0,0.E0));
#3509=DIRECTION('',(1.E0,0.E0,0.E0));
#3510=AXIS2_PLACEMENT_3D('',#3507,#3508,#3509);
#3511=CYLINDRICAL_SURFACE('',#3510,3.5E0);
#3512=ORIENTED_EDGE('',*,*,#3368,.F.);
#3513=ORIENTED_EDGE('',*,*,#3502,.T.);
#3514=ORIENTED_EDGE('',*,*,#3456,.T.);
#3515=ORIENTED_EDGE('',*,*,#3499,.F.);
#3516=EDGE_LOOP('',(#3512,#3513,#3514,#3515));
#3517=FACE_OUTER_BOUND('',#3516,.F.);
#3518=ADVANCED_FACE('',(#3517),#3511,.F.);
#3519=CARTESIAN_POINT('',(-1.25E1,0.E0,-1.25E1));
#3520=DIRECTION('',(0.E0,1.E0,0.E0));
#3521=DIRECTION('',(1.E0,0.E0,0.E0));
#3522=AXIS2_PLACEMENT_3D('',#3519,#3520,#3521);
#3523=CYLINDRICAL_SURFACE('',#3522,3.5E0);
#3524=ORIENTED_EDGE('',*,*,#3372,.F.);
#3526=ORIENTED_EDGE('',*,*,#3525,.T.);
#3527=ORIENTED_EDGE('',*,*,#3460,.T.);
#3529=ORIENTED_EDGE('',*,*,#3528,.F.);
#3530=EDGE_LOOP('',(#3524,#3526,#3527,#3529));
#3531=FACE_OUTER_BOUND('',#3530,.F.);
#3532=ADVANCED_FACE('',(#3531),#3523,.F.);
#3533=CARTESIAN_POINT('',(-1.25E1,0.E0,-1.25E1));
#3534=DIRECTION('',(0.E0,1.E0,0.E0));
#3535=DIRECTION('',(1.E0,0.E0,0.E0));
#3536=AXIS2_PLACEMENT_3D('',#3533,#3534,#3535);
#3537=CYLINDRICAL_SURFACE('',#3536,3.5E0);
#3538=ORIENTED_EDGE('',*,*,#3374,.F.);
#3539=ORIENTED_EDGE('',*,*,#3528,.T.);
#3540=ORIENTED_EDGE('',*,*,#3462,.T.);
#3541=ORIENTED_EDGE('',*,*,#3525,.F.);
#3542=EDGE_LOOP('',(#3538,#3539,#3540,#3541));
#3543=FACE_OUTER_BOUND('',#3542,.F.);
#3544=ADVANCED_FACE('',(#3543),#3537,.F.);
#3545=CARTESIAN_POINT('',(-2.25E2,1.E1,-1.5E2));
#3546=DIRECTION('',(-1.E0,0.E0,0.E0));
#3547=DIRECTION('',(0.E0,0.E0,1.E0));
#3548=AXIS2_PLACEMENT_3D('',#3545,#3546,#3547);
#3549=PLANE('',#3548);
#3550=ORIENTED_EDGE('',*,*,#3418,.T.);
#3552=ORIENTED_EDGE('',*,*,#3551,.T.);
#3554=ORIENTED_EDGE('',*,*,#3553,.T.);
#3556=ORIENTED_EDGE('',*,*,#3555,.F.);
#3557=EDGE_LOOP('',(#3550,#3552,#3554,#3556));
#3558=FACE_OUTER_BOUND('',#3557,.F.);
#3559=ADVANCED_FACE('',(#3558),#3549,.T.);
#3560=CARTESIAN_POINT('',(0.E0,0.E0,-1.5E2));
#3561=DIRECTION('',(0.E0,0.E0,-1.E0));
#3562=DIRECTION('',(-1.E0,0.E0,0.E0));
#3563=AXIS2_PLACEMENT_3D('',#3560,#3561,#3562);
#3564=PLANE('',#3563);
#3565=ORIENTED_EDGE('',*,*,#3446,.T.);
#3567=ORIENTED_EDGE('',*,*,#3566,.T.);
#3569=ORIENTED_EDGE('',*,*,#3568,.T.);
#3570=ORIENTED_EDGE('',*,*,#3551,.F.);
#3571=ORIENTED_EDGE('',*,*,#3424,.T.);
#3573=ORIENTED_EDGE('',*,*,#3572,.F.);
#3574=ORIENTED_EDGE('',*,*,#3352,.F.);
#3576=ORIENTED_EDGE('',*,*,#3575,.T.);
#3577=EDGE_LOOP('',(#3565,#3567,#3569,#3570,#3571,#3573,#3574,#3576));
#3578=FACE_OUTER_BOUND('',#3577,.F.);
#3579=ADVANCED_FACE('',(#3578),#3564,.T.);
#3580=CARTESIAN_POINT('',(-2.5E1,1.E1,0.E0));
#3581=DIRECTION('',(1.E0,0.E0,0.E0));
#3582=DIRECTION('',(0.E0,0.E0,-1.E0));
#3583=AXIS2_PLACEMENT_3D('',#3580,#3581,#3582);
#3584=PLANE('',#3583);
#3585=ORIENTED_EDGE('',*,*,#3444,.F.);
#3587=ORIENTED_EDGE('',*,*,#3586,.T.);
#3589=ORIENTED_EDGE('',*,*,#3588,.T.);
#3590=ORIENTED_EDGE('',*,*,#3566,.F.);
#3591=EDGE_LOOP('',(#3585,#3587,#3589,#3590));
#3592=FACE_OUTER_BOUND('',#3591,.F.);
#3593=ADVANCED_FACE('',(#3592),#3584,.T.);
#3594=CARTESIAN_POINT('',(-2.5E2,0.E0,0.E0));
#3595=DIRECTION('',(0.E0,0.E0,1.E0));
#3596=DIRECTION('',(1.E0,0.E0,0.E0));
#3597=AXIS2_PLACEMENT_3D('',#3594,#3595,#3596);
#3598=PLANE('',#3597);
#3599=ORIENTED_EDGE('',*,*,#3420,.T.);
#3600=ORIENTED_EDGE('',*,*,#3555,.T.);
#3602=ORIENTED_EDGE('',*,*,#3601,.T.);
#3603=ORIENTED_EDGE('',*,*,#3586,.F.);
#3604=ORIENTED_EDGE('',*,*,#3450,.T.);
#3606=ORIENTED_EDGE('',*,*,#3605,.F.);
#3607=ORIENTED_EDGE('',*,*,#3356,.F.);
#3609=ORIENTED_EDGE('',*,*,#3608,.T.);
#3610=EDGE_LOOP('',(#3599,#3600,#3602,#3603,#3604,#3606,#3607,#3609));
#3611=FACE_OUTER_BOUND('',#3610,.F.);
#3612=ADVANCED_FACE('',(#3611),#3598,.T.);
#3613=CARTESIAN_POINT('',(0.E0,1.4E2,0.E0));
#3614=DIRECTION('',(0.E0,1.E0,0.E0));
#3615=DIRECTION('',(1.E0,0.E0,0.E0));
#3616=AXIS2_PLACEMENT_3D('',#3613,#3614,#3615);
#3617=PLANE('',#3616);
#3618=ORIENTED_EDGE('',*,*,#3553,.F.);
#3619=ORIENTED_EDGE('',*,*,#3568,.F.);
#3620=ORIENTED_EDGE('',*,*,#3588,.F.);
#3621=ORIENTED_EDGE('',*,*,#3601,.F.);
#3622=EDGE_LOOP('',(#3618,#3619,#3620,#3621));
#3623=FACE_OUTER_BOUND('',#3622,.F.);
#3625=ORIENTED_EDGE('',*,*,#3624,.F.);
#3627=ORIENTED_EDGE('',*,*,#3626,.T.);
#3629=ORIENTED_EDGE('',*,*,#3628,.F.);
#3631=ORIENTED_EDGE('',*,*,#3630,.T.);
#3632=EDGE_LOOP('',(#3625,#3627,#3629,#3631));
#3633=FACE_BOUND('',#3632,.F.);
#3635=ORIENTED_EDGE('',*,*,#3634,.F.);
#3637=ORIENTED_EDGE('',*,*,#3636,.T.);
#3639=ORIENTED_EDGE('',*,*,#3638,.F.);
#3641=ORIENTED_EDGE('',*,*,#3640,.T.);
#3642=EDGE_LOOP('',(#3635,#3637,#3639,#3641));
#3643=FACE_BOUND('',#3642,.F.);
#3645=ORIENTED_EDGE('',*,*,#3644,.F.);
#3647=ORIENTED_EDGE('',*,*,#3646,.T.);
#3649=ORIENTED_EDGE('',*,*,#3648,.F.);
#3651=ORIENTED_EDGE('',*,*,#3650,.T.);
#3652=EDGE_LOOP('',(#3645,#3647,#3649,#3651));
#3653=FACE_BOUND('',#3652,.F.);
#3655=ORIENTED_EDGE('',*,*,#3654,.F.);
#3657=ORIENTED_EDGE('',*,*,#3656,.T.);
#3659=ORIENTED_EDGE('',*,*,#3658,.F.);
#3661=ORIENTED_EDGE('',*,*,#3660,.T.);
#3662=EDGE_LOOP('',(#3655,#3657,#3659,#3661));
#3663=FACE_BOUND('',#3662,.F.);
#3665=ORIENTED_EDGE('',*,*,#3664,.F.);
#3667=ORIENTED_EDGE('',*,*,#3666,.T.);
#3669=ORIENTED_EDGE('',*,*,#3668,.F.);
#3671=ORIENTED_EDGE('',*,*,#3670,.T.);
#3672=EDGE_LOOP('',(#3665,#3667,#3669,#3671));
#3673=FACE_BOUND('',#3672,.F.);
#3675=ORIENTED_EDGE('',*,*,#3674,.F.);
#3677=ORIENTED_EDGE('',*,*,#3676,.T.);
#3679=ORIENTED_EDGE('',*,*,#3678,.F.);
#3681=ORIENTED_EDGE('',*,*,#3680,.T.);
#3682=EDGE_LOOP('',(#3675,#3677,#3679,#3681));
#3683=FACE_BOUND('',#3682,.F.);
#3685=ORIENTED_EDGE('',*,*,#3684,.F.);
#3687=ORIENTED_EDGE('',*,*,#3686,.T.);
#3689=ORIENTED_EDGE('',*,*,#3688,.F.);
#3691=ORIENTED_EDGE('',*,*,#3690,.T.);
#3692=EDGE_LOOP('',(#3685,#3687,#3689,#3691));
#3693=FACE_BOUND('',#3692,.F.);
#3695=ORIENTED_EDGE('',*,*,#3694,.F.);
#3697=ORIENTED_EDGE('',*,*,#3696,.T.);
#3699=ORIENTED_EDGE('',*,*,#3698,.F.);
#3701=ORIENTED_EDGE('',*,*,#3700,.T.);
#3702=EDGE_LOOP('',(#3695,#3697,#3699,#3701));
#3703=FACE_BOUND('',#3702,.F.);
#3705=ORIENTED_EDGE('',*,*,#3704,.F.);
#3707=ORIENTED_EDGE('',*,*,#3706,.T.);
#3709=ORIENTED_EDGE('',*,*,#3708,.F.);
#3711=ORIENTED_EDGE('',*,*,#3710,.T.);
#3712=EDGE_LOOP('',(#3705,#3707,#3709,#3711));
#3713=FACE_BOUND('',#3712,.F.);
#3715=ORIENTED_EDGE('',*,*,#3714,.F.);
#3717=ORIENTED_EDGE('',*,*,#3716,.T.);
#3719=ORIENTED_EDGE('',*,*,#3718,.F.);
#3721=ORIENTED_EDGE('',*,*,#3720,.T.);
#3722=EDGE_LOOP('',(#3715,#3717,#3719,#3721));
#3723=FACE_BOUND('',#3722,.F.);
#3725=ORIENTED_EDGE('',*,*,#3724,.F.);
#3727=ORIENTED_EDGE('',*,*,#3726,.T.);
#3729=ORIENTED_EDGE('',*,*,#3728,.F.);
#3731=ORIENTED_EDGE('',*,*,#3730,.T.);
#3732=EDGE_LOOP('',(#3725,#3727,#3729,#3731));
#3733=FACE_BOUND('',#3732,.F.);
#3735=ORIENTED_EDGE('',*,*,#3734,.F.);
#3737=ORIENTED_EDGE('',*,*,#3736,.T.);
#3739=ORIENTED_EDGE('',*,*,#3738,.F.);
#3741=ORIENTED_EDGE('',*,*,#3740,.T.);
#3742=EDGE_LOOP('',(#3735,#3737,#3739,#3741));
#3743=FACE_BOUND('',#3742,.F.);
#3745=ORIENTED_EDGE('',*,*,#3744,.F.);
#3747=ORIENTED_EDGE('',*,*,#3746,.T.);
#3749=ORIENTED_EDGE('',*,*,#3748,.F.);
#3751=ORIENTED_EDGE('',*,*,#3750,.T.);
#3752=EDGE_LOOP('',(#3745,#3747,#3749,#3751));
#3753=FACE_BOUND('',#3752,.F.);
#3755=ORIENTED_EDGE('',*,*,#3754,.F.);
#3757=ORIENTED_EDGE('',*,*,#3756,.T.);
#3759=ORIENTED_EDGE('',*,*,#3758,.F.);
#3761=ORIENTED_EDGE('',*,*,#3760,.T.);
#3762=EDGE_LOOP('',(#3755,#3757,#3759,#3761));
#3763=FACE_BOUND('',#3762,.F.);
#3765=ORIENTED_EDGE('',*,*,#3764,.F.);
#3767=ORIENTED_EDGE('',*,*,#3766,.T.);
#3769=ORIENTED_EDGE('',*,*,#3768,.F.);
#3771=ORIENTED_EDGE('',*,*,#3770,.T.);
#3772=EDGE_LOOP('',(#3765,#3767,#3769,#3771));
#3773=FACE_BOUND('',#3772,.F.);
#3775=ORIENTED_EDGE('',*,*,#3774,.F.);
#3777=ORIENTED_EDGE('',*,*,#3776,.T.);
#3779=ORIENTED_EDGE('',*,*,#3778,.F.);
#3781=ORIENTED_EDGE('',*,*,#3780,.T.);
#3782=EDGE_LOOP('',(#3775,#3777,#3779,#3781));
#3783=FACE_BOUND('',#3782,.F.);
#3785=ORIENTED_EDGE('',*,*,#3784,.F.);
#3787=ORIENTED_EDGE('',*,*,#3786,.T.);
#3789=ORIENTED_EDGE('',*,*,#3788,.F.);
#3791=ORIENTED_EDGE('',*,*,#3790,.T.);
#3792=EDGE_LOOP('',(#3785,#3787,#3789,#3791));
#3793=FACE_BOUND('',#3792,.F.);
#3795=ORIENTED_EDGE('',*,*,#3794,.F.);
#3797=ORIENTED_EDGE('',*,*,#3796,.T.);
#3799=ORIENTED_EDGE('',*,*,#3798,.F.);
#3801=ORIENTED_EDGE('',*,*,#3800,.T.);
#3802=EDGE_LOOP('',(#3795,#3797,#3799,#3801));
#3803=FACE_BOUND('',#3802,.F.);
#3805=ORIENTED_EDGE('',*,*,#3804,.F.);
#3807=ORIENTED_EDGE('',*,*,#3806,.T.);
#3809=ORIENTED_EDGE('',*,*,#3808,.F.);
#3811=ORIENTED_EDGE('',*,*,#3810,.T.);
#3812=EDGE_LOOP('',(#3805,#3807,#3809,#3811));
#3813=FACE_BOUND('',#3812,.F.);
#3815=ORIENTED_EDGE('',*,*,#3814,.F.);
#3817=ORIENTED_EDGE('',*,*,#3816,.T.);
#3819=ORIENTED_EDGE('',*,*,#3818,.F.);
#3821=ORIENTED_EDGE('',*,*,#3820,.T.);
#3822=EDGE_LOOP('',(#3815,#3817,#3819,#3821));
#3823=FACE_BOUND('',#3822,.F.);
#3825=ORIENTED_EDGE('',*,*,#3824,.F.);
#3827=ORIENTED_EDGE('',*,*,#3826,.T.);
#3829=ORIENTED_EDGE('',*,*,#3828,.F.);
#3831=ORIENTED_EDGE('',*,*,#3830,.T.);
#3832=EDGE_LOOP('',(#3825,#3827,#3829,#3831));
#3833=FACE_BOUND('',#3832,.F.);
#3835=ORIENTED_EDGE('',*,*,#3834,.F.);
#3837=ORIENTED_EDGE('',*,*,#3836,.T.);
#3839=ORIENTED_EDGE('',*,*,#3838,.F.);
#3841=ORIENTED_EDGE('',*,*,#3840,.T.);
#3842=EDGE_LOOP('',(#3835,#3837,#3839,#3841));
#3843=FACE_BOUND('',#3842,.F.);
#3845=ORIENTED_EDGE('',*,*,#3844,.F.);
#3847=ORIENTED_EDGE('',*,*,#3846,.T.);
#3849=ORIENTED_EDGE('',*,*,#3848,.F.);
#3851=ORIENTED_EDGE('',*,*,#3850,.T.);
#3852=EDGE_LOOP('',(#3845,#3847,#3849,#3851));
#3853=FACE_BOUND('',#3852,.F.);
#3855=ORIENTED_EDGE('',*,*,#3854,.F.);
#3857=ORIENTED_EDGE('',*,*,#3856,.T.);
#3859=ORIENTED_EDGE('',*,*,#3858,.F.);
#3861=ORIENTED_EDGE('',*,*,#3860,.T.);
#3862=EDGE_LOOP('',(#3855,#3857,#3859,#3861));
#3863=FACE_BOUND('',#3862,.F.);
#3865=ORIENTED_EDGE('',*,*,#3864,.F.);
#3867=ORIENTED_EDGE('',*,*,#3866,.T.);
#3869=ORIENTED_EDGE('',*,*,#3868,.F.);
#3871=ORIENTED_EDGE('',*,*,#3870,.T.);
#3872=EDGE_LOOP('',(#3865,#3867,#3869,#3871));
#3873=FACE_BOUND('',#3872,.F.);
#3875=ORIENTED_EDGE('',*,*,#3874,.F.);
#3877=ORIENTED_EDGE('',*,*,#3876,.T.);
#3879=ORIENTED_EDGE('',*,*,#3878,.F.);
#3881=ORIENTED_EDGE('',*,*,#3880,.T.);
#3882=EDGE_LOOP('',(#3875,#3877,#3879,#3881));
#3883=FACE_BOUND('',#3882,.F.);
#3885=ORIENTED_EDGE('',*,*,#3884,.F.);
#3887=ORIENTED_EDGE('',*,*,#3886,.T.);
#3889=ORIENTED_EDGE('',*,*,#3888,.F.);
#3891=ORIENTED_EDGE('',*,*,#3890,.T.);
#3892=EDGE_LOOP('',(#3885,#3887,#3889,#3891));
#3893=FACE_BOUND('',#3892,.F.);
#3895=ORIENTED_EDGE('',*,*,#3894,.F.);
#3897=ORIENTED_EDGE('',*,*,#3896,.T.);
#3899=ORIENTED_EDGE('',*,*,#3898,.F.);
#3901=ORIENTED_EDGE('',*,*,#3900,.T.);
#3902=EDGE_LOOP('',(#3895,#3897,#3899,#3901));
#3903=FACE_BOUND('',#3902,.F.);
#3905=ORIENTED_EDGE('',*,*,#3904,.F.);
#3907=ORIENTED_EDGE('',*,*,#3906,.T.);
#3909=ORIENTED_EDGE('',*,*,#3908,.F.);
#3911=ORIENTED_EDGE('',*,*,#3910,.T.);
#3912=EDGE_LOOP('',(#3905,#3907,#3909,#3911));
#3913=FACE_BOUND('',#3912,.F.);
#3915=ORIENTED_EDGE('',*,*,#3914,.F.);
#3917=ORIENTED_EDGE('',*,*,#3916,.T.);
#3919=ORIENTED_EDGE('',*,*,#3918,.F.);
#3921=ORIENTED_EDGE('',*,*,#3920,.T.);
#3922=EDGE_LOOP('',(#3915,#3917,#3919,#3921));
#3923=FACE_BOUND('',#3922,.F.);
#3925=ORIENTED_EDGE('',*,*,#3924,.F.);
#3927=ORIENTED_EDGE('',*,*,#3926,.T.);
#3929=ORIENTED_EDGE('',*,*,#3928,.F.);
#3931=ORIENTED_EDGE('',*,*,#3930,.T.);
#3932=EDGE_LOOP('',(#3925,#3927,#3929,#3931));
#3933=FACE_BOUND('',#3932,.F.);
#3935=ORIENTED_EDGE('',*,*,#3934,.F.);
#3937=ORIENTED_EDGE('',*,*,#3936,.T.);
#3939=ORIENTED_EDGE('',*,*,#3938,.F.);
#3941=ORIENTED_EDGE('',*,*,#3940,.T.);
#3942=EDGE_LOOP('',(#3935,#3937,#3939,#3941));
#3943=FACE_BOUND('',#3942,.F.);
#3944=ADVANCED_FACE('',(#3623,#3633,#3643,#3653,#3663,#3673,#3683,#3693,#3703,
#3713,#3723,#3733,#3743,#3753,#3763,#3773,#3783,#3793,#3803,#3813,#3823,#3833,
#3843,#3853,#3863,#3873,#3883,#3893,#3903,#3913,#3923,#3933,#3943),#3617,.T.);
#3945=CARTESIAN_POINT('',(-4.E1,1.4E2,-1.202E2));
#3946=DIRECTION('',(0.E0,0.E0,1.E0));
#3947=DIRECTION('',(1.E0,0.E0,0.E0));
#3948=AXIS2_PLACEMENT_3D('',#3945,#3946,#3947);
#3949=PLANE('',#3948);
#3951=ORIENTED_EDGE('',*,*,#3950,.T.);
#3953=ORIENTED_EDGE('',*,*,#3952,.T.);
#3955=ORIENTED_EDGE('',*,*,#3954,.T.);
#3957=ORIENTED_EDGE('',*,*,#3956,.F.);
#3958=ORIENTED_EDGE('',*,*,#3624,.T.);
#3960=ORIENTED_EDGE('',*,*,#3959,.T.);
#3961=EDGE_LOOP('',(#3951,#3953,#3955,#3957,#3958,#3960));
#3962=FACE_OUTER_BOUND('',#3961,.F.);
#3963=ADVANCED_FACE('',(#3962),#3949,.T.);
#3964=CARTESIAN_POINT('',(0.E0,1.45E2,0.E0));
#3965=DIRECTION('',(0.E0,1.E0,0.E0));
#3966=DIRECTION('',(1.E0,0.E0,0.E0));
#3967=AXIS2_PLACEMENT_3D('',#3964,#3965,#3966);
#3968=PLANE('',#3967);
#3970=ORIENTED_EDGE('',*,*,#3969,.F.);
#3971=ORIENTED_EDGE('',*,*,#3950,.F.);
#3973=ORIENTED_EDGE('',*,*,#3972,.F.);
#3975=ORIENTED_EDGE('',*,*,#3974,.F.);
#3976=EDGE_LOOP('',(#3970,#3971,#3973,#3975));
#3977=FACE_OUTER_BOUND('',#3976,.F.);
#3978=ADVANCED_FACE('',(#3977),#3968,.T.);
#3979=CARTESIAN_POINT('',(0.E0,1.45E2,0.E0));
#3980=DIRECTION('',(0.E0,1.E0,0.E0));
#3981=DIRECTION('',(1.E0,0.E0,0.E0));
#3982=AXIS2_PLACEMENT_3D('',#3979,#3980,#3981);
#3983=PLANE('',#3982);
#3985=ORIENTED_EDGE('',*,*,#3984,.T.);
#3987=ORIENTED_EDGE('',*,*,#3986,.F.);
#3989=ORIENTED_EDGE('',*,*,#3988,.F.);
#3991=ORIENTED_EDGE('',*,*,#3990,.F.);
#3992=EDGE_LOOP('',(#3985,#3987,#3989,#3991));
#3993=FACE_OUTER_BOUND('',#3992,.F.);
#3994=ADVANCED_FACE('',(#3993),#3983,.T.);
#3995=CARTESIAN_POINT('',(-3.5E1,1.4E2,-1.45E2));
#3996=DIRECTION('',(-1.E0,0.E0,0.E0));
#3997=DIRECTION('',(0.E0,0.E0,1.E0));
#3998=AXIS2_PLACEMENT_3D('',#3995,#3996,#3997);
#3999=PLANE('',#3998);
#4000=ORIENTED_EDGE('',*,*,#3969,.T.);
#4002=ORIENTED_EDGE('',*,*,#4001,.T.);
#4004=ORIENTED_EDGE('',*,*,#4003,.T.);
#4005=ORIENTED_EDGE('',*,*,#3952,.F.);
#4006=EDGE_LOOP('',(#4000,#4002,#4004,#4005));
#4007=FACE_OUTER_BOUND('',#4006,.F.);
#4008=ADVANCED_FACE('',(#4007),#3999,.T.);
#4009=CARTESIAN_POINT('',(-3.5E1,1.4E2,-1.45E2));
#4010=DIRECTION('',(0.E0,0.E0,-1.E0));
#4011=DIRECTION('',(-1.E0,0.E0,0.E0));
#4012=AXIS2_PLACEMENT_3D('',#4009,#4010,#4011);
#4013=PLANE('',#4012);
#4014=ORIENTED_EDGE('',*,*,#3628,.T.);
#4016=ORIENTED_EDGE('',*,*,#4015,.T.);
#4018=ORIENTED_EDGE('',*,*,#4017,.T.);
#4019=ORIENTED_EDGE('',*,*,#4001,.F.);
#4020=ORIENTED_EDGE('',*,*,#3974,.T.);
#4022=ORIENTED_EDGE('',*,*,#4021,.F.);
#4023=EDGE_LOOP('',(#4014,#4016,#4018,#4019,#4020,#4022));
#4024=FACE_OUTER_BOUND('',#4023,.F.);
#4025=ADVANCED_FACE('',(#4024),#4013,.T.);
#4026=CARTESIAN_POINT('',(-3.E1,1.4E2,-1.202E2));
#4027=DIRECTION('',(1.E0,0.E0,0.E0));
#4028=DIRECTION('',(0.E0,0.E0,-1.E0));
#4029=AXIS2_PLACEMENT_3D('',#4026,#4027,#4028);
#4030=PLANE('',#4029);
#4031=ORIENTED_EDGE('',*,*,#3626,.F.);
#4032=ORIENTED_EDGE('',*,*,#3956,.T.);
#4034=ORIENTED_EDGE('',*,*,#4033,.T.);
#4035=ORIENTED_EDGE('',*,*,#4015,.F.);
#4036=EDGE_LOOP('',(#4031,#4032,#4034,#4035));
#4037=FACE_OUTER_BOUND('',#4036,.F.);
#4038=ADVANCED_FACE('',(#4037),#4030,.T.);
#4039=CARTESIAN_POINT('',(0.E0,1.5E2,0.E0));
#4040=DIRECTION('',(0.E0,1.E0,0.E0));
#4041=DIRECTION('',(1.E0,0.E0,0.E0));
#4042=AXIS2_PLACEMENT_3D('',#4039,#4040,#4041);
#4043=PLANE('',#4042);
#4044=ORIENTED_EDGE('',*,*,#4003,.F.);
#4045=ORIENTED_EDGE('',*,*,#4017,.F.);
#4046=ORIENTED_EDGE('',*,*,#4033,.F.);
#4047=ORIENTED_EDGE('',*,*,#3954,.F.);
#4048=EDGE_LOOP('',(#4044,#4045,#4046,#4047));
#4049=FACE_OUTER_BOUND('',#4048,.F.);
#4050=ADVANCED_FACE('',(#4049),#4043,.T.);
#4051=CARTESIAN_POINT('',(0.E0,1.5E2,0.E0));
#4052=DIRECTION('',(0.E0,1.E0,0.E0));
#4053=DIRECTION('',(1.E0,0.E0,0.E0));
#4054=AXIS2_PLACEMENT_3D('',#4051,#4052,#4053);
#4055=PLANE('',#4054);
#4057=ORIENTED_EDGE('',*,*,#4056,.F.);
#4059=ORIENTED_EDGE('',*,*,#4058,.F.);
#4061=ORIENTED_EDGE('',*,*,#4060,.F.);
#4063=ORIENTED_EDGE('',*,*,#4062,.F.);
#4064=EDGE_LOOP('',(#4057,#4059,#4061,#4063));
#4065=FACE_OUTER_BOUND('',#4064,.F.);
#4066=ADVANCED_FACE('',(#4065),#4055,.T.);
#4067=CARTESIAN_POINT('',(-5.54E1,1.4E2,-1.45E2));
#4068=DIRECTION('',(0.E0,0.E0,-1.E0));
#4069=DIRECTION('',(-1.E0,0.E0,0.E0));
#4070=AXIS2_PLACEMENT_3D('',#4067,#4068,#4069);
#4071=PLANE('',#4070);
#4072=ORIENTED_EDGE('',*,*,#3986,.T.);
#4074=ORIENTED_EDGE('',*,*,#4073,.T.);
#4075=ORIENTED_EDGE('',*,*,#4056,.T.);
#4077=ORIENTED_EDGE('',*,*,#4076,.F.);
#4078=ORIENTED_EDGE('',*,*,#3634,.T.);
#4080=ORIENTED_EDGE('',*,*,#4079,.T.);
#4081=EDGE_LOOP('',(#4072,#4074,#4075,#4077,#4078,#4080));
#4082=FACE_OUTER_BOUND('',#4081,.F.);
#4083=ADVANCED_FACE('',(#4082),#4071,.T.);
#4084=CARTESIAN_POINT('',(-6.04E1,1.4E2,-1.202E2));
#4085=DIRECTION('',(1.E0,0.E0,0.E0));
#4086=DIRECTION('',(0.E0,0.E0,-1.E0));
#4087=AXIS2_PLACEMENT_3D('',#4084,#4085,#4086);
#4088=PLANE('',#4087);
#4089=ORIENTED_EDGE('',*,*,#3984,.F.);
#4091=ORIENTED_EDGE('',*,*,#4090,.T.);
#4092=ORIENTED_EDGE('',*,*,#4058,.T.);
#4093=ORIENTED_EDGE('',*,*,#4073,.F.);
#4094=EDGE_LOOP('',(#4089,#4091,#4092,#4093));
#4095=FACE_OUTER_BOUND('',#4094,.F.);
#4096=ADVANCED_FACE('',(#4095),#4088,.T.);
#4097=CARTESIAN_POINT('',(-6.04E1,1.4E2,-1.202E2));
#4098=DIRECTION('',(0.E0,0.E0,1.E0));
#4099=DIRECTION('',(1.E0,0.E0,0.E0));
#4100=AXIS2_PLACEMENT_3D('',#4097,#4098,#4099);
#4101=PLANE('',#4100);
#4102=ORIENTED_EDGE('',*,*,#3638,.T.);
#4104=ORIENTED_EDGE('',*,*,#4103,.T.);
#4105=ORIENTED_EDGE('',*,*,#4060,.T.);
#4106=ORIENTED_EDGE('',*,*,#4090,.F.);
#4107=ORIENTED_EDGE('',*,*,#3990,.T.);
#4109=ORIENTED_EDGE('',*,*,#4108,.F.);
#4110=EDGE_LOOP('',(#4102,#4104,#4105,#4106,#4107,#4109));
#4111=FACE_OUTER_BOUND('',#4110,.F.);
#4112=ADVANCED_FACE('',(#4111),#4101,.T.);
#4113=CARTESIAN_POINT('',(-6.54E1,1.4E2,-1.45E2));
#4114=DIRECTION('',(-1.E0,0.E0,0.E0));
#4115=DIRECTION('',(0.E0,0.E0,1.E0));
#4116=AXIS2_PLACEMENT_3D('',#4113,#4114,#4115);
#4117=PLANE('',#4116);
#4118=ORIENTED_EDGE('',*,*,#3636,.F.);
#4119=ORIENTED_EDGE('',*,*,#4076,.T.);
#4120=ORIENTED_EDGE('',*,*,#4062,.T.);
#4121=ORIENTED_EDGE('',*,*,#4103,.F.);
#4122=EDGE_LOOP('',(#4118,#4119,#4120,#4121));
#4123=FACE_OUTER_BOUND('',#4122,.F.);
#4124=ADVANCED_FACE('',(#4123),#4117,.T.);
#4125=CARTESIAN_POINT('',(-5.54E1,1.4E2,-1.202E2));
#4126=DIRECTION('',(1.E0,0.E0,0.E0));
#4127=DIRECTION('',(0.E0,0.E0,-1.E0));
#4128=AXIS2_PLACEMENT_3D('',#4125,#4126,#4127);
#4129=PLANE('',#4128);
#4130=ORIENTED_EDGE('',*,*,#3640,.F.);
#4131=ORIENTED_EDGE('',*,*,#4108,.T.);
#4132=ORIENTED_EDGE('',*,*,#3988,.T.);
#4133=ORIENTED_EDGE('',*,*,#4079,.F.);
#4134=EDGE_LOOP('',(#4130,#4131,#4132,#4133));
#4135=FACE_OUTER_BOUND('',#4134,.F.);
#4136=ADVANCED_FACE('',(#4135),#4129,.T.);
#4137=CARTESIAN_POINT('',(-4.E1,1.4E2,-1.45E2));
#4138=DIRECTION('',(-1.E0,0.E0,0.E0));
#4139=DIRECTION('',(0.E0,0.E0,1.E0));
#4140=AXIS2_PLACEMENT_3D('',#4137,#4138,#4139);
#4141=PLANE('',#4140);
#4142=ORIENTED_EDGE('',*,*,#3630,.F.);
#4143=ORIENTED_EDGE('',*,*,#4021,.T.);
#4144=ORIENTED_EDGE('',*,*,#3972,.T.);
#4145=ORIENTED_EDGE('',*,*,#3959,.F.);
#4146=EDGE_LOOP('',(#4142,#4143,#4144,#4145));
#4147=FACE_OUTER_BOUND('',#4146,.F.);
#4148=ADVANCED_FACE('',(#4147),#4141,.T.);
#4149=CARTESIAN_POINT('',(-3.5E1,1.4E2,-8.18E1));
#4150=DIRECTION('',(0.E0,0.E0,1.E0));
#4151=DIRECTION('',(1.E0,0.E0,0.E0));
#4152=AXIS2_PLACEMENT_3D('',#4149,#4150,#4151);
#4153=PLANE('',#4152);
#4154=ORIENTED_EDGE('',*,*,#3644,.T.);
#4156=ORIENTED_EDGE('',*,*,#4155,.T.);
#4158=ORIENTED_EDGE('',*,*,#4157,.T.);
#4160=ORIENTED_EDGE('',*,*,#4159,.T.);
#4162=ORIENTED_EDGE('',*,*,#4161,.T.);
#4164=ORIENTED_EDGE('',*,*,#4163,.F.);
#4165=EDGE_LOOP('',(#4154,#4156,#4158,#4160,#4162,#4164));
#4166=FACE_OUTER_BOUND('',#4165,.F.);
#4167=ADVANCED_FACE('',(#4166),#4153,.T.);
#4168=CARTESIAN_POINT('',(-4.E1,1.4E2,-1.066E2));
#4169=DIRECTION('',(-1.E0,0.E0,0.E0));
#4170=DIRECTION('',(0.E0,0.E0,1.E0));
#4171=AXIS2_PLACEMENT_3D('',#4168,#4169,#4170);
#4172=PLANE('',#4171);
#4173=ORIENTED_EDGE('',*,*,#3650,.F.);
#4175=ORIENTED_EDGE('',*,*,#4174,.T.);
#4177=ORIENTED_EDGE('',*,*,#4176,.T.);
#4178=ORIENTED_EDGE('',*,*,#4155,.F.);
#4179=EDGE_LOOP('',(#4173,#4175,#4177,#4178));
#4180=FACE_OUTER_BOUND('',#4179,.F.);
#4181=ADVANCED_FACE('',(#4180),#4172,.T.);
#4182=CARTESIAN_POINT('',(-3.E1,1.4E2,-1.066E2));
#4183=DIRECTION('',(0.E0,0.E0,-1.E0));
#4184=DIRECTION('',(-1.E0,0.E0,0.E0));
#4185=AXIS2_PLACEMENT_3D('',#4182,#4183,#4184);
#4186=PLANE('',#4185);
#4188=ORIENTED_EDGE('',*,*,#4187,.F.);
#4190=ORIENTED_EDGE('',*,*,#4189,.T.);
#4191=ORIENTED_EDGE('',*,*,#4174,.F.);
#4192=ORIENTED_EDGE('',*,*,#3648,.T.);
#4194=ORIENTED_EDGE('',*,*,#4193,.T.);
#4196=ORIENTED_EDGE('',*,*,#4195,.T.);
#4197=EDGE_LOOP('',(#4188,#4190,#4191,#4192,#4194,#4196));
#4198=FACE_OUTER_BOUND('',#4197,.F.);
#4199=ADVANCED_FACE('',(#4198),#4186,.T.);
#4200=CARTESIAN_POINT('',(-3.5E1,1.4E2,-1.066E2));
#4201=DIRECTION('',(-1.E0,0.E0,0.E0));
#4202=DIRECTION('',(0.E0,0.E0,1.E0));
#4203=AXIS2_PLACEMENT_3D('',#4200,#4201,#4202);
#4204=PLANE('',#4203);
#4205=ORIENTED_EDGE('',*,*,#4187,.T.);
#4207=ORIENTED_EDGE('',*,*,#4206,.T.);
#4208=ORIENTED_EDGE('',*,*,#4159,.F.);
#4210=ORIENTED_EDGE('',*,*,#4209,.T.);
#4211=EDGE_LOOP('',(#4205,#4207,#4208,#4210));
#4212=FACE_OUTER_BOUND('',#4211,.F.);
#4213=ADVANCED_FACE('',(#4212),#4204,.T.);
#4214=CARTESIAN_POINT('',(0.E0,1.5E2,3.84E1));
#4215=DIRECTION('',(0.E0,1.E0,0.E0));
#4216=DIRECTION('',(1.E0,0.E0,0.E0));
#4217=AXIS2_PLACEMENT_3D('',#4214,#4215,#4216);
#4218=PLANE('',#4217);
#4219=ORIENTED_EDGE('',*,*,#4206,.F.);
#4220=ORIENTED_EDGE('',*,*,#4195,.F.);
#4222=ORIENTED_EDGE('',*,*,#4221,.F.);
#4223=ORIENTED_EDGE('',*,*,#4161,.F.);
#4224=EDGE_LOOP('',(#4219,#4220,#4222,#4223));
#4225=FACE_OUTER_BOUND('',#4224,.F.);
#4226=ADVANCED_FACE('',(#4225),#4218,.T.);
#4227=CARTESIAN_POINT('',(0.E0,1.5E2,3.84E1));
#4228=DIRECTION('',(0.E0,1.E0,0.E0));
#4229=DIRECTION('',(1.E0,0.E0,0.E0));
#4230=AXIS2_PLACEMENT_3D('',#4227,#4228,#4229);
#4231=PLANE('',#4230);
#4233=ORIENTED_EDGE('',*,*,#4232,.F.);
#4235=ORIENTED_EDGE('',*,*,#4234,.F.);
#4237=ORIENTED_EDGE('',*,*,#4236,.F.);
#4239=ORIENTED_EDGE('',*,*,#4238,.F.);
#4240=EDGE_LOOP('',(#4233,#4235,#4237,#4239));
#4241=FACE_OUTER_BOUND('',#4240,.F.);
#4242=ADVANCED_FACE('',(#4241),#4231,.T.);
#4243=CARTESIAN_POINT('',(-3.E1,1.4E2,-8.18E1));
#4244=DIRECTION('',(1.E0,0.E0,0.E0));
#4245=DIRECTION('',(0.E0,0.E0,-1.E0));
#4246=AXIS2_PLACEMENT_3D('',#4243,#4244,#4245);
#4247=PLANE('',#4246);
#4248=ORIENTED_EDGE('',*,*,#3646,.F.);
#4249=ORIENTED_EDGE('',*,*,#4163,.T.);
#4250=ORIENTED_EDGE('',*,*,#4221,.T.);
#4251=ORIENTED_EDGE('',*,*,#4193,.F.);
#4252=EDGE_LOOP('',(#4248,#4249,#4250,#4251));
#4253=FACE_OUTER_BOUND('',#4252,.F.);
#4254=ADVANCED_FACE('',(#4253),#4247,.T.);
#4255=CARTESIAN_POINT('',(-6.04E1,1.4E2,-1.066E2));
#4256=DIRECTION('',(0.E0,0.E0,-1.E0));
#4257=DIRECTION('',(-1.E0,0.E0,0.E0));
#4258=AXIS2_PLACEMENT_3D('',#4255,#4256,#4257);
#4259=PLANE('',#4258);
#4260=ORIENTED_EDGE('',*,*,#3654,.T.);
#4262=ORIENTED_EDGE('',*,*,#4261,.T.);
#4264=ORIENTED_EDGE('',*,*,#4263,.T.);
#4266=ORIENTED_EDGE('',*,*,#4265,.T.);
#4267=ORIENTED_EDGE('',*,*,#4232,.T.);
#4269=ORIENTED_EDGE('',*,*,#4268,.F.);
#4270=EDGE_LOOP('',(#4260,#4262,#4264,#4266,#4267,#4269));
#4271=FACE_OUTER_BOUND('',#4270,.F.);
#4272=ADVANCED_FACE('',(#4271),#4259,.T.);
#4273=CARTESIAN_POINT('',(-5.54E1,1.4E2,-8.18E1));
#4274=DIRECTION('',(1.E0,0.E0,0.E0));
#4275=DIRECTION('',(0.E0,0.E0,-1.E0));
#4276=AXIS2_PLACEMENT_3D('',#4273,#4274,#4275);
#4277=PLANE('',#4276);
#4278=ORIENTED_EDGE('',*,*,#3660,.F.);
#4280=ORIENTED_EDGE('',*,*,#4279,.T.);
#4282=ORIENTED_EDGE('',*,*,#4281,.T.);
#4283=ORIENTED_EDGE('',*,*,#4261,.F.);
#4284=EDGE_LOOP('',(#4278,#4280,#4282,#4283));
#4285=FACE_OUTER_BOUND('',#4284,.F.);
#4286=ADVANCED_FACE('',(#4285),#4277,.T.);
#4287=CARTESIAN_POINT('',(-6.54E1,1.4E2,-8.18E1));
#4288=DIRECTION('',(0.E0,0.E0,1.E0));
#4289=DIRECTION('',(1.E0,0.E0,0.E0));
#4290=AXIS2_PLACEMENT_3D('',#4287,#4288,#4289);
#4291=PLANE('',#4290);
#4293=ORIENTED_EDGE('',*,*,#4292,.F.);
#4295=ORIENTED_EDGE('',*,*,#4294,.T.);
#4296=ORIENTED_EDGE('',*,*,#4279,.F.);
#4297=ORIENTED_EDGE('',*,*,#3658,.T.);
#4299=ORIENTED_EDGE('',*,*,#4298,.T.);
#4300=ORIENTED_EDGE('',*,*,#4236,.T.);
#4301=EDGE_LOOP('',(#4293,#4295,#4296,#4297,#4299,#4300));
#4302=FACE_OUTER_BOUND('',#4301,.F.);
#4303=ADVANCED_FACE('',(#4302),#4291,.T.);
#4304=CARTESIAN_POINT('',(-6.04E1,1.4E2,-8.18E1));
#4305=DIRECTION('',(1.E0,0.E0,0.E0));
#4306=DIRECTION('',(0.E0,0.E0,-1.E0));
#4307=AXIS2_PLACEMENT_3D('',#4304,#4305,#4306);
#4308=PLANE('',#4307);
#4309=ORIENTED_EDGE('',*,*,#4265,.F.);
#4311=ORIENTED_EDGE('',*,*,#4310,.F.);
#4312=ORIENTED_EDGE('',*,*,#4292,.T.);
#4313=ORIENTED_EDGE('',*,*,#4234,.T.);
#4314=EDGE_LOOP('',(#4309,#4311,#4312,#4313));
#4315=FACE_OUTER_BOUND('',#4314,.F.);
#4316=ADVANCED_FACE('',(#4315),#4308,.T.);
#4317=CARTESIAN_POINT('',(0.E0,1.45E2,3.84E1));
#4318=DIRECTION('',(0.E0,1.E0,0.E0));
#4319=DIRECTION('',(1.E0,0.E0,0.E0));
#4320=AXIS2_PLACEMENT_3D('',#4317,#4318,#4319);
#4321=PLANE('',#4320);
#4322=ORIENTED_EDGE('',*,*,#4209,.F.);
#4323=ORIENTED_EDGE('',*,*,#4157,.F.);
#4324=ORIENTED_EDGE('',*,*,#4176,.F.);
#4325=ORIENTED_EDGE('',*,*,#4189,.F.);
#4326=EDGE_LOOP('',(#4322,#4323,#4324,#4325));
#4327=FACE_OUTER_BOUND('',#4326,.F.);
#4328=ADVANCED_FACE('',(#4327),#4321,.T.);
#4329=CARTESIAN_POINT('',(0.E0,1.45E2,3.84E1));
#4330=DIRECTION('',(0.E0,1.E0,0.E0));
#4331=DIRECTION('',(1.E0,0.E0,0.E0));
#4332=AXIS2_PLACEMENT_3D('',#4329,#4330,#4331);
#4333=PLANE('',#4332);
#4334=ORIENTED_EDGE('',*,*,#4310,.T.);
#4335=ORIENTED_EDGE('',*,*,#4263,.F.);
#4336=ORIENTED_EDGE('',*,*,#4281,.F.);
#4337=ORIENTED_EDGE('',*,*,#4294,.F.);
#4338=EDGE_LOOP('',(#4334,#4335,#4336,#4337));
#4339=FACE_OUTER_BOUND('',#4338,.F.);
#4340=ADVANCED_FACE('',(#4339),#4333,.T.);
#4341=CARTESIAN_POINT('',(-6.54E1,1.4E2,-1.066E2));
#4342=DIRECTION('',(-1.E0,0.E0,0.E0));
#4343=DIRECTION('',(0.E0,0.E0,1.E0));
#4344=AXIS2_PLACEMENT_3D('',#4341,#4342,#4343);
#4345=PLANE('',#4344);
#4346=ORIENTED_EDGE('',*,*,#3656,.F.);
#4347=ORIENTED_EDGE('',*,*,#4268,.T.);
#4348=ORIENTED_EDGE('',*,*,#4238,.T.);
#4349=ORIENTED_EDGE('',*,*,#4298,.F.);
#4350=EDGE_LOOP('',(#4346,#4347,#4348,#4349));
#4351=FACE_OUTER_BOUND('',#4350,.F.);
#4352=ADVANCED_FACE('',(#4351),#4345,.T.);
#4353=CARTESIAN_POINT('',(-3.5E1,1.4E2,-4.34E1));
#4354=DIRECTION('',(0.E0,0.E0,1.E0));
#4355=DIRECTION('',(1.E0,0.E0,0.E0));
#4356=AXIS2_PLACEMENT_3D('',#4353,#4354,#4355);
#4357=PLANE('',#4356);
#4358=ORIENTED_EDGE('',*,*,#3664,.T.);
#4360=ORIENTED_EDGE('',*,*,#4359,.T.);
#4362=ORIENTED_EDGE('',*,*,#4361,.T.);
#4364=ORIENTED_EDGE('',*,*,#4363,.T.);
#4366=ORIENTED_EDGE('',*,*,#4365,.T.);
#4368=ORIENTED_EDGE('',*,*,#4367,.F.);
#4369=EDGE_LOOP('',(#4358,#4360,#4362,#4364,#4366,#4368));
#4370=FACE_OUTER_BOUND('',#4369,.F.);
#4371=ADVANCED_FACE('',(#4370),#4357,.T.);
#4372=CARTESIAN_POINT('',(-4.E1,1.4E2,-6.82E1));
#4373=DIRECTION('',(-1.E0,0.E0,0.E0));
#4374=DIRECTION('',(0.E0,0.E0,1.E0));
#4375=AXIS2_PLACEMENT_3D('',#4372,#4373,#4374);
#4376=PLANE('',#4375);
#4377=ORIENTED_EDGE('',*,*,#3670,.F.);
#4379=ORIENTED_EDGE('',*,*,#4378,.T.);
#4381=ORIENTED_EDGE('',*,*,#4380,.T.);
#4382=ORIENTED_EDGE('',*,*,#4359,.F.);
#4383=EDGE_LOOP('',(#4377,#4379,#4381,#4382));
#4384=FACE_OUTER_BOUND('',#4383,.F.);
#4385=ADVANCED_FACE('',(#4384),#4376,.T.);
#4386=CARTESIAN_POINT('',(-3.E1,1.4E2,-6.82E1));
#4387=DIRECTION('',(0.E0,0.E0,-1.E0));
#4388=DIRECTION('',(-1.E0,0.E0,0.E0));
#4389=AXIS2_PLACEMENT_3D('',#4386,#4387,#4388);
#4390=PLANE('',#4389);
#4392=ORIENTED_EDGE('',*,*,#4391,.F.);
#4394=ORIENTED_EDGE('',*,*,#4393,.T.);
#4395=ORIENTED_EDGE('',*,*,#4378,.F.);
#4396=ORIENTED_EDGE('',*,*,#3668,.T.);
#4398=ORIENTED_EDGE('',*,*,#4397,.T.);
#4400=ORIENTED_EDGE('',*,*,#4399,.T.);
#4401=EDGE_LOOP('',(#4392,#4394,#4395,#4396,#4398,#4400));
#4402=FACE_OUTER_BOUND('',#4401,.F.);
#4403=ADVANCED_FACE('',(#4402),#4390,.T.);
#4404=CARTESIAN_POINT('',(-3.5E1,1.4E2,-6.82E1));
#4405=DIRECTION('',(-1.E0,0.E0,0.E0));
#4406=DIRECTION('',(0.E0,0.E0,1.E0));
#4407=AXIS2_PLACEMENT_3D('',#4404,#4405,#4406);
#4408=PLANE('',#4407);
#4409=ORIENTED_EDGE('',*,*,#4391,.T.);
#4411=ORIENTED_EDGE('',*,*,#4410,.T.);
#4412=ORIENTED_EDGE('',*,*,#4363,.F.);
#4414=ORIENTED_EDGE('',*,*,#4413,.T.);
#4415=EDGE_LOOP('',(#4409,#4411,#4412,#4414));
#4416=FACE_OUTER_BOUND('',#4415,.F.);
#4417=ADVANCED_FACE('',(#4416),#4408,.T.);
#4418=CARTESIAN_POINT('',(0.E0,1.5E2,7.68E1));
#4419=DIRECTION('',(0.E0,1.E0,0.E0));
#4420=DIRECTION('',(1.E0,0.E0,0.E0));
#4421=AXIS2_PLACEMENT_3D('',#4418,#4419,#4420);
#4422=PLANE('',#4421);
#4423=ORIENTED_EDGE('',*,*,#4410,.F.);
#4424=ORIENTED_EDGE('',*,*,#4399,.F.);
#4426=ORIENTED_EDGE('',*,*,#4425,.F.);
#4427=ORIENTED_EDGE('',*,*,#4365,.F.);
#4428=EDGE_LOOP('',(#4423,#4424,#4426,#4427));
#4429=FACE_OUTER_BOUND('',#4428,.F.);
#4430=ADVANCED_FACE('',(#4429),#4422,.T.);
#4431=CARTESIAN_POINT('',(0.E0,1.5E2,7.68E1));
#4432=DIRECTION('',(0.E0,1.E0,0.E0));
#4433=DIRECTION('',(1.E0,0.E0,0.E0));
#4434=AXIS2_PLACEMENT_3D('',#4431,#4432,#4433);
#4435=PLANE('',#4434);
#4437=ORIENTED_EDGE('',*,*,#4436,.F.);
#4439=ORIENTED_EDGE('',*,*,#4438,.F.);
#4441=ORIENTED_EDGE('',*,*,#4440,.F.);
#4443=ORIENTED_EDGE('',*,*,#4442,.F.);
#4444=EDGE_LOOP('',(#4437,#4439,#4441,#4443));
#4445=FACE_OUTER_BOUND('',#4444,.F.);
#4446=ADVANCED_FACE('',(#4445),#4435,.T.);
#4447=CARTESIAN_POINT('',(-3.E1,1.4E2,-4.34E1));
#4448=DIRECTION('',(1.E0,0.E0,0.E0));
#4449=DIRECTION('',(0.E0,0.E0,-1.E0));
#4450=AXIS2_PLACEMENT_3D('',#4447,#4448,#4449);
#4451=PLANE('',#4450);
#4452=ORIENTED_EDGE('',*,*,#3666,.F.);
#4453=ORIENTED_EDGE('',*,*,#4367,.T.);
#4454=ORIENTED_EDGE('',*,*,#4425,.T.);
#4455=ORIENTED_EDGE('',*,*,#4397,.F.);
#4456=EDGE_LOOP('',(#4452,#4453,#4454,#4455));
#4457=FACE_OUTER_BOUND('',#4456,.F.);
#4458=ADVANCED_FACE('',(#4457),#4451,.T.);
#4459=CARTESIAN_POINT('',(-6.04E1,1.4E2,-6.82E1));
#4460=DIRECTION('',(0.E0,0.E0,-1.E0));
#4461=DIRECTION('',(-1.E0,0.E0,0.E0));
#4462=AXIS2_PLACEMENT_3D('',#4459,#4460,#4461);
#4463=PLANE('',#4462);
#4464=ORIENTED_EDGE('',*,*,#3674,.T.);
#4466=ORIENTED_EDGE('',*,*,#4465,.T.);
#4468=ORIENTED_EDGE('',*,*,#4467,.T.);
#4470=ORIENTED_EDGE('',*,*,#4469,.T.);
#4471=ORIENTED_EDGE('',*,*,#4436,.T.);
#4473=ORIENTED_EDGE('',*,*,#4472,.F.);
#4474=EDGE_LOOP('',(#4464,#4466,#4468,#4470,#4471,#4473));
#4475=FACE_OUTER_BOUND('',#4474,.F.);
#4476=ADVANCED_FACE('',(#4475),#4463,.T.);
#4477=CARTESIAN_POINT('',(-5.54E1,1.4E2,-4.34E1));
#4478=DIRECTION('',(1.E0,0.E0,0.E0));
#4479=DIRECTION('',(0.E0,0.E0,-1.E0));
#4480=AXIS2_PLACEMENT_3D('',#4477,#4478,#4479);
#4481=PLANE('',#4480);
#4482=ORIENTED_EDGE('',*,*,#3680,.F.);
#4484=ORIENTED_EDGE('',*,*,#4483,.T.);
#4486=ORIENTED_EDGE('',*,*,#4485,.T.);
#4487=ORIENTED_EDGE('',*,*,#4465,.F.);
#4488=EDGE_LOOP('',(#4482,#4484,#4486,#4487));
#4489=FACE_OUTER_BOUND('',#4488,.F.);
#4490=ADVANCED_FACE('',(#4489),#4481,.T.);
#4491=CARTESIAN_POINT('',(-6.54E1,1.4E2,-4.34E1));
#4492=DIRECTION('',(0.E0,0.E0,1.E0));
#4493=DIRECTION('',(1.E0,0.E0,0.E0));
#4494=AXIS2_PLACEMENT_3D('',#4491,#4492,#4493);
#4495=PLANE('',#4494);
#4497=ORIENTED_EDGE('',*,*,#4496,.F.);
#4499=ORIENTED_EDGE('',*,*,#4498,.T.);
#4500=ORIENTED_EDGE('',*,*,#4483,.F.);
#4501=ORIENTED_EDGE('',*,*,#3678,.T.);
#4503=ORIENTED_EDGE('',*,*,#4502,.T.);
#4504=ORIENTED_EDGE('',*,*,#4440,.T.);
#4505=EDGE_LOOP('',(#4497,#4499,#4500,#4501,#4503,#4504));
#4506=FACE_OUTER_BOUND('',#4505,.F.);
#4507=ADVANCED_FACE('',(#4506),#4495,.T.);
#4508=CARTESIAN_POINT('',(-6.04E1,1.4E2,-4.34E1));
#4509=DIRECTION('',(1.E0,0.E0,0.E0));
#4510=DIRECTION('',(0.E0,0.E0,-1.E0));
#4511=AXIS2_PLACEMENT_3D('',#4508,#4509,#4510);
#4512=PLANE('',#4511);
#4513=ORIENTED_EDGE('',*,*,#4469,.F.);
#4515=ORIENTED_EDGE('',*,*,#4514,.F.);
#4516=ORIENTED_EDGE('',*,*,#4496,.T.);
#4517=ORIENTED_EDGE('',*,*,#4438,.T.);
#4518=EDGE_LOOP('',(#4513,#4515,#4516,#4517));
#4519=FACE_OUTER_BOUND('',#4518,.F.);
#4520=ADVANCED_FACE('',(#4519),#4512,.T.);
#4521=CARTESIAN_POINT('',(0.E0,1.45E2,7.68E1));
#4522=DIRECTION('',(0.E0,1.E0,0.E0));
#4523=DIRECTION('',(1.E0,0.E0,0.E0));
#4524=AXIS2_PLACEMENT_3D('',#4521,#4522,#4523);
#4525=PLANE('',#4524);
#4526=ORIENTED_EDGE('',*,*,#4413,.F.);
#4527=ORIENTED_EDGE('',*,*,#4361,.F.);
#4528=ORIENTED_EDGE('',*,*,#4380,.F.);
#4529=ORIENTED_EDGE('',*,*,#4393,.F.);
#4530=EDGE_LOOP('',(#4526,#4527,#4528,#4529));
#4531=FACE_OUTER_BOUND('',#4530,.F.);
#4532=ADVANCED_FACE('',(#4531),#4525,.T.);
#4533=CARTESIAN_POINT('',(0.E0,1.45E2,7.68E1));
#4534=DIRECTION('',(0.E0,1.E0,0.E0));
#4535=DIRECTION('',(1.E0,0.E0,0.E0));
#4536=AXIS2_PLACEMENT_3D('',#4533,#4534,#4535);
#4537=PLANE('',#4536);
#4538=ORIENTED_EDGE('',*,*,#4514,.T.);
#4539=ORIENTED_EDGE('',*,*,#4467,.F.);
#4540=ORIENTED_EDGE('',*,*,#4485,.F.);
#4541=ORIENTED_EDGE('',*,*,#4498,.F.);
#4542=EDGE_LOOP('',(#4538,#4539,#4540,#4541));
#4543=FACE_OUTER_BOUND('',#4542,.F.);
#4544=ADVANCED_FACE('',(#4543),#4537,.T.);
#4545=CARTESIAN_POINT('',(-6.54E1,1.4E2,-6.82E1));
#4546=DIRECTION('',(-1.E0,0.E0,0.E0));
#4547=DIRECTION('',(0.E0,0.E0,1.E0));
#4548=AXIS2_PLACEMENT_3D('',#4545,#4546,#4547);
#4549=PLANE('',#4548);
#4550=ORIENTED_EDGE('',*,*,#3676,.F.);
#4551=ORIENTED_EDGE('',*,*,#4472,.T.);
#4552=ORIENTED_EDGE('',*,*,#4442,.T.);
#4553=ORIENTED_EDGE('',*,*,#4502,.F.);
#4554=EDGE_LOOP('',(#4550,#4551,#4552,#4553));
#4555=FACE_OUTER_BOUND('',#4554,.F.);
#4556=ADVANCED_FACE('',(#4555),#4549,.T.);
#4557=CARTESIAN_POINT('',(-3.5E1,1.4E2,-5.E0));
#4558=DIRECTION('',(0.E0,0.E0,1.E0));
#4559=DIRECTION('',(1.E0,0.E0,0.E0));
#4560=AXIS2_PLACEMENT_3D('',#4557,#4558,#4559);
#4561=PLANE('',#4560);
#4562=ORIENTED_EDGE('',*,*,#3684,.T.);
#4564=ORIENTED_EDGE('',*,*,#4563,.T.);
#4566=ORIENTED_EDGE('',*,*,#4565,.T.);
#4568=ORIENTED_EDGE('',*,*,#4567,.T.);
#4570=ORIENTED_EDGE('',*,*,#4569,.T.);
#4572=ORIENTED_EDGE('',*,*,#4571,.F.);
#4573=EDGE_LOOP('',(#4562,#4564,#4566,#4568,#4570,#4572));
#4574=FACE_OUTER_BOUND('',#4573,.F.);
#4575=ADVANCED_FACE('',(#4574),#4561,.T.);
#4576=CARTESIAN_POINT('',(-4.E1,1.4E2,-2.98E1));
#4577=DIRECTION('',(-1.E0,0.E0,0.E0));
#4578=DIRECTION('',(0.E0,0.E0,1.E0));
#4579=AXIS2_PLACEMENT_3D('',#4576,#4577,#4578);
#4580=PLANE('',#4579);
#4581=ORIENTED_EDGE('',*,*,#3690,.F.);
#4583=ORIENTED_EDGE('',*,*,#4582,.T.);
#4585=ORIENTED_EDGE('',*,*,#4584,.T.);
#4586=ORIENTED_EDGE('',*,*,#4563,.F.);
#4587=EDGE_LOOP('',(#4581,#4583,#4585,#4586));
#4588=FACE_OUTER_BOUND('',#4587,.F.);
#4589=ADVANCED_FACE('',(#4588),#4580,.T.);
#4590=CARTESIAN_POINT('',(-3.E1,1.4E2,-2.98E1));
#4591=DIRECTION('',(0.E0,0.E0,-1.E0));
#4592=DIRECTION('',(-1.E0,0.E0,0.E0));
#4593=AXIS2_PLACEMENT_3D('',#4590,#4591,#4592);
#4594=PLANE('',#4593);
#4596=ORIENTED_EDGE('',*,*,#4595,.F.);
#4598=ORIENTED_EDGE('',*,*,#4597,.T.);
#4599=ORIENTED_EDGE('',*,*,#4582,.F.);
#4600=ORIENTED_EDGE('',*,*,#3688,.T.);
#4602=ORIENTED_EDGE('',*,*,#4601,.T.);
#4604=ORIENTED_EDGE('',*,*,#4603,.T.);
#4605=EDGE_LOOP('',(#4596,#4598,#4599,#4600,#4602,#4604));
#4606=FACE_OUTER_BOUND('',#4605,.F.);
#4607=ADVANCED_FACE('',(#4606),#4594,.T.);
#4608=CARTESIAN_POINT('',(-3.5E1,1.4E2,-2.98E1));
#4609=DIRECTION('',(-1.E0,0.E0,0.E0));
#4610=DIRECTION('',(0.E0,0.E0,1.E0));
#4611=AXIS2_PLACEMENT_3D('',#4608,#4609,#4610);
#4612=PLANE('',#4611);
#4613=ORIENTED_EDGE('',*,*,#4595,.T.);
#4615=ORIENTED_EDGE('',*,*,#4614,.T.);
#4616=ORIENTED_EDGE('',*,*,#4567,.F.);
#4618=ORIENTED_EDGE('',*,*,#4617,.T.);
#4619=EDGE_LOOP('',(#4613,#4615,#4616,#4618));
#4620=FACE_OUTER_BOUND('',#4619,.F.);
#4621=ADVANCED_FACE('',(#4620),#4612,.T.);
#4622=CARTESIAN_POINT('',(0.E0,1.5E2,1.152E2));
#4623=DIRECTION('',(0.E0,1.E0,0.E0));
#4624=DIRECTION('',(1.E0,0.E0,0.E0));
#4625=AXIS2_PLACEMENT_3D('',#4622,#4623,#4624);
#4626=PLANE('',#4625);
#4627=ORIENTED_EDGE('',*,*,#4614,.F.);
#4628=ORIENTED_EDGE('',*,*,#4603,.F.);
#4630=ORIENTED_EDGE('',*,*,#4629,.F.);
#4631=ORIENTED_EDGE('',*,*,#4569,.F.);
#4632=EDGE_LOOP('',(#4627,#4628,#4630,#4631));
#4633=FACE_OUTER_BOUND('',#4632,.F.);
#4634=ADVANCED_FACE('',(#4633),#4626,.T.);
#4635=CARTESIAN_POINT('',(0.E0,1.5E2,1.152E2));
#4636=DIRECTION('',(0.E0,1.E0,0.E0));
#4637=DIRECTION('',(1.E0,0.E0,0.E0));
#4638=AXIS2_PLACEMENT_3D('',#4635,#4636,#4637);
#4639=PLANE('',#4638);
#4641=ORIENTED_EDGE('',*,*,#4640,.F.);
#4643=ORIENTED_EDGE('',*,*,#4642,.F.);
#4645=ORIENTED_EDGE('',*,*,#4644,.F.);
#4647=ORIENTED_EDGE('',*,*,#4646,.F.);
#4648=EDGE_LOOP('',(#4641,#4643,#4645,#4647));
#4649=FACE_OUTER_BOUND('',#4648,.F.);
#4650=ADVANCED_FACE('',(#4649),#4639,.T.);
#4651=CARTESIAN_POINT('',(-3.E1,1.4E2,-5.E0));
#4652=DIRECTION('',(1.E0,0.E0,0.E0));
#4653=DIRECTION('',(0.E0,0.E0,-1.E0));
#4654=AXIS2_PLACEMENT_3D('',#4651,#4652,#4653);
#4655=PLANE('',#4654);
#4656=ORIENTED_EDGE('',*,*,#3686,.F.);
#4657=ORIENTED_EDGE('',*,*,#4571,.T.);
#4658=ORIENTED_EDGE('',*,*,#4629,.T.);
#4659=ORIENTED_EDGE('',*,*,#4601,.F.);
#4660=EDGE_LOOP('',(#4656,#4657,#4658,#4659));
#4661=FACE_OUTER_BOUND('',#4660,.F.);
#4662=ADVANCED_FACE('',(#4661),#4655,.T.);
#4663=CARTESIAN_POINT('',(-6.04E1,1.4E2,-2.98E1));
#4664=DIRECTION('',(0.E0,0.E0,-1.E0));
#4665=DIRECTION('',(-1.E0,0.E0,0.E0));
#4666=AXIS2_PLACEMENT_3D('',#4663,#4664,#4665);
#4667=PLANE('',#4666);
#4668=ORIENTED_EDGE('',*,*,#3694,.T.);
#4670=ORIENTED_EDGE('',*,*,#4669,.T.);
#4672=ORIENTED_EDGE('',*,*,#4671,.T.);
#4674=ORIENTED_EDGE('',*,*,#4673,.T.);
#4675=ORIENTED_EDGE('',*,*,#4640,.T.);
#4677=ORIENTED_EDGE('',*,*,#4676,.F.);
#4678=EDGE_LOOP('',(#4668,#4670,#4672,#4674,#4675,#4677));
#4679=FACE_OUTER_BOUND('',#4678,.F.);
#4680=ADVANCED_FACE('',(#4679),#4667,.T.);
#4681=CARTESIAN_POINT('',(-5.54E1,1.4E2,-5.E0));
#4682=DIRECTION('',(1.E0,0.E0,0.E0));
#4683=DIRECTION('',(0.E0,0.E0,-1.E0));
#4684=AXIS2_PLACEMENT_3D('',#4681,#4682,#4683);
#4685=PLANE('',#4684);
#4686=ORIENTED_EDGE('',*,*,#3700,.F.);
#4688=ORIENTED_EDGE('',*,*,#4687,.T.);
#4690=ORIENTED_EDGE('',*,*,#4689,.T.);
#4691=ORIENTED_EDGE('',*,*,#4669,.F.);
#4692=EDGE_LOOP('',(#4686,#4688,#4690,#4691));
#4693=FACE_OUTER_BOUND('',#4692,.F.);
#4694=ADVANCED_FACE('',(#4693),#4685,.T.);
#4695=CARTESIAN_POINT('',(-6.54E1,1.4E2,-5.E0));
#4696=DIRECTION('',(0.E0,0.E0,1.E0));
#4697=DIRECTION('',(1.E0,0.E0,0.E0));
#4698=AXIS2_PLACEMENT_3D('',#4695,#4696,#4697);
#4699=PLANE('',#4698);
#4701=ORIENTED_EDGE('',*,*,#4700,.F.);
#4703=ORIENTED_EDGE('',*,*,#4702,.T.);
#4704=ORIENTED_EDGE('',*,*,#4687,.F.);
#4705=ORIENTED_EDGE('',*,*,#3698,.T.);
#4707=ORIENTED_EDGE('',*,*,#4706,.T.);
#4708=ORIENTED_EDGE('',*,*,#4644,.T.);
#4709=EDGE_LOOP('',(#4701,#4703,#4704,#4705,#4707,#4708));
#4710=FACE_OUTER_BOUND('',#4709,.F.);
#4711=ADVANCED_FACE('',(#4710),#4699,.T.);
#4712=CARTESIAN_POINT('',(-6.04E1,1.4E2,-5.E0));
#4713=DIRECTION('',(1.E0,0.E0,0.E0));
#4714=DIRECTION('',(0.E0,0.E0,-1.E0));
#4715=AXIS2_PLACEMENT_3D('',#4712,#4713,#4714);
#4716=PLANE('',#4715);
#4717=ORIENTED_EDGE('',*,*,#4673,.F.);
#4719=ORIENTED_EDGE('',*,*,#4718,.F.);
#4720=ORIENTED_EDGE('',*,*,#4700,.T.);
#4721=ORIENTED_EDGE('',*,*,#4642,.T.);
#4722=EDGE_LOOP('',(#4717,#4719,#4720,#4721));
#4723=FACE_OUTER_BOUND('',#4722,.F.);
#4724=ADVANCED_FACE('',(#4723),#4716,.T.);
#4725=CARTESIAN_POINT('',(0.E0,1.45E2,1.152E2));
#4726=DIRECTION('',(0.E0,1.E0,0.E0));
#4727=DIRECTION('',(1.E0,0.E0,0.E0));
#4728=AXIS2_PLACEMENT_3D('',#4725,#4726,#4727);
#4729=PLANE('',#4728);
#4730=ORIENTED_EDGE('',*,*,#4617,.F.);
#4731=ORIENTED_EDGE('',*,*,#4565,.F.);
#4732=ORIENTED_EDGE('',*,*,#4584,.F.);
#4733=ORIENTED_EDGE('',*,*,#4597,.F.);
#4734=EDGE_LOOP('',(#4730,#4731,#4732,#4733));
#4735=FACE_OUTER_BOUND('',#4734,.F.);
#4736=ADVANCED_FACE('',(#4735),#4729,.T.);
#4737=CARTESIAN_POINT('',(0.E0,1.45E2,1.152E2));
#4738=DIRECTION('',(0.E0,1.E0,0.E0));
#4739=DIRECTION('',(1.E0,0.E0,0.E0));
#4740=AXIS2_PLACEMENT_3D('',#4737,#4738,#4739);
#4741=PLANE('',#4740);
#4742=ORIENTED_EDGE('',*,*,#4718,.T.);
#4743=ORIENTED_EDGE('',*,*,#4671,.F.);
#4744=ORIENTED_EDGE('',*,*,#4689,.F.);
#4745=ORIENTED_EDGE('',*,*,#4702,.F.);
#4746=EDGE_LOOP('',(#4742,#4743,#4744,#4745));
#4747=FACE_OUTER_BOUND('',#4746,.F.);
#4748=ADVANCED_FACE('',(#4747),#4741,.T.);
#4749=CARTESIAN_POINT('',(-6.54E1,1.4E2,-2.98E1));
#4750=DIRECTION('',(-1.E0,0.E0,0.E0));
#4751=DIRECTION('',(0.E0,0.E0,1.E0));
#4752=AXIS2_PLACEMENT_3D('',#4749,#4750,#4751);
#4753=PLANE('',#4752);
#4754=ORIENTED_EDGE('',*,*,#3696,.F.);
#4755=ORIENTED_EDGE('',*,*,#4676,.T.);
#4756=ORIENTED_EDGE('',*,*,#4646,.T.);
#4757=ORIENTED_EDGE('',*,*,#4706,.F.);
#4758=EDGE_LOOP('',(#4754,#4755,#4756,#4757));
#4759=FACE_OUTER_BOUND('',#4758,.F.);
#4760=ADVANCED_FACE('',(#4759),#4753,.T.);
#4761=CARTESIAN_POINT('',(-7.7E1,1.4E2,-1.202E2));
#4762=DIRECTION('',(0.E0,0.E0,1.E0));
#4763=DIRECTION('',(1.E0,0.E0,0.E0));
#4764=AXIS2_PLACEMENT_3D('',#4761,#4762,#4763);
#4765=PLANE('',#4764);
#4766=ORIENTED_EDGE('',*,*,#3704,.T.);
#4768=ORIENTED_EDGE('',*,*,#4767,.T.);
#4770=ORIENTED_EDGE('',*,*,#4769,.T.);
#4772=ORIENTED_EDGE('',*,*,#4771,.T.);
#4774=ORIENTED_EDGE('',*,*,#4773,.T.);
#4776=ORIENTED_EDGE('',*,*,#4775,.F.);
#4777=EDGE_LOOP('',(#4766,#4768,#4770,#4772,#4774,#4776));
#4778=FACE_OUTER_BOUND('',#4777,.F.);
#4779=ADVANCED_FACE('',(#4778),#4765,.T.);
#4780=CARTESIAN_POINT('',(-8.2E1,1.4E2,-1.45E2));
#4781=DIRECTION('',(-1.E0,0.E0,0.E0));
#4782=DIRECTION('',(0.E0,0.E0,1.E0));
#4783=AXIS2_PLACEMENT_3D('',#4780,#4781,#4782);
#4784=PLANE('',#4783);
#4785=ORIENTED_EDGE('',*,*,#3710,.F.);
#4787=ORIENTED_EDGE('',*,*,#4786,.T.);
#4789=ORIENTED_EDGE('',*,*,#4788,.T.);
#4790=ORIENTED_EDGE('',*,*,#4767,.F.);
#4791=EDGE_LOOP('',(#4785,#4787,#4789,#4790));
#4792=FACE_OUTER_BOUND('',#4791,.F.);
#4793=ADVANCED_FACE('',(#4792),#4784,.T.);
#4794=CARTESIAN_POINT('',(-7.2E1,1.4E2,-1.45E2));
#4795=DIRECTION('',(0.E0,0.E0,-1.E0));
#4796=DIRECTION('',(-1.E0,0.E0,0.E0));
#4797=AXIS2_PLACEMENT_3D('',#4794,#4795,#4796);
#4798=PLANE('',#4797);
#4800=ORIENTED_EDGE('',*,*,#4799,.F.);
#4802=ORIENTED_EDGE('',*,*,#4801,.T.);
#4803=ORIENTED_EDGE('',*,*,#4786,.F.);
#4804=ORIENTED_EDGE('',*,*,#3708,.T.);
#4806=ORIENTED_EDGE('',*,*,#4805,.T.);
#4808=ORIENTED_EDGE('',*,*,#4807,.T.);
#4809=EDGE_LOOP('',(#4800,#4802,#4803,#4804,#4806,#4808));
#4810=FACE_OUTER_BOUND('',#4809,.F.);
#4811=ADVANCED_FACE('',(#4810),#4798,.T.);
#4812=CARTESIAN_POINT('',(-7.7E1,1.4E2,-1.45E2));
#4813=DIRECTION('',(-1.E0,0.E0,0.E0));
#4814=DIRECTION('',(0.E0,0.E0,1.E0));
#4815=AXIS2_PLACEMENT_3D('',#4812,#4813,#4814);
#4816=PLANE('',#4815);
#4817=ORIENTED_EDGE('',*,*,#4799,.T.);
#4819=ORIENTED_EDGE('',*,*,#4818,.T.);
#4820=ORIENTED_EDGE('',*,*,#4771,.F.);
#4822=ORIENTED_EDGE('',*,*,#4821,.T.);
#4823=EDGE_LOOP('',(#4817,#4819,#4820,#4822));
#4824=FACE_OUTER_BOUND('',#4823,.F.);
#4825=ADVANCED_FACE('',(#4824),#4816,.T.);
#4826=CARTESIAN_POINT('',(-4.2E1,1.5E2,0.E0));
#4827=DIRECTION('',(0.E0,1.E0,0.E0));
#4828=DIRECTION('',(1.E0,0.E0,0.E0));
#4829=AXIS2_PLACEMENT_3D('',#4826,#4827,#4828);
#4830=PLANE('',#4829);
#4831=ORIENTED_EDGE('',*,*,#4818,.F.);
#4832=ORIENTED_EDGE('',*,*,#4807,.F.);
#4834=ORIENTED_EDGE('',*,*,#4833,.F.);
#4835=ORIENTED_EDGE('',*,*,#4773,.F.);
#4836=EDGE_LOOP('',(#4831,#4832,#4834,#4835));
#4837=FACE_OUTER_BOUND('',#4836,.F.);
#4838=ADVANCED_FACE('',(#4837),#4830,.T.);
#4839=CARTESIAN_POINT('',(-4.2E1,1.5E2,0.E0));
#4840=DIRECTION('',(0.E0,1.E0,0.E0));
#4841=DIRECTION('',(1.E0,0.E0,0.E0));
#4842=AXIS2_PLACEMENT_3D('',#4839,#4840,#4841);
#4843=PLANE('',#4842);
#4845=ORIENTED_EDGE('',*,*,#4844,.F.);
#4847=ORIENTED_EDGE('',*,*,#4846,.F.);
#4849=ORIENTED_EDGE('',*,*,#4848,.F.);
#4851=ORIENTED_EDGE('',*,*,#4850,.F.);
#4852=EDGE_LOOP('',(#4845,#4847,#4849,#4851));
#4853=FACE_OUTER_BOUND('',#4852,.F.);
#4854=ADVANCED_FACE('',(#4853),#4843,.T.);
#4855=CARTESIAN_POINT('',(-7.2E1,1.4E2,-1.202E2));
#4856=DIRECTION('',(1.E0,0.E0,0.E0));
#4857=DIRECTION('',(0.E0,0.E0,-1.E0));
#4858=AXIS2_PLACEMENT_3D('',#4855,#4856,#4857);
#4859=PLANE('',#4858);
#4860=ORIENTED_EDGE('',*,*,#3706,.F.);
#4861=ORIENTED_EDGE('',*,*,#4775,.T.);
#4862=ORIENTED_EDGE('',*,*,#4833,.T.);
#4863=ORIENTED_EDGE('',*,*,#4805,.F.);
#4864=EDGE_LOOP('',(#4860,#4861,#4862,#4863));
#4865=FACE_OUTER_BOUND('',#4864,.F.);
#4866=ADVANCED_FACE('',(#4865),#4859,.T.);
#4867=CARTESIAN_POINT('',(-1.024E2,1.4E2,-1.45E2));
#4868=DIRECTION('',(0.E0,0.E0,-1.E0));
#4869=DIRECTION('',(-1.E0,0.E0,0.E0));
#4870=AXIS2_PLACEMENT_3D('',#4867,#4868,#4869);
#4871=PLANE('',#4870);
#4872=ORIENTED_EDGE('',*,*,#3714,.T.);
#4874=ORIENTED_EDGE('',*,*,#4873,.T.);
#4876=ORIENTED_EDGE('',*,*,#4875,.T.);
#4878=ORIENTED_EDGE('',*,*,#4877,.T.);
#4879=ORIENTED_EDGE('',*,*,#4844,.T.);
#4881=ORIENTED_EDGE('',*,*,#4880,.F.);
#4882=EDGE_LOOP('',(#4872,#4874,#4876,#4878,#4879,#4881));
#4883=FACE_OUTER_BOUND('',#4882,.F.);
#4884=ADVANCED_FACE('',(#4883),#4871,.T.);
#4885=CARTESIAN_POINT('',(-9.74E1,1.4E2,-1.202E2));
#4886=DIRECTION('',(1.E0,0.E0,0.E0));
#4887=DIRECTION('',(0.E0,0.E0,-1.E0));
#4888=AXIS2_PLACEMENT_3D('',#4885,#4886,#4887);
#4889=PLANE('',#4888);
#4890=ORIENTED_EDGE('',*,*,#3720,.F.);
#4892=ORIENTED_EDGE('',*,*,#4891,.T.);
#4894=ORIENTED_EDGE('',*,*,#4893,.T.);
#4895=ORIENTED_EDGE('',*,*,#4873,.F.);
#4896=EDGE_LOOP('',(#4890,#4892,#4894,#4895));
#4897=FACE_OUTER_BOUND('',#4896,.F.);
#4898=ADVANCED_FACE('',(#4897),#4889,.T.);
#4899=CARTESIAN_POINT('',(-1.074E2,1.4E2,-1.202E2));
#4900=DIRECTION('',(0.E0,0.E0,1.E0));
#4901=DIRECTION('',(1.E0,0.E0,0.E0));
#4902=AXIS2_PLACEMENT_3D('',#4899,#4900,#4901);
#4903=PLANE('',#4902);
#4905=ORIENTED_EDGE('',*,*,#4904,.F.);
#4907=ORIENTED_EDGE('',*,*,#4906,.T.);
#4908=ORIENTED_EDGE('',*,*,#4891,.F.);
#4909=ORIENTED_EDGE('',*,*,#3718,.T.);
#4911=ORIENTED_EDGE('',*,*,#4910,.T.);
#4912=ORIENTED_EDGE('',*,*,#4848,.T.);
#4913=EDGE_LOOP('',(#4905,#4907,#4908,#4909,#4911,#4912));
#4914=FACE_OUTER_BOUND('',#4913,.F.);
#4915=ADVANCED_FACE('',(#4914),#4903,.T.);
#4916=CARTESIAN_POINT('',(-1.024E2,1.4E2,-1.202E2));
#4917=DIRECTION('',(1.E0,0.E0,0.E0));
#4918=DIRECTION('',(0.E0,0.E0,-1.E0));
#4919=AXIS2_PLACEMENT_3D('',#4916,#4917,#4918);
#4920=PLANE('',#4919);
#4921=ORIENTED_EDGE('',*,*,#4877,.F.);
#4923=ORIENTED_EDGE('',*,*,#4922,.F.);
#4924=ORIENTED_EDGE('',*,*,#4904,.T.);
#4925=ORIENTED_EDGE('',*,*,#4846,.T.);
#4926=EDGE_LOOP('',(#4921,#4923,#4924,#4925));
#4927=FACE_OUTER_BOUND('',#4926,.F.);
#4928=ADVANCED_FACE('',(#4927),#4920,.T.);
#4929=CARTESIAN_POINT('',(-4.2E1,1.45E2,0.E0));
#4930=DIRECTION('',(0.E0,1.E0,0.E0));
#4931=DIRECTION('',(1.E0,0.E0,0.E0));
#4932=AXIS2_PLACEMENT_3D('',#4929,#4930,#4931);
#4933=PLANE('',#4932);
#4934=ORIENTED_EDGE('',*,*,#4801,.F.);
#4935=ORIENTED_EDGE('',*,*,#4821,.F.);
#4936=ORIENTED_EDGE('',*,*,#4769,.F.);
#4937=ORIENTED_EDGE('',*,*,#4788,.F.);
#4938=EDGE_LOOP('',(#4934,#4935,#4936,#4937));
#4939=FACE_OUTER_BOUND('',#4938,.F.);
#4940=ADVANCED_FACE('',(#4939),#4933,.T.);
#4941=CARTESIAN_POINT('',(-4.2E1,1.45E2,0.E0));
#4942=DIRECTION('',(0.E0,1.E0,0.E0));
#4943=DIRECTION('',(1.E0,0.E0,0.E0));
#4944=AXIS2_PLACEMENT_3D('',#4941,#4942,#4943);
#4945=PLANE('',#4944);
#4946=ORIENTED_EDGE('',*,*,#4922,.T.);
#4947=ORIENTED_EDGE('',*,*,#4875,.F.);
#4948=ORIENTED_EDGE('',*,*,#4893,.F.);
#4949=ORIENTED_EDGE('',*,*,#4906,.F.);
#4950=EDGE_LOOP('',(#4946,#4947,#4948,#4949));
#4951=FACE_OUTER_BOUND('',#4950,.F.);
#4952=ADVANCED_FACE('',(#4951),#4945,.T.);
#4953=CARTESIAN_POINT('',(-1.074E2,1.4E2,-1.45E2));
#4954=DIRECTION('',(-1.E0,0.E0,0.E0));
#4955=DIRECTION('',(0.E0,0.E0,1.E0));
#4956=AXIS2_PLACEMENT_3D('',#4953,#4954,#4955);
#4957=PLANE('',#4956);
#4958=ORIENTED_EDGE('',*,*,#3716,.F.);
#4959=ORIENTED_EDGE('',*,*,#4880,.T.);
#4960=ORIENTED_EDGE('',*,*,#4850,.T.);
#4961=ORIENTED_EDGE('',*,*,#4910,.F.);
#4962=EDGE_LOOP('',(#4958,#4959,#4960,#4961));
#4963=FACE_OUTER_BOUND('',#4962,.F.);
#4964=ADVANCED_FACE('',(#4963),#4957,.T.);
#4965=CARTESIAN_POINT('',(-7.7E1,1.4E2,-8.18E1));
#4966=DIRECTION('',(0.E0,0.E0,1.E0));
#4967=DIRECTION('',(1.E0,0.E0,0.E0));
#4968=AXIS2_PLACEMENT_3D('',#4965,#4966,#4967);
#4969=PLANE('',#4968);
#4970=ORIENTED_EDGE('',*,*,#3724,.T.);
#4972=ORIENTED_EDGE('',*,*,#4971,.T.);
#4974=ORIENTED_EDGE('',*,*,#4973,.T.);
#4976=ORIENTED_EDGE('',*,*,#4975,.T.);
#4978=ORIENTED_EDGE('',*,*,#4977,.T.);
#4980=ORIENTED_EDGE('',*,*,#4979,.F.);
#4981=EDGE_LOOP('',(#4970,#4972,#4974,#4976,#4978,#4980));
#4982=FACE_OUTER_BOUND('',#4981,.F.);
#4983=ADVANCED_FACE('',(#4982),#4969,.T.);
#4984=CARTESIAN_POINT('',(-8.2E1,1.4E2,-1.066E2));
#4985=DIRECTION('',(-1.E0,0.E0,0.E0));
#4986=DIRECTION('',(0.E0,0.E0,1.E0));
#4987=AXIS2_PLACEMENT_3D('',#4984,#4985,#4986);
#4988=PLANE('',#4987);
#4989=ORIENTED_EDGE('',*,*,#3730,.F.);
#4991=ORIENTED_EDGE('',*,*,#4990,.T.);
#4993=ORIENTED_EDGE('',*,*,#4992,.T.);
#4994=ORIENTED_EDGE('',*,*,#4971,.F.);
#4995=EDGE_LOOP('',(#4989,#4991,#4993,#4994));
#4996=FACE_OUTER_BOUND('',#4995,.F.);
#4997=ADVANCED_FACE('',(#4996),#4988,.T.);
#4998=CARTESIAN_POINT('',(-7.2E1,1.4E2,-1.066E2));
#4999=DIRECTION('',(0.E0,0.E0,-1.E0));
#5000=DIRECTION('',(-1.E0,0.E0,0.E0));
#5001=AXIS2_PLACEMENT_3D('',#4998,#4999,#5000);
#5002=PLANE('',#5001);
#5004=ORIENTED_EDGE('',*,*,#5003,.F.);
#5006=ORIENTED_EDGE('',*,*,#5005,.T.);
#5007=ORIENTED_EDGE('',*,*,#4990,.F.);
#5008=ORIENTED_EDGE('',*,*,#3728,.T.);
#5010=ORIENTED_EDGE('',*,*,#5009,.T.);
#5012=ORIENTED_EDGE('',*,*,#5011,.T.);
#5013=EDGE_LOOP('',(#5004,#5006,#5007,#5008,#5010,#5012));
#5014=FACE_OUTER_BOUND('',#5013,.F.);
#5015=ADVANCED_FACE('',(#5014),#5002,.T.);
#5016=CARTESIAN_POINT('',(-7.7E1,1.4E2,-1.066E2));
#5017=DIRECTION('',(-1.E0,0.E0,0.E0));
#5018=DIRECTION('',(0.E0,0.E0,1.E0));
#5019=AXIS2_PLACEMENT_3D('',#5016,#5017,#5018);
#5020=PLANE('',#5019);
#5021=ORIENTED_EDGE('',*,*,#5003,.T.);
#5023=ORIENTED_EDGE('',*,*,#5022,.T.);
#5024=ORIENTED_EDGE('',*,*,#4975,.F.);
#5026=ORIENTED_EDGE('',*,*,#5025,.T.);
#5027=EDGE_LOOP('',(#5021,#5023,#5024,#5026));
#5028=FACE_OUTER_BOUND('',#5027,.F.);
#5029=ADVANCED_FACE('',(#5028),#5020,.T.);
#5030=CARTESIAN_POINT('',(-4.2E1,1.5E2,3.84E1));
#5031=DIRECTION('',(0.E0,1.E0,0.E0));
#5032=DIRECTION('',(1.E0,0.E0,0.E0));
#5033=AXIS2_PLACEMENT_3D('',#5030,#5031,#5032);
#5034=PLANE('',#5033);
#5035=ORIENTED_EDGE('',*,*,#5022,.F.);
#5036=ORIENTED_EDGE('',*,*,#5011,.F.);
#5038=ORIENTED_EDGE('',*,*,#5037,.F.);
#5039=ORIENTED_EDGE('',*,*,#4977,.F.);
#5040=EDGE_LOOP('',(#5035,#5036,#5038,#5039));
#5041=FACE_OUTER_BOUND('',#5040,.F.);
#5042=ADVANCED_FACE('',(#5041),#5034,.T.);
#5043=CARTESIAN_POINT('',(-4.2E1,1.5E2,3.84E1));
#5044=DIRECTION('',(0.E0,1.E0,0.E0));
#5045=DIRECTION('',(1.E0,0.E0,0.E0));
#5046=AXIS2_PLACEMENT_3D('',#5043,#5044,#5045);
#5047=PLANE('',#5046);
#5049=ORIENTED_EDGE('',*,*,#5048,.F.);
#5051=ORIENTED_EDGE('',*,*,#5050,.F.);
#5053=ORIENTED_EDGE('',*,*,#5052,.F.);
#5055=ORIENTED_EDGE('',*,*,#5054,.F.);
#5056=EDGE_LOOP('',(#5049,#5051,#5053,#5055));
#5057=FACE_OUTER_BOUND('',#5056,.F.);
#5058=ADVANCED_FACE('',(#5057),#5047,.T.);
#5059=CARTESIAN_POINT('',(-7.2E1,1.4E2,-8.18E1));
#5060=DIRECTION('',(1.E0,0.E0,0.E0));
#5061=DIRECTION('',(0.E0,0.E0,-1.E0));
#5062=AXIS2_PLACEMENT_3D('',#5059,#5060,#5061);
#5063=PLANE('',#5062);
#5064=ORIENTED_EDGE('',*,*,#3726,.F.);
#5065=ORIENTED_EDGE('',*,*,#4979,.T.);
#5066=ORIENTED_EDGE('',*,*,#5037,.T.);
#5067=ORIENTED_EDGE('',*,*,#5009,.F.);
#5068=EDGE_LOOP('',(#5064,#5065,#5066,#5067));
#5069=FACE_OUTER_BOUND('',#5068,.F.);
#5070=ADVANCED_FACE('',(#5069),#5063,.T.);
#5071=CARTESIAN_POINT('',(-1.024E2,1.4E2,-1.066E2));
#5072=DIRECTION('',(0.E0,0.E0,-1.E0));
#5073=DIRECTION('',(-1.E0,0.E0,0.E0));
#5074=AXIS2_PLACEMENT_3D('',#5071,#5072,#5073);
#5075=PLANE('',#5074);
#5076=ORIENTED_EDGE('',*,*,#3734,.T.);
#5078=ORIENTED_EDGE('',*,*,#5077,.T.);
#5080=ORIENTED_EDGE('',*,*,#5079,.T.);
#5082=ORIENTED_EDGE('',*,*,#5081,.T.);
#5083=ORIENTED_EDGE('',*,*,#5048,.T.);
#5085=ORIENTED_EDGE('',*,*,#5084,.F.);
#5086=EDGE_LOOP('',(#5076,#5078,#5080,#5082,#5083,#5085));
#5087=FACE_OUTER_BOUND('',#5086,.F.);
#5088=ADVANCED_FACE('',(#5087),#5075,.T.);
#5089=CARTESIAN_POINT('',(-9.74E1,1.4E2,-8.18E1));
#5090=DIRECTION('',(1.E0,0.E0,0.E0));
#5091=DIRECTION('',(0.E0,0.E0,-1.E0));
#5092=AXIS2_PLACEMENT_3D('',#5089,#5090,#5091);
#5093=PLANE('',#5092);
#5094=ORIENTED_EDGE('',*,*,#3740,.F.);
#5096=ORIENTED_EDGE('',*,*,#5095,.T.);
#5098=ORIENTED_EDGE('',*,*,#5097,.T.);
#5099=ORIENTED_EDGE('',*,*,#5077,.F.);
#5100=EDGE_LOOP('',(#5094,#5096,#5098,#5099));
#5101=FACE_OUTER_BOUND('',#5100,.F.);
#5102=ADVANCED_FACE('',(#5101),#5093,.T.);
#5103=CARTESIAN_POINT('',(-1.074E2,1.4E2,-8.18E1));
#5104=DIRECTION('',(0.E0,0.E0,1.E0));
#5105=DIRECTION('',(1.E0,0.E0,0.E0));
#5106=AXIS2_PLACEMENT_3D('',#5103,#5104,#5105);
#5107=PLANE('',#5106);
#5109=ORIENTED_EDGE('',*,*,#5108,.F.);
#5111=ORIENTED_EDGE('',*,*,#5110,.T.);
#5112=ORIENTED_EDGE('',*,*,#5095,.F.);
#5113=ORIENTED_EDGE('',*,*,#3738,.T.);
#5115=ORIENTED_EDGE('',*,*,#5114,.T.);
#5116=ORIENTED_EDGE('',*,*,#5052,.T.);
#5117=EDGE_LOOP('',(#5109,#5111,#5112,#5113,#5115,#5116));
#5118=FACE_OUTER_BOUND('',#5117,.F.);
#5119=ADVANCED_FACE('',(#5118),#5107,.T.);
#5120=CARTESIAN_POINT('',(-1.024E2,1.4E2,-8.18E1));
#5121=DIRECTION('',(1.E0,0.E0,0.E0));
#5122=DIRECTION('',(0.E0,0.E0,-1.E0));
#5123=AXIS2_PLACEMENT_3D('',#5120,#5121,#5122);
#5124=PLANE('',#5123);
#5125=ORIENTED_EDGE('',*,*,#5081,.F.);
#5127=ORIENTED_EDGE('',*,*,#5126,.F.);
#5128=ORIENTED_EDGE('',*,*,#5108,.T.);
#5129=ORIENTED_EDGE('',*,*,#5050,.T.);
#5130=EDGE_LOOP('',(#5125,#5127,#5128,#5129));
#5131=FACE_OUTER_BOUND('',#5130,.F.);
#5132=ADVANCED_FACE('',(#5131),#5124,.T.);
#5133=CARTESIAN_POINT('',(-4.2E1,1.45E2,3.84E1));
#5134=DIRECTION('',(0.E0,1.E0,0.E0));
#5135=DIRECTION('',(1.E0,0.E0,0.E0));
#5136=AXIS2_PLACEMENT_3D('',#5133,#5134,#5135);
#5137=PLANE('',#5136);
#5138=ORIENTED_EDGE('',*,*,#5005,.F.);
#5139=ORIENTED_EDGE('',*,*,#5025,.F.);
#5140=ORIENTED_EDGE('',*,*,#4973,.F.);
#5141=ORIENTED_EDGE('',*,*,#4992,.F.);
#5142=EDGE_LOOP('',(#5138,#5139,#5140,#5141));
#5143=FACE_OUTER_BOUND('',#5142,.F.);
#5144=ADVANCED_FACE('',(#5143),#5137,.T.);
#5145=CARTESIAN_POINT('',(-4.2E1,1.45E2,3.84E1));
#5146=DIRECTION('',(0.E0,1.E0,0.E0));
#5147=DIRECTION('',(1.E0,0.E0,0.E0));
#5148=AXIS2_PLACEMENT_3D('',#5145,#5146,#5147);
#5149=PLANE('',#5148);
#5150=ORIENTED_EDGE('',*,*,#5126,.T.);
#5151=ORIENTED_EDGE('',*,*,#5079,.F.);
#5152=ORIENTED_EDGE('',*,*,#5097,.F.);
#5153=ORIENTED_EDGE('',*,*,#5110,.F.);
#5154=EDGE_LOOP('',(#5150,#5151,#5152,#5153));
#5155=FACE_OUTER_BOUND('',#5154,.F.);
#5156=ADVANCED_FACE('',(#5155),#5149,.T.);
#5157=CARTESIAN_POINT('',(-1.074E2,1.4E2,-1.066E2));
#5158=DIRECTION('',(-1.E0,0.E0,0.E0));
#5159=DIRECTION('',(0.E0,0.E0,1.E0));
#5160=AXIS2_PLACEMENT_3D('',#5157,#5158,#5159);
#5161=PLANE('',#5160);
#5162=ORIENTED_EDGE('',*,*,#3736,.F.);
#5163=ORIENTED_EDGE('',*,*,#5084,.T.);
#5164=ORIENTED_EDGE('',*,*,#5054,.T.);
#5165=ORIENTED_EDGE('',*,*,#5114,.F.);
#5166=EDGE_LOOP('',(#5162,#5163,#5164,#5165));
#5167=FACE_OUTER_BOUND('',#5166,.F.);
#5168=ADVANCED_FACE('',(#5167),#5161,.T.);
#5169=CARTESIAN_POINT('',(-7.7E1,1.4E2,-4.34E1));
#5170=DIRECTION('',(0.E0,0.E0,1.E0));
#5171=DIRECTION('',(1.E0,0.E0,0.E0));
#5172=AXIS2_PLACEMENT_3D('',#5169,#5170,#5171);
#5173=PLANE('',#5172);
#5174=ORIENTED_EDGE('',*,*,#3744,.T.);
#5176=ORIENTED_EDGE('',*,*,#5175,.T.);
#5178=ORIENTED_EDGE('',*,*,#5177,.T.);
#5180=ORIENTED_EDGE('',*,*,#5179,.T.);
#5182=ORIENTED_EDGE('',*,*,#5181,.T.);
#5184=ORIENTED_EDGE('',*,*,#5183,.F.);
#5185=EDGE_LOOP('',(#5174,#5176,#5178,#5180,#5182,#5184));
#5186=FACE_OUTER_BOUND('',#5185,.F.);
#5187=ADVANCED_FACE('',(#5186),#5173,.T.);
#5188=CARTESIAN_POINT('',(-8.2E1,1.4E2,-6.82E1));
#5189=DIRECTION('',(-1.E0,0.E0,0.E0));
#5190=DIRECTION('',(0.E0,0.E0,1.E0));
#5191=AXIS2_PLACEMENT_3D('',#5188,#5189,#5190);
#5192=PLANE('',#5191);
#5193=ORIENTED_EDGE('',*,*,#3750,.F.);
#5195=ORIENTED_EDGE('',*,*,#5194,.T.);
#5197=ORIENTED_EDGE('',*,*,#5196,.T.);
#5198=ORIENTED_EDGE('',*,*,#5175,.F.);
#5199=EDGE_LOOP('',(#5193,#5195,#5197,#5198));
#5200=FACE_OUTER_BOUND('',#5199,.F.);
#5201=ADVANCED_FACE('',(#5200),#5192,.T.);
#5202=CARTESIAN_POINT('',(-7.2E1,1.4E2,-6.82E1));
#5203=DIRECTION('',(0.E0,0.E0,-1.E0));
#5204=DIRECTION('',(-1.E0,0.E0,0.E0));
#5205=AXIS2_PLACEMENT_3D('',#5202,#5203,#5204);
#5206=PLANE('',#5205);
#5208=ORIENTED_EDGE('',*,*,#5207,.F.);
#5210=ORIENTED_EDGE('',*,*,#5209,.T.);
#5211=ORIENTED_EDGE('',*,*,#5194,.F.);
#5212=ORIENTED_EDGE('',*,*,#3748,.T.);
#5214=ORIENTED_EDGE('',*,*,#5213,.T.);
#5216=ORIENTED_EDGE('',*,*,#5215,.T.);
#5217=EDGE_LOOP('',(#5208,#5210,#5211,#5212,#5214,#5216));
#5218=FACE_OUTER_BOUND('',#5217,.F.);
#5219=ADVANCED_FACE('',(#5218),#5206,.T.);
#5220=CARTESIAN_POINT('',(-7.7E1,1.4E2,-6.82E1));
#5221=DIRECTION('',(-1.E0,0.E0,0.E0));
#5222=DIRECTION('',(0.E0,0.E0,1.E0));
#5223=AXIS2_PLACEMENT_3D('',#5220,#5221,#5222);
#5224=PLANE('',#5223);
#5225=ORIENTED_EDGE('',*,*,#5207,.T.);
#5227=ORIENTED_EDGE('',*,*,#5226,.T.);
#5228=ORIENTED_EDGE('',*,*,#5179,.F.);
#5230=ORIENTED_EDGE('',*,*,#5229,.T.);
#5231=EDGE_LOOP('',(#5225,#5227,#5228,#5230));
#5232=FACE_OUTER_BOUND('',#5231,.F.);
#5233=ADVANCED_FACE('',(#5232),#5224,.T.);
#5234=CARTESIAN_POINT('',(-4.2E1,1.5E2,7.68E1));
#5235=DIRECTION('',(0.E0,1.E0,0.E0));
#5236=DIRECTION('',(1.E0,0.E0,0.E0));
#5237=AXIS2_PLACEMENT_3D('',#5234,#5235,#5236);
#5238=PLANE('',#5237);
#5239=ORIENTED_EDGE('',*,*,#5226,.F.);
#5240=ORIENTED_EDGE('',*,*,#5215,.F.);
#5242=ORIENTED_EDGE('',*,*,#5241,.F.);
#5243=ORIENTED_EDGE('',*,*,#5181,.F.);
#5244=EDGE_LOOP('',(#5239,#5240,#5242,#5243));
#5245=FACE_OUTER_BOUND('',#5244,.F.);
#5246=ADVANCED_FACE('',(#5245),#5238,.T.);
#5247=CARTESIAN_POINT('',(-4.2E1,1.5E2,7.68E1));
#5248=DIRECTION('',(0.E0,1.E0,0.E0));
#5249=DIRECTION('',(1.E0,0.E0,0.E0));
#5250=AXIS2_PLACEMENT_3D('',#5247,#5248,#5249);
#5251=PLANE('',#5250);
#5253=ORIENTED_EDGE('',*,*,#5252,.F.);
#5255=ORIENTED_EDGE('',*,*,#5254,.F.);
#5257=ORIENTED_EDGE('',*,*,#5256,.F.);
#5259=ORIENTED_EDGE('',*,*,#5258,.F.);
#5260=EDGE_LOOP('',(#5253,#5255,#5257,#5259));
#5261=FACE_OUTER_BOUND('',#5260,.F.);
#5262=ADVANCED_FACE('',(#5261),#5251,.T.);
#5263=CARTESIAN_POINT('',(-7.2E1,1.4E2,-4.34E1));
#5264=DIRECTION('',(1.E0,0.E0,0.E0));
#5265=DIRECTION('',(0.E0,0.E0,-1.E0));
#5266=AXIS2_PLACEMENT_3D('',#5263,#5264,#5265);
#5267=PLANE('',#5266);
#5268=ORIENTED_EDGE('',*,*,#3746,.F.);
#5269=ORIENTED_EDGE('',*,*,#5183,.T.);
#5270=ORIENTED_EDGE('',*,*,#5241,.T.);
#5271=ORIENTED_EDGE('',*,*,#5213,.F.);
#5272=EDGE_LOOP('',(#5268,#5269,#5270,#5271));
#5273=FACE_OUTER_BOUND('',#5272,.F.);
#5274=ADVANCED_FACE('',(#5273),#5267,.T.);
#5275=CARTESIAN_POINT('',(-1.024E2,1.4E2,-6.82E1));
#5276=DIRECTION('',(0.E0,0.E0,-1.E0));
#5277=DIRECTION('',(-1.E0,0.E0,0.E0));
#5278=AXIS2_PLACEMENT_3D('',#5275,#5276,#5277);
#5279=PLANE('',#5278);
#5280=ORIENTED_EDGE('',*,*,#3754,.T.);
#5282=ORIENTED_EDGE('',*,*,#5281,.T.);
#5284=ORIENTED_EDGE('',*,*,#5283,.T.);
#5286=ORIENTED_EDGE('',*,*,#5285,.T.);
#5287=ORIENTED_EDGE('',*,*,#5252,.T.);
#5289=ORIENTED_EDGE('',*,*,#5288,.F.);
#5290=EDGE_LOOP('',(#5280,#5282,#5284,#5286,#5287,#5289));
#5291=FACE_OUTER_BOUND('',#5290,.F.);
#5292=ADVANCED_FACE('',(#5291),#5279,.T.);
#5293=CARTESIAN_POINT('',(-9.74E1,1.4E2,-4.34E1));
#5294=DIRECTION('',(1.E0,0.E0,0.E0));
#5295=DIRECTION('',(0.E0,0.E0,-1.E0));
#5296=AXIS2_PLACEMENT_3D('',#5293,#5294,#5295);
#5297=PLANE('',#5296);
#5298=ORIENTED_EDGE('',*,*,#3760,.F.);
#5300=ORIENTED_EDGE('',*,*,#5299,.T.);
#5302=ORIENTED_EDGE('',*,*,#5301,.T.);
#5303=ORIENTED_EDGE('',*,*,#5281,.F.);
#5304=EDGE_LOOP('',(#5298,#5300,#5302,#5303));
#5305=FACE_OUTER_BOUND('',#5304,.F.);
#5306=ADVANCED_FACE('',(#5305),#5297,.T.);
#5307=CARTESIAN_POINT('',(-1.074E2,1.4E2,-4.34E1));
#5308=DIRECTION('',(0.E0,0.E0,1.E0));
#5309=DIRECTION('',(1.E0,0.E0,0.E0));
#5310=AXIS2_PLACEMENT_3D('',#5307,#5308,#5309);
#5311=PLANE('',#5310);
#5313=ORIENTED_EDGE('',*,*,#5312,.F.);
#5315=ORIENTED_EDGE('',*,*,#5314,.T.);
#5316=ORIENTED_EDGE('',*,*,#5299,.F.);
#5317=ORIENTED_EDGE('',*,*,#3758,.T.);
#5319=ORIENTED_EDGE('',*,*,#5318,.T.);
#5320=ORIENTED_EDGE('',*,*,#5256,.T.);
#5321=EDGE_LOOP('',(#5313,#5315,#5316,#5317,#5319,#5320));
#5322=FACE_OUTER_BOUND('',#5321,.F.);
#5323=ADVANCED_FACE('',(#5322),#5311,.T.);
#5324=CARTESIAN_POINT('',(-1.024E2,1.4E2,-4.34E1));
#5325=DIRECTION('',(1.E0,0.E0,0.E0));
#5326=DIRECTION('',(0.E0,0.E0,-1.E0));
#5327=AXIS2_PLACEMENT_3D('',#5324,#5325,#5326);
#5328=PLANE('',#5327);
#5329=ORIENTED_EDGE('',*,*,#5285,.F.);
#5331=ORIENTED_EDGE('',*,*,#5330,.F.);
#5332=ORIENTED_EDGE('',*,*,#5312,.T.);
#5333=ORIENTED_EDGE('',*,*,#5254,.T.);
#5334=EDGE_LOOP('',(#5329,#5331,#5332,#5333));
#5335=FACE_OUTER_BOUND('',#5334,.F.);
#5336=ADVANCED_FACE('',(#5335),#5328,.T.);
#5337=CARTESIAN_POINT('',(-4.2E1,1.45E2,7.68E1));
#5338=DIRECTION('',(0.E0,1.E0,0.E0));
#5339=DIRECTION('',(1.E0,0.E0,0.E0));
#5340=AXIS2_PLACEMENT_3D('',#5337,#5338,#5339);
#5341=PLANE('',#5340);
#5342=ORIENTED_EDGE('',*,*,#5209,.F.);
#5343=ORIENTED_EDGE('',*,*,#5229,.F.);
#5344=ORIENTED_EDGE('',*,*,#5177,.F.);
#5345=ORIENTED_EDGE('',*,*,#5196,.F.);
#5346=EDGE_LOOP('',(#5342,#5343,#5344,#5345));
#5347=FACE_OUTER_BOUND('',#5346,.F.);
#5348=ADVANCED_FACE('',(#5347),#5341,.T.);
#5349=CARTESIAN_POINT('',(-4.2E1,1.45E2,7.68E1));
#5350=DIRECTION('',(0.E0,1.E0,0.E0));
#5351=DIRECTION('',(1.E0,0.E0,0.E0));
#5352=AXIS2_PLACEMENT_3D('',#5349,#5350,#5351);
#5353=PLANE('',#5352);
#5354=ORIENTED_EDGE('',*,*,#5330,.T.);
#5355=ORIENTED_EDGE('',*,*,#5283,.F.);
#5356=ORIENTED_EDGE('',*,*,#5301,.F.);
#5357=ORIENTED_EDGE('',*,*,#5314,.F.);
#5358=EDGE_LOOP('',(#5354,#5355,#5356,#5357));
#5359=FACE_OUTER_BOUND('',#5358,.F.);
#5360=ADVANCED_FACE('',(#5359),#5353,.T.);
#5361=CARTESIAN_POINT('',(-1.074E2,1.4E2,-6.82E1));
#5362=DIRECTION('',(-1.E0,0.E0,0.E0));
#5363=DIRECTION('',(0.E0,0.E0,1.E0));
#5364=AXIS2_PLACEMENT_3D('',#5361,#5362,#5363);
#5365=PLANE('',#5364);
#5366=ORIENTED_EDGE('',*,*,#3756,.F.);
#5367=ORIENTED_EDGE('',*,*,#5288,.T.);
#5368=ORIENTED_EDGE('',*,*,#5258,.T.);
#5369=ORIENTED_EDGE('',*,*,#5318,.F.);
#5370=EDGE_LOOP('',(#5366,#5367,#5368,#5369));
#5371=FACE_OUTER_BOUND('',#5370,.F.);
#5372=ADVANCED_FACE('',(#5371),#5365,.T.);
#5373=CARTESIAN_POINT('',(-7.7E1,1.4E2,-5.E0));
#5374=DIRECTION('',(0.E0,0.E0,1.E0));
#5375=DIRECTION('',(1.E0,0.E0,0.E0));
#5376=AXIS2_PLACEMENT_3D('',#5373,#5374,#5375);
#5377=PLANE('',#5376);
#5378=ORIENTED_EDGE('',*,*,#3764,.T.);
#5380=ORIENTED_EDGE('',*,*,#5379,.T.);
#5382=ORIENTED_EDGE('',*,*,#5381,.T.);
#5384=ORIENTED_EDGE('',*,*,#5383,.T.);
#5386=ORIENTED_EDGE('',*,*,#5385,.T.);
#5388=ORIENTED_EDGE('',*,*,#5387,.F.);
#5389=EDGE_LOOP('',(#5378,#5380,#5382,#5384,#5386,#5388));
#5390=FACE_OUTER_BOUND('',#5389,.F.);
#5391=ADVANCED_FACE('',(#5390),#5377,.T.);
#5392=CARTESIAN_POINT('',(-8.2E1,1.4E2,-2.98E1));
#5393=DIRECTION('',(-1.E0,0.E0,0.E0));
#5394=DIRECTION('',(0.E0,0.E0,1.E0));
#5395=AXIS2_PLACEMENT_3D('',#5392,#5393,#5394);
#5396=PLANE('',#5395);
#5397=ORIENTED_EDGE('',*,*,#3770,.F.);
#5399=ORIENTED_EDGE('',*,*,#5398,.T.);
#5401=ORIENTED_EDGE('',*,*,#5400,.T.);
#5402=ORIENTED_EDGE('',*,*,#5379,.F.);
#5403=EDGE_LOOP('',(#5397,#5399,#5401,#5402));
#5404=FACE_OUTER_BOUND('',#5403,.F.);
#5405=ADVANCED_FACE('',(#5404),#5396,.T.);
#5406=CARTESIAN_POINT('',(-7.2E1,1.4E2,-2.98E1));
#5407=DIRECTION('',(0.E0,0.E0,-1.E0));
#5408=DIRECTION('',(-1.E0,0.E0,0.E0));
#5409=AXIS2_PLACEMENT_3D('',#5406,#5407,#5408);
#5410=PLANE('',#5409);
#5412=ORIENTED_EDGE('',*,*,#5411,.F.);
#5414=ORIENTED_EDGE('',*,*,#5413,.T.);
#5415=ORIENTED_EDGE('',*,*,#5398,.F.);
#5416=ORIENTED_EDGE('',*,*,#3768,.T.);
#5418=ORIENTED_EDGE('',*,*,#5417,.T.);
#5420=ORIENTED_EDGE('',*,*,#5419,.T.);
#5421=EDGE_LOOP('',(#5412,#5414,#5415,#5416,#5418,#5420));
#5422=FACE_OUTER_BOUND('',#5421,.F.);
#5423=ADVANCED_FACE('',(#5422),#5410,.T.);
#5424=CARTESIAN_POINT('',(-7.7E1,1.4E2,-2.98E1));
#5425=DIRECTION('',(-1.E0,0.E0,0.E0));
#5426=DIRECTION('',(0.E0,0.E0,1.E0));
#5427=AXIS2_PLACEMENT_3D('',#5424,#5425,#5426);
#5428=PLANE('',#5427);
#5429=ORIENTED_EDGE('',*,*,#5411,.T.);
#5431=ORIENTED_EDGE('',*,*,#5430,.T.);
#5432=ORIENTED_EDGE('',*,*,#5383,.F.);
#5434=ORIENTED_EDGE('',*,*,#5433,.T.);
#5435=EDGE_LOOP('',(#5429,#5431,#5432,#5434));
#5436=FACE_OUTER_BOUND('',#5435,.F.);
#5437=ADVANCED_FACE('',(#5436),#5428,.T.);
#5438=CARTESIAN_POINT('',(-4.2E1,1.5E2,1.152E2));
#5439=DIRECTION('',(0.E0,1.E0,0.E0));
#5440=DIRECTION('',(1.E0,0.E0,0.E0));
#5441=AXIS2_PLACEMENT_3D('',#5438,#5439,#5440);
#5442=PLANE('',#5441);
#5443=ORIENTED_EDGE('',*,*,#5430,.F.);
#5444=ORIENTED_EDGE('',*,*,#5419,.F.);
#5446=ORIENTED_EDGE('',*,*,#5445,.F.);
#5447=ORIENTED_EDGE('',*,*,#5385,.F.);
#5448=EDGE_LOOP('',(#5443,#5444,#5446,#5447));
#5449=FACE_OUTER_BOUND('',#5448,.F.);
#5450=ADVANCED_FACE('',(#5449),#5442,.T.);
#5451=CARTESIAN_POINT('',(-4.2E1,1.5E2,1.152E2));
#5452=DIRECTION('',(0.E0,1.E0,0.E0));
#5453=DIRECTION('',(1.E0,0.E0,0.E0));
#5454=AXIS2_PLACEMENT_3D('',#5451,#5452,#5453);
#5455=PLANE('',#5454);
#5457=ORIENTED_EDGE('',*,*,#5456,.F.);
#5459=ORIENTED_EDGE('',*,*,#5458,.F.);
#5461=ORIENTED_EDGE('',*,*,#5460,.F.);
#5463=ORIENTED_EDGE('',*,*,#5462,.F.);
#5464=EDGE_LOOP('',(#5457,#5459,#5461,#5463));
#5465=FACE_OUTER_BOUND('',#5464,.F.);
#5466=ADVANCED_FACE('',(#5465),#5455,.T.);
#5467=CARTESIAN_POINT('',(-7.2E1,1.4E2,-5.E0));
#5468=DIRECTION('',(1.E0,0.E0,0.E0));
#5469=DIRECTION('',(0.E0,0.E0,-1.E0));
#5470=AXIS2_PLACEMENT_3D('',#5467,#5468,#5469);
#5471=PLANE('',#5470);
#5472=ORIENTED_EDGE('',*,*,#3766,.F.);
#5473=ORIENTED_EDGE('',*,*,#5387,.T.);
#5474=ORIENTED_EDGE('',*,*,#5445,.T.);
#5475=ORIENTED_EDGE('',*,*,#5417,.F.);
#5476=EDGE_LOOP('',(#5472,#5473,#5474,#5475));
#5477=FACE_OUTER_BOUND('',#5476,.F.);
#5478=ADVANCED_FACE('',(#5477),#5471,.T.);
#5479=CARTESIAN_POINT('',(-1.024E2,1.4E2,-2.98E1));
#5480=DIRECTION('',(0.E0,0.E0,-1.E0));
#5481=DIRECTION('',(-1.E0,0.E0,0.E0));
#5482=AXIS2_PLACEMENT_3D('',#5479,#5480,#5481);
#5483=PLANE('',#5482);
#5484=ORIENTED_EDGE('',*,*,#3774,.T.);
#5486=ORIENTED_EDGE('',*,*,#5485,.T.);
#5488=ORIENTED_EDGE('',*,*,#5487,.T.);
#5490=ORIENTED_EDGE('',*,*,#5489,.T.);
#5491=ORIENTED_EDGE('',*,*,#5456,.T.);
#5493=ORIENTED_EDGE('',*,*,#5492,.F.);
#5494=EDGE_LOOP('',(#5484,#5486,#5488,#5490,#5491,#5493));
#5495=FACE_OUTER_BOUND('',#5494,.F.);
#5496=ADVANCED_FACE('',(#5495),#5483,.T.);
#5497=CARTESIAN_POINT('',(-9.74E1,1.4E2,-5.E0));
#5498=DIRECTION('',(1.E0,0.E0,0.E0));
#5499=DIRECTION('',(0.E0,0.E0,-1.E0));
#5500=AXIS2_PLACEMENT_3D('',#5497,#5498,#5499);
#5501=PLANE('',#5500);
#5502=ORIENTED_EDGE('',*,*,#3780,.F.);
#5504=ORIENTED_EDGE('',*,*,#5503,.T.);
#5506=ORIENTED_EDGE('',*,*,#5505,.T.);
#5507=ORIENTED_EDGE('',*,*,#5485,.F.);
#5508=EDGE_LOOP('',(#5502,#5504,#5506,#5507));
#5509=FACE_OUTER_BOUND('',#5508,.F.);
#5510=ADVANCED_FACE('',(#5509),#5501,.T.);
#5511=CARTESIAN_POINT('',(-1.074E2,1.4E2,-5.E0));
#5512=DIRECTION('',(0.E0,0.E0,1.E0));
#5513=DIRECTION('',(1.E0,0.E0,0.E0));
#5514=AXIS2_PLACEMENT_3D('',#5511,#5512,#5513);
#5515=PLANE('',#5514);
#5517=ORIENTED_EDGE('',*,*,#5516,.F.);
#5519=ORIENTED_EDGE('',*,*,#5518,.T.);
#5520=ORIENTED_EDGE('',*,*,#5503,.F.);
#5521=ORIENTED_EDGE('',*,*,#3778,.T.);
#5523=ORIENTED_EDGE('',*,*,#5522,.T.);
#5524=ORIENTED_EDGE('',*,*,#5460,.T.);
#5525=EDGE_LOOP('',(#5517,#5519,#5520,#5521,#5523,#5524));
#5526=FACE_OUTER_BOUND('',#5525,.F.);
#5527=ADVANCED_FACE('',(#5526),#5515,.T.);
#5528=CARTESIAN_POINT('',(-1.024E2,1.4E2,-5.E0));
#5529=DIRECTION('',(1.E0,0.E0,0.E0));
#5530=DIRECTION('',(0.E0,0.E0,-1.E0));
#5531=AXIS2_PLACEMENT_3D('',#5528,#5529,#5530);
#5532=PLANE('',#5531);
#5533=ORIENTED_EDGE('',*,*,#5489,.F.);
#5535=ORIENTED_EDGE('',*,*,#5534,.F.);
#5536=ORIENTED_EDGE('',*,*,#5516,.T.);
#5537=ORIENTED_EDGE('',*,*,#5458,.T.);
#5538=EDGE_LOOP('',(#5533,#5535,#5536,#5537));
#5539=FACE_OUTER_BOUND('',#5538,.F.);
#5540=ADVANCED_FACE('',(#5539),#5532,.T.);
#5541=CARTESIAN_POINT('',(-4.2E1,1.45E2,1.152E2));
#5542=DIRECTION('',(0.E0,1.E0,0.E0));
#5543=DIRECTION('',(1.E0,0.E0,0.E0));
#5544=AXIS2_PLACEMENT_3D('',#5541,#5542,#5543);
#5545=PLANE('',#5544);
#5546=ORIENTED_EDGE('',*,*,#5413,.F.);
#5547=ORIENTED_EDGE('',*,*,#5433,.F.);
#5548=ORIENTED_EDGE('',*,*,#5381,.F.);
#5549=ORIENTED_EDGE('',*,*,#5400,.F.);
#5550=EDGE_LOOP('',(#5546,#5547,#5548,#5549));
#5551=FACE_OUTER_BOUND('',#5550,.F.);
#5552=ADVANCED_FACE('',(#5551),#5545,.T.);
#5553=CARTESIAN_POINT('',(-4.2E1,1.45E2,1.152E2));
#5554=DIRECTION('',(0.E0,1.E0,0.E0));
#5555=DIRECTION('',(1.E0,0.E0,0.E0));
#5556=AXIS2_PLACEMENT_3D('',#5553,#5554,#5555);
#5557=PLANE('',#5556);
#5558=ORIENTED_EDGE('',*,*,#5534,.T.);
#5559=ORIENTED_EDGE('',*,*,#5487,.F.);
#5560=ORIENTED_EDGE('',*,*,#5505,.F.);
#5561=ORIENTED_EDGE('',*,*,#5518,.F.);
#5562=EDGE_LOOP('',(#5558,#5559,#5560,#5561));
#5563=FACE_OUTER_BOUND('',#5562,.F.);
#5564=ADVANCED_FACE('',(#5563),#5557,.T.);
#5565=CARTESIAN_POINT('',(-1.074E2,1.4E2,-2.98E1));
#5566=DIRECTION('',(-1.E0,0.E0,0.E0));
#5567=DIRECTION('',(0.E0,0.E0,1.E0));
#5568=AXIS2_PLACEMENT_3D('',#5565,#5566,#5567);
#5569=PLANE('',#5568);
#5570=ORIENTED_EDGE('',*,*,#3776,.F.);
#5571=ORIENTED_EDGE('',*,*,#5492,.T.);
#5572=ORIENTED_EDGE('',*,*,#5462,.T.);
#5573=ORIENTED_EDGE('',*,*,#5522,.F.);
#5574=EDGE_LOOP('',(#5570,#5571,#5572,#5573));
#5575=FACE_OUTER_BOUND('',#5574,.F.);
#5576=ADVANCED_FACE('',(#5575),#5569,.T.);
#5577=CARTESIAN_POINT('',(-1.19E2,1.4E2,-1.202E2));
#5578=DIRECTION('',(0.E0,0.E0,1.E0));
#5579=DIRECTION('',(1.E0,0.E0,0.E0));
#5580=AXIS2_PLACEMENT_3D('',#5577,#5578,#5579);
#5581=PLANE('',#5580);
#5582=ORIENTED_EDGE('',*,*,#3784,.T.);
#5584=ORIENTED_EDGE('',*,*,#5583,.T.);
#5586=ORIENTED_EDGE('',*,*,#5585,.T.);
#5588=ORIENTED_EDGE('',*,*,#5587,.T.);
#5590=ORIENTED_EDGE('',*,*,#5589,.T.);
#5592=ORIENTED_EDGE('',*,*,#5591,.F.);
#5593=EDGE_LOOP('',(#5582,#5584,#5586,#5588,#5590,#5592));
#5594=FACE_OUTER_BOUND('',#5593,.F.);
#5595=ADVANCED_FACE('',(#5594),#5581,.T.);
#5596=CARTESIAN_POINT('',(-1.24E2,1.4E2,-1.45E2));
#5597=DIRECTION('',(-1.E0,0.E0,0.E0));
#5598=DIRECTION('',(0.E0,0.E0,1.E0));
#5599=AXIS2_PLACEMENT_3D('',#5596,#5597,#5598);
#5600=PLANE('',#5599);
#5601=ORIENTED_EDGE('',*,*,#3790,.F.);
#5603=ORIENTED_EDGE('',*,*,#5602,.T.);
#5605=ORIENTED_EDGE('',*,*,#5604,.T.);
#5606=ORIENTED_EDGE('',*,*,#5583,.F.);
#5607=EDGE_LOOP('',(#5601,#5603,#5605,#5606));
#5608=FACE_OUTER_BOUND('',#5607,.F.);
#5609=ADVANCED_FACE('',(#5608),#5600,.T.);
#5610=CARTESIAN_POINT('',(-1.14E2,1.4E2,-1.45E2));
#5611=DIRECTION('',(0.E0,0.E0,-1.E0));
#5612=DIRECTION('',(-1.E0,0.E0,0.E0));
#5613=AXIS2_PLACEMENT_3D('',#5610,#5611,#5612);
#5614=PLANE('',#5613);
#5616=ORIENTED_EDGE('',*,*,#5615,.F.);
#5618=ORIENTED_EDGE('',*,*,#5617,.T.);
#5619=ORIENTED_EDGE('',*,*,#5602,.F.);
#5620=ORIENTED_EDGE('',*,*,#3788,.T.);
#5622=ORIENTED_EDGE('',*,*,#5621,.T.);
#5624=ORIENTED_EDGE('',*,*,#5623,.T.);
#5625=EDGE_LOOP('',(#5616,#5618,#5619,#5620,#5622,#5624));
#5626=FACE_OUTER_BOUND('',#5625,.F.);
#5627=ADVANCED_FACE('',(#5626),#5614,.T.);
#5628=CARTESIAN_POINT('',(-1.19E2,1.4E2,-1.45E2));
#5629=DIRECTION('',(-1.E0,0.E0,0.E0));
#5630=DIRECTION('',(0.E0,0.E0,1.E0));
#5631=AXIS2_PLACEMENT_3D('',#5628,#5629,#5630);
#5632=PLANE('',#5631);
#5633=ORIENTED_EDGE('',*,*,#5615,.T.);
#5635=ORIENTED_EDGE('',*,*,#5634,.T.);
#5636=ORIENTED_EDGE('',*,*,#5587,.F.);
#5638=ORIENTED_EDGE('',*,*,#5637,.T.);
#5639=EDGE_LOOP('',(#5633,#5635,#5636,#5638));
#5640=FACE_OUTER_BOUND('',#5639,.F.);
#5641=ADVANCED_FACE('',(#5640),#5632,.T.);
#5642=CARTESIAN_POINT('',(-8.4E1,1.5E2,0.E0));
#5643=DIRECTION('',(0.E0,1.E0,0.E0));
#5644=DIRECTION('',(1.E0,0.E0,0.E0));
#5645=AXIS2_PLACEMENT_3D('',#5642,#5643,#5644);
#5646=PLANE('',#5645);
#5647=ORIENTED_EDGE('',*,*,#5634,.F.);
#5648=ORIENTED_EDGE('',*,*,#5623,.F.);
#5650=ORIENTED_EDGE('',*,*,#5649,.F.);
#5651=ORIENTED_EDGE('',*,*,#5589,.F.);
#5652=EDGE_LOOP('',(#5647,#5648,#5650,#5651));
#5653=FACE_OUTER_BOUND('',#5652,.F.);
#5654=ADVANCED_FACE('',(#5653),#5646,.T.);
#5655=CARTESIAN_POINT('',(-8.4E1,1.5E2,0.E0));
#5656=DIRECTION('',(0.E0,1.E0,0.E0));
#5657=DIRECTION('',(1.E0,0.E0,0.E0));
#5658=AXIS2_PLACEMENT_3D('',#5655,#5656,#5657);
#5659=PLANE('',#5658);
#5661=ORIENTED_EDGE('',*,*,#5660,.F.);
#5663=ORIENTED_EDGE('',*,*,#5662,.F.);
#5665=ORIENTED_EDGE('',*,*,#5664,.F.);
#5667=ORIENTED_EDGE('',*,*,#5666,.F.);
#5668=EDGE_LOOP('',(#5661,#5663,#5665,#5667));
#5669=FACE_OUTER_BOUND('',#5668,.F.);
#5670=ADVANCED_FACE('',(#5669),#5659,.T.);
#5671=CARTESIAN_POINT('',(-1.14E2,1.4E2,-1.202E2));
#5672=DIRECTION('',(1.E0,0.E0,0.E0));
#5673=DIRECTION('',(0.E0,0.E0,-1.E0));
#5674=AXIS2_PLACEMENT_3D('',#5671,#5672,#5673);
#5675=PLANE('',#5674);
#5676=ORIENTED_EDGE('',*,*,#3786,.F.);
#5677=ORIENTED_EDGE('',*,*,#5591,.T.);
#5678=ORIENTED_EDGE('',*,*,#5649,.T.);
#5679=ORIENTED_EDGE('',*,*,#5621,.F.);
#5680=EDGE_LOOP('',(#5676,#5677,#5678,#5679));
#5681=FACE_OUTER_BOUND('',#5680,.F.);
#5682=ADVANCED_FACE('',(#5681),#5675,.T.);
#5683=CARTESIAN_POINT('',(-1.444E2,1.4E2,-1.45E2));
#5684=DIRECTION('',(0.E0,0.E0,-1.E0));
#5685=DIRECTION('',(-1.E0,0.E0,0.E0));
#5686=AXIS2_PLACEMENT_3D('',#5683,#5684,#5685);
#5687=PLANE('',#5686);
#5688=ORIENTED_EDGE('',*,*,#3794,.T.);
#5690=ORIENTED_EDGE('',*,*,#5689,.T.);
#5692=ORIENTED_EDGE('',*,*,#5691,.T.);
#5694=ORIENTED_EDGE('',*,*,#5693,.T.);
#5695=ORIENTED_EDGE('',*,*,#5660,.T.);
#5697=ORIENTED_EDGE('',*,*,#5696,.F.);
#5698=EDGE_LOOP('',(#5688,#5690,#5692,#5694,#5695,#5697));
#5699=FACE_OUTER_BOUND('',#5698,.F.);
#5700=ADVANCED_FACE('',(#5699),#5687,.T.);
#5701=CARTESIAN_POINT('',(-1.394E2,1.4E2,-1.202E2));
#5702=DIRECTION('',(1.E0,0.E0,0.E0));
#5703=DIRECTION('',(0.E0,0.E0,-1.E0));
#5704=AXIS2_PLACEMENT_3D('',#5701,#5702,#5703);
#5705=PLANE('',#5704);
#5706=ORIENTED_EDGE('',*,*,#3800,.F.);
#5708=ORIENTED_EDGE('',*,*,#5707,.T.);
#5710=ORIENTED_EDGE('',*,*,#5709,.T.);
#5711=ORIENTED_EDGE('',*,*,#5689,.F.);
#5712=EDGE_LOOP('',(#5706,#5708,#5710,#5711));
#5713=FACE_OUTER_BOUND('',#5712,.F.);
#5714=ADVANCED_FACE('',(#5713),#5705,.T.);
#5715=CARTESIAN_POINT('',(-1.494E2,1.4E2,-1.202E2));
#5716=DIRECTION('',(0.E0,0.E0,1.E0));
#5717=DIRECTION('',(1.E0,0.E0,0.E0));
#5718=AXIS2_PLACEMENT_3D('',#5715,#5716,#5717);
#5719=PLANE('',#5718);
#5721=ORIENTED_EDGE('',*,*,#5720,.F.);
#5723=ORIENTED_EDGE('',*,*,#5722,.T.);
#5724=ORIENTED_EDGE('',*,*,#5707,.F.);
#5725=ORIENTED_EDGE('',*,*,#3798,.T.);
#5727=ORIENTED_EDGE('',*,*,#5726,.T.);
#5728=ORIENTED_EDGE('',*,*,#5664,.T.);
#5729=EDGE_LOOP('',(#5721,#5723,#5724,#5725,#5727,#5728));
#5730=FACE_OUTER_BOUND('',#5729,.F.);
#5731=ADVANCED_FACE('',(#5730),#5719,.T.);
#5732=CARTESIAN_POINT('',(-1.444E2,1.4E2,-1.202E2));
#5733=DIRECTION('',(1.E0,0.E0,0.E0));
#5734=DIRECTION('',(0.E0,0.E0,-1.E0));
#5735=AXIS2_PLACEMENT_3D('',#5732,#5733,#5734);
#5736=PLANE('',#5735);
#5737=ORIENTED_EDGE('',*,*,#5693,.F.);
#5739=ORIENTED_EDGE('',*,*,#5738,.F.);
#5740=ORIENTED_EDGE('',*,*,#5720,.T.);
#5741=ORIENTED_EDGE('',*,*,#5662,.T.);
#5742=EDGE_LOOP('',(#5737,#5739,#5740,#5741));
#5743=FACE_OUTER_BOUND('',#5742,.F.);
#5744=ADVANCED_FACE('',(#5743),#5736,.T.);
#5745=CARTESIAN_POINT('',(-8.4E1,1.45E2,0.E0));
#5746=DIRECTION('',(0.E0,1.E0,0.E0));
#5747=DIRECTION('',(1.E0,0.E0,0.E0));
#5748=AXIS2_PLACEMENT_3D('',#5745,#5746,#5747);
#5749=PLANE('',#5748);
#5750=ORIENTED_EDGE('',*,*,#5637,.F.);
#5751=ORIENTED_EDGE('',*,*,#5585,.F.);
#5752=ORIENTED_EDGE('',*,*,#5604,.F.);
#5753=ORIENTED_EDGE('',*,*,#5617,.F.);
#5754=EDGE_LOOP('',(#5750,#5751,#5752,#5753));
#5755=FACE_OUTER_BOUND('',#5754,.F.);
#5756=ADVANCED_FACE('',(#5755),#5749,.T.);
#5757=CARTESIAN_POINT('',(-8.4E1,1.45E2,0.E0));
#5758=DIRECTION('',(0.E0,1.E0,0.E0));
#5759=DIRECTION('',(1.E0,0.E0,0.E0));
#5760=AXIS2_PLACEMENT_3D('',#5757,#5758,#5759);
#5761=PLANE('',#5760);
#5762=ORIENTED_EDGE('',*,*,#5738,.T.);
#5763=ORIENTED_EDGE('',*,*,#5691,.F.);
#5764=ORIENTED_EDGE('',*,*,#5709,.F.);
#5765=ORIENTED_EDGE('',*,*,#5722,.F.);
#5766=EDGE_LOOP('',(#5762,#5763,#5764,#5765));
#5767=FACE_OUTER_BOUND('',#5766,.F.);
#5768=ADVANCED_FACE('',(#5767),#5761,.T.);
#5769=CARTESIAN_POINT('',(-1.494E2,1.4E2,-1.45E2));
#5770=DIRECTION('',(-1.E0,0.E0,0.E0));
#5771=DIRECTION('',(0.E0,0.E0,1.E0));
#5772=AXIS2_PLACEMENT_3D('',#5769,#5770,#5771);
#5773=PLANE('',#5772);
#5774=ORIENTED_EDGE('',*,*,#3796,.F.);
#5775=ORIENTED_EDGE('',*,*,#5696,.T.);
#5776=ORIENTED_EDGE('',*,*,#5666,.T.);
#5777=ORIENTED_EDGE('',*,*,#5726,.F.);
#5778=EDGE_LOOP('',(#5774,#5775,#5776,#5777));
#5779=FACE_OUTER_BOUND('',#5778,.F.);
#5780=ADVANCED_FACE('',(#5779),#5773,.T.);
#5781=CARTESIAN_POINT('',(-1.19E2,1.4E2,-8.18E1));
#5782=DIRECTION('',(0.E0,0.E0,1.E0));
#5783=DIRECTION('',(1.E0,0.E0,0.E0));
#5784=AXIS2_PLACEMENT_3D('',#5781,#5782,#5783);
#5785=PLANE('',#5784);
#5786=ORIENTED_EDGE('',*,*,#3804,.T.);
#5788=ORIENTED_EDGE('',*,*,#5787,.T.);
#5790=ORIENTED_EDGE('',*,*,#5789,.T.);
#5792=ORIENTED_EDGE('',*,*,#5791,.T.);
#5794=ORIENTED_EDGE('',*,*,#5793,.T.);
#5796=ORIENTED_EDGE('',*,*,#5795,.F.);
#5797=EDGE_LOOP('',(#5786,#5788,#5790,#5792,#5794,#5796));
#5798=FACE_OUTER_BOUND('',#5797,.F.);
#5799=ADVANCED_FACE('',(#5798),#5785,.T.);
#5800=CARTESIAN_POINT('',(-1.24E2,1.4E2,-1.066E2));
#5801=DIRECTION('',(-1.E0,0.E0,0.E0));
#5802=DIRECTION('',(0.E0,0.E0,1.E0));
#5803=AXIS2_PLACEMENT_3D('',#5800,#5801,#5802);
#5804=PLANE('',#5803);
#5805=ORIENTED_EDGE('',*,*,#3810,.F.);
#5807=ORIENTED_EDGE('',*,*,#5806,.T.);
#5809=ORIENTED_EDGE('',*,*,#5808,.T.);
#5810=ORIENTED_EDGE('',*,*,#5787,.F.);
#5811=EDGE_LOOP('',(#5805,#5807,#5809,#5810));
#5812=FACE_OUTER_BOUND('',#5811,.F.);
#5813=ADVANCED_FACE('',(#5812),#5804,.T.);
#5814=CARTESIAN_POINT('',(-1.14E2,1.4E2,-1.066E2));
#5815=DIRECTION('',(0.E0,0.E0,-1.E0));
#5816=DIRECTION('',(-1.E0,0.E0,0.E0));
#5817=AXIS2_PLACEMENT_3D('',#5814,#5815,#5816);
#5818=PLANE('',#5817);
#5820=ORIENTED_EDGE('',*,*,#5819,.F.);
#5822=ORIENTED_EDGE('',*,*,#5821,.T.);
#5823=ORIENTED_EDGE('',*,*,#5806,.F.);
#5824=ORIENTED_EDGE('',*,*,#3808,.T.);
#5826=ORIENTED_EDGE('',*,*,#5825,.T.);
#5828=ORIENTED_EDGE('',*,*,#5827,.T.);
#5829=EDGE_LOOP('',(#5820,#5822,#5823,#5824,#5826,#5828));
#5830=FACE_OUTER_BOUND('',#5829,.F.);
#5831=ADVANCED_FACE('',(#5830),#5818,.T.);
#5832=CARTESIAN_POINT('',(-1.19E2,1.4E2,-1.066E2));
#5833=DIRECTION('',(-1.E0,0.E0,0.E0));
#5834=DIRECTION('',(0.E0,0.E0,1.E0));
#5835=AXIS2_PLACEMENT_3D('',#5832,#5833,#5834);
#5836=PLANE('',#5835);
#5837=ORIENTED_EDGE('',*,*,#5819,.T.);
#5839=ORIENTED_EDGE('',*,*,#5838,.T.);
#5840=ORIENTED_EDGE('',*,*,#5791,.F.);
#5842=ORIENTED_EDGE('',*,*,#5841,.T.);
#5843=EDGE_LOOP('',(#5837,#5839,#5840,#5842));
#5844=FACE_OUTER_BOUND('',#5843,.F.);
#5845=ADVANCED_FACE('',(#5844),#5836,.T.);
#5846=CARTESIAN_POINT('',(-8.4E1,1.5E2,3.84E1));
#5847=DIRECTION('',(0.E0,1.E0,0.E0));
#5848=DIRECTION('',(1.E0,0.E0,0.E0));
#5849=AXIS2_PLACEMENT_3D('',#5846,#5847,#5848);
#5850=PLANE('',#5849);
#5851=ORIENTED_EDGE('',*,*,#5838,.F.);
#5852=ORIENTED_EDGE('',*,*,#5827,.F.);
#5854=ORIENTED_EDGE('',*,*,#5853,.F.);
#5855=ORIENTED_EDGE('',*,*,#5793,.F.);
#5856=EDGE_LOOP('',(#5851,#5852,#5854,#5855));
#5857=FACE_OUTER_BOUND('',#5856,.F.);
#5858=ADVANCED_FACE('',(#5857),#5850,.T.);
#5859=CARTESIAN_POINT('',(-8.4E1,1.5E2,3.84E1));
#5860=DIRECTION('',(0.E0,1.E0,0.E0));
#5861=DIRECTION('',(1.E0,0.E0,0.E0));
#5862=AXIS2_PLACEMENT_3D('',#5859,#5860,#5861);
#5863=PLANE('',#5862);
#5865=ORIENTED_EDGE('',*,*,#5864,.F.);
#5867=ORIENTED_EDGE('',*,*,#5866,.F.);
#5869=ORIENTED_EDGE('',*,*,#5868,.F.);
#5871=ORIENTED_EDGE('',*,*,#5870,.F.);
#5872=EDGE_LOOP('',(#5865,#5867,#5869,#5871));
#5873=FACE_OUTER_BOUND('',#5872,.F.);
#5874=ADVANCED_FACE('',(#5873),#5863,.T.);
#5875=CARTESIAN_POINT('',(-1.14E2,1.4E2,-8.18E1));
#5876=DIRECTION('',(1.E0,0.E0,0.E0));
#5877=DIRECTION('',(0.E0,0.E0,-1.E0));
#5878=AXIS2_PLACEMENT_3D('',#5875,#5876,#5877);
#5879=PLANE('',#5878);
#5880=ORIENTED_EDGE('',*,*,#3806,.F.);
#5881=ORIENTED_EDGE('',*,*,#5795,.T.);
#5882=ORIENTED_EDGE('',*,*,#5853,.T.);
#5883=ORIENTED_EDGE('',*,*,#5825,.F.);
#5884=EDGE_LOOP('',(#5880,#5881,#5882,#5883));
#5885=FACE_OUTER_BOUND('',#5884,.F.);
#5886=ADVANCED_FACE('',(#5885),#5879,.T.);
#5887=CARTESIAN_POINT('',(-1.444E2,1.4E2,-1.066E2));
#5888=DIRECTION('',(0.E0,0.E0,-1.E0));
#5889=DIRECTION('',(-1.E0,0.E0,0.E0));
#5890=AXIS2_PLACEMENT_3D('',#5887,#5888,#5889);
#5891=PLANE('',#5890);
#5892=ORIENTED_EDGE('',*,*,#3814,.T.);
#5894=ORIENTED_EDGE('',*,*,#5893,.T.);
#5896=ORIENTED_EDGE('',*,*,#5895,.T.);
#5898=ORIENTED_EDGE('',*,*,#5897,.T.);
#5899=ORIENTED_EDGE('',*,*,#5864,.T.);
#5901=ORIENTED_EDGE('',*,*,#5900,.F.);
#5902=EDGE_LOOP('',(#5892,#5894,#5896,#5898,#5899,#5901));
#5903=FACE_OUTER_BOUND('',#5902,.F.);
#5904=ADVANCED_FACE('',(#5903),#5891,.T.);
#5905=CARTESIAN_POINT('',(-1.394E2,1.4E2,-8.18E1));
#5906=DIRECTION('',(1.E0,0.E0,0.E0));
#5907=DIRECTION('',(0.E0,0.E0,-1.E0));
#5908=AXIS2_PLACEMENT_3D('',#5905,#5906,#5907);
#5909=PLANE('',#5908);
#5910=ORIENTED_EDGE('',*,*,#3820,.F.);
#5912=ORIENTED_EDGE('',*,*,#5911,.T.);
#5914=ORIENTED_EDGE('',*,*,#5913,.T.);
#5915=ORIENTED_EDGE('',*,*,#5893,.F.);
#5916=EDGE_LOOP('',(#5910,#5912,#5914,#5915));
#5917=FACE_OUTER_BOUND('',#5916,.F.);
#5918=ADVANCED_FACE('',(#5917),#5909,.T.);
#5919=CARTESIAN_POINT('',(-1.494E2,1.4E2,-8.18E1));
#5920=DIRECTION('',(0.E0,0.E0,1.E0));
#5921=DIRECTION('',(1.E0,0.E0,0.E0));
#5922=AXIS2_PLACEMENT_3D('',#5919,#5920,#5921);
#5923=PLANE('',#5922);
#5925=ORIENTED_EDGE('',*,*,#5924,.F.);
#5927=ORIENTED_EDGE('',*,*,#5926,.T.);
#5928=ORIENTED_EDGE('',*,*,#5911,.F.);
#5929=ORIENTED_EDGE('',*,*,#3818,.T.);
#5931=ORIENTED_EDGE('',*,*,#5930,.T.);
#5932=ORIENTED_EDGE('',*,*,#5868,.T.);
#5933=EDGE_LOOP('',(#5925,#5927,#5928,#5929,#5931,#5932));
#5934=FACE_OUTER_BOUND('',#5933,.F.);
#5935=ADVANCED_FACE('',(#5934),#5923,.T.);
#5936=CARTESIAN_POINT('',(-1.444E2,1.4E2,-8.18E1));
#5937=DIRECTION('',(1.E0,0.E0,0.E0));
#5938=DIRECTION('',(0.E0,0.E0,-1.E0));
#5939=AXIS2_PLACEMENT_3D('',#5936,#5937,#5938);
#5940=PLANE('',#5939);
#5941=ORIENTED_EDGE('',*,*,#5897,.F.);
#5943=ORIENTED_EDGE('',*,*,#5942,.F.);
#5944=ORIENTED_EDGE('',*,*,#5924,.T.);
#5945=ORIENTED_EDGE('',*,*,#5866,.T.);
#5946=EDGE_LOOP('',(#5941,#5943,#5944,#5945));
#5947=FACE_OUTER_BOUND('',#5946,.F.);
#5948=ADVANCED_FACE('',(#5947),#5940,.T.);
#5949=CARTESIAN_POINT('',(-8.4E1,1.45E2,3.84E1));
#5950=DIRECTION('',(0.E0,1.E0,0.E0));
#5951=DIRECTION('',(1.E0,0.E0,0.E0));
#5952=AXIS2_PLACEMENT_3D('',#5949,#5950,#5951);
#5953=PLANE('',#5952);
#5954=ORIENTED_EDGE('',*,*,#5841,.F.);
#5955=ORIENTED_EDGE('',*,*,#5789,.F.);
#5956=ORIENTED_EDGE('',*,*,#5808,.F.);
#5957=ORIENTED_EDGE('',*,*,#5821,.F.);
#5958=EDGE_LOOP('',(#5954,#5955,#5956,#5957));
#5959=FACE_OUTER_BOUND('',#5958,.F.);
#5960=ADVANCED_FACE('',(#5959),#5953,.T.);
#5961=CARTESIAN_POINT('',(-8.4E1,1.45E2,3.84E1));
#5962=DIRECTION('',(0.E0,1.E0,0.E0));
#5963=DIRECTION('',(1.E0,0.E0,0.E0));
#5964=AXIS2_PLACEMENT_3D('',#5961,#5962,#5963);
#5965=PLANE('',#5964);
#5966=ORIENTED_EDGE('',*,*,#5942,.T.);
#5967=ORIENTED_EDGE('',*,*,#5895,.F.);
#5968=ORIENTED_EDGE('',*,*,#5913,.F.);
#5969=ORIENTED_EDGE('',*,*,#5926,.F.);
#5970=EDGE_LOOP('',(#5966,#5967,#5968,#5969));
#5971=FACE_OUTER_BOUND('',#5970,.F.);
#5972=ADVANCED_FACE('',(#5971),#5965,.T.);
#5973=CARTESIAN_POINT('',(-1.494E2,1.4E2,-1.066E2));
#5974=DIRECTION('',(-1.E0,0.E0,0.E0));
#5975=DIRECTION('',(0.E0,0.E0,1.E0));
#5976=AXIS2_PLACEMENT_3D('',#5973,#5974,#5975);
#5977=PLANE('',#5976);
#5978=ORIENTED_EDGE('',*,*,#3816,.F.);
#5979=ORIENTED_EDGE('',*,*,#5900,.T.);
#5980=ORIENTED_EDGE('',*,*,#5870,.T.);
#5981=ORIENTED_EDGE('',*,*,#5930,.F.);
#5982=EDGE_LOOP('',(#5978,#5979,#5980,#5981));
#5983=FACE_OUTER_BOUND('',#5982,.F.);
#5984=ADVANCED_FACE('',(#5983),#5977,.T.);
#5985=CARTESIAN_POINT('',(-1.19E2,1.4E2,-4.34E1));
#5986=DIRECTION('',(0.E0,0.E0,1.E0));
#5987=DIRECTION('',(1.E0,0.E0,0.E0));
#5988=AXIS2_PLACEMENT_3D('',#5985,#5986,#5987);
#5989=PLANE('',#5988);
#5990=ORIENTED_EDGE('',*,*,#3824,.T.);
#5992=ORIENTED_EDGE('',*,*,#5991,.T.);
#5994=ORIENTED_EDGE('',*,*,#5993,.T.);
#5996=ORIENTED_EDGE('',*,*,#5995,.T.);
#5998=ORIENTED_EDGE('',*,*,#5997,.T.);
#6000=ORIENTED_EDGE('',*,*,#5999,.F.);
#6001=EDGE_LOOP('',(#5990,#5992,#5994,#5996,#5998,#6000));
#6002=FACE_OUTER_BOUND('',#6001,.F.);
#6003=ADVANCED_FACE('',(#6002),#5989,.T.);
#6004=CARTESIAN_POINT('',(-1.24E2,1.4E2,-6.82E1));
#6005=DIRECTION('',(-1.E0,0.E0,0.E0));
#6006=DIRECTION('',(0.E0,0.E0,1.E0));
#6007=AXIS2_PLACEMENT_3D('',#6004,#6005,#6006);
#6008=PLANE('',#6007);
#6009=ORIENTED_EDGE('',*,*,#3830,.F.);
#6011=ORIENTED_EDGE('',*,*,#6010,.T.);
#6013=ORIENTED_EDGE('',*,*,#6012,.T.);
#6014=ORIENTED_EDGE('',*,*,#5991,.F.);
#6015=EDGE_LOOP('',(#6009,#6011,#6013,#6014));
#6016=FACE_OUTER_BOUND('',#6015,.F.);
#6017=ADVANCED_FACE('',(#6016),#6008,.T.);
#6018=CARTESIAN_POINT('',(-1.14E2,1.4E2,-6.82E1));
#6019=DIRECTION('',(0.E0,0.E0,-1.E0));
#6020=DIRECTION('',(-1.E0,0.E0,0.E0));
#6021=AXIS2_PLACEMENT_3D('',#6018,#6019,#6020);
#6022=PLANE('',#6021);
#6024=ORIENTED_EDGE('',*,*,#6023,.F.);
#6026=ORIENTED_EDGE('',*,*,#6025,.T.);
#6027=ORIENTED_EDGE('',*,*,#6010,.F.);
#6028=ORIENTED_EDGE('',*,*,#3828,.T.);
#6030=ORIENTED_EDGE('',*,*,#6029,.T.);
#6032=ORIENTED_EDGE('',*,*,#6031,.T.);
#6033=EDGE_LOOP('',(#6024,#6026,#6027,#6028,#6030,#6032));
#6034=FACE_OUTER_BOUND('',#6033,.F.);
#6035=ADVANCED_FACE('',(#6034),#6022,.T.);
#6036=CARTESIAN_POINT('',(-1.19E2,1.4E2,-6.82E1));
#6037=DIRECTION('',(-1.E0,0.E0,0.E0));
#6038=DIRECTION('',(0.E0,0.E0,1.E0));
#6039=AXIS2_PLACEMENT_3D('',#6036,#6037,#6038);
#6040=PLANE('',#6039);
#6041=ORIENTED_EDGE('',*,*,#6023,.T.);
#6043=ORIENTED_EDGE('',*,*,#6042,.T.);
#6044=ORIENTED_EDGE('',*,*,#5995,.F.);
#6046=ORIENTED_EDGE('',*,*,#6045,.T.);
#6047=EDGE_LOOP('',(#6041,#6043,#6044,#6046));
#6048=FACE_OUTER_BOUND('',#6047,.F.);
#6049=ADVANCED_FACE('',(#6048),#6040,.T.);
#6050=CARTESIAN_POINT('',(-8.4E1,1.5E2,7.68E1));
#6051=DIRECTION('',(0.E0,1.E0,0.E0));
#6052=DIRECTION('',(1.E0,0.E0,0.E0));
#6053=AXIS2_PLACEMENT_3D('',#6050,#6051,#6052);
#6054=PLANE('',#6053);
#6055=ORIENTED_EDGE('',*,*,#6042,.F.);
#6056=ORIENTED_EDGE('',*,*,#6031,.F.);
#6058=ORIENTED_EDGE('',*,*,#6057,.F.);
#6059=ORIENTED_EDGE('',*,*,#5997,.F.);
#6060=EDGE_LOOP('',(#6055,#6056,#6058,#6059));
#6061=FACE_OUTER_BOUND('',#6060,.F.);
#6062=ADVANCED_FACE('',(#6061),#6054,.T.);
#6063=CARTESIAN_POINT('',(-8.4E1,1.5E2,7.68E1));
#6064=DIRECTION('',(0.E0,1.E0,0.E0));
#6065=DIRECTION('',(1.E0,0.E0,0.E0));
#6066=AXIS2_PLACEMENT_3D('',#6063,#6064,#6065);
#6067=PLANE('',#6066);
#6069=ORIENTED_EDGE('',*,*,#6068,.F.);
#6071=ORIENTED_EDGE('',*,*,#6070,.F.);
#6073=ORIENTED_EDGE('',*,*,#6072,.F.);
#6075=ORIENTED_EDGE('',*,*,#6074,.F.);
#6076=EDGE_LOOP('',(#6069,#6071,#6073,#6075));
#6077=FACE_OUTER_BOUND('',#6076,.F.);
#6078=ADVANCED_FACE('',(#6077),#6067,.T.);
#6079=CARTESIAN_POINT('',(-1.14E2,1.4E2,-4.34E1));
#6080=DIRECTION('',(1.E0,0.E0,0.E0));
#6081=DIRECTION('',(0.E0,0.E0,-1.E0));
#6082=AXIS2_PLACEMENT_3D('',#6079,#6080,#6081);
#6083=PLANE('',#6082);
#6084=ORIENTED_EDGE('',*,*,#3826,.F.);
#6085=ORIENTED_EDGE('',*,*,#5999,.T.);
#6086=ORIENTED_EDGE('',*,*,#6057,.T.);
#6087=ORIENTED_EDGE('',*,*,#6029,.F.);
#6088=EDGE_LOOP('',(#6084,#6085,#6086,#6087));
#6089=FACE_OUTER_BOUND('',#6088,.F.);
#6090=ADVANCED_FACE('',(#6089),#6083,.T.);
#6091=CARTESIAN_POINT('',(-1.444E2,1.4E2,-6.82E1));
#6092=DIRECTION('',(0.E0,0.E0,-1.E0));
#6093=DIRECTION('',(-1.E0,0.E0,0.E0));
#6094=AXIS2_PLACEMENT_3D('',#6091,#6092,#6093);
#6095=PLANE('',#6094);
#6096=ORIENTED_EDGE('',*,*,#3834,.T.);
#6098=ORIENTED_EDGE('',*,*,#6097,.T.);
#6100=ORIENTED_EDGE('',*,*,#6099,.T.);
#6102=ORIENTED_EDGE('',*,*,#6101,.T.);
#6103=ORIENTED_EDGE('',*,*,#6068,.T.);
#6105=ORIENTED_EDGE('',*,*,#6104,.F.);
#6106=EDGE_LOOP('',(#6096,#6098,#6100,#6102,#6103,#6105));
#6107=FACE_OUTER_BOUND('',#6106,.F.);
#6108=ADVANCED_FACE('',(#6107),#6095,.T.);
#6109=CARTESIAN_POINT('',(-1.394E2,1.4E2,-4.34E1));
#6110=DIRECTION('',(1.E0,0.E0,0.E0));
#6111=DIRECTION('',(0.E0,0.E0,-1.E0));
#6112=AXIS2_PLACEMENT_3D('',#6109,#6110,#6111);
#6113=PLANE('',#6112);
#6114=ORIENTED_EDGE('',*,*,#3840,.F.);
#6116=ORIENTED_EDGE('',*,*,#6115,.T.);
#6118=ORIENTED_EDGE('',*,*,#6117,.T.);
#6119=ORIENTED_EDGE('',*,*,#6097,.F.);
#6120=EDGE_LOOP('',(#6114,#6116,#6118,#6119));
#6121=FACE_OUTER_BOUND('',#6120,.F.);
#6122=ADVANCED_FACE('',(#6121),#6113,.T.);
#6123=CARTESIAN_POINT('',(-1.494E2,1.4E2,-4.34E1));
#6124=DIRECTION('',(0.E0,0.E0,1.E0));
#6125=DIRECTION('',(1.E0,0.E0,0.E0));
#6126=AXIS2_PLACEMENT_3D('',#6123,#6124,#6125);
#6127=PLANE('',#6126);
#6129=ORIENTED_EDGE('',*,*,#6128,.F.);
#6131=ORIENTED_EDGE('',*,*,#6130,.T.);
#6132=ORIENTED_EDGE('',*,*,#6115,.F.);
#6133=ORIENTED_EDGE('',*,*,#3838,.T.);
#6135=ORIENTED_EDGE('',*,*,#6134,.T.);
#6136=ORIENTED_EDGE('',*,*,#6072,.T.);
#6137=EDGE_LOOP('',(#6129,#6131,#6132,#6133,#6135,#6136));
#6138=FACE_OUTER_BOUND('',#6137,.F.);
#6139=ADVANCED_FACE('',(#6138),#6127,.T.);
#6140=CARTESIAN_POINT('',(-1.444E2,1.4E2,-4.34E1));
#6141=DIRECTION('',(1.E0,0.E0,0.E0));
#6142=DIRECTION('',(0.E0,0.E0,-1.E0));
#6143=AXIS2_PLACEMENT_3D('',#6140,#6141,#6142);
#6144=PLANE('',#6143);
#6145=ORIENTED_EDGE('',*,*,#6101,.F.);
#6147=ORIENTED_EDGE('',*,*,#6146,.F.);
#6148=ORIENTED_EDGE('',*,*,#6128,.T.);
#6149=ORIENTED_EDGE('',*,*,#6070,.T.);
#6150=EDGE_LOOP('',(#6145,#6147,#6148,#6149));
#6151=FACE_OUTER_BOUND('',#6150,.F.);
#6152=ADVANCED_FACE('',(#6151),#6144,.T.);
#6153=CARTESIAN_POINT('',(-8.4E1,1.45E2,7.68E1));
#6154=DIRECTION('',(0.E0,1.E0,0.E0));
#6155=DIRECTION('',(1.E0,0.E0,0.E0));
#6156=AXIS2_PLACEMENT_3D('',#6153,#6154,#6155);
#6157=PLANE('',#6156);
#6158=ORIENTED_EDGE('',*,*,#6045,.F.);
#6159=ORIENTED_EDGE('',*,*,#5993,.F.);
#6160=ORIENTED_EDGE('',*,*,#6012,.F.);
#6161=ORIENTED_EDGE('',*,*,#6025,.F.);
#6162=EDGE_LOOP('',(#6158,#6159,#6160,#6161));
#6163=FACE_OUTER_BOUND('',#6162,.F.);
#6164=ADVANCED_FACE('',(#6163),#6157,.T.);
#6165=CARTESIAN_POINT('',(-8.4E1,1.45E2,7.68E1));
#6166=DIRECTION('',(0.E0,1.E0,0.E0));
#6167=DIRECTION('',(1.E0,0.E0,0.E0));
#6168=AXIS2_PLACEMENT_3D('',#6165,#6166,#6167);
#6169=PLANE('',#6168);
#6170=ORIENTED_EDGE('',*,*,#6146,.T.);
#6171=ORIENTED_EDGE('',*,*,#6099,.F.);
#6172=ORIENTED_EDGE('',*,*,#6117,.F.);
#6173=ORIENTED_EDGE('',*,*,#6130,.F.);
#6174=EDGE_LOOP('',(#6170,#6171,#6172,#6173));
#6175=FACE_OUTER_BOUND('',#6174,.F.);
#6176=ADVANCED_FACE('',(#6175),#6169,.T.);
#6177=CARTESIAN_POINT('',(-1.494E2,1.4E2,-6.82E1));
#6178=DIRECTION('',(-1.E0,0.E0,0.E0));
#6179=DIRECTION('',(0.E0,0.E0,1.E0));
#6180=AXIS2_PLACEMENT_3D('',#6177,#6178,#6179);
#6181=PLANE('',#6180);
#6182=ORIENTED_EDGE('',*,*,#3836,.F.);
#6183=ORIENTED_EDGE('',*,*,#6104,.T.);
#6184=ORIENTED_EDGE('',*,*,#6074,.T.);
#6185=ORIENTED_EDGE('',*,*,#6134,.F.);
#6186=EDGE_LOOP('',(#6182,#6183,#6184,#6185));
#6187=FACE_OUTER_BOUND('',#6186,.F.);
#6188=ADVANCED_FACE('',(#6187),#6181,.T.);
#6189=CARTESIAN_POINT('',(-1.19E2,1.4E2,-5.E0));
#6190=DIRECTION('',(0.E0,0.E0,1.E0));
#6191=DIRECTION('',(1.E0,0.E0,0.E0));
#6192=AXIS2_PLACEMENT_3D('',#6189,#6190,#6191);
#6193=PLANE('',#6192);
#6194=ORIENTED_EDGE('',*,*,#3844,.T.);
#6196=ORIENTED_EDGE('',*,*,#6195,.T.);
#6198=ORIENTED_EDGE('',*,*,#6197,.T.);
#6200=ORIENTED_EDGE('',*,*,#6199,.T.);
#6202=ORIENTED_EDGE('',*,*,#6201,.T.);
#6204=ORIENTED_EDGE('',*,*,#6203,.F.);
#6205=EDGE_LOOP('',(#6194,#6196,#6198,#6200,#6202,#6204));
#6206=FACE_OUTER_BOUND('',#6205,.F.);
#6207=ADVANCED_FACE('',(#6206),#6193,.T.);
#6208=CARTESIAN_POINT('',(-1.24E2,1.4E2,-2.98E1));
#6209=DIRECTION('',(-1.E0,0.E0,0.E0));
#6210=DIRECTION('',(0.E0,0.E0,1.E0));
#6211=AXIS2_PLACEMENT_3D('',#6208,#6209,#6210);
#6212=PLANE('',#6211);
#6213=ORIENTED_EDGE('',*,*,#3850,.F.);
#6215=ORIENTED_EDGE('',*,*,#6214,.T.);
#6217=ORIENTED_EDGE('',*,*,#6216,.T.);
#6218=ORIENTED_EDGE('',*,*,#6195,.F.);
#6219=EDGE_LOOP('',(#6213,#6215,#6217,#6218));
#6220=FACE_OUTER_BOUND('',#6219,.F.);
#6221=ADVANCED_FACE('',(#6220),#6212,.T.);
#6222=CARTESIAN_POINT('',(-1.14E2,1.4E2,-2.98E1));
#6223=DIRECTION('',(0.E0,0.E0,-1.E0));
#6224=DIRECTION('',(-1.E0,0.E0,0.E0));
#6225=AXIS2_PLACEMENT_3D('',#6222,#6223,#6224);
#6226=PLANE('',#6225);
#6228=ORIENTED_EDGE('',*,*,#6227,.F.);
#6230=ORIENTED_EDGE('',*,*,#6229,.T.);
#6231=ORIENTED_EDGE('',*,*,#6214,.F.);
#6232=ORIENTED_EDGE('',*,*,#3848,.T.);
#6234=ORIENTED_EDGE('',*,*,#6233,.T.);
#6236=ORIENTED_EDGE('',*,*,#6235,.T.);
#6237=EDGE_LOOP('',(#6228,#6230,#6231,#6232,#6234,#6236));
#6238=FACE_OUTER_BOUND('',#6237,.F.);
#6239=ADVANCED_FACE('',(#6238),#6226,.T.);
#6240=CARTESIAN_POINT('',(-1.19E2,1.4E2,-2.98E1));
#6241=DIRECTION('',(-1.E0,0.E0,0.E0));
#6242=DIRECTION('',(0.E0,0.E0,1.E0));
#6243=AXIS2_PLACEMENT_3D('',#6240,#6241,#6242);
#6244=PLANE('',#6243);
#6245=ORIENTED_EDGE('',*,*,#6227,.T.);
#6247=ORIENTED_EDGE('',*,*,#6246,.T.);
#6248=ORIENTED_EDGE('',*,*,#6199,.F.);
#6250=ORIENTED_EDGE('',*,*,#6249,.T.);
#6251=EDGE_LOOP('',(#6245,#6247,#6248,#6250));
#6252=FACE_OUTER_BOUND('',#6251,.F.);
#6253=ADVANCED_FACE('',(#6252),#6244,.T.);
#6254=CARTESIAN_POINT('',(-8.4E1,1.5E2,1.152E2));
#6255=DIRECTION('',(0.E0,1.E0,0.E0));
#6256=DIRECTION('',(1.E0,0.E0,0.E0));
#6257=AXIS2_PLACEMENT_3D('',#6254,#6255,#6256);
#6258=PLANE('',#6257);
#6259=ORIENTED_EDGE('',*,*,#6246,.F.);
#6260=ORIENTED_EDGE('',*,*,#6235,.F.);
#6262=ORIENTED_EDGE('',*,*,#6261,.F.);
#6263=ORIENTED_EDGE('',*,*,#6201,.F.);
#6264=EDGE_LOOP('',(#6259,#6260,#6262,#6263));
#6265=FACE_OUTER_BOUND('',#6264,.F.);
#6266=ADVANCED_FACE('',(#6265),#6258,.T.);
#6267=CARTESIAN_POINT('',(-8.4E1,1.5E2,1.152E2));
#6268=DIRECTION('',(0.E0,1.E0,0.E0));
#6269=DIRECTION('',(1.E0,0.E0,0.E0));
#6270=AXIS2_PLACEMENT_3D('',#6267,#6268,#6269);
#6271=PLANE('',#6270);
#6273=ORIENTED_EDGE('',*,*,#6272,.F.);
#6275=ORIENTED_EDGE('',*,*,#6274,.F.);
#6277=ORIENTED_EDGE('',*,*,#6276,.F.);
#6279=ORIENTED_EDGE('',*,*,#6278,.F.);
#6280=EDGE_LOOP('',(#6273,#6275,#6277,#6279));
#6281=FACE_OUTER_BOUND('',#6280,.F.);
#6282=ADVANCED_FACE('',(#6281),#6271,.T.);
#6283=CARTESIAN_POINT('',(-1.14E2,1.4E2,-5.E0));
#6284=DIRECTION('',(1.E0,0.E0,0.E0));
#6285=DIRECTION('',(0.E0,0.E0,-1.E0));
#6286=AXIS2_PLACEMENT_3D('',#6283,#6284,#6285);
#6287=PLANE('',#6286);
#6288=ORIENTED_EDGE('',*,*,#3846,.F.);
#6289=ORIENTED_EDGE('',*,*,#6203,.T.);
#6290=ORIENTED_EDGE('',*,*,#6261,.T.);
#6291=ORIENTED_EDGE('',*,*,#6233,.F.);
#6292=EDGE_LOOP('',(#6288,#6289,#6290,#6291));
#6293=FACE_OUTER_BOUND('',#6292,.F.);
#6294=ADVANCED_FACE('',(#6293),#6287,.T.);
#6295=CARTESIAN_POINT('',(-1.444E2,1.4E2,-2.98E1));
#6296=DIRECTION('',(0.E0,0.E0,-1.E0));
#6297=DIRECTION('',(-1.E0,0.E0,0.E0));
#6298=AXIS2_PLACEMENT_3D('',#6295,#6296,#6297);
#6299=PLANE('',#6298);
#6300=ORIENTED_EDGE('',*,*,#3854,.T.);
#6302=ORIENTED_EDGE('',*,*,#6301,.T.);
#6304=ORIENTED_EDGE('',*,*,#6303,.T.);
#6306=ORIENTED_EDGE('',*,*,#6305,.T.);
#6307=ORIENTED_EDGE('',*,*,#6272,.T.);
#6309=ORIENTED_EDGE('',*,*,#6308,.F.);
#6310=EDGE_LOOP('',(#6300,#6302,#6304,#6306,#6307,#6309));
#6311=FACE_OUTER_BOUND('',#6310,.F.);
#6312=ADVANCED_FACE('',(#6311),#6299,.T.);
#6313=CARTESIAN_POINT('',(-1.394E2,1.4E2,-5.E0));
#6314=DIRECTION('',(1.E0,0.E0,0.E0));
#6315=DIRECTION('',(0.E0,0.E0,-1.E0));
#6316=AXIS2_PLACEMENT_3D('',#6313,#6314,#6315);
#6317=PLANE('',#6316);
#6318=ORIENTED_EDGE('',*,*,#3860,.F.);
#6320=ORIENTED_EDGE('',*,*,#6319,.T.);
#6322=ORIENTED_EDGE('',*,*,#6321,.T.);
#6323=ORIENTED_EDGE('',*,*,#6301,.F.);
#6324=EDGE_LOOP('',(#6318,#6320,#6322,#6323));
#6325=FACE_OUTER_BOUND('',#6324,.F.);
#6326=ADVANCED_FACE('',(#6325),#6317,.T.);
#6327=CARTESIAN_POINT('',(-1.494E2,1.4E2,-5.E0));
#6328=DIRECTION('',(0.E0,0.E0,1.E0));
#6329=DIRECTION('',(1.E0,0.E0,0.E0));
#6330=AXIS2_PLACEMENT_3D('',#6327,#6328,#6329);
#6331=PLANE('',#6330);
#6333=ORIENTED_EDGE('',*,*,#6332,.F.);
#6335=ORIENTED_EDGE('',*,*,#6334,.T.);
#6336=ORIENTED_EDGE('',*,*,#6319,.F.);
#6337=ORIENTED_EDGE('',*,*,#3858,.T.);
#6339=ORIENTED_EDGE('',*,*,#6338,.T.);
#6340=ORIENTED_EDGE('',*,*,#6276,.T.);
#6341=EDGE_LOOP('',(#6333,#6335,#6336,#6337,#6339,#6340));
#6342=FACE_OUTER_BOUND('',#6341,.F.);
#6343=ADVANCED_FACE('',(#6342),#6331,.T.);
#6344=CARTESIAN_POINT('',(-1.444E2,1.4E2,-5.E0));
#6345=DIRECTION('',(1.E0,0.E0,0.E0));
#6346=DIRECTION('',(0.E0,0.E0,-1.E0));
#6347=AXIS2_PLACEMENT_3D('',#6344,#6345,#6346);
#6348=PLANE('',#6347);
#6349=ORIENTED_EDGE('',*,*,#6305,.F.);
#6351=ORIENTED_EDGE('',*,*,#6350,.F.);
#6352=ORIENTED_EDGE('',*,*,#6332,.T.);
#6353=ORIENTED_EDGE('',*,*,#6274,.T.);
#6354=EDGE_LOOP('',(#6349,#6351,#6352,#6353));
#6355=FACE_OUTER_BOUND('',#6354,.F.);
#6356=ADVANCED_FACE('',(#6355),#6348,.T.);
#6357=CARTESIAN_POINT('',(-8.4E1,1.45E2,1.152E2));
#6358=DIRECTION('',(0.E0,1.E0,0.E0));
#6359=DIRECTION('',(1.E0,0.E0,0.E0));
#6360=AXIS2_PLACEMENT_3D('',#6357,#6358,#6359);
#6361=PLANE('',#6360);
#6362=ORIENTED_EDGE('',*,*,#6249,.F.);
#6363=ORIENTED_EDGE('',*,*,#6197,.F.);
#6364=ORIENTED_EDGE('',*,*,#6216,.F.);
#6365=ORIENTED_EDGE('',*,*,#6229,.F.);
#6366=EDGE_LOOP('',(#6362,#6363,#6364,#6365));
#6367=FACE_OUTER_BOUND('',#6366,.F.);
#6368=ADVANCED_FACE('',(#6367),#6361,.T.);
#6369=CARTESIAN_POINT('',(-8.4E1,1.45E2,1.152E2));
#6370=DIRECTION('',(0.E0,1.E0,0.E0));
#6371=DIRECTION('',(1.E0,0.E0,0.E0));
#6372=AXIS2_PLACEMENT_3D('',#6369,#6370,#6371);
#6373=PLANE('',#6372);
#6374=ORIENTED_EDGE('',*,*,#6350,.T.);
#6375=ORIENTED_EDGE('',*,*,#6303,.F.);
#6376=ORIENTED_EDGE('',*,*,#6321,.F.);
#6377=ORIENTED_EDGE('',*,*,#6334,.F.);
#6378=EDGE_LOOP('',(#6374,#6375,#6376,#6377));
#6379=FACE_OUTER_BOUND('',#6378,.F.);
#6380=ADVANCED_FACE('',(#6379),#6373,.T.);
#6381=CARTESIAN_POINT('',(-1.494E2,1.4E2,-2.98E1));
#6382=DIRECTION('',(-1.E0,0.E0,0.E0));
#6383=DIRECTION('',(0.E0,0.E0,1.E0));
#6384=AXIS2_PLACEMENT_3D('',#6381,#6382,#6383);
#6385=PLANE('',#6384);
#6386=ORIENTED_EDGE('',*,*,#3856,.F.);
#6387=ORIENTED_EDGE('',*,*,#6308,.T.);
#6388=ORIENTED_EDGE('',*,*,#6278,.T.);
#6389=ORIENTED_EDGE('',*,*,#6338,.F.);
#6390=EDGE_LOOP('',(#6386,#6387,#6388,#6389));
#6391=FACE_OUTER_BOUND('',#6390,.F.);
#6392=ADVANCED_FACE('',(#6391),#6385,.T.);
#6393=CARTESIAN_POINT('',(-1.61E2,1.4E2,-1.202E2));
#6394=DIRECTION('',(0.E0,0.E0,1.E0));
#6395=DIRECTION('',(1.E0,0.E0,0.E0));
#6396=AXIS2_PLACEMENT_3D('',#6393,#6394,#6395);
#6397=PLANE('',#6396);
#6398=ORIENTED_EDGE('',*,*,#3864,.T.);
#6400=ORIENTED_EDGE('',*,*,#6399,.T.);
#6402=ORIENTED_EDGE('',*,*,#6401,.T.);
#6404=ORIENTED_EDGE('',*,*,#6403,.T.);
#6406=ORIENTED_EDGE('',*,*,#6405,.T.);
#6408=ORIENTED_EDGE('',*,*,#6407,.F.);
#6409=EDGE_LOOP('',(#6398,#6400,#6402,#6404,#6406,#6408));
#6410=FACE_OUTER_BOUND('',#6409,.F.);
#6411=ADVANCED_FACE('',(#6410),#6397,.T.);
#6412=CARTESIAN_POINT('',(-1.66E2,1.4E2,-1.45E2));
#6413=DIRECTION('',(-1.E0,0.E0,0.E0));
#6414=DIRECTION('',(0.E0,0.E0,1.E0));
#6415=AXIS2_PLACEMENT_3D('',#6412,#6413,#6414);
#6416=PLANE('',#6415);
#6417=ORIENTED_EDGE('',*,*,#3870,.F.);
#6419=ORIENTED_EDGE('',*,*,#6418,.T.);
#6421=ORIENTED_EDGE('',*,*,#6420,.T.);
#6422=ORIENTED_EDGE('',*,*,#6399,.F.);
#6423=EDGE_LOOP('',(#6417,#6419,#6421,#6422));
#6424=FACE_OUTER_BOUND('',#6423,.F.);
#6425=ADVANCED_FACE('',(#6424),#6416,.T.);
#6426=CARTESIAN_POINT('',(-1.56E2,1.4E2,-1.45E2));
#6427=DIRECTION('',(0.E0,0.E0,-1.E0));
#6428=DIRECTION('',(-1.E0,0.E0,0.E0));
#6429=AXIS2_PLACEMENT_3D('',#6426,#6427,#6428);
#6430=PLANE('',#6429);
#6432=ORIENTED_EDGE('',*,*,#6431,.F.);
#6434=ORIENTED_EDGE('',*,*,#6433,.T.);
#6435=ORIENTED_EDGE('',*,*,#6418,.F.);
#6436=ORIENTED_EDGE('',*,*,#3868,.T.);
#6438=ORIENTED_EDGE('',*,*,#6437,.T.);
#6440=ORIENTED_EDGE('',*,*,#6439,.T.);
#6441=EDGE_LOOP('',(#6432,#6434,#6435,#6436,#6438,#6440));
#6442=FACE_OUTER_BOUND('',#6441,.F.);
#6443=ADVANCED_FACE('',(#6442),#6430,.T.);
#6444=CARTESIAN_POINT('',(-1.61E2,1.4E2,-1.45E2));
#6445=DIRECTION('',(-1.E0,0.E0,0.E0));
#6446=DIRECTION('',(0.E0,0.E0,1.E0));
#6447=AXIS2_PLACEMENT_3D('',#6444,#6445,#6446);
#6448=PLANE('',#6447);
#6449=ORIENTED_EDGE('',*,*,#6431,.T.);
#6451=ORIENTED_EDGE('',*,*,#6450,.T.);
#6452=ORIENTED_EDGE('',*,*,#6403,.F.);
#6454=ORIENTED_EDGE('',*,*,#6453,.T.);
#6455=EDGE_LOOP('',(#6449,#6451,#6452,#6454));
#6456=FACE_OUTER_BOUND('',#6455,.F.);
#6457=ADVANCED_FACE('',(#6456),#6448,.T.);
#6458=CARTESIAN_POINT('',(-1.26E2,1.5E2,0.E0));
#6459=DIRECTION('',(0.E0,1.E0,0.E0));
#6460=DIRECTION('',(1.E0,0.E0,0.E0));
#6461=AXIS2_PLACEMENT_3D('',#6458,#6459,#6460);
#6462=PLANE('',#6461);
#6463=ORIENTED_EDGE('',*,*,#6450,.F.);
#6464=ORIENTED_EDGE('',*,*,#6439,.F.);
#6466=ORIENTED_EDGE('',*,*,#6465,.F.);
#6467=ORIENTED_EDGE('',*,*,#6405,.F.);
#6468=EDGE_LOOP('',(#6463,#6464,#6466,#6467));
#6469=FACE_OUTER_BOUND('',#6468,.F.);
#6470=ADVANCED_FACE('',(#6469),#6462,.T.);
#6471=CARTESIAN_POINT('',(-1.26E2,1.5E2,0.E0));
#6472=DIRECTION('',(0.E0,1.E0,0.E0));
#6473=DIRECTION('',(1.E0,0.E0,0.E0));
#6474=AXIS2_PLACEMENT_3D('',#6471,#6472,#6473);
#6475=PLANE('',#6474);
#6477=ORIENTED_EDGE('',*,*,#6476,.F.);
#6479=ORIENTED_EDGE('',*,*,#6478,.F.);
#6481=ORIENTED_EDGE('',*,*,#6480,.F.);
#6483=ORIENTED_EDGE('',*,*,#6482,.F.);
#6484=EDGE_LOOP('',(#6477,#6479,#6481,#6483));
#6485=FACE_OUTER_BOUND('',#6484,.F.);
#6486=ADVANCED_FACE('',(#6485),#6475,.T.);
#6487=CARTESIAN_POINT('',(-1.56E2,1.4E2,-1.202E2));
#6488=DIRECTION('',(1.E0,0.E0,0.E0));
#6489=DIRECTION('',(0.E0,0.E0,-1.E0));
#6490=AXIS2_PLACEMENT_3D('',#6487,#6488,#6489);
#6491=PLANE('',#6490);
#6492=ORIENTED_EDGE('',*,*,#3866,.F.);
#6493=ORIENTED_EDGE('',*,*,#6407,.T.);
#6494=ORIENTED_EDGE('',*,*,#6465,.T.);
#6495=ORIENTED_EDGE('',*,*,#6437,.F.);
#6496=EDGE_LOOP('',(#6492,#6493,#6494,#6495));
#6497=FACE_OUTER_BOUND('',#6496,.F.);
#6498=ADVANCED_FACE('',(#6497),#6491,.T.);
#6499=CARTESIAN_POINT('',(-1.864E2,1.4E2,-1.45E2));
#6500=DIRECTION('',(0.E0,0.E0,-1.E0));
#6501=DIRECTION('',(-1.E0,0.E0,0.E0));
#6502=AXIS2_PLACEMENT_3D('',#6499,#6500,#6501);
#6503=PLANE('',#6502);
#6504=ORIENTED_EDGE('',*,*,#3874,.T.);
#6506=ORIENTED_EDGE('',*,*,#6505,.T.);
#6508=ORIENTED_EDGE('',*,*,#6507,.T.);
#6510=ORIENTED_EDGE('',*,*,#6509,.T.);
#6511=ORIENTED_EDGE('',*,*,#6476,.T.);
#6513=ORIENTED_EDGE('',*,*,#6512,.F.);
#6514=EDGE_LOOP('',(#6504,#6506,#6508,#6510,#6511,#6513));
#6515=FACE_OUTER_BOUND('',#6514,.F.);
#6516=ADVANCED_FACE('',(#6515),#6503,.T.);
#6517=CARTESIAN_POINT('',(-1.814E2,1.4E2,-1.202E2));
#6518=DIRECTION('',(1.E0,0.E0,0.E0));
#6519=DIRECTION('',(0.E0,0.E0,-1.E0));
#6520=AXIS2_PLACEMENT_3D('',#6517,#6518,#6519);
#6521=PLANE('',#6520);
#6522=ORIENTED_EDGE('',*,*,#3880,.F.);
#6524=ORIENTED_EDGE('',*,*,#6523,.T.);
#6526=ORIENTED_EDGE('',*,*,#6525,.T.);
#6527=ORIENTED_EDGE('',*,*,#6505,.F.);
#6528=EDGE_LOOP('',(#6522,#6524,#6526,#6527));
#6529=FACE_OUTER_BOUND('',#6528,.F.);
#6530=ADVANCED_FACE('',(#6529),#6521,.T.);
#6531=CARTESIAN_POINT('',(-1.914E2,1.4E2,-1.202E2));
#6532=DIRECTION('',(0.E0,0.E0,1.E0));
#6533=DIRECTION('',(1.E0,0.E0,0.E0));
#6534=AXIS2_PLACEMENT_3D('',#6531,#6532,#6533);
#6535=PLANE('',#6534);
#6537=ORIENTED_EDGE('',*,*,#6536,.F.);
#6539=ORIENTED_EDGE('',*,*,#6538,.T.);
#6540=ORIENTED_EDGE('',*,*,#6523,.F.);
#6541=ORIENTED_EDGE('',*,*,#3878,.T.);
#6543=ORIENTED_EDGE('',*,*,#6542,.T.);
#6544=ORIENTED_EDGE('',*,*,#6480,.T.);
#6545=EDGE_LOOP('',(#6537,#6539,#6540,#6541,#6543,#6544));
#6546=FACE_OUTER_BOUND('',#6545,.F.);
#6547=ADVANCED_FACE('',(#6546),#6535,.T.);
#6548=CARTESIAN_POINT('',(-1.864E2,1.4E2,-1.202E2));
#6549=DIRECTION('',(1.E0,0.E0,0.E0));
#6550=DIRECTION('',(0.E0,0.E0,-1.E0));
#6551=AXIS2_PLACEMENT_3D('',#6548,#6549,#6550);
#6552=PLANE('',#6551);
#6553=ORIENTED_EDGE('',*,*,#6509,.F.);
#6555=ORIENTED_EDGE('',*,*,#6554,.F.);
#6556=ORIENTED_EDGE('',*,*,#6536,.T.);
#6557=ORIENTED_EDGE('',*,*,#6478,.T.);
#6558=EDGE_LOOP('',(#6553,#6555,#6556,#6557));
#6559=FACE_OUTER_BOUND('',#6558,.F.);
#6560=ADVANCED_FACE('',(#6559),#6552,.T.);
#6561=CARTESIAN_POINT('',(-1.26E2,1.45E2,0.E0));
#6562=DIRECTION('',(0.E0,1.E0,0.E0));
#6563=DIRECTION('',(1.E0,0.E0,0.E0));
#6564=AXIS2_PLACEMENT_3D('',#6561,#6562,#6563);
#6565=PLANE('',#6564);
#6566=ORIENTED_EDGE('',*,*,#6453,.F.);
#6567=ORIENTED_EDGE('',*,*,#6401,.F.);
#6568=ORIENTED_EDGE('',*,*,#6420,.F.);
#6569=ORIENTED_EDGE('',*,*,#6433,.F.);
#6570=EDGE_LOOP('',(#6566,#6567,#6568,#6569));
#6571=FACE_OUTER_BOUND('',#6570,.F.);
#6572=ADVANCED_FACE('',(#6571),#6565,.T.);
#6573=CARTESIAN_POINT('',(-1.26E2,1.45E2,0.E0));
#6574=DIRECTION('',(0.E0,1.E0,0.E0));
#6575=DIRECTION('',(1.E0,0.E0,0.E0));
#6576=AXIS2_PLACEMENT_3D('',#6573,#6574,#6575);
#6577=PLANE('',#6576);
#6578=ORIENTED_EDGE('',*,*,#6554,.T.);
#6579=ORIENTED_EDGE('',*,*,#6507,.F.);
#6580=ORIENTED_EDGE('',*,*,#6525,.F.);
#6581=ORIENTED_EDGE('',*,*,#6538,.F.);
#6582=EDGE_LOOP('',(#6578,#6579,#6580,#6581));
#6583=FACE_OUTER_BOUND('',#6582,.F.);
#6584=ADVANCED_FACE('',(#6583),#6577,.T.);
#6585=CARTESIAN_POINT('',(-1.914E2,1.4E2,-1.45E2));
#6586=DIRECTION('',(-1.E0,0.E0,0.E0));
#6587=DIRECTION('',(0.E0,0.E0,1.E0));
#6588=AXIS2_PLACEMENT_3D('',#6585,#6586,#6587);
#6589=PLANE('',#6588);
#6590=ORIENTED_EDGE('',*,*,#3876,.F.);
#6591=ORIENTED_EDGE('',*,*,#6512,.T.);
#6592=ORIENTED_EDGE('',*,*,#6482,.T.);
#6593=ORIENTED_EDGE('',*,*,#6542,.F.);
#6594=EDGE_LOOP('',(#6590,#6591,#6592,#6593));
#6595=FACE_OUTER_BOUND('',#6594,.F.);
#6596=ADVANCED_FACE('',(#6595),#6589,.T.);
#6597=CARTESIAN_POINT('',(-1.61E2,1.4E2,-8.18E1));
#6598=DIRECTION('',(0.E0,0.E0,1.E0));
#6599=DIRECTION('',(1.E0,0.E0,0.E0));
#6600=AXIS2_PLACEMENT_3D('',#6597,#6598,#6599);
#6601=PLANE('',#6600);
#6602=ORIENTED_EDGE('',*,*,#3884,.T.);
#6604=ORIENTED_EDGE('',*,*,#6603,.T.);
#6606=ORIENTED_EDGE('',*,*,#6605,.T.);
#6608=ORIENTED_EDGE('',*,*,#6607,.T.);
#6610=ORIENTED_EDGE('',*,*,#6609,.T.);
#6612=ORIENTED_EDGE('',*,*,#6611,.F.);
#6613=EDGE_LOOP('',(#6602,#6604,#6606,#6608,#6610,#6612));
#6614=FACE_OUTER_BOUND('',#6613,.F.);
#6615=ADVANCED_FACE('',(#6614),#6601,.T.);
#6616=CARTESIAN_POINT('',(-1.66E2,1.4E2,-1.066E2));
#6617=DIRECTION('',(-1.E0,0.E0,0.E0));
#6618=DIRECTION('',(0.E0,0.E0,1.E0));
#6619=AXIS2_PLACEMENT_3D('',#6616,#6617,#6618);
#6620=PLANE('',#6619);
#6621=ORIENTED_EDGE('',*,*,#3890,.F.);
#6623=ORIENTED_EDGE('',*,*,#6622,.T.);
#6625=ORIENTED_EDGE('',*,*,#6624,.T.);
#6626=ORIENTED_EDGE('',*,*,#6603,.F.);
#6627=EDGE_LOOP('',(#6621,#6623,#6625,#6626));
#6628=FACE_OUTER_BOUND('',#6627,.F.);
#6629=ADVANCED_FACE('',(#6628),#6620,.T.);
#6630=CARTESIAN_POINT('',(-1.56E2,1.4E2,-1.066E2));
#6631=DIRECTION('',(0.E0,0.E0,-1.E0));
#6632=DIRECTION('',(-1.E0,0.E0,0.E0));
#6633=AXIS2_PLACEMENT_3D('',#6630,#6631,#6632);
#6634=PLANE('',#6633);
#6636=ORIENTED_EDGE('',*,*,#6635,.F.);
#6638=ORIENTED_EDGE('',*,*,#6637,.T.);
#6639=ORIENTED_EDGE('',*,*,#6622,.F.);
#6640=ORIENTED_EDGE('',*,*,#3888,.T.);
#6642=ORIENTED_EDGE('',*,*,#6641,.T.);
#6644=ORIENTED_EDGE('',*,*,#6643,.T.);
#6645=EDGE_LOOP('',(#6636,#6638,#6639,#6640,#6642,#6644));
#6646=FACE_OUTER_BOUND('',#6645,.F.);
#6647=ADVANCED_FACE('',(#6646),#6634,.T.);
#6648=CARTESIAN_POINT('',(-1.61E2,1.4E2,-1.066E2));
#6649=DIRECTION('',(-1.E0,0.E0,0.E0));
#6650=DIRECTION('',(0.E0,0.E0,1.E0));
#6651=AXIS2_PLACEMENT_3D('',#6648,#6649,#6650);
#6652=PLANE('',#6651);
#6653=ORIENTED_EDGE('',*,*,#6635,.T.);
#6655=ORIENTED_EDGE('',*,*,#6654,.T.);
#6656=ORIENTED_EDGE('',*,*,#6607,.F.);
#6658=ORIENTED_EDGE('',*,*,#6657,.T.);
#6659=EDGE_LOOP('',(#6653,#6655,#6656,#6658));
#6660=FACE_OUTER_BOUND('',#6659,.F.);
#6661=ADVANCED_FACE('',(#6660),#6652,.T.);
#6662=CARTESIAN_POINT('',(-1.26E2,1.5E2,3.84E1));
#6663=DIRECTION('',(0.E0,1.E0,0.E0));
#6664=DIRECTION('',(1.E0,0.E0,0.E0));
#6665=AXIS2_PLACEMENT_3D('',#6662,#6663,#6664);
#6666=PLANE('',#6665);
#6667=ORIENTED_EDGE('',*,*,#6654,.F.);
#6668=ORIENTED_EDGE('',*,*,#6643,.F.);
#6670=ORIENTED_EDGE('',*,*,#6669,.F.);
#6671=ORIENTED_EDGE('',*,*,#6609,.F.);
#6672=EDGE_LOOP('',(#6667,#6668,#6670,#6671));
#6673=FACE_OUTER_BOUND('',#6672,.F.);
#6674=ADVANCED_FACE('',(#6673),#6666,.T.);
#6675=CARTESIAN_POINT('',(-1.26E2,1.5E2,3.84E1));
#6676=DIRECTION('',(0.E0,1.E0,0.E0));
#6677=DIRECTION('',(1.E0,0.E0,0.E0));
#6678=AXIS2_PLACEMENT_3D('',#6675,#6676,#6677);
#6679=PLANE('',#6678);
#6681=ORIENTED_EDGE('',*,*,#6680,.F.);
#6683=ORIENTED_EDGE('',*,*,#6682,.F.);
#6685=ORIENTED_EDGE('',*,*,#6684,.F.);
#6687=ORIENTED_EDGE('',*,*,#6686,.F.);
#6688=EDGE_LOOP('',(#6681,#6683,#6685,#6687));
#6689=FACE_OUTER_BOUND('',#6688,.F.);
#6690=ADVANCED_FACE('',(#6689),#6679,.T.);
#6691=CARTESIAN_POINT('',(-1.56E2,1.4E2,-8.18E1));
#6692=DIRECTION('',(1.E0,0.E0,0.E0));
#6693=DIRECTION('',(0.E0,0.E0,-1.E0));
#6694=AXIS2_PLACEMENT_3D('',#6691,#6692,#6693);
#6695=PLANE('',#6694);
#6696=ORIENTED_EDGE('',*,*,#3886,.F.);
#6697=ORIENTED_EDGE('',*,*,#6611,.T.);
#6698=ORIENTED_EDGE('',*,*,#6669,.T.);
#6699=ORIENTED_EDGE('',*,*,#6641,.F.);
#6700=EDGE_LOOP('',(#6696,#6697,#6698,#6699));
#6701=FACE_OUTER_BOUND('',#6700,.F.);
#6702=ADVANCED_FACE('',(#6701),#6695,.T.);
#6703=CARTESIAN_POINT('',(-1.864E2,1.4E2,-1.066E2));
#6704=DIRECTION('',(0.E0,0.E0,-1.E0));
#6705=DIRECTION('',(-1.E0,0.E0,0.E0));
#6706=AXIS2_PLACEMENT_3D('',#6703,#6704,#6705);
#6707=PLANE('',#6706);
#6708=ORIENTED_EDGE('',*,*,#3894,.T.);
#6710=ORIENTED_EDGE('',*,*,#6709,.T.);
#6712=ORIENTED_EDGE('',*,*,#6711,.T.);
#6714=ORIENTED_EDGE('',*,*,#6713,.T.);
#6715=ORIENTED_EDGE('',*,*,#6680,.T.);
#6717=ORIENTED_EDGE('',*,*,#6716,.F.);
#6718=EDGE_LOOP('',(#6708,#6710,#6712,#6714,#6715,#6717));
#6719=FACE_OUTER_BOUND('',#6718,.F.);
#6720=ADVANCED_FACE('',(#6719),#6707,.T.);
#6721=CARTESIAN_POINT('',(-1.814E2,1.4E2,-8.18E1));
#6722=DIRECTION('',(1.E0,0.E0,0.E0));
#6723=DIRECTION('',(0.E0,0.E0,-1.E0));
#6724=AXIS2_PLACEMENT_3D('',#6721,#6722,#6723);
#6725=PLANE('',#6724);
#6726=ORIENTED_EDGE('',*,*,#3900,.F.);
#6728=ORIENTED_EDGE('',*,*,#6727,.T.);
#6730=ORIENTED_EDGE('',*,*,#6729,.T.);
#6731=ORIENTED_EDGE('',*,*,#6709,.F.);
#6732=EDGE_LOOP('',(#6726,#6728,#6730,#6731));
#6733=FACE_OUTER_BOUND('',#6732,.F.);
#6734=ADVANCED_FACE('',(#6733),#6725,.T.);
#6735=CARTESIAN_POINT('',(-1.914E2,1.4E2,-8.18E1));
#6736=DIRECTION('',(0.E0,0.E0,1.E0));
#6737=DIRECTION('',(1.E0,0.E0,0.E0));
#6738=AXIS2_PLACEMENT_3D('',#6735,#6736,#6737);
#6739=PLANE('',#6738);
#6741=ORIENTED_EDGE('',*,*,#6740,.F.);
#6743=ORIENTED_EDGE('',*,*,#6742,.T.);
#6744=ORIENTED_EDGE('',*,*,#6727,.F.);
#6745=ORIENTED_EDGE('',*,*,#3898,.T.);
#6747=ORIENTED_EDGE('',*,*,#6746,.T.);
#6748=ORIENTED_EDGE('',*,*,#6684,.T.);
#6749=EDGE_LOOP('',(#6741,#6743,#6744,#6745,#6747,#6748));
#6750=FACE_OUTER_BOUND('',#6749,.F.);
#6751=ADVANCED_FACE('',(#6750),#6739,.T.);
#6752=CARTESIAN_POINT('',(-1.864E2,1.4E2,-8.18E1));
#6753=DIRECTION('',(1.E0,0.E0,0.E0));
#6754=DIRECTION('',(0.E0,0.E0,-1.E0));
#6755=AXIS2_PLACEMENT_3D('',#6752,#6753,#6754);
#6756=PLANE('',#6755);
#6757=ORIENTED_EDGE('',*,*,#6713,.F.);
#6759=ORIENTED_EDGE('',*,*,#6758,.F.);
#6760=ORIENTED_EDGE('',*,*,#6740,.T.);
#6761=ORIENTED_EDGE('',*,*,#6682,.T.);
#6762=EDGE_LOOP('',(#6757,#6759,#6760,#6761));
#6763=FACE_OUTER_BOUND('',#6762,.F.);
#6764=ADVANCED_FACE('',(#6763),#6756,.T.);
#6765=CARTESIAN_POINT('',(-1.26E2,1.45E2,3.84E1));
#6766=DIRECTION('',(0.E0,1.E0,0.E0));
#6767=DIRECTION('',(1.E0,0.E0,0.E0));
#6768=AXIS2_PLACEMENT_3D('',#6765,#6766,#6767);
#6769=PLANE('',#6768);
#6770=ORIENTED_EDGE('',*,*,#6657,.F.);
#6771=ORIENTED_EDGE('',*,*,#6605,.F.);
#6772=ORIENTED_EDGE('',*,*,#6624,.F.);
#6773=ORIENTED_EDGE('',*,*,#6637,.F.);
#6774=EDGE_LOOP('',(#6770,#6771,#6772,#6773));
#6775=FACE_OUTER_BOUND('',#6774,.F.);
#6776=ADVANCED_FACE('',(#6775),#6769,.T.);
#6777=CARTESIAN_POINT('',(-1.26E2,1.45E2,3.84E1));
#6778=DIRECTION('',(0.E0,1.E0,0.E0));
#6779=DIRECTION('',(1.E0,0.E0,0.E0));
#6780=AXIS2_PLACEMENT_3D('',#6777,#6778,#6779);
#6781=PLANE('',#6780);
#6782=ORIENTED_EDGE('',*,*,#6758,.T.);
#6783=ORIENTED_EDGE('',*,*,#6711,.F.);
#6784=ORIENTED_EDGE('',*,*,#6729,.F.);
#6785=ORIENTED_EDGE('',*,*,#6742,.F.);
#6786=EDGE_LOOP('',(#6782,#6783,#6784,#6785));
#6787=FACE_OUTER_BOUND('',#6786,.F.);
#6788=ADVANCED_FACE('',(#6787),#6781,.T.);
#6789=CARTESIAN_POINT('',(-1.914E2,1.4E2,-1.066E2));
#6790=DIRECTION('',(-1.E0,0.E0,0.E0));
#6791=DIRECTION('',(0.E0,0.E0,1.E0));
#6792=AXIS2_PLACEMENT_3D('',#6789,#6790,#6791);
#6793=PLANE('',#6792);
#6794=ORIENTED_EDGE('',*,*,#3896,.F.);
#6795=ORIENTED_EDGE('',*,*,#6716,.T.);
#6796=ORIENTED_EDGE('',*,*,#6686,.T.);
#6797=ORIENTED_EDGE('',*,*,#6746,.F.);
#6798=EDGE_LOOP('',(#6794,#6795,#6796,#6797));
#6799=FACE_OUTER_BOUND('',#6798,.F.);
#6800=ADVANCED_FACE('',(#6799),#6793,.T.);
#6801=CARTESIAN_POINT('',(-1.61E2,1.4E2,-4.34E1));
#6802=DIRECTION('',(0.E0,0.E0,1.E0));
#6803=DIRECTION('',(1.E0,0.E0,0.E0));
#6804=AXIS2_PLACEMENT_3D('',#6801,#6802,#6803);
#6805=PLANE('',#6804);
#6806=ORIENTED_EDGE('',*,*,#3904,.T.);
#6808=ORIENTED_EDGE('',*,*,#6807,.T.);
#6810=ORIENTED_EDGE('',*,*,#6809,.T.);
#6812=ORIENTED_EDGE('',*,*,#6811,.T.);
#6814=ORIENTED_EDGE('',*,*,#6813,.T.);
#6816=ORIENTED_EDGE('',*,*,#6815,.F.);
#6817=EDGE_LOOP('',(#6806,#6808,#6810,#6812,#6814,#6816));
#6818=FACE_OUTER_BOUND('',#6817,.F.);
#6819=ADVANCED_FACE('',(#6818),#6805,.T.);
#6820=CARTESIAN_POINT('',(-1.66E2,1.4E2,-6.82E1));
#6821=DIRECTION('',(-1.E0,0.E0,0.E0));
#6822=DIRECTION('',(0.E0,0.E0,1.E0));
#6823=AXIS2_PLACEMENT_3D('',#6820,#6821,#6822);
#6824=PLANE('',#6823);
#6825=ORIENTED_EDGE('',*,*,#3910,.F.);
#6827=ORIENTED_EDGE('',*,*,#6826,.T.);
#6829=ORIENTED_EDGE('',*,*,#6828,.T.);
#6830=ORIENTED_EDGE('',*,*,#6807,.F.);
#6831=EDGE_LOOP('',(#6825,#6827,#6829,#6830));
#6832=FACE_OUTER_BOUND('',#6831,.F.);
#6833=ADVANCED_FACE('',(#6832),#6824,.T.);
#6834=CARTESIAN_POINT('',(-1.56E2,1.4E2,-6.82E1));
#6835=DIRECTION('',(0.E0,0.E0,-1.E0));
#6836=DIRECTION('',(-1.E0,0.E0,0.E0));
#6837=AXIS2_PLACEMENT_3D('',#6834,#6835,#6836);
#6838=PLANE('',#6837);
#6840=ORIENTED_EDGE('',*,*,#6839,.F.);
#6842=ORIENTED_EDGE('',*,*,#6841,.T.);
#6843=ORIENTED_EDGE('',*,*,#6826,.F.);
#6844=ORIENTED_EDGE('',*,*,#3908,.T.);
#6846=ORIENTED_EDGE('',*,*,#6845,.T.);
#6848=ORIENTED_EDGE('',*,*,#6847,.T.);
#6849=EDGE_LOOP('',(#6840,#6842,#6843,#6844,#6846,#6848));
#6850=FACE_OUTER_BOUND('',#6849,.F.);
#6851=ADVANCED_FACE('',(#6850),#6838,.T.);
#6852=CARTESIAN_POINT('',(-1.61E2,1.4E2,-6.82E1));
#6853=DIRECTION('',(-1.E0,0.E0,0.E0));
#6854=DIRECTION('',(0.E0,0.E0,1.E0));
#6855=AXIS2_PLACEMENT_3D('',#6852,#6853,#6854);
#6856=PLANE('',#6855);
#6857=ORIENTED_EDGE('',*,*,#6839,.T.);
#6859=ORIENTED_EDGE('',*,*,#6858,.T.);
#6860=ORIENTED_EDGE('',*,*,#6811,.F.);
#6862=ORIENTED_EDGE('',*,*,#6861,.T.);
#6863=EDGE_LOOP('',(#6857,#6859,#6860,#6862));
#6864=FACE_OUTER_BOUND('',#6863,.F.);
#6865=ADVANCED_FACE('',(#6864),#6856,.T.);
#6866=CARTESIAN_POINT('',(-1.26E2,1.5E2,7.68E1));
#6867=DIRECTION('',(0.E0,1.E0,0.E0));
#6868=DIRECTION('',(1.E0,0.E0,0.E0));
#6869=AXIS2_PLACEMENT_3D('',#6866,#6867,#6868);
#6870=PLANE('',#6869);
#6871=ORIENTED_EDGE('',*,*,#6858,.F.);
#6872=ORIENTED_EDGE('',*,*,#6847,.F.);
#6874=ORIENTED_EDGE('',*,*,#6873,.F.);
#6875=ORIENTED_EDGE('',*,*,#6813,.F.);
#6876=EDGE_LOOP('',(#6871,#6872,#6874,#6875));
#6877=FACE_OUTER_BOUND('',#6876,.F.);
#6878=ADVANCED_FACE('',(#6877),#6870,.T.);
#6879=CARTESIAN_POINT('',(-1.26E2,1.5E2,7.68E1));
#6880=DIRECTION('',(0.E0,1.E0,0.E0));
#6881=DIRECTION('',(1.E0,0.E0,0.E0));
#6882=AXIS2_PLACEMENT_3D('',#6879,#6880,#6881);
#6883=PLANE('',#6882);
#6885=ORIENTED_EDGE('',*,*,#6884,.F.);
#6887=ORIENTED_EDGE('',*,*,#6886,.F.);
#6889=ORIENTED_EDGE('',*,*,#6888,.F.);
#6891=ORIENTED_EDGE('',*,*,#6890,.F.);
#6892=EDGE_LOOP('',(#6885,#6887,#6889,#6891));
#6893=FACE_OUTER_BOUND('',#6892,.F.);
#6894=ADVANCED_FACE('',(#6893),#6883,.T.);
#6895=CARTESIAN_POINT('',(-1.56E2,1.4E2,-4.34E1));
#6896=DIRECTION('',(1.E0,0.E0,0.E0));
#6897=DIRECTION('',(0.E0,0.E0,-1.E0));
#6898=AXIS2_PLACEMENT_3D('',#6895,#6896,#6897);
#6899=PLANE('',#6898);
#6900=ORIENTED_EDGE('',*,*,#3906,.F.);
#6901=ORIENTED_EDGE('',*,*,#6815,.T.);
#6902=ORIENTED_EDGE('',*,*,#6873,.T.);
#6903=ORIENTED_EDGE('',*,*,#6845,.F.);
#6904=EDGE_LOOP('',(#6900,#6901,#6902,#6903));
#6905=FACE_OUTER_BOUND('',#6904,.F.);
#6906=ADVANCED_FACE('',(#6905),#6899,.T.);
#6907=CARTESIAN_POINT('',(-1.864E2,1.4E2,-6.82E1));
#6908=DIRECTION('',(0.E0,0.E0,-1.E0));
#6909=DIRECTION('',(-1.E0,0.E0,0.E0));
#6910=AXIS2_PLACEMENT_3D('',#6907,#6908,#6909);
#6911=PLANE('',#6910);
#6912=ORIENTED_EDGE('',*,*,#3914,.T.);
#6914=ORIENTED_EDGE('',*,*,#6913,.T.);
#6916=ORIENTED_EDGE('',*,*,#6915,.T.);
#6918=ORIENTED_EDGE('',*,*,#6917,.T.);
#6919=ORIENTED_EDGE('',*,*,#6884,.T.);
#6921=ORIENTED_EDGE('',*,*,#6920,.F.);
#6922=EDGE_LOOP('',(#6912,#6914,#6916,#6918,#6919,#6921));
#6923=FACE_OUTER_BOUND('',#6922,.F.);
#6924=ADVANCED_FACE('',(#6923),#6911,.T.);
#6925=CARTESIAN_POINT('',(-1.814E2,1.4E2,-4.34E1));
#6926=DIRECTION('',(1.E0,0.E0,0.E0));
#6927=DIRECTION('',(0.E0,0.E0,-1.E0));
#6928=AXIS2_PLACEMENT_3D('',#6925,#6926,#6927);
#6929=PLANE('',#6928);
#6930=ORIENTED_EDGE('',*,*,#3920,.F.);
#6932=ORIENTED_EDGE('',*,*,#6931,.T.);
#6934=ORIENTED_EDGE('',*,*,#6933,.T.);
#6935=ORIENTED_EDGE('',*,*,#6913,.F.);
#6936=EDGE_LOOP('',(#6930,#6932,#6934,#6935));
#6937=FACE_OUTER_BOUND('',#6936,.F.);
#6938=ADVANCED_FACE('',(#6937),#6929,.T.);
#6939=CARTESIAN_POINT('',(-1.914E2,1.4E2,-4.34E1));
#6940=DIRECTION('',(0.E0,0.E0,1.E0));
#6941=DIRECTION('',(1.E0,0.E0,0.E0));
#6942=AXIS2_PLACEMENT_3D('',#6939,#6940,#6941);
#6943=PLANE('',#6942);
#6945=ORIENTED_EDGE('',*,*,#6944,.F.);
#6947=ORIENTED_EDGE('',*,*,#6946,.T.);
#6948=ORIENTED_EDGE('',*,*,#6931,.F.);
#6949=ORIENTED_EDGE('',*,*,#3918,.T.);
#6951=ORIENTED_EDGE('',*,*,#6950,.T.);
#6952=ORIENTED_EDGE('',*,*,#6888,.T.);
#6953=EDGE_LOOP('',(#6945,#6947,#6948,#6949,#6951,#6952));
#6954=FACE_OUTER_BOUND('',#6953,.F.);
#6955=ADVANCED_FACE('',(#6954),#6943,.T.);
#6956=CARTESIAN_POINT('',(-1.864E2,1.4E2,-4.34E1));
#6957=DIRECTION('',(1.E0,0.E0,0.E0));
#6958=DIRECTION('',(0.E0,0.E0,-1.E0));
#6959=AXIS2_PLACEMENT_3D('',#6956,#6957,#6958);
#6960=PLANE('',#6959);
#6961=ORIENTED_EDGE('',*,*,#6917,.F.);
#6963=ORIENTED_EDGE('',*,*,#6962,.F.);
#6964=ORIENTED_EDGE('',*,*,#6944,.T.);
#6965=ORIENTED_EDGE('',*,*,#6886,.T.);
#6966=EDGE_LOOP('',(#6961,#6963,#6964,#6965));
#6967=FACE_OUTER_BOUND('',#6966,.F.);
#6968=ADVANCED_FACE('',(#6967),#6960,.T.);
#6969=CARTESIAN_POINT('',(-1.26E2,1.45E2,7.68E1));
#6970=DIRECTION('',(0.E0,1.E0,0.E0));
#6971=DIRECTION('',(1.E0,0.E0,0.E0));
#6972=AXIS2_PLACEMENT_3D('',#6969,#6970,#6971);
#6973=PLANE('',#6972);
#6974=ORIENTED_EDGE('',*,*,#6861,.F.);
#6975=ORIENTED_EDGE('',*,*,#6809,.F.);
#6976=ORIENTED_EDGE('',*,*,#6828,.F.);
#6977=ORIENTED_EDGE('',*,*,#6841,.F.);
#6978=EDGE_LOOP('',(#6974,#6975,#6976,#6977));
#6979=FACE_OUTER_BOUND('',#6978,.F.);
#6980=ADVANCED_FACE('',(#6979),#6973,.T.);
#6981=CARTESIAN_POINT('',(-1.26E2,1.45E2,7.68E1));
#6982=DIRECTION('',(0.E0,1.E0,0.E0));
#6983=DIRECTION('',(1.E0,0.E0,0.E0));
#6984=AXIS2_PLACEMENT_3D('',#6981,#6982,#6983);
#6985=PLANE('',#6984);
#6986=ORIENTED_EDGE('',*,*,#6962,.T.);
#6987=ORIENTED_EDGE('',*,*,#6915,.F.);
#6988=ORIENTED_EDGE('',*,*,#6933,.F.);
#6989=ORIENTED_EDGE('',*,*,#6946,.F.);
#6990=EDGE_LOOP('',(#6986,#6987,#6988,#6989));
#6991=FACE_OUTER_BOUND('',#6990,.F.);
#6992=ADVANCED_FACE('',(#6991),#6985,.T.);
#6993=CARTESIAN_POINT('',(-1.914E2,1.4E2,-6.82E1));
#6994=DIRECTION('',(-1.E0,0.E0,0.E0));
#6995=DIRECTION('',(0.E0,0.E0,1.E0));
#6996=AXIS2_PLACEMENT_3D('',#6993,#6994,#6995);
#6997=PLANE('',#6996);
#6998=ORIENTED_EDGE('',*,*,#3916,.F.);
#6999=ORIENTED_EDGE('',*,*,#6920,.T.);
#7000=ORIENTED_EDGE('',*,*,#6890,.T.);
#7001=ORIENTED_EDGE('',*,*,#6950,.F.);
#7002=EDGE_LOOP('',(#6998,#6999,#7000,#7001));
#7003=FACE_OUTER_BOUND('',#7002,.F.);
#7004=ADVANCED_FACE('',(#7003),#6997,.T.);
#7005=CARTESIAN_POINT('',(-1.61E2,1.4E2,-5.E0));
#7006=DIRECTION('',(0.E0,0.E0,1.E0));
#7007=DIRECTION('',(1.E0,0.E0,0.E0));
#7008=AXIS2_PLACEMENT_3D('',#7005,#7006,#7007);
#7009=PLANE('',#7008);
#7010=ORIENTED_EDGE('',*,*,#3924,.T.);
#7012=ORIENTED_EDGE('',*,*,#7011,.T.);
#7014=ORIENTED_EDGE('',*,*,#7013,.T.);
#7016=ORIENTED_EDGE('',*,*,#7015,.T.);
#7018=ORIENTED_EDGE('',*,*,#7017,.T.);
#7020=ORIENTED_EDGE('',*,*,#7019,.F.);
#7021=EDGE_LOOP('',(#7010,#7012,#7014,#7016,#7018,#7020));
#7022=FACE_OUTER_BOUND('',#7021,.F.);
#7023=ADVANCED_FACE('',(#7022),#7009,.T.);
#7024=CARTESIAN_POINT('',(-1.66E2,1.4E2,-2.98E1));
#7025=DIRECTION('',(-1.E0,0.E0,0.E0));
#7026=DIRECTION('',(0.E0,0.E0,1.E0));
#7027=AXIS2_PLACEMENT_3D('',#7024,#7025,#7026);
#7028=PLANE('',#7027);
#7029=ORIENTED_EDGE('',*,*,#3930,.F.);
#7031=ORIENTED_EDGE('',*,*,#7030,.T.);
#7033=ORIENTED_EDGE('',*,*,#7032,.T.);
#7034=ORIENTED_EDGE('',*,*,#7011,.F.);
#7035=EDGE_LOOP('',(#7029,#7031,#7033,#7034));
#7036=FACE_OUTER_BOUND('',#7035,.F.);
#7037=ADVANCED_FACE('',(#7036),#7028,.T.);
#7038=CARTESIAN_POINT('',(-1.56E2,1.4E2,-2.98E1));
#7039=DIRECTION('',(0.E0,0.E0,-1.E0));
#7040=DIRECTION('',(-1.E0,0.E0,0.E0));
#7041=AXIS2_PLACEMENT_3D('',#7038,#7039,#7040);
#7042=PLANE('',#7041);
#7044=ORIENTED_EDGE('',*,*,#7043,.F.);
#7046=ORIENTED_EDGE('',*,*,#7045,.T.);
#7047=ORIENTED_EDGE('',*,*,#7030,.F.);
#7048=ORIENTED_EDGE('',*,*,#3928,.T.);
#7050=ORIENTED_EDGE('',*,*,#7049,.T.);
#7052=ORIENTED_EDGE('',*,*,#7051,.T.);
#7053=EDGE_LOOP('',(#7044,#7046,#7047,#7048,#7050,#7052));
#7054=FACE_OUTER_BOUND('',#7053,.F.);
#7055=ADVANCED_FACE('',(#7054),#7042,.T.);
#7056=CARTESIAN_POINT('',(-1.61E2,1.4E2,-2.98E1));
#7057=DIRECTION('',(-1.E0,0.E0,0.E0));
#7058=DIRECTION('',(0.E0,0.E0,1.E0));
#7059=AXIS2_PLACEMENT_3D('',#7056,#7057,#7058);
#7060=PLANE('',#7059);
#7061=ORIENTED_EDGE('',*,*,#7043,.T.);
#7063=ORIENTED_EDGE('',*,*,#7062,.T.);
#7064=ORIENTED_EDGE('',*,*,#7015,.F.);
#7066=ORIENTED_EDGE('',*,*,#7065,.T.);
#7067=EDGE_LOOP('',(#7061,#7063,#7064,#7066));
#7068=FACE_OUTER_BOUND('',#7067,.F.);
#7069=ADVANCED_FACE('',(#7068),#7060,.T.);
#7070=CARTESIAN_POINT('',(-1.26E2,1.5E2,1.152E2));
#7071=DIRECTION('',(0.E0,1.E0,0.E0));
#7072=DIRECTION('',(1.E0,0.E0,0.E0));
#7073=AXIS2_PLACEMENT_3D('',#7070,#7071,#7072);
#7074=PLANE('',#7073);
#7075=ORIENTED_EDGE('',*,*,#7062,.F.);
#7076=ORIENTED_EDGE('',*,*,#7051,.F.);
#7078=ORIENTED_EDGE('',*,*,#7077,.F.);
#7079=ORIENTED_EDGE('',*,*,#7017,.F.);
#7080=EDGE_LOOP('',(#7075,#7076,#7078,#7079));
#7081=FACE_OUTER_BOUND('',#7080,.F.);
#7082=ADVANCED_FACE('',(#7081),#7074,.T.);
#7083=CARTESIAN_POINT('',(-1.26E2,1.5E2,1.152E2));
#7084=DIRECTION('',(0.E0,1.E0,0.E0));
#7085=DIRECTION('',(1.E0,0.E0,0.E0));
#7086=AXIS2_PLACEMENT_3D('',#7083,#7084,#7085);
#7087=PLANE('',#7086);
#7089=ORIENTED_EDGE('',*,*,#7088,.F.);
#7091=ORIENTED_EDGE('',*,*,#7090,.F.);
#7093=ORIENTED_EDGE('',*,*,#7092,.F.);
#7095=ORIENTED_EDGE('',*,*,#7094,.F.);
#7096=EDGE_LOOP('',(#7089,#7091,#7093,#7095));
#7097=FACE_OUTER_BOUND('',#7096,.F.);
#7098=ADVANCED_FACE('',(#7097),#7087,.T.);
#7099=CARTESIAN_POINT('',(-1.56E2,1.4E2,-5.E0));
#7100=DIRECTION('',(1.E0,0.E0,0.E0));
#7101=DIRECTION('',(0.E0,0.E0,-1.E0));
#7102=AXIS2_PLACEMENT_3D('',#7099,#7100,#7101);
#7103=PLANE('',#7102);
#7104=ORIENTED_EDGE('',*,*,#3926,.F.);
#7105=ORIENTED_EDGE('',*,*,#7019,.T.);
#7106=ORIENTED_EDGE('',*,*,#7077,.T.);
#7107=ORIENTED_EDGE('',*,*,#7049,.F.);
#7108=EDGE_LOOP('',(#7104,#7105,#7106,#7107));
#7109=FACE_OUTER_BOUND('',#7108,.F.);
#7110=ADVANCED_FACE('',(#7109),#7103,.T.);
#7111=CARTESIAN_POINT('',(-1.864E2,1.4E2,-2.98E1));
#7112=DIRECTION('',(0.E0,0.E0,-1.E0));
#7113=DIRECTION('',(-1.E0,0.E0,0.E0));
#7114=AXIS2_PLACEMENT_3D('',#7111,#7112,#7113);
#7115=PLANE('',#7114);
#7116=ORIENTED_EDGE('',*,*,#3934,.T.);
#7118=ORIENTED_EDGE('',*,*,#7117,.T.);
#7120=ORIENTED_EDGE('',*,*,#7119,.T.);
#7122=ORIENTED_EDGE('',*,*,#7121,.T.);
#7123=ORIENTED_EDGE('',*,*,#7088,.T.);
#7125=ORIENTED_EDGE('',*,*,#7124,.F.);
#7126=EDGE_LOOP('',(#7116,#7118,#7120,#7122,#7123,#7125));
#7127=FACE_OUTER_BOUND('',#7126,.F.);
#7128=ADVANCED_FACE('',(#7127),#7115,.T.);
#7129=CARTESIAN_POINT('',(-1.814E2,1.4E2,-5.E0));
#7130=DIRECTION('',(1.E0,0.E0,0.E0));
#7131=DIRECTION('',(0.E0,0.E0,-1.E0));
#7132=AXIS2_PLACEMENT_3D('',#7129,#7130,#7131);
#7133=PLANE('',#7132);
#7134=ORIENTED_EDGE('',*,*,#3940,.F.);
#7136=ORIENTED_EDGE('',*,*,#7135,.T.);
#7138=ORIENTED_EDGE('',*,*,#7137,.T.);
#7139=ORIENTED_EDGE('',*,*,#7117,.F.);
#7140=EDGE_LOOP('',(#7134,#7136,#7138,#7139));
#7141=FACE_OUTER_BOUND('',#7140,.F.);
#7142=ADVANCED_FACE('',(#7141),#7133,.T.);
#7143=CARTESIAN_POINT('',(-1.914E2,1.4E2,-5.E0));
#7144=DIRECTION('',(0.E0,0.E0,1.E0));
#7145=DIRECTION('',(1.E0,0.E0,0.E0));
#7146=AXIS2_PLACEMENT_3D('',#7143,#7144,#7145);
#7147=PLANE('',#7146);
#7149=ORIENTED_EDGE('',*,*,#7148,.F.);
#7151=ORIENTED_EDGE('',*,*,#7150,.T.);
#7152=ORIENTED_EDGE('',*,*,#7135,.F.);
#7153=ORIENTED_EDGE('',*,*,#3938,.T.);
#7155=ORIENTED_EDGE('',*,*,#7154,.T.);
#7156=ORIENTED_EDGE('',*,*,#7092,.T.);
#7157=EDGE_LOOP('',(#7149,#7151,#7152,#7153,#7155,#7156));
#7158=FACE_OUTER_BOUND('',#7157,.F.);
#7159=ADVANCED_FACE('',(#7158),#7147,.T.);
#7160=CARTESIAN_POINT('',(-1.864E2,1.4E2,-5.E0));
#7161=DIRECTION('',(1.E0,0.E0,0.E0));
#7162=DIRECTION('',(0.E0,0.E0,-1.E0));
#7163=AXIS2_PLACEMENT_3D('',#7160,#7161,#7162);
#7164=PLANE('',#7163);
#7165=ORIENTED_EDGE('',*,*,#7121,.F.);
#7167=ORIENTED_EDGE('',*,*,#7166,.F.);
#7168=ORIENTED_EDGE('',*,*,#7148,.T.);
#7169=ORIENTED_EDGE('',*,*,#7090,.T.);
#7170=EDGE_LOOP('',(#7165,#7167,#7168,#7169));
#7171=FACE_OUTER_BOUND('',#7170,.F.);
#7172=ADVANCED_FACE('',(#7171),#7164,.T.);
#7173=CARTESIAN_POINT('',(-1.26E2,1.45E2,1.152E2));
#7174=DIRECTION('',(0.E0,1.E0,0.E0));
#7175=DIRECTION('',(1.E0,0.E0,0.E0));
#7176=AXIS2_PLACEMENT_3D('',#7173,#7174,#7175);
#7177=PLANE('',#7176);
#7178=ORIENTED_EDGE('',*,*,#7065,.F.);
#7179=ORIENTED_EDGE('',*,*,#7013,.F.);
#7180=ORIENTED_EDGE('',*,*,#7032,.F.);
#7181=ORIENTED_EDGE('',*,*,#7045,.F.);
#7182=EDGE_LOOP('',(#7178,#7179,#7180,#7181));
#7183=FACE_OUTER_BOUND('',#7182,.F.);
#7184=ADVANCED_FACE('',(#7183),#7177,.T.);
#7185=CARTESIAN_POINT('',(-1.26E2,1.45E2,1.152E2));
#7186=DIRECTION('',(0.E0,1.E0,0.E0));
#7187=DIRECTION('',(1.E0,0.E0,0.E0));
#7188=AXIS2_PLACEMENT_3D('',#7185,#7186,#7187);
#7189=PLANE('',#7188);
#7190=ORIENTED_EDGE('',*,*,#7166,.T.);
#7191=ORIENTED_EDGE('',*,*,#7119,.F.);
#7192=ORIENTED_EDGE('',*,*,#7137,.F.);
#7193=ORIENTED_EDGE('',*,*,#7150,.F.);
#7194=EDGE_LOOP('',(#7190,#7191,#7192,#7193));
#7195=FACE_OUTER_BOUND('',#7194,.F.);
#7196=ADVANCED_FACE('',(#7195),#7189,.T.);
#7197=CARTESIAN_POINT('',(-1.914E2,1.4E2,-2.98E1));
#7198=DIRECTION('',(-1.E0,0.E0,0.E0));
#7199=DIRECTION('',(0.E0,0.E0,1.E0));
#7200=AXIS2_PLACEMENT_3D('',#7197,#7198,#7199);
#7201=PLANE('',#7200);
#7202=ORIENTED_EDGE('',*,*,#3936,.F.);
#7203=ORIENTED_EDGE('',*,*,#7124,.T.);
#7204=ORIENTED_EDGE('',*,*,#7094,.T.);
#7205=ORIENTED_EDGE('',*,*,#7154,.F.);
#7206=EDGE_LOOP('',(#7202,#7203,#7204,#7205));
#7207=FACE_OUTER_BOUND('',#7206,.F.);
#7208=ADVANCED_FACE('',(#7207),#7201,.T.);
#7209=CARTESIAN_POINT('',(0.E0,0.E0,0.E0));
#7210=DIRECTION('',(1.E0,0.E0,0.E0));
#7211=DIRECTION('',(0.E0,0.E0,-1.E0));
#7212=AXIS2_PLACEMENT_3D('',#7209,#7210,#7211);
#7213=PLANE('',#7212);
#7214=ORIENTED_EDGE('',*,*,#3350,.F.);
#7215=ORIENTED_EDGE('',*,*,#3605,.T.);
#7216=ORIENTED_EDGE('',*,*,#3448,.T.);
#7217=ORIENTED_EDGE('',*,*,#3575,.F.);
#7218=EDGE_LOOP('',(#7214,#7215,#7216,#7217));
#7219=FACE_OUTER_BOUND('',#7218,.F.);
#7220=ADVANCED_FACE('',(#7219),#7213,.T.);
#7221=CARTESIAN_POINT('',(-2.5E2,0.E0,-1.5E2));
#7222=DIRECTION('',(-1.E0,0.E0,0.E0));
#7223=DIRECTION('',(0.E0,0.E0,1.E0));
#7224=AXIS2_PLACEMENT_3D('',#7221,#7222,#7223);
#7225=PLANE('',#7224);
#7226=ORIENTED_EDGE('',*,*,#3354,.F.);
#7227=ORIENTED_EDGE('',*,*,#3572,.T.);
#7228=ORIENTED_EDGE('',*,*,#3422,.T.);
#7229=ORIENTED_EDGE('',*,*,#3608,.F.);
#7230=EDGE_LOOP('',(#7226,#7227,#7228,#7229));
#7231=FACE_OUTER_BOUND('',#7230,.F.);
#7232=ADVANCED_FACE('',(#7231),#7225,.T.);
#7236=DIMENSIONAL_EXPONENTS(0.E0,0.E0,0.E0,0.E0,0.E0,0.E0,0.E0);
#7238=PLANE_ANGLE_MEASURE_WITH_UNIT(PLANE_ANGLE_MEASURE(1.745329251994E-2),
#7237);
#7239=(CONVERSION_BASED_UNIT('DEGREE',#7238)NAMED_UNIT(*)PLANE_ANGLE_UNIT());
#7241=UNCERTAINTY_MEASURE_WITH_UNIT(LENGTH_MEASURE(1.E-2),#7235,'closure',
'Maximum model space distance between geometric entities at asserted connectivities');
#7242=(GEOMETRIC_REPRESENTATION_CONTEXT(3)GLOBAL_UNCERTAINTY_ASSIGNED_CONTEXT((
#7241))GLOBAL_UNIT_ASSIGNED_CONTEXT((#7235,#7239,#7240))REPRESENTATION_CONTEXT(
'ID1','3'));
#7244=APPLICATION_CONTEXT(
'CONFIGURATION CONTROLLED 3D DESIGNS OF MECHANICAL PARTS AND ASSEMBLIES');
#7245=APPLICATION_PROTOCOL_DEFINITION('international standard',
'config_control_design',1994,#7244);
#7246=DESIGN_CONTEXT('',#7244,'design');
#7247=MECHANICAL_CONTEXT('',#7244,'mechanical');
#7248=PRODUCT('CELLPLATE15','CELLPLATE15','NOT SPECIFIED',(#7247));
#7249=PRODUCT_DEFINITION_FORMATION_WITH_SPECIFIED_SOURCE('1','LAST_VERSION',
#7248,.MADE.);
#7253=PRODUCT_CATEGORY('part','');
#7254=PRODUCT_RELATED_PRODUCT_CATEGORY('detail','',(#7248));
#7255=PRODUCT_CATEGORY_RELATIONSHIP('','',#7253,#7254);
#7256=SECURITY_CLASSIFICATION_LEVEL('unclassified');
#7257=SECURITY_CLASSIFICATION('','',#7256);
#7258=CC_DESIGN_SECURITY_CLASSIFICATION(#7257,(#7249));
#7259=APPROVAL_STATUS('approved');
#7260=APPROVAL(#7259,'');
#7261=CC_DESIGN_APPROVAL(#7260,(#7257,#7249,#7250));
#7262=CALENDAR_DATE(126,4,6);
#7263=COORDINATED_UNIVERSAL_TIME_OFFSET(9,0,.AHEAD.);
#7264=LOCAL_TIME(13,25,4.E1,#7263);
#7265=DATE_AND_TIME(#7262,#7264);
#7266=APPROVAL_DATE_TIME(#7265,#7260);
#7267=DATE_TIME_ROLE('creation_date');
#7268=CC_DESIGN_DATE_AND_TIME_ASSIGNMENT(#7265,#7267,(#7250));
#7269=DATE_TIME_ROLE('classification_date');
#7270=CC_DESIGN_DATE_AND_TIME_ASSIGNMENT(#7265,#7269,(#7257));
#7271=PERSON('UNSPECIFIED','UNSPECIFIED',$,$,$,$);
#7272=ORGANIZATION('UNSPECIFIED','UNSPECIFIED','UNSPECIFIED');
#7273=PERSON_AND_ORGANIZATION(#7271,#7272);
#7274=APPROVAL_ROLE('approver');
#7275=APPROVAL_PERSON_ORGANIZATION(#7273,#7260,#7274);
#7276=PERSON_AND_ORGANIZATION_ROLE('creator');
#7277=CC_DESIGN_PERSON_AND_ORGANIZATION_ASSIGNMENT(#7273,#7276,(#7249,#7250));
#7278=PERSON_AND_ORGANIZATION_ROLE('design_supplier');
#7279=CC_DESIGN_PERSON_AND_ORGANIZATION_ASSIGNMENT(#7273,#7278,(#7249));
#7280=PERSON_AND_ORGANIZATION_ROLE('classification_officer');
#7281=CC_DESIGN_PERSON_AND_ORGANIZATION_ASSIGNMENT(#7273,#7280,(#7257));
#7282=PERSON_AND_ORGANIZATION_ROLE('design_owner');
#7283=CC_DESIGN_PERSON_AND_ORGANIZATION_ASSIGNMENT(#7273,#7282,(#7248));
#5=CIRCLE('',#4,3.5E0);
#10=CIRCLE('',#9,3.5E0);
#15=CIRCLE('',#14,3.5E0);
#20=CIRCLE('',#19,3.5E0);
#25=CIRCLE('',#24,3.5E0);
#30=CIRCLE('',#29,3.5E0);
#35=CIRCLE('',#34,3.5E0);
#40=CIRCLE('',#39,3.5E0);
#69=CIRCLE('',#68,3.5E0);
#74=CIRCLE('',#73,3.5E0);
#79=CIRCLE('',#78,3.5E0);
#84=CIRCLE('',#83,3.5E0);
#89=CIRCLE('',#88,3.5E0);
#94=CIRCLE('',#93,3.5E0);
#99=CIRCLE('',#98,3.5E0);
#104=CIRCLE('',#103,3.5E0);
#3350=EDGE_CURVE('',#2515,#2516,#44,.T.);
#3352=EDGE_CURVE('',#2516,#2518,#48,.T.);
#3354=EDGE_CURVE('',#2518,#2520,#52,.T.);
#3356=EDGE_CURVE('',#2520,#2515,#56,.T.);
#3360=EDGE_CURVE('',#2535,#2536,#15,.T.);
#3362=EDGE_CURVE('',#2536,#2535,#20,.T.);
#3366=EDGE_CURVE('',#2539,#2540,#25,.T.);
#3368=EDGE_CURVE('',#2540,#2539,#30,.T.);
#3372=EDGE_CURVE('',#2543,#2544,#35,.T.);
#3374=EDGE_CURVE('',#2544,#2543,#40,.T.);
#3378=EDGE_CURVE('',#2531,#2532,#5,.T.);
#3380=EDGE_CURVE('',#2532,#2531,#10,.T.);
#3391=EDGE_CURVE('',#2531,#2547,#60,.T.);
#3393=EDGE_CURVE('',#2547,#2548,#69,.T.);
#3395=EDGE_CURVE('',#2532,#2548,#64,.T.);
#3407=EDGE_CURVE('',#2548,#2547,#74,.T.);
#3418=EDGE_CURVE('',#2571,#2572,#108,.T.);
#3420=EDGE_CURVE('',#2528,#2571,#112,.T.);
#3422=EDGE_CURVE('',#2527,#2528,#116,.T.);
#3424=EDGE_CURVE('',#2572,#2527,#120,.T.);
#3432=EDGE_CURVE('',#2551,#2552,#79,.T.);
#3434=EDGE_CURVE('',#2552,#2551,#84,.T.);
#3444=EDGE_CURVE('',#2575,#2576,#124,.T.);
#3446=EDGE_CURVE('',#2524,#2576,#128,.T.);
#3448=EDGE_CURVE('',#2523,#2524,#132,.T.);
#3450=EDGE_CURVE('',#2575,#2523,#136,.T.);
#3454=EDGE_CURVE('',#2555,#2556,#89,.T.);
#3456=EDGE_CURVE('',#2556,#2555,#94,.T.);
#3460=EDGE_CURVE('',#2559,#2560,#99,.T.);
#3462=EDGE_CURVE('',#2560,#2559,#104,.T.);
#3473=EDGE_CURVE('',#2535,#2551,#140,.T.);
#3476=EDGE_CURVE('',#2536,#2552,#144,.T.);
#3499=EDGE_CURVE('',#2539,#2555,#148,.T.);
#3502=EDGE_CURVE('',#2540,#2556,#152,.T.);
#3525=EDGE_CURVE('',#2543,#2559,#156,.T.);
#3528=EDGE_CURVE('',#2544,#2560,#160,.T.);
#3551=EDGE_CURVE('',#2572,#2563,#164,.T.);
#3553=EDGE_CURVE('',#2563,#2564,#188,.T.);
#3555=EDGE_CURVE('',#2571,#2564,#180,.T.);
#3566=EDGE_CURVE('',#2576,#2568,#168,.T.);
#3568=EDGE_CURVE('',#2568,#2563,#192,.T.);
#3572=EDGE_CURVE('',#2518,#2527,#2512,.T.);
#3575=EDGE_CURVE('',#2516,#2524,#172,.T.);
#3586=EDGE_CURVE('',#2575,#2566,#176,.T.);
#3588=EDGE_CURVE('',#2566,#2568,#196,.T.);
#3601=EDGE_CURVE('',#2564,#2566,#200,.T.);
#3605=EDGE_CURVE('',#2515,#2523,#2508,.T.);
#3608=EDGE_CURVE('',#2520,#2528,#184,.T.);
#3624=EDGE_CURVE('',#2611,#2588,#464,.T.);
#3626=EDGE_CURVE('',#2611,#2612,#204,.T.);
#3628=EDGE_CURVE('',#2587,#2612,#508,.T.);
#3630=EDGE_CURVE('',#2587,#2588,#208,.T.);
#3634=EDGE_CURVE('',#2615,#2592,#556,.T.);
#3636=EDGE_CURVE('',#2615,#2616,#212,.T.);
#3638=EDGE_CURVE('',#2591,#2616,#568,.T.);
#3640=EDGE_CURVE('',#2591,#2592,#216,.T.);
#3644=EDGE_CURVE('',#2643,#3116,#588,.T.);
#3646=EDGE_CURVE('',#2643,#2644,#220,.T.);
#3648=EDGE_CURVE('',#3115,#2644,#604,.T.);
#3650=EDGE_CURVE('',#3115,#3116,#224,.T.);
#3654=EDGE_CURVE('',#2647,#3120,#652,.T.);
#3656=EDGE_CURVE('',#2647,#2648,#228,.T.);
#3658=EDGE_CURVE('',#3119,#2648,#668,.T.);
#3660=EDGE_CURVE('',#3119,#3120,#232,.T.);
#3664=EDGE_CURVE('',#2675,#3132,#716,.T.);
#3666=EDGE_CURVE('',#2675,#2676,#236,.T.);
#3668=EDGE_CURVE('',#3131,#2676,#732,.T.);
#3670=EDGE_CURVE('',#3131,#3132,#240,.T.);
#3674=EDGE_CURVE('',#2679,#3136,#780,.T.);
#3676=EDGE_CURVE('',#2679,#2680,#244,.T.);
#3678=EDGE_CURVE('',#3135,#2680,#796,.T.);
#3680=EDGE_CURVE('',#3135,#3136,#248,.T.);
#3684=EDGE_CURVE('',#2707,#3148,#844,.T.);
#3686=EDGE_CURVE('',#2707,#2708,#252,.T.);
#3688=EDGE_CURVE('',#3147,#2708,#860,.T.);
#3690=EDGE_CURVE('',#3147,#3148,#256,.T.);
#3694=EDGE_CURVE('',#2711,#3152,#908,.T.);
#3696=EDGE_CURVE('',#2711,#2712,#260,.T.);
#3698=EDGE_CURVE('',#3151,#2712,#924,.T.);
#3700=EDGE_CURVE('',#3151,#3152,#264,.T.);
#3704=EDGE_CURVE('',#2739,#3164,#972,.T.);
#3706=EDGE_CURVE('',#2739,#2740,#268,.T.);
#3708=EDGE_CURVE('',#3163,#2740,#988,.T.);
#3710=EDGE_CURVE('',#3163,#3164,#272,.T.);
#3714=EDGE_CURVE('',#2743,#3168,#1036,.T.);
#3716=EDGE_CURVE('',#2743,#2744,#276,.T.);
#3718=EDGE_CURVE('',#3167,#2744,#1052,.T.);
#3720=EDGE_CURVE('',#3167,#3168,#280,.T.);
#3724=EDGE_CURVE('',#2771,#3180,#1100,.T.);
#3726=EDGE_CURVE('',#2771,#2772,#284,.T.);
#3728=EDGE_CURVE('',#3179,#2772,#1116,.T.);
#3730=EDGE_CURVE('',#3179,#3180,#288,.T.);
#3734=EDGE_CURVE('',#2775,#3184,#1164,.T.);
#3736=EDGE_CURVE('',#2775,#2776,#292,.T.);
#3738=EDGE_CURVE('',#3183,#2776,#1180,.T.);
#3740=EDGE_CURVE('',#3183,#3184,#296,.T.);
#3744=EDGE_CURVE('',#2803,#3196,#1228,.T.);
#3746=EDGE_CURVE('',#2803,#2804,#300,.T.);
#3748=EDGE_CURVE('',#3195,#2804,#1244,.T.);
#3750=EDGE_CURVE('',#3195,#3196,#304,.T.);
#3754=EDGE_CURVE('',#2807,#3200,#1292,.T.);
#3756=EDGE_CURVE('',#2807,#2808,#308,.T.);
#3758=EDGE_CURVE('',#3199,#2808,#1308,.T.);
#3760=EDGE_CURVE('',#3199,#3200,#312,.T.);
#3764=EDGE_CURVE('',#2835,#3212,#1356,.T.);
#3766=EDGE_CURVE('',#2835,#2836,#316,.T.);
#3768=EDGE_CURVE('',#3211,#2836,#1372,.T.);
#3770=EDGE_CURVE('',#3211,#3212,#320,.T.);
#3774=EDGE_CURVE('',#2839,#3216,#1420,.T.);
#3776=EDGE_CURVE('',#2839,#2840,#324,.T.);
#3778=EDGE_CURVE('',#3215,#2840,#1436,.T.);
#3780=EDGE_CURVE('',#3215,#3216,#328,.T.);
#3784=EDGE_CURVE('',#2867,#3228,#1484,.T.);
#3786=EDGE_CURVE('',#2867,#2868,#332,.T.);
#3788=EDGE_CURVE('',#3227,#2868,#1500,.T.);
#3790=EDGE_CURVE('',#3227,#3228,#336,.T.);
#3794=EDGE_CURVE('',#2871,#3232,#1548,.T.);
#3796=EDGE_CURVE('',#2871,#2872,#340,.T.);
#3798=EDGE_CURVE('',#3231,#2872,#1564,.T.);
#3800=EDGE_CURVE('',#3231,#3232,#344,.T.);
#3804=EDGE_CURVE('',#2899,#3244,#1612,.T.);
#3806=EDGE_CURVE('',#2899,#2900,#348,.T.);
#3808=EDGE_CURVE('',#3243,#2900,#1628,.T.);
#3810=EDGE_CURVE('',#3243,#3244,#352,.T.);
#3814=EDGE_CURVE('',#2903,#3248,#1676,.T.);
#3816=EDGE_CURVE('',#2903,#2904,#356,.T.);
#3818=EDGE_CURVE('',#3247,#2904,#1692,.T.);
#3820=EDGE_CURVE('',#3247,#3248,#360,.T.);
#3824=EDGE_CURVE('',#2931,#3260,#1740,.T.);
#3826=EDGE_CURVE('',#2931,#2932,#364,.T.);
#3828=EDGE_CURVE('',#3259,#2932,#1756,.T.);
#3830=EDGE_CURVE('',#3259,#3260,#368,.T.);
#3834=EDGE_CURVE('',#2935,#3264,#1804,.T.);
#3836=EDGE_CURVE('',#2935,#2936,#372,.T.);
#3838=EDGE_CURVE('',#3263,#2936,#1820,.T.);
#3840=EDGE_CURVE('',#3263,#3264,#376,.T.);
#3844=EDGE_CURVE('',#2963,#3276,#1868,.T.);
#3846=EDGE_CURVE('',#2963,#2964,#380,.T.);
#3848=EDGE_CURVE('',#3275,#2964,#1884,.T.);
#3850=EDGE_CURVE('',#3275,#3276,#384,.T.);
#3854=EDGE_CURVE('',#2967,#3280,#1932,.T.);
#3856=EDGE_CURVE('',#2967,#2968,#388,.T.);
#3858=EDGE_CURVE('',#3279,#2968,#1948,.T.);
#3860=EDGE_CURVE('',#3279,#3280,#392,.T.);
#3864=EDGE_CURVE('',#2995,#3292,#1996,.T.);
#3866=EDGE_CURVE('',#2995,#2996,#396,.T.);
#3868=EDGE_CURVE('',#3291,#2996,#2012,.T.);
#3870=EDGE_CURVE('',#3291,#3292,#400,.T.);
#3874=EDGE_CURVE('',#2999,#3296,#2060,.T.);
#3876=EDGE_CURVE('',#2999,#3000,#404,.T.);
#3878=EDGE_CURVE('',#3295,#3000,#2076,.T.);
#3880=EDGE_CURVE('',#3295,#3296,#408,.T.);
#3884=EDGE_CURVE('',#3027,#3308,#2124,.T.);
#3886=EDGE_CURVE('',#3027,#3028,#412,.T.);
#3888=EDGE_CURVE('',#3307,#3028,#2140,.T.);
#3890=EDGE_CURVE('',#3307,#3308,#416,.T.);
#3894=EDGE_CURVE('',#3031,#3312,#2188,.T.);
#3896=EDGE_CURVE('',#3031,#3032,#420,.T.);
#3898=EDGE_CURVE('',#3311,#3032,#2204,.T.);
#3900=EDGE_CURVE('',#3311,#3312,#424,.T.);
#3904=EDGE_CURVE('',#3059,#3324,#2252,.T.);
#3906=EDGE_CURVE('',#3059,#3060,#428,.T.);
#3908=EDGE_CURVE('',#3323,#3060,#2268,.T.);
#3910=EDGE_CURVE('',#3323,#3324,#432,.T.);
#3914=EDGE_CURVE('',#3063,#3328,#2316,.T.);
#3916=EDGE_CURVE('',#3063,#3064,#436,.T.);
#3918=EDGE_CURVE('',#3327,#3064,#2332,.T.);
#3920=EDGE_CURVE('',#3327,#3328,#440,.T.);
#3924=EDGE_CURVE('',#3091,#3340,#2380,.T.);
#3926=EDGE_CURVE('',#3091,#3092,#444,.T.);
#3928=EDGE_CURVE('',#3339,#3092,#2396,.T.);
#3930=EDGE_CURVE('',#3339,#3340,#448,.T.);
#3934=EDGE_CURVE('',#3095,#3344,#2444,.T.);
#3936=EDGE_CURVE('',#3095,#3096,#452,.T.);
#3938=EDGE_CURVE('',#3343,#3096,#2460,.T.);
#3940=EDGE_CURVE('',#3343,#3344,#456,.T.);
#3950=EDGE_CURVE('',#2580,#2619,#476,.T.);
#3952=EDGE_CURVE('',#2619,#2596,#460,.T.);
#3954=EDGE_CURVE('',#2596,#2598,#532,.T.);
#3956=EDGE_CURVE('',#2611,#2598,#516,.T.);
#3959=EDGE_CURVE('',#2588,#2580,#468,.T.);
#3969=EDGE_CURVE('',#2619,#2620,#472,.T.);
#3972=EDGE_CURVE('',#2579,#2580,#480,.T.);
#3974=EDGE_CURVE('',#2620,#2579,#484,.T.);
#3984=EDGE_CURVE('',#2623,#2624,#488,.T.);
#3986=EDGE_CURVE('',#2584,#2624,#492,.T.);
#3988=EDGE_CURVE('',#2583,#2584,#496,.T.);
#3990=EDGE_CURVE('',#2623,#2583,#500,.T.);
#4001=EDGE_CURVE('',#2620,#2595,#504,.T.);
#4003=EDGE_CURVE('',#2595,#2596,#520,.T.);
#4015=EDGE_CURVE('',#2612,#2600,#512,.T.);
#4017=EDGE_CURVE('',#2600,#2595,#524,.T.);
#4021=EDGE_CURVE('',#2587,#2579,#584,.T.);
#4033=EDGE_CURVE('',#2598,#2600,#528,.T.);
#4056=EDGE_CURVE('',#2603,#2604,#536,.T.);
#4058=EDGE_CURVE('',#2608,#2603,#540,.T.);
#4060=EDGE_CURVE('',#2606,#2608,#544,.T.);
#4062=EDGE_CURVE('',#2604,#2606,#548,.T.);
#4073=EDGE_CURVE('',#2624,#2603,#552,.T.);
#4076=EDGE_CURVE('',#2615,#2604,#576,.T.);
#4079=EDGE_CURVE('',#2592,#2584,#560,.T.);
#4090=EDGE_CURVE('',#2623,#2608,#564,.T.);
#4103=EDGE_CURVE('',#2616,#2606,#572,.T.);
#4108=EDGE_CURVE('',#2591,#2583,#580,.T.);
#4155=EDGE_CURVE('',#3116,#3108,#592,.T.);
#4157=EDGE_CURVE('',#3108,#2652,#684,.T.);
#4159=EDGE_CURVE('',#2652,#2628,#596,.T.);
#4161=EDGE_CURVE('',#2628,#2630,#628,.T.);
#4163=EDGE_CURVE('',#2643,#2630,#648,.T.);
#4174=EDGE_CURVE('',#3115,#3107,#600,.T.);
#4176=EDGE_CURVE('',#3107,#3108,#688,.T.);
#4187=EDGE_CURVE('',#2650,#2627,#612,.T.);
#4189=EDGE_CURVE('',#2650,#3107,#692,.T.);
#4193=EDGE_CURVE('',#2644,#2632,#608,.T.);
#4195=EDGE_CURVE('',#2632,#2627,#620,.T.);
#4206=EDGE_CURVE('',#2627,#2628,#616,.T.);
#4209=EDGE_CURVE('',#2652,#2650,#680,.T.);
#4221=EDGE_CURVE('',#2630,#2632,#624,.T.);
#4232=EDGE_CURVE('',#2635,#2636,#632,.T.);
#4234=EDGE_CURVE('',#2640,#2635,#636,.T.);
#4236=EDGE_CURVE('',#2638,#2640,#640,.T.);
#4238=EDGE_CURVE('',#2636,#2638,#644,.T.);
#4261=EDGE_CURVE('',#3120,#3112,#656,.T.);
#4263=EDGE_CURVE('',#3112,#2654,#700,.T.);
#4265=EDGE_CURVE('',#2654,#2635,#660,.T.);
#4268=EDGE_CURVE('',#2647,#2636,#712,.T.);
#4279=EDGE_CURVE('',#3119,#3111,#664,.T.);
#4281=EDGE_CURVE('',#3111,#3112,#704,.T.);
#4292=EDGE_CURVE('',#2656,#2640,#676,.T.);
#4294=EDGE_CURVE('',#2656,#3111,#708,.T.);
#4298=EDGE_CURVE('',#2648,#2638,#672,.T.);
#4310=EDGE_CURVE('',#2656,#2654,#696,.T.);
#4359=EDGE_CURVE('',#3132,#3124,#720,.T.);
#4361=EDGE_CURVE('',#3124,#2684,#812,.T.);
#4363=EDGE_CURVE('',#2684,#2660,#724,.T.);
#4365=EDGE_CURVE('',#2660,#2662,#756,.T.);
#4367=EDGE_CURVE('',#2675,#2662,#776,.T.);
#4378=EDGE_CURVE('',#3131,#3123,#728,.T.);
#4380=EDGE_CURVE('',#3123,#3124,#816,.T.);
#4391=EDGE_CURVE('',#2682,#2659,#740,.T.);
#4393=EDGE_CURVE('',#2682,#3123,#820,.T.);
#4397=EDGE_CURVE('',#2676,#2664,#736,.T.);
#4399=EDGE_CURVE('',#2664,#2659,#748,.T.);
#4410=EDGE_CURVE('',#2659,#2660,#744,.T.);
#4413=EDGE_CURVE('',#2684,#2682,#808,.T.);
#4425=EDGE_CURVE('',#2662,#2664,#752,.T.);
#4436=EDGE_CURVE('',#2667,#2668,#760,.T.);
#4438=EDGE_CURVE('',#2672,#2667,#764,.T.);
#4440=EDGE_CURVE('',#2670,#2672,#768,.T.);
#4442=EDGE_CURVE('',#2668,#2670,#772,.T.);
#4465=EDGE_CURVE('',#3136,#3128,#784,.T.);
#4467=EDGE_CURVE('',#3128,#2686,#828,.T.);
#4469=EDGE_CURVE('',#2686,#2667,#788,.T.);
#4472=EDGE_CURVE('',#2679,#2668,#840,.T.);
#4483=EDGE_CURVE('',#3135,#3127,#792,.T.);
#4485=EDGE_CURVE('',#3127,#3128,#832,.T.);
#4496=EDGE_CURVE('',#2688,#2672,#804,.T.);
#4498=EDGE_CURVE('',#2688,#3127,#836,.T.);
#4502=EDGE_CURVE('',#2680,#2670,#800,.T.);
#4514=EDGE_CURVE('',#2688,#2686,#824,.T.);
#4563=EDGE_CURVE('',#3148,#3140,#848,.T.);
#4565=EDGE_CURVE('',#3140,#2716,#940,.T.);
#4567=EDGE_CURVE('',#2716,#2692,#852,.T.);
#4569=EDGE_CURVE('',#2692,#2694,#884,.T.);
#4571=EDGE_CURVE('',#2707,#2694,#904,.T.);
#4582=EDGE_CURVE('',#3147,#3139,#856,.T.);
#4584=EDGE_CURVE('',#3139,#3140,#944,.T.);
#4595=EDGE_CURVE('',#2714,#2691,#868,.T.);
#4597=EDGE_CURVE('',#2714,#3139,#948,.T.);
#4601=EDGE_CURVE('',#2708,#2696,#864,.T.);
#4603=EDGE_CURVE('',#2696,#2691,#876,.T.);
#4614=EDGE_CURVE('',#2691,#2692,#872,.T.);
#4617=EDGE_CURVE('',#2716,#2714,#936,.T.);
#4629=EDGE_CURVE('',#2694,#2696,#880,.T.);
#4640=EDGE_CURVE('',#2699,#2700,#888,.T.);
#4642=EDGE_CURVE('',#2704,#2699,#892,.T.);
#4644=EDGE_CURVE('',#2702,#2704,#896,.T.);
#4646=EDGE_CURVE('',#2700,#2702,#900,.T.);
#4669=EDGE_CURVE('',#3152,#3144,#912,.T.);
#4671=EDGE_CURVE('',#3144,#2718,#956,.T.);
#4673=EDGE_CURVE('',#2718,#2699,#916,.T.);
#4676=EDGE_CURVE('',#2711,#2700,#968,.T.);
#4687=EDGE_CURVE('',#3151,#3143,#920,.T.);
#4689=EDGE_CURVE('',#3143,#3144,#960,.T.);
#4700=EDGE_CURVE('',#2720,#2704,#932,.T.);
#4702=EDGE_CURVE('',#2720,#3143,#964,.T.);
#4706=EDGE_CURVE('',#2712,#2702,#928,.T.);
#4718=EDGE_CURVE('',#2720,#2718,#952,.T.);
#4767=EDGE_CURVE('',#3164,#3156,#976,.T.);
#4769=EDGE_CURVE('',#3156,#2748,#1072,.T.);
#4771=EDGE_CURVE('',#2748,#2724,#980,.T.);
#4773=EDGE_CURVE('',#2724,#2726,#1012,.T.);
#4775=EDGE_CURVE('',#2739,#2726,#1032,.T.);
#4786=EDGE_CURVE('',#3163,#3155,#984,.T.);
#4788=EDGE_CURVE('',#3155,#3156,#1076,.T.);
#4799=EDGE_CURVE('',#2746,#2723,#996,.T.);
#4801=EDGE_CURVE('',#2746,#3155,#1064,.T.);
#4805=EDGE_CURVE('',#2740,#2728,#992,.T.);
#4807=EDGE_CURVE('',#2728,#2723,#1004,.T.);
#4818=EDGE_CURVE('',#2723,#2724,#1000,.T.);
#4821=EDGE_CURVE('',#2748,#2746,#1068,.T.);
#4833=EDGE_CURVE('',#2726,#2728,#1008,.T.);
#4844=EDGE_CURVE('',#2731,#2732,#1016,.T.);
#4846=EDGE_CURVE('',#2736,#2731,#1020,.T.);
#4848=EDGE_CURVE('',#2734,#2736,#1024,.T.);
#4850=EDGE_CURVE('',#2732,#2734,#1028,.T.);
#4873=EDGE_CURVE('',#3168,#3160,#1040,.T.);
#4875=EDGE_CURVE('',#3160,#2750,#1084,.T.);
#4877=EDGE_CURVE('',#2750,#2731,#1044,.T.);
#4880=EDGE_CURVE('',#2743,#2732,#1096,.T.);
#4891=EDGE_CURVE('',#3167,#3159,#1048,.T.);
#4893=EDGE_CURVE('',#3159,#3160,#1088,.T.);
#4904=EDGE_CURVE('',#2752,#2736,#1060,.T.);
#4906=EDGE_CURVE('',#2752,#3159,#1092,.T.);
#4910=EDGE_CURVE('',#2744,#2734,#1056,.T.);
#4922=EDGE_CURVE('',#2752,#2750,#1080,.T.);
#4971=EDGE_CURVE('',#3180,#3172,#1104,.T.);
#4973=EDGE_CURVE('',#3172,#2780,#1200,.T.);
#4975=EDGE_CURVE('',#2780,#2756,#1108,.T.);
#4977=EDGE_CURVE('',#2756,#2758,#1140,.T.);
#4979=EDGE_CURVE('',#2771,#2758,#1160,.T.);
#4990=EDGE_CURVE('',#3179,#3171,#1112,.T.);
#4992=EDGE_CURVE('',#3171,#3172,#1204,.T.);
#5003=EDGE_CURVE('',#2778,#2755,#1124,.T.);
#5005=EDGE_CURVE('',#2778,#3171,#1192,.T.);
#5009=EDGE_CURVE('',#2772,#2760,#1120,.T.);
#5011=EDGE_CURVE('',#2760,#2755,#1132,.T.);
#5022=EDGE_CURVE('',#2755,#2756,#1128,.T.);
#5025=EDGE_CURVE('',#2780,#2778,#1196,.T.);
#5037=EDGE_CURVE('',#2758,#2760,#1136,.T.);
#5048=EDGE_CURVE('',#2763,#2764,#1144,.T.);
#5050=EDGE_CURVE('',#2768,#2763,#1148,.T.);
#5052=EDGE_CURVE('',#2766,#2768,#1152,.T.);
#5054=EDGE_CURVE('',#2764,#2766,#1156,.T.);
#5077=EDGE_CURVE('',#3184,#3176,#1168,.T.);
#5079=EDGE_CURVE('',#3176,#2782,#1212,.T.);
#5081=EDGE_CURVE('',#2782,#2763,#1172,.T.);
#5084=EDGE_CURVE('',#2775,#2764,#1224,.T.);
#5095=EDGE_CURVE('',#3183,#3175,#1176,.T.);
#5097=EDGE_CURVE('',#3175,#3176,#1216,.T.);
#5108=EDGE_CURVE('',#2784,#2768,#1188,.T.);
#5110=EDGE_CURVE('',#2784,#3175,#1220,.T.);
#5114=EDGE_CURVE('',#2776,#2766,#1184,.T.);
#5126=EDGE_CURVE('',#2784,#2782,#1208,.T.);
#5175=EDGE_CURVE('',#3196,#3188,#1232,.T.);
#5177=EDGE_CURVE('',#3188,#2812,#1328,.T.);
#5179=EDGE_CURVE('',#2812,#2788,#1236,.T.);
#5181=EDGE_CURVE('',#2788,#2790,#1268,.T.);
#5183=EDGE_CURVE('',#2803,#2790,#1288,.T.);
#5194=EDGE_CURVE('',#3195,#3187,#1240,.T.);
#5196=EDGE_CURVE('',#3187,#3188,#1332,.T.);
#5207=EDGE_CURVE('',#2810,#2787,#1252,.T.);
#5209=EDGE_CURVE('',#2810,#3187,#1320,.T.);
#5213=EDGE_CURVE('',#2804,#2792,#1248,.T.);
#5215=EDGE_CURVE('',#2792,#2787,#1260,.T.);
#5226=EDGE_CURVE('',#2787,#2788,#1256,.T.);
#5229=EDGE_CURVE('',#2812,#2810,#1324,.T.);
#5241=EDGE_CURVE('',#2790,#2792,#1264,.T.);
#5252=EDGE_CURVE('',#2795,#2796,#1272,.T.);
#5254=EDGE_CURVE('',#2800,#2795,#1276,.T.);
#5256=EDGE_CURVE('',#2798,#2800,#1280,.T.);
#5258=EDGE_CURVE('',#2796,#2798,#1284,.T.);
#5281=EDGE_CURVE('',#3200,#3192,#1296,.T.);
#5283=EDGE_CURVE('',#3192,#2814,#1340,.T.);
#5285=EDGE_CURVE('',#2814,#2795,#1300,.T.);
#5288=EDGE_CURVE('',#2807,#2796,#1352,.T.);
#5299=EDGE_CURVE('',#3199,#3191,#1304,.T.);
#5301=EDGE_CURVE('',#3191,#3192,#1344,.T.);
#5312=EDGE_CURVE('',#2816,#2800,#1316,.T.);
#5314=EDGE_CURVE('',#2816,#3191,#1348,.T.);
#5318=EDGE_CURVE('',#2808,#2798,#1312,.T.);
#5330=EDGE_CURVE('',#2816,#2814,#1336,.T.);
#5379=EDGE_CURVE('',#3212,#3204,#1360,.T.);
#5381=EDGE_CURVE('',#3204,#2844,#1456,.T.);
#5383=EDGE_CURVE('',#2844,#2820,#1364,.T.);
#5385=EDGE_CURVE('',#2820,#2822,#1396,.T.);
#5387=EDGE_CURVE('',#2835,#2822,#1416,.T.);
#5398=EDGE_CURVE('',#3211,#3203,#1368,.T.);
#5400=EDGE_CURVE('',#3203,#3204,#1460,.T.);
#5411=EDGE_CURVE('',#2842,#2819,#1380,.T.);
#5413=EDGE_CURVE('',#2842,#3203,#1448,.T.);
#5417=EDGE_CURVE('',#2836,#2824,#1376,.T.);
#5419=EDGE_CURVE('',#2824,#2819,#1388,.T.);
#5430=EDGE_CURVE('',#2819,#2820,#1384,.T.);
#5433=EDGE_CURVE('',#2844,#2842,#1452,.T.);
#5445=EDGE_CURVE('',#2822,#2824,#1392,.T.);
#5456=EDGE_CURVE('',#2827,#2828,#1400,.T.);
#5458=EDGE_CURVE('',#2832,#2827,#1404,.T.);
#5460=EDGE_CURVE('',#2830,#2832,#1408,.T.);
#5462=EDGE_CURVE('',#2828,#2830,#1412,.T.);
#5485=EDGE_CURVE('',#3216,#3208,#1424,.T.);
#5487=EDGE_CURVE('',#3208,#2846,#1468,.T.);
#5489=EDGE_CURVE('',#2846,#2827,#1428,.T.);
#5492=EDGE_CURVE('',#2839,#2828,#1480,.T.);
#5503=EDGE_CURVE('',#3215,#3207,#1432,.T.);
#5505=EDGE_CURVE('',#3207,#3208,#1472,.T.);
#5516=EDGE_CURVE('',#2848,#2832,#1444,.T.);
#5518=EDGE_CURVE('',#2848,#3207,#1476,.T.);
#5522=EDGE_CURVE('',#2840,#2830,#1440,.T.);
#5534=EDGE_CURVE('',#2848,#2846,#1464,.T.);
#5583=EDGE_CURVE('',#3228,#3220,#1488,.T.);
#5585=EDGE_CURVE('',#3220,#2876,#1580,.T.);
#5587=EDGE_CURVE('',#2876,#2852,#1492,.T.);
#5589=EDGE_CURVE('',#2852,#2854,#1524,.T.);
#5591=EDGE_CURVE('',#2867,#2854,#1544,.T.);
#5602=EDGE_CURVE('',#3227,#3219,#1496,.T.);
#5604=EDGE_CURVE('',#3219,#3220,#1584,.T.);
#5615=EDGE_CURVE('',#2874,#2851,#1508,.T.);
#5617=EDGE_CURVE('',#2874,#3219,#1588,.T.);
#5621=EDGE_CURVE('',#2868,#2856,#1504,.T.);
#5623=EDGE_CURVE('',#2856,#2851,#1516,.T.);
#5634=EDGE_CURVE('',#2851,#2852,#1512,.T.);
#5637=EDGE_CURVE('',#2876,#2874,#1576,.T.);
#5649=EDGE_CURVE('',#2854,#2856,#1520,.T.);
#5660=EDGE_CURVE('',#2859,#2860,#1528,.T.);
#5662=EDGE_CURVE('',#2864,#2859,#1532,.T.);
#5664=EDGE_CURVE('',#2862,#2864,#1536,.T.);
#5666=EDGE_CURVE('',#2860,#2862,#1540,.T.);
#5689=EDGE_CURVE('',#3232,#3224,#1552,.T.);
#5691=EDGE_CURVE('',#3224,#2878,#1596,.T.);
#5693=EDGE_CURVE('',#2878,#2859,#1556,.T.);
#5696=EDGE_CURVE('',#2871,#2860,#1608,.T.);
#5707=EDGE_CURVE('',#3231,#3223,#1560,.T.);
#5709=EDGE_CURVE('',#3223,#3224,#1600,.T.);
#5720=EDGE_CURVE('',#2880,#2864,#1572,.T.);
#5722=EDGE_CURVE('',#2880,#3223,#1604,.T.);
#5726=EDGE_CURVE('',#2872,#2862,#1568,.T.);
#5738=EDGE_CURVE('',#2880,#2878,#1592,.T.);
#5787=EDGE_CURVE('',#3244,#3236,#1616,.T.);
#5789=EDGE_CURVE('',#3236,#2908,#1708,.T.);
#5791=EDGE_CURVE('',#2908,#2884,#1620,.T.);
#5793=EDGE_CURVE('',#2884,#2886,#1652,.T.);
#5795=EDGE_CURVE('',#2899,#2886,#1672,.T.);
#5806=EDGE_CURVE('',#3243,#3235,#1624,.T.);
#5808=EDGE_CURVE('',#3235,#3236,#1712,.T.);
#5819=EDGE_CURVE('',#2906,#2883,#1636,.T.);
#5821=EDGE_CURVE('',#2906,#3235,#1716,.T.);
#5825=EDGE_CURVE('',#2900,#2888,#1632,.T.);
#5827=EDGE_CURVE('',#2888,#2883,#1644,.T.);
#5838=EDGE_CURVE('',#2883,#2884,#1640,.T.);
#5841=EDGE_CURVE('',#2908,#2906,#1704,.T.);
#5853=EDGE_CURVE('',#2886,#2888,#1648,.T.);
#5864=EDGE_CURVE('',#2891,#2892,#1656,.T.);
#5866=EDGE_CURVE('',#2896,#2891,#1660,.T.);
#5868=EDGE_CURVE('',#2894,#2896,#1664,.T.);
#5870=EDGE_CURVE('',#2892,#2894,#1668,.T.);
#5893=EDGE_CURVE('',#3248,#3240,#1680,.T.);
#5895=EDGE_CURVE('',#3240,#2910,#1724,.T.);
#5897=EDGE_CURVE('',#2910,#2891,#1684,.T.);
#5900=EDGE_CURVE('',#2903,#2892,#1736,.T.);
#5911=EDGE_CURVE('',#3247,#3239,#1688,.T.);
#5913=EDGE_CURVE('',#3239,#3240,#1728,.T.);
#5924=EDGE_CURVE('',#2912,#2896,#1700,.T.);
#5926=EDGE_CURVE('',#2912,#3239,#1732,.T.);
#5930=EDGE_CURVE('',#2904,#2894,#1696,.T.);
#5942=EDGE_CURVE('',#2912,#2910,#1720,.T.);
#5991=EDGE_CURVE('',#3260,#3252,#1744,.T.);
#5993=EDGE_CURVE('',#3252,#2940,#1836,.T.);
#5995=EDGE_CURVE('',#2940,#2916,#1748,.T.);
#5997=EDGE_CURVE('',#2916,#2918,#1780,.T.);
#5999=EDGE_CURVE('',#2931,#2918,#1800,.T.);
#6010=EDGE_CURVE('',#3259,#3251,#1752,.T.);
#6012=EDGE_CURVE('',#3251,#3252,#1840,.T.);
#6023=EDGE_CURVE('',#2938,#2915,#1764,.T.);
#6025=EDGE_CURVE('',#2938,#3251,#1844,.T.);
#6029=EDGE_CURVE('',#2932,#2920,#1760,.T.);
#6031=EDGE_CURVE('',#2920,#2915,#1772,.T.);
#6042=EDGE_CURVE('',#2915,#2916,#1768,.T.);
#6045=EDGE_CURVE('',#2940,#2938,#1832,.T.);
#6057=EDGE_CURVE('',#2918,#2920,#1776,.T.);
#6068=EDGE_CURVE('',#2923,#2924,#1784,.T.);
#6070=EDGE_CURVE('',#2928,#2923,#1788,.T.);
#6072=EDGE_CURVE('',#2926,#2928,#1792,.T.);
#6074=EDGE_CURVE('',#2924,#2926,#1796,.T.);
#6097=EDGE_CURVE('',#3264,#3256,#1808,.T.);
#6099=EDGE_CURVE('',#3256,#2942,#1852,.T.);
#6101=EDGE_CURVE('',#2942,#2923,#1812,.T.);
#6104=EDGE_CURVE('',#2935,#2924,#1864,.T.);
#6115=EDGE_CURVE('',#3263,#3255,#1816,.T.);
#6117=EDGE_CURVE('',#3255,#3256,#1856,.T.);
#6128=EDGE_CURVE('',#2944,#2928,#1828,.T.);
#6130=EDGE_CURVE('',#2944,#3255,#1860,.T.);
#6134=EDGE_CURVE('',#2936,#2926,#1824,.T.);
#6146=EDGE_CURVE('',#2944,#2942,#1848,.T.);
#6195=EDGE_CURVE('',#3276,#3268,#1872,.T.);
#6197=EDGE_CURVE('',#3268,#2972,#1964,.T.);
#6199=EDGE_CURVE('',#2972,#2948,#1876,.T.);
#6201=EDGE_CURVE('',#2948,#2950,#1908,.T.);
#6203=EDGE_CURVE('',#2963,#2950,#1928,.T.);
#6214=EDGE_CURVE('',#3275,#3267,#1880,.T.);
#6216=EDGE_CURVE('',#3267,#3268,#1968,.T.);
#6227=EDGE_CURVE('',#2970,#2947,#1892,.T.);
#6229=EDGE_CURVE('',#2970,#3267,#1972,.T.);
#6233=EDGE_CURVE('',#2964,#2952,#1888,.T.);
#6235=EDGE_CURVE('',#2952,#2947,#1900,.T.);
#6246=EDGE_CURVE('',#2947,#2948,#1896,.T.);
#6249=EDGE_CURVE('',#2972,#2970,#1960,.T.);
#6261=EDGE_CURVE('',#2950,#2952,#1904,.T.);
#6272=EDGE_CURVE('',#2955,#2956,#1912,.T.);
#6274=EDGE_CURVE('',#2960,#2955,#1916,.T.);
#6276=EDGE_CURVE('',#2958,#2960,#1920,.T.);
#6278=EDGE_CURVE('',#2956,#2958,#1924,.T.);
#6301=EDGE_CURVE('',#3280,#3272,#1936,.T.);
#6303=EDGE_CURVE('',#3272,#2974,#1980,.T.);
#6305=EDGE_CURVE('',#2974,#2955,#1940,.T.);
#6308=EDGE_CURVE('',#2967,#2956,#1992,.T.);
#6319=EDGE_CURVE('',#3279,#3271,#1944,.T.);
#6321=EDGE_CURVE('',#3271,#3272,#1984,.T.);
#6332=EDGE_CURVE('',#2976,#2960,#1956,.T.);
#6334=EDGE_CURVE('',#2976,#3271,#1988,.T.);
#6338=EDGE_CURVE('',#2968,#2958,#1952,.T.);
#6350=EDGE_CURVE('',#2976,#2974,#1976,.T.);
#6399=EDGE_CURVE('',#3292,#3284,#2000,.T.);
#6401=EDGE_CURVE('',#3284,#3004,#2092,.T.);
#6403=EDGE_CURVE('',#3004,#2980,#2004,.T.);
#6405=EDGE_CURVE('',#2980,#2982,#2036,.T.);
#6407=EDGE_CURVE('',#2995,#2982,#2056,.T.);
#6418=EDGE_CURVE('',#3291,#3283,#2008,.T.);
#6420=EDGE_CURVE('',#3283,#3284,#2096,.T.);
#6431=EDGE_CURVE('',#3002,#2979,#2020,.T.);
#6433=EDGE_CURVE('',#3002,#3283,#2100,.T.);
#6437=EDGE_CURVE('',#2996,#2984,#2016,.T.);
#6439=EDGE_CURVE('',#2984,#2979,#2028,.T.);
#6450=EDGE_CURVE('',#2979,#2980,#2024,.T.);
#6453=EDGE_CURVE('',#3004,#3002,#2088,.T.);
#6465=EDGE_CURVE('',#2982,#2984,#2032,.T.);
#6476=EDGE_CURVE('',#2987,#2988,#2040,.T.);
#6478=EDGE_CURVE('',#2992,#2987,#2044,.T.);
#6480=EDGE_CURVE('',#2990,#2992,#2048,.T.);
#6482=EDGE_CURVE('',#2988,#2990,#2052,.T.);
#6505=EDGE_CURVE('',#3296,#3288,#2064,.T.);
#6507=EDGE_CURVE('',#3288,#3006,#2108,.T.);
#6509=EDGE_CURVE('',#3006,#2987,#2068,.T.);
#6512=EDGE_CURVE('',#2999,#2988,#2120,.T.);
#6523=EDGE_CURVE('',#3295,#3287,#2072,.T.);
#6525=EDGE_CURVE('',#3287,#3288,#2112,.T.);
#6536=EDGE_CURVE('',#3008,#2992,#2084,.T.);
#6538=EDGE_CURVE('',#3008,#3287,#2116,.T.);
#6542=EDGE_CURVE('',#3000,#2990,#2080,.T.);
#6554=EDGE_CURVE('',#3008,#3006,#2104,.T.);
#6603=EDGE_CURVE('',#3308,#3300,#2128,.T.);
#6605=EDGE_CURVE('',#3300,#3036,#2220,.T.);
#6607=EDGE_CURVE('',#3036,#3012,#2132,.T.);
#6609=EDGE_CURVE('',#3012,#3014,#2164,.T.);
#6611=EDGE_CURVE('',#3027,#3014,#2184,.T.);
#6622=EDGE_CURVE('',#3307,#3299,#2136,.T.);
#6624=EDGE_CURVE('',#3299,#3300,#2224,.T.);
#6635=EDGE_CURVE('',#3034,#3011,#2148,.T.);
#6637=EDGE_CURVE('',#3034,#3299,#2228,.T.);
#6641=EDGE_CURVE('',#3028,#3016,#2144,.T.);
#6643=EDGE_CURVE('',#3016,#3011,#2156,.T.);
#6654=EDGE_CURVE('',#3011,#3012,#2152,.T.);
#6657=EDGE_CURVE('',#3036,#3034,#2216,.T.);
#6669=EDGE_CURVE('',#3014,#3016,#2160,.T.);
#6680=EDGE_CURVE('',#3019,#3020,#2168,.T.);
#6682=EDGE_CURVE('',#3024,#3019,#2172,.T.);
#6684=EDGE_CURVE('',#3022,#3024,#2176,.T.);
#6686=EDGE_CURVE('',#3020,#3022,#2180,.T.);
#6709=EDGE_CURVE('',#3312,#3304,#2192,.T.);
#6711=EDGE_CURVE('',#3304,#3038,#2236,.T.);
#6713=EDGE_CURVE('',#3038,#3019,#2196,.T.);
#6716=EDGE_CURVE('',#3031,#3020,#2248,.T.);
#6727=EDGE_CURVE('',#3311,#3303,#2200,.T.);
#6729=EDGE_CURVE('',#3303,#3304,#2240,.T.);
#6740=EDGE_CURVE('',#3040,#3024,#2212,.T.);
#6742=EDGE_CURVE('',#3040,#3303,#2244,.T.);
#6746=EDGE_CURVE('',#3032,#3022,#2208,.T.);
#6758=EDGE_CURVE('',#3040,#3038,#2232,.T.);
#6807=EDGE_CURVE('',#3324,#3316,#2256,.T.);
#6809=EDGE_CURVE('',#3316,#3068,#2348,.T.);
#6811=EDGE_CURVE('',#3068,#3044,#2260,.T.);
#6813=EDGE_CURVE('',#3044,#3046,#2292,.T.);
#6815=EDGE_CURVE('',#3059,#3046,#2312,.T.);
#6826=EDGE_CURVE('',#3323,#3315,#2264,.T.);
#6828=EDGE_CURVE('',#3315,#3316,#2352,.T.);
#6839=EDGE_CURVE('',#3066,#3043,#2276,.T.);
#6841=EDGE_CURVE('',#3066,#3315,#2356,.T.);
#6845=EDGE_CURVE('',#3060,#3048,#2272,.T.);
#6847=EDGE_CURVE('',#3048,#3043,#2284,.T.);
#6858=EDGE_CURVE('',#3043,#3044,#2280,.T.);
#6861=EDGE_CURVE('',#3068,#3066,#2344,.T.);
#6873=EDGE_CURVE('',#3046,#3048,#2288,.T.);
#6884=EDGE_CURVE('',#3051,#3052,#2296,.T.);
#6886=EDGE_CURVE('',#3056,#3051,#2300,.T.);
#6888=EDGE_CURVE('',#3054,#3056,#2304,.T.);
#6890=EDGE_CURVE('',#3052,#3054,#2308,.T.);
#6913=EDGE_CURVE('',#3328,#3320,#2320,.T.);
#6915=EDGE_CURVE('',#3320,#3070,#2364,.T.);
#6917=EDGE_CURVE('',#3070,#3051,#2324,.T.);
#6920=EDGE_CURVE('',#3063,#3052,#2376,.T.);
#6931=EDGE_CURVE('',#3327,#3319,#2328,.T.);
#6933=EDGE_CURVE('',#3319,#3320,#2368,.T.);
#6944=EDGE_CURVE('',#3072,#3056,#2340,.T.);
#6946=EDGE_CURVE('',#3072,#3319,#2372,.T.);
#6950=EDGE_CURVE('',#3064,#3054,#2336,.T.);
#6962=EDGE_CURVE('',#3072,#3070,#2360,.T.);
#7011=EDGE_CURVE('',#3340,#3332,#2384,.T.);
#7013=EDGE_CURVE('',#3332,#3100,#2476,.T.);
#7015=EDGE_CURVE('',#3100,#3076,#2388,.T.);
#7017=EDGE_CURVE('',#3076,#3078,#2420,.T.);
#7019=EDGE_CURVE('',#3091,#3078,#2440,.T.);
#7030=EDGE_CURVE('',#3339,#3331,#2392,.T.);
#7032=EDGE_CURVE('',#3331,#3332,#2480,.T.);
#7043=EDGE_CURVE('',#3098,#3075,#2404,.T.);
#7045=EDGE_CURVE('',#3098,#3331,#2484,.T.);
#7049=EDGE_CURVE('',#3092,#3080,#2400,.T.);
#7051=EDGE_CURVE('',#3080,#3075,#2412,.T.);
#7062=EDGE_CURVE('',#3075,#3076,#2408,.T.);
#7065=EDGE_CURVE('',#3100,#3098,#2472,.T.);
#7077=EDGE_CURVE('',#3078,#3080,#2416,.T.);
#7088=EDGE_CURVE('',#3083,#3084,#2424,.T.);
#7090=EDGE_CURVE('',#3088,#3083,#2428,.T.);
#7092=EDGE_CURVE('',#3086,#3088,#2432,.T.);
#7094=EDGE_CURVE('',#3084,#3086,#2436,.T.);
#7117=EDGE_CURVE('',#3344,#3336,#2448,.T.);
#7119=EDGE_CURVE('',#3336,#3102,#2492,.T.);
#7121=EDGE_CURVE('',#3102,#3083,#2452,.T.);
#7124=EDGE_CURVE('',#3095,#3084,#2504,.T.);
#7135=EDGE_CURVE('',#3343,#3335,#2456,.T.);
#7137=EDGE_CURVE('',#3335,#3336,#2496,.T.);
#7148=EDGE_CURVE('',#3104,#3088,#2468,.T.);
#7150=EDGE_CURVE('',#3104,#3335,#2500,.T.);
#7154=EDGE_CURVE('',#3096,#3086,#2464,.T.);
#7166=EDGE_CURVE('',#3104,#3102,#2488,.T.);
#7233=CLOSED_SHELL('',(#3384,#3399,#3412,#3438,#3466,#3480,#3492,#3506,#3518,
#3532,#3544,#3559,#3579,#3593,#3612,#3944,#3963,#3978,#3994,#4008,#4025,#4038,
#4050,#4066,#4083,#4096,#4112,#4124,#4136,#4148,#4167,#4181,#4199,#4213,#4226,
#4242,#4254,#4272,#4286,#4303,#4316,#4328,#4340,#4352,#4371,#4385,#4403,#4417,
#4430,#4446,#4458,#4476,#4490,#4507,#4520,#4532,#4544,#4556,#4575,#4589,#4607,
#4621,#4634,#4650,#4662,#4680,#4694,#4711,#4724,#4736,#4748,#4760,#4779,#4793,
#4811,#4825,#4838,#4854,#4866,#4884,#4898,#4915,#4928,#4940,#4952,#4964,#4983,
#4997,#5015,#5029,#5042,#5058,#5070,#5088,#5102,#5119,#5132,#5144,#5156,#5168,
#5187,#5201,#5219,#5233,#5246,#5262,#5274,#5292,#5306,#5323,#5336,#5348,#5360,
#5372,#5391,#5405,#5423,#5437,#5450,#5466,#5478,#5496,#5510,#5527,#5540,#5552,
#5564,#5576,#5595,#5609,#5627,#5641,#5654,#5670,#5682,#5700,#5714,#5731,#5744,
#5756,#5768,#5780,#5799,#5813,#5831,#5845,#5858,#5874,#5886,#5904,#5918,#5935,
#5948,#5960,#5972,#5984,#6003,#6017,#6035,#6049,#6062,#6078,#6090,#6108,#6122,
#6139,#6152,#6164,#6176,#6188,#6207,#6221,#6239,#6253,#6266,#6282,#6294,#6312,
#6326,#6343,#6356,#6368,#6380,#6392,#6411,#6425,#6443,#6457,#6470,#6486,#6498,
#6516,#6530,#6547,#6560,#6572,#6584,#6596,#6615,#6629,#6647,#6661,#6674,#6690,
#6702,#6720,#6734,#6751,#6764,#6776,#6788,#6800,#6819,#6833,#6851,#6865,#6878,
#6894,#6906,#6924,#6938,#6955,#6968,#6980,#6992,#7004,#7023,#7037,#7055,#7069,
#7082,#7098,#7110,#7128,#7142,#7159,#7172,#7184,#7196,#7208,#7220,#7232));
#7234=MANIFOLD_SOLID_BREP('',#7233);
#7235=(LENGTH_UNIT()NAMED_UNIT(*)SI_UNIT(.MILLI.,.METRE.));
#7237=(NAMED_UNIT(*)PLANE_ANGLE_UNIT()SI_UNIT($,.RADIAN.));
#7240=(NAMED_UNIT(*)SI_UNIT($,.STERADIAN.)SOLID_ANGLE_UNIT());
#7243=ADVANCED_BREP_SHAPE_REPRESENTATION('',(#7234),#7242);
#7250=PRODUCT_DEFINITION('design','',#7249,#7246);
#7251=PRODUCT_DEFINITION_SHAPE('','SHAPE FOR CELLPLATE15.',#7250);
#7252=SHAPE_DEFINITION_REPRESENTATION(#7251,#7243);
ENDSEC;
END-ISO-10303-21;
