ISO-10303-21;
HEADER;
FILE_DESCRIPTION((''),'2;1');
FILE_NAME('HOTPLATECELL','2026-05-27T16:30:02',('user'),(''),
'CREO PARAMETRIC BY PTC INC, 2025102','CREO PARAMETRIC BY PTC INC, 2025102','');
FILE_SCHEMA(('CONFIG_CONTROL_DESIGN'));
ENDSEC;
DATA;
#1=DIRECTION('',(0.E0,0.E0,-1.E0));
#2=VECTOR('',#1,2.55E2);
#3=CARTESIAN_POINT('',(0.E0,0.E0,0.E0));
#4=LINE('',#3,#2);
#5=DIRECTION('',(-1.E0,0.E0,0.E0));
#6=VECTOR('',#5,2.55E2);
#7=CARTESIAN_POINT('',(0.E0,0.E0,-2.55E2));
#8=LINE('',#7,#6);
#9=DIRECTION('',(0.E0,0.E0,1.E0));
#10=VECTOR('',#9,2.55E2);
#11=CARTESIAN_POINT('',(-2.55E2,0.E0,-2.55E2));
#12=LINE('',#11,#10);
#13=DIRECTION('',(1.E0,0.E0,0.E0));
#14=VECTOR('',#13,2.55E2);
#15=CARTESIAN_POINT('',(-2.55E2,0.E0,0.E0));
#16=LINE('',#15,#14);
#17=DIRECTION('',(0.E0,0.E0,-1.E0));
#18=VECTOR('',#17,2.54E1);
#19=CARTESIAN_POINT('',(-2.075E2,0.E0,-4.75E1));
#20=LINE('',#19,#18);
#21=DIRECTION('',(1.E0,0.E0,0.E0));
#22=VECTOR('',#21,2.54E1);
#23=CARTESIAN_POINT('',(-2.075E2,0.E0,-7.29E1));
#24=LINE('',#23,#22);
#25=DIRECTION('',(0.E0,0.E0,1.E0));
#26=VECTOR('',#25,2.54E1);
#27=CARTESIAN_POINT('',(-1.821E2,0.E0,-7.29E1));
#28=LINE('',#27,#26);
#29=DIRECTION('',(-1.E0,0.E0,0.E0));
#30=VECTOR('',#29,2.54E1);
#31=CARTESIAN_POINT('',(-1.821E2,0.E0,-4.75E1));
#32=LINE('',#31,#30);
#33=DIRECTION('',(0.E0,0.E0,-1.E0));
#34=VECTOR('',#33,2.54E1);
#35=CARTESIAN_POINT('',(-1.625E2,0.E0,-4.75E1));
#36=LINE('',#35,#34);
#37=DIRECTION('',(1.E0,0.E0,0.E0));
#38=VECTOR('',#37,2.54E1);
#39=CARTESIAN_POINT('',(-1.625E2,0.E0,-7.29E1));
#40=LINE('',#39,#38);
#41=DIRECTION('',(0.E0,0.E0,1.E0));
#42=VECTOR('',#41,2.54E1);
#43=CARTESIAN_POINT('',(-1.371E2,0.E0,-7.29E1));
#44=LINE('',#43,#42);
#45=DIRECTION('',(-1.E0,0.E0,0.E0));
#46=VECTOR('',#45,2.54E1);
#47=CARTESIAN_POINT('',(-1.371E2,0.E0,-4.75E1));
#48=LINE('',#47,#46);
#49=DIRECTION('',(0.E0,0.E0,-1.E0));
#50=VECTOR('',#49,2.54E1);
#51=CARTESIAN_POINT('',(-1.175E2,0.E0,-4.75E1));
#52=LINE('',#51,#50);
#53=DIRECTION('',(1.E0,0.E0,0.E0));
#54=VECTOR('',#53,2.54E1);
#55=CARTESIAN_POINT('',(-1.175E2,0.E0,-7.29E1));
#56=LINE('',#55,#54);
#57=DIRECTION('',(0.E0,0.E0,1.E0));
#58=VECTOR('',#57,2.54E1);
#59=CARTESIAN_POINT('',(-9.21E1,0.E0,-7.29E1));
#60=LINE('',#59,#58);
#61=DIRECTION('',(-1.E0,0.E0,0.E0));
#62=VECTOR('',#61,2.54E1);
#63=CARTESIAN_POINT('',(-9.21E1,0.E0,-4.75E1));
#64=LINE('',#63,#62);
#65=DIRECTION('',(0.E0,0.E0,-1.E0));
#66=VECTOR('',#65,2.54E1);
#67=CARTESIAN_POINT('',(-7.25E1,0.E0,-4.75E1));
#68=LINE('',#67,#66);
#69=DIRECTION('',(1.E0,0.E0,0.E0));
#70=VECTOR('',#69,2.54E1);
#71=CARTESIAN_POINT('',(-7.25E1,0.E0,-7.29E1));
#72=LINE('',#71,#70);
#73=DIRECTION('',(0.E0,0.E0,1.E0));
#74=VECTOR('',#73,2.54E1);
#75=CARTESIAN_POINT('',(-4.71E1,0.E0,-7.29E1));
#76=LINE('',#75,#74);
#77=DIRECTION('',(-1.E0,0.E0,0.E0));
#78=VECTOR('',#77,2.54E1);
#79=CARTESIAN_POINT('',(-4.71E1,0.E0,-4.75E1));
#80=LINE('',#79,#78);
#81=DIRECTION('',(0.E0,0.E0,-1.E0));
#82=VECTOR('',#81,2.54E1);
#83=CARTESIAN_POINT('',(-2.075E2,0.E0,-9.25E1));
#84=LINE('',#83,#82);
#85=DIRECTION('',(1.E0,0.E0,0.E0));
#86=VECTOR('',#85,2.54E1);
#87=CARTESIAN_POINT('',(-2.075E2,0.E0,-1.179E2));
#88=LINE('',#87,#86);
#89=DIRECTION('',(0.E0,0.E0,1.E0));
#90=VECTOR('',#89,2.54E1);
#91=CARTESIAN_POINT('',(-1.821E2,0.E0,-1.179E2));
#92=LINE('',#91,#90);
#93=DIRECTION('',(-1.E0,0.E0,0.E0));
#94=VECTOR('',#93,2.54E1);
#95=CARTESIAN_POINT('',(-1.821E2,0.E0,-9.25E1));
#96=LINE('',#95,#94);
#97=DIRECTION('',(0.E0,0.E0,-1.E0));
#98=VECTOR('',#97,2.54E1);
#99=CARTESIAN_POINT('',(-1.625E2,0.E0,-9.25E1));
#100=LINE('',#99,#98);
#101=DIRECTION('',(1.E0,0.E0,0.E0));
#102=VECTOR('',#101,2.54E1);
#103=CARTESIAN_POINT('',(-1.625E2,0.E0,-1.179E2));
#104=LINE('',#103,#102);
#105=DIRECTION('',(0.E0,0.E0,1.E0));
#106=VECTOR('',#105,2.54E1);
#107=CARTESIAN_POINT('',(-1.371E2,0.E0,-1.179E2));
#108=LINE('',#107,#106);
#109=DIRECTION('',(-1.E0,0.E0,0.E0));
#110=VECTOR('',#109,2.54E1);
#111=CARTESIAN_POINT('',(-1.371E2,0.E0,-9.25E1));
#112=LINE('',#111,#110);
#113=DIRECTION('',(0.E0,0.E0,-1.E0));
#114=VECTOR('',#113,2.54E1);
#115=CARTESIAN_POINT('',(-1.175E2,0.E0,-9.25E1));
#116=LINE('',#115,#114);
#117=DIRECTION('',(1.E0,0.E0,0.E0));
#118=VECTOR('',#117,2.54E1);
#119=CARTESIAN_POINT('',(-1.175E2,0.E0,-1.179E2));
#120=LINE('',#119,#118);
#121=DIRECTION('',(0.E0,0.E0,1.E0));
#122=VECTOR('',#121,2.54E1);
#123=CARTESIAN_POINT('',(-9.21E1,0.E0,-1.179E2));
#124=LINE('',#123,#122);
#125=DIRECTION('',(-1.E0,0.E0,0.E0));
#126=VECTOR('',#125,2.54E1);
#127=CARTESIAN_POINT('',(-9.21E1,0.E0,-9.25E1));
#128=LINE('',#127,#126);
#129=DIRECTION('',(0.E0,0.E0,-1.E0));
#130=VECTOR('',#129,2.54E1);
#131=CARTESIAN_POINT('',(-7.25E1,0.E0,-9.25E1));
#132=LINE('',#131,#130);
#133=DIRECTION('',(1.E0,0.E0,0.E0));
#134=VECTOR('',#133,2.54E1);
#135=CARTESIAN_POINT('',(-7.25E1,0.E0,-1.179E2));
#136=LINE('',#135,#134);
#137=DIRECTION('',(0.E0,0.E0,1.E0));
#138=VECTOR('',#137,2.54E1);
#139=CARTESIAN_POINT('',(-4.71E1,0.E0,-1.179E2));
#140=LINE('',#139,#138);
#141=DIRECTION('',(-1.E0,0.E0,0.E0));
#142=VECTOR('',#141,2.54E1);
#143=CARTESIAN_POINT('',(-4.71E1,0.E0,-9.25E1));
#144=LINE('',#143,#142);
#145=DIRECTION('',(0.E0,0.E0,-1.E0));
#146=VECTOR('',#145,2.54E1);
#147=CARTESIAN_POINT('',(-2.075E2,0.E0,-1.375E2));
#148=LINE('',#147,#146);
#149=DIRECTION('',(1.E0,0.E0,0.E0));
#150=VECTOR('',#149,2.54E1);
#151=CARTESIAN_POINT('',(-2.075E2,0.E0,-1.629E2));
#152=LINE('',#151,#150);
#153=DIRECTION('',(0.E0,0.E0,1.E0));
#154=VECTOR('',#153,2.54E1);
#155=CARTESIAN_POINT('',(-1.821E2,0.E0,-1.629E2));
#156=LINE('',#155,#154);
#157=DIRECTION('',(-1.E0,0.E0,0.E0));
#158=VECTOR('',#157,2.54E1);
#159=CARTESIAN_POINT('',(-1.821E2,0.E0,-1.375E2));
#160=LINE('',#159,#158);
#161=DIRECTION('',(0.E0,0.E0,-1.E0));
#162=VECTOR('',#161,2.54E1);
#163=CARTESIAN_POINT('',(-1.625E2,0.E0,-1.375E2));
#164=LINE('',#163,#162);
#165=DIRECTION('',(1.E0,0.E0,0.E0));
#166=VECTOR('',#165,2.54E1);
#167=CARTESIAN_POINT('',(-1.625E2,0.E0,-1.629E2));
#168=LINE('',#167,#166);
#169=DIRECTION('',(0.E0,0.E0,1.E0));
#170=VECTOR('',#169,2.54E1);
#171=CARTESIAN_POINT('',(-1.371E2,0.E0,-1.629E2));
#172=LINE('',#171,#170);
#173=DIRECTION('',(-1.E0,0.E0,0.E0));
#174=VECTOR('',#173,2.54E1);
#175=CARTESIAN_POINT('',(-1.371E2,0.E0,-1.375E2));
#176=LINE('',#175,#174);
#177=DIRECTION('',(0.E0,0.E0,-1.E0));
#178=VECTOR('',#177,2.54E1);
#179=CARTESIAN_POINT('',(-1.175E2,0.E0,-1.375E2));
#180=LINE('',#179,#178);
#181=DIRECTION('',(1.E0,0.E0,0.E0));
#182=VECTOR('',#181,2.54E1);
#183=CARTESIAN_POINT('',(-1.175E2,0.E0,-1.629E2));
#184=LINE('',#183,#182);
#185=DIRECTION('',(0.E0,0.E0,1.E0));
#186=VECTOR('',#185,2.54E1);
#187=CARTESIAN_POINT('',(-9.21E1,0.E0,-1.629E2));
#188=LINE('',#187,#186);
#189=DIRECTION('',(-1.E0,0.E0,0.E0));
#190=VECTOR('',#189,2.54E1);
#191=CARTESIAN_POINT('',(-9.21E1,0.E0,-1.375E2));
#192=LINE('',#191,#190);
#193=DIRECTION('',(0.E0,0.E0,-1.E0));
#194=VECTOR('',#193,2.54E1);
#195=CARTESIAN_POINT('',(-7.25E1,0.E0,-1.375E2));
#196=LINE('',#195,#194);
#197=DIRECTION('',(1.E0,0.E0,0.E0));
#198=VECTOR('',#197,2.54E1);
#199=CARTESIAN_POINT('',(-7.25E1,0.E0,-1.629E2));
#200=LINE('',#199,#198);
#201=DIRECTION('',(0.E0,0.E0,1.E0));
#202=VECTOR('',#201,2.54E1);
#203=CARTESIAN_POINT('',(-4.71E1,0.E0,-1.629E2));
#204=LINE('',#203,#202);
#205=DIRECTION('',(-1.E0,0.E0,0.E0));
#206=VECTOR('',#205,2.54E1);
#207=CARTESIAN_POINT('',(-4.71E1,0.E0,-1.375E2));
#208=LINE('',#207,#206);
#209=DIRECTION('',(0.E0,0.E0,-1.E0));
#210=VECTOR('',#209,2.54E1);
#211=CARTESIAN_POINT('',(-2.075E2,0.E0,-1.825E2));
#212=LINE('',#211,#210);
#213=DIRECTION('',(1.E0,0.E0,0.E0));
#214=VECTOR('',#213,2.54E1);
#215=CARTESIAN_POINT('',(-2.075E2,0.E0,-2.079E2));
#216=LINE('',#215,#214);
#217=DIRECTION('',(0.E0,0.E0,1.E0));
#218=VECTOR('',#217,2.54E1);
#219=CARTESIAN_POINT('',(-1.821E2,0.E0,-2.079E2));
#220=LINE('',#219,#218);
#221=DIRECTION('',(-1.E0,0.E0,0.E0));
#222=VECTOR('',#221,2.54E1);
#223=CARTESIAN_POINT('',(-1.821E2,0.E0,-1.825E2));
#224=LINE('',#223,#222);
#225=DIRECTION('',(0.E0,0.E0,-1.E0));
#226=VECTOR('',#225,2.54E1);
#227=CARTESIAN_POINT('',(-1.625E2,0.E0,-1.825E2));
#228=LINE('',#227,#226);
#229=DIRECTION('',(1.E0,0.E0,0.E0));
#230=VECTOR('',#229,2.54E1);
#231=CARTESIAN_POINT('',(-1.625E2,0.E0,-2.079E2));
#232=LINE('',#231,#230);
#233=DIRECTION('',(0.E0,0.E0,1.E0));
#234=VECTOR('',#233,2.54E1);
#235=CARTESIAN_POINT('',(-1.371E2,0.E0,-2.079E2));
#236=LINE('',#235,#234);
#237=DIRECTION('',(-1.E0,0.E0,0.E0));
#238=VECTOR('',#237,2.54E1);
#239=CARTESIAN_POINT('',(-1.371E2,0.E0,-1.825E2));
#240=LINE('',#239,#238);
#241=DIRECTION('',(0.E0,0.E0,-1.E0));
#242=VECTOR('',#241,2.54E1);
#243=CARTESIAN_POINT('',(-1.175E2,0.E0,-1.825E2));
#244=LINE('',#243,#242);
#245=DIRECTION('',(1.E0,0.E0,0.E0));
#246=VECTOR('',#245,2.54E1);
#247=CARTESIAN_POINT('',(-1.175E2,0.E0,-2.079E2));
#248=LINE('',#247,#246);
#249=DIRECTION('',(0.E0,0.E0,1.E0));
#250=VECTOR('',#249,2.54E1);
#251=CARTESIAN_POINT('',(-9.21E1,0.E0,-2.079E2));
#252=LINE('',#251,#250);
#253=DIRECTION('',(-1.E0,0.E0,0.E0));
#254=VECTOR('',#253,2.54E1);
#255=CARTESIAN_POINT('',(-9.21E1,0.E0,-1.825E2));
#256=LINE('',#255,#254);
#257=DIRECTION('',(0.E0,0.E0,-1.E0));
#258=VECTOR('',#257,2.54E1);
#259=CARTESIAN_POINT('',(-7.25E1,0.E0,-1.825E2));
#260=LINE('',#259,#258);
#261=DIRECTION('',(1.E0,0.E0,0.E0));
#262=VECTOR('',#261,2.54E1);
#263=CARTESIAN_POINT('',(-7.25E1,0.E0,-2.079E2));
#264=LINE('',#263,#262);
#265=DIRECTION('',(0.E0,0.E0,1.E0));
#266=VECTOR('',#265,2.54E1);
#267=CARTESIAN_POINT('',(-4.71E1,0.E0,-2.079E2));
#268=LINE('',#267,#266);
#269=DIRECTION('',(-1.E0,0.E0,0.E0));
#270=VECTOR('',#269,2.54E1);
#271=CARTESIAN_POINT('',(-4.71E1,0.E0,-1.825E2));
#272=LINE('',#271,#270);
#273=DIRECTION('',(0.E0,1.E0,0.E0));
#274=VECTOR('',#273,2.E1);
#275=CARTESIAN_POINT('',(0.E0,0.E0,0.E0));
#276=LINE('',#275,#274);
#277=DIRECTION('',(0.E0,1.E0,0.E0));
#278=VECTOR('',#277,2.E1);
#279=CARTESIAN_POINT('',(-2.55E2,0.E0,0.E0));
#280=LINE('',#279,#278);
#281=DIRECTION('',(0.E0,1.E0,0.E0));
#282=VECTOR('',#281,2.E1);
#283=CARTESIAN_POINT('',(-2.55E2,0.E0,-2.55E2));
#284=LINE('',#283,#282);
#285=DIRECTION('',(0.E0,1.E0,0.E0));
#286=VECTOR('',#285,2.E1);
#287=CARTESIAN_POINT('',(0.E0,0.E0,-2.55E2));
#288=LINE('',#287,#286);
#289=DIRECTION('',(0.E0,0.E0,-1.E0));
#290=VECTOR('',#289,2.55E2);
#291=CARTESIAN_POINT('',(0.E0,2.E1,0.E0));
#292=LINE('',#291,#290);
#293=DIRECTION('',(1.E0,0.E0,0.E0));
#294=VECTOR('',#293,2.55E2);
#295=CARTESIAN_POINT('',(-2.55E2,2.E1,0.E0));
#296=LINE('',#295,#294);
#297=DIRECTION('',(0.E0,0.E0,1.E0));
#298=VECTOR('',#297,2.55E2);
#299=CARTESIAN_POINT('',(-2.55E2,2.E1,-2.55E2));
#300=LINE('',#299,#298);
#301=DIRECTION('',(-1.E0,0.E0,0.E0));
#302=VECTOR('',#301,2.55E2);
#303=CARTESIAN_POINT('',(0.E0,2.E1,-2.55E2));
#304=LINE('',#303,#302);
#305=DIRECTION('',(0.E0,0.E0,-1.E0));
#306=VECTOR('',#305,2.5E2);
#307=CARTESIAN_POINT('',(-2.525E2,2.E1,-2.5E0));
#308=LINE('',#307,#306);
#309=DIRECTION('',(-1.E0,0.E0,0.E0));
#310=VECTOR('',#309,2.5E2);
#311=CARTESIAN_POINT('',(-2.5E0,2.E1,-2.5E0));
#312=LINE('',#311,#310);
#313=DIRECTION('',(0.E0,0.E0,1.E0));
#314=VECTOR('',#313,2.5E2);
#315=CARTESIAN_POINT('',(-2.5E0,2.E1,-2.525E2));
#316=LINE('',#315,#314);
#317=DIRECTION('',(1.E0,0.E0,0.E0));
#318=VECTOR('',#317,2.5E2);
#319=CARTESIAN_POINT('',(-2.525E2,2.E1,-2.525E2));
#320=LINE('',#319,#318);
#321=DIRECTION('',(0.E0,0.E0,-1.E0));
#322=VECTOR('',#321,2.5E2);
#323=CARTESIAN_POINT('',(-2.525E2,5.E-1,-2.5E0));
#324=LINE('',#323,#322);
#325=DIRECTION('',(0.E0,1.E0,0.E0));
#326=VECTOR('',#325,1.95E1);
#327=CARTESIAN_POINT('',(-2.525E2,5.E-1,-2.5E0));
#328=LINE('',#327,#326);
#329=DIRECTION('',(0.E0,0.E0,-1.E0));
#330=VECTOR('',#329,2.54E1);
#331=CARTESIAN_POINT('',(-2.075E2,5.E-1,-4.75E1));
#332=LINE('',#331,#330);
#333=DIRECTION('',(-1.E0,0.E0,0.E0));
#334=VECTOR('',#333,2.54E1);
#335=CARTESIAN_POINT('',(-1.821E2,5.E-1,-4.75E1));
#336=LINE('',#335,#334);
#337=DIRECTION('',(0.E0,0.E0,1.E0));
#338=VECTOR('',#337,2.54E1);
#339=CARTESIAN_POINT('',(-1.821E2,5.E-1,-7.29E1));
#340=LINE('',#339,#338);
#341=DIRECTION('',(1.E0,0.E0,0.E0));
#342=VECTOR('',#341,2.54E1);
#343=CARTESIAN_POINT('',(-2.075E2,5.E-1,-7.29E1));
#344=LINE('',#343,#342);
#345=DIRECTION('',(0.E0,0.E0,-1.E0));
#346=VECTOR('',#345,2.54E1);
#347=CARTESIAN_POINT('',(-1.625E2,5.E-1,-4.75E1));
#348=LINE('',#347,#346);
#349=DIRECTION('',(-1.E0,0.E0,0.E0));
#350=VECTOR('',#349,2.54E1);
#351=CARTESIAN_POINT('',(-1.371E2,5.E-1,-4.75E1));
#352=LINE('',#351,#350);
#353=DIRECTION('',(0.E0,0.E0,1.E0));
#354=VECTOR('',#353,2.54E1);
#355=CARTESIAN_POINT('',(-1.371E2,5.E-1,-7.29E1));
#356=LINE('',#355,#354);
#357=DIRECTION('',(1.E0,0.E0,0.E0));
#358=VECTOR('',#357,2.54E1);
#359=CARTESIAN_POINT('',(-1.625E2,5.E-1,-7.29E1));
#360=LINE('',#359,#358);
#361=DIRECTION('',(0.E0,0.E0,-1.E0));
#362=VECTOR('',#361,2.54E1);
#363=CARTESIAN_POINT('',(-1.175E2,5.E-1,-4.75E1));
#364=LINE('',#363,#362);
#365=DIRECTION('',(-1.E0,0.E0,0.E0));
#366=VECTOR('',#365,2.54E1);
#367=CARTESIAN_POINT('',(-9.21E1,5.E-1,-4.75E1));
#368=LINE('',#367,#366);
#369=DIRECTION('',(0.E0,0.E0,1.E0));
#370=VECTOR('',#369,2.54E1);
#371=CARTESIAN_POINT('',(-9.21E1,5.E-1,-7.29E1));
#372=LINE('',#371,#370);
#373=DIRECTION('',(1.E0,0.E0,0.E0));
#374=VECTOR('',#373,2.54E1);
#375=CARTESIAN_POINT('',(-1.175E2,5.E-1,-7.29E1));
#376=LINE('',#375,#374);
#377=DIRECTION('',(0.E0,0.E0,-1.E0));
#378=VECTOR('',#377,2.54E1);
#379=CARTESIAN_POINT('',(-7.25E1,5.E-1,-4.75E1));
#380=LINE('',#379,#378);
#381=DIRECTION('',(-1.E0,0.E0,0.E0));
#382=VECTOR('',#381,2.54E1);
#383=CARTESIAN_POINT('',(-4.71E1,5.E-1,-4.75E1));
#384=LINE('',#383,#382);
#385=DIRECTION('',(0.E0,0.E0,1.E0));
#386=VECTOR('',#385,2.54E1);
#387=CARTESIAN_POINT('',(-4.71E1,5.E-1,-7.29E1));
#388=LINE('',#387,#386);
#389=DIRECTION('',(1.E0,0.E0,0.E0));
#390=VECTOR('',#389,2.54E1);
#391=CARTESIAN_POINT('',(-7.25E1,5.E-1,-7.29E1));
#392=LINE('',#391,#390);
#393=DIRECTION('',(0.E0,0.E0,-1.E0));
#394=VECTOR('',#393,2.54E1);
#395=CARTESIAN_POINT('',(-2.075E2,5.E-1,-9.25E1));
#396=LINE('',#395,#394);
#397=DIRECTION('',(-1.E0,0.E0,0.E0));
#398=VECTOR('',#397,2.54E1);
#399=CARTESIAN_POINT('',(-1.821E2,5.E-1,-9.25E1));
#400=LINE('',#399,#398);
#401=DIRECTION('',(0.E0,0.E0,1.E0));
#402=VECTOR('',#401,2.54E1);
#403=CARTESIAN_POINT('',(-1.821E2,5.E-1,-1.179E2));
#404=LINE('',#403,#402);
#405=DIRECTION('',(1.E0,0.E0,0.E0));
#406=VECTOR('',#405,2.54E1);
#407=CARTESIAN_POINT('',(-2.075E2,5.E-1,-1.179E2));
#408=LINE('',#407,#406);
#409=DIRECTION('',(0.E0,0.E0,-1.E0));
#410=VECTOR('',#409,2.54E1);
#411=CARTESIAN_POINT('',(-1.625E2,5.E-1,-9.25E1));
#412=LINE('',#411,#410);
#413=DIRECTION('',(-1.E0,0.E0,0.E0));
#414=VECTOR('',#413,2.54E1);
#415=CARTESIAN_POINT('',(-1.371E2,5.E-1,-9.25E1));
#416=LINE('',#415,#414);
#417=DIRECTION('',(0.E0,0.E0,1.E0));
#418=VECTOR('',#417,2.54E1);
#419=CARTESIAN_POINT('',(-1.371E2,5.E-1,-1.179E2));
#420=LINE('',#419,#418);
#421=DIRECTION('',(1.E0,0.E0,0.E0));
#422=VECTOR('',#421,2.54E1);
#423=CARTESIAN_POINT('',(-1.625E2,5.E-1,-1.179E2));
#424=LINE('',#423,#422);
#425=DIRECTION('',(0.E0,0.E0,-1.E0));
#426=VECTOR('',#425,2.54E1);
#427=CARTESIAN_POINT('',(-1.175E2,5.E-1,-9.25E1));
#428=LINE('',#427,#426);
#429=DIRECTION('',(-1.E0,0.E0,0.E0));
#430=VECTOR('',#429,2.54E1);
#431=CARTESIAN_POINT('',(-9.21E1,5.E-1,-9.25E1));
#432=LINE('',#431,#430);
#433=DIRECTION('',(0.E0,0.E0,1.E0));
#434=VECTOR('',#433,2.54E1);
#435=CARTESIAN_POINT('',(-9.21E1,5.E-1,-1.179E2));
#436=LINE('',#435,#434);
#437=DIRECTION('',(1.E0,0.E0,0.E0));
#438=VECTOR('',#437,2.54E1);
#439=CARTESIAN_POINT('',(-1.175E2,5.E-1,-1.179E2));
#440=LINE('',#439,#438);
#441=DIRECTION('',(0.E0,0.E0,-1.E0));
#442=VECTOR('',#441,2.54E1);
#443=CARTESIAN_POINT('',(-7.25E1,5.E-1,-9.25E1));
#444=LINE('',#443,#442);
#445=DIRECTION('',(-1.E0,0.E0,0.E0));
#446=VECTOR('',#445,2.54E1);
#447=CARTESIAN_POINT('',(-4.71E1,5.E-1,-9.25E1));
#448=LINE('',#447,#446);
#449=DIRECTION('',(0.E0,0.E0,1.E0));
#450=VECTOR('',#449,2.54E1);
#451=CARTESIAN_POINT('',(-4.71E1,5.E-1,-1.179E2));
#452=LINE('',#451,#450);
#453=DIRECTION('',(1.E0,0.E0,0.E0));
#454=VECTOR('',#453,2.54E1);
#455=CARTESIAN_POINT('',(-7.25E1,5.E-1,-1.179E2));
#456=LINE('',#455,#454);
#457=DIRECTION('',(0.E0,0.E0,-1.E0));
#458=VECTOR('',#457,2.54E1);
#459=CARTESIAN_POINT('',(-2.075E2,5.E-1,-1.375E2));
#460=LINE('',#459,#458);
#461=DIRECTION('',(-1.E0,0.E0,0.E0));
#462=VECTOR('',#461,2.54E1);
#463=CARTESIAN_POINT('',(-1.821E2,5.E-1,-1.375E2));
#464=LINE('',#463,#462);
#465=DIRECTION('',(0.E0,0.E0,1.E0));
#466=VECTOR('',#465,2.54E1);
#467=CARTESIAN_POINT('',(-1.821E2,5.E-1,-1.629E2));
#468=LINE('',#467,#466);
#469=DIRECTION('',(1.E0,0.E0,0.E0));
#470=VECTOR('',#469,2.54E1);
#471=CARTESIAN_POINT('',(-2.075E2,5.E-1,-1.629E2));
#472=LINE('',#471,#470);
#473=DIRECTION('',(0.E0,0.E0,-1.E0));
#474=VECTOR('',#473,2.54E1);
#475=CARTESIAN_POINT('',(-1.625E2,5.E-1,-1.375E2));
#476=LINE('',#475,#474);
#477=DIRECTION('',(-1.E0,0.E0,0.E0));
#478=VECTOR('',#477,2.54E1);
#479=CARTESIAN_POINT('',(-1.371E2,5.E-1,-1.375E2));
#480=LINE('',#479,#478);
#481=DIRECTION('',(0.E0,0.E0,1.E0));
#482=VECTOR('',#481,2.54E1);
#483=CARTESIAN_POINT('',(-1.371E2,5.E-1,-1.629E2));
#484=LINE('',#483,#482);
#485=DIRECTION('',(1.E0,0.E0,0.E0));
#486=VECTOR('',#485,2.54E1);
#487=CARTESIAN_POINT('',(-1.625E2,5.E-1,-1.629E2));
#488=LINE('',#487,#486);
#489=DIRECTION('',(0.E0,0.E0,-1.E0));
#490=VECTOR('',#489,2.54E1);
#491=CARTESIAN_POINT('',(-1.175E2,5.E-1,-1.375E2));
#492=LINE('',#491,#490);
#493=DIRECTION('',(-1.E0,0.E0,0.E0));
#494=VECTOR('',#493,2.54E1);
#495=CARTESIAN_POINT('',(-9.21E1,5.E-1,-1.375E2));
#496=LINE('',#495,#494);
#497=DIRECTION('',(0.E0,0.E0,1.E0));
#498=VECTOR('',#497,2.54E1);
#499=CARTESIAN_POINT('',(-9.21E1,5.E-1,-1.629E2));
#500=LINE('',#499,#498);
#501=DIRECTION('',(1.E0,0.E0,0.E0));
#502=VECTOR('',#501,2.54E1);
#503=CARTESIAN_POINT('',(-1.175E2,5.E-1,-1.629E2));
#504=LINE('',#503,#502);
#505=DIRECTION('',(0.E0,0.E0,-1.E0));
#506=VECTOR('',#505,2.54E1);
#507=CARTESIAN_POINT('',(-7.25E1,5.E-1,-1.375E2));
#508=LINE('',#507,#506);
#509=DIRECTION('',(-1.E0,0.E0,0.E0));
#510=VECTOR('',#509,2.54E1);
#511=CARTESIAN_POINT('',(-4.71E1,5.E-1,-1.375E2));
#512=LINE('',#511,#510);
#513=DIRECTION('',(0.E0,0.E0,1.E0));
#514=VECTOR('',#513,2.54E1);
#515=CARTESIAN_POINT('',(-4.71E1,5.E-1,-1.629E2));
#516=LINE('',#515,#514);
#517=DIRECTION('',(1.E0,0.E0,0.E0));
#518=VECTOR('',#517,2.54E1);
#519=CARTESIAN_POINT('',(-7.25E1,5.E-1,-1.629E2));
#520=LINE('',#519,#518);
#521=DIRECTION('',(0.E0,0.E0,-1.E0));
#522=VECTOR('',#521,2.54E1);
#523=CARTESIAN_POINT('',(-2.075E2,5.E-1,-1.825E2));
#524=LINE('',#523,#522);
#525=DIRECTION('',(-1.E0,0.E0,0.E0));
#526=VECTOR('',#525,2.54E1);
#527=CARTESIAN_POINT('',(-1.821E2,5.E-1,-1.825E2));
#528=LINE('',#527,#526);
#529=DIRECTION('',(0.E0,0.E0,1.E0));
#530=VECTOR('',#529,2.54E1);
#531=CARTESIAN_POINT('',(-1.821E2,5.E-1,-2.079E2));
#532=LINE('',#531,#530);
#533=DIRECTION('',(1.E0,0.E0,0.E0));
#534=VECTOR('',#533,2.54E1);
#535=CARTESIAN_POINT('',(-2.075E2,5.E-1,-2.079E2));
#536=LINE('',#535,#534);
#537=DIRECTION('',(0.E0,0.E0,-1.E0));
#538=VECTOR('',#537,2.54E1);
#539=CARTESIAN_POINT('',(-1.625E2,5.E-1,-1.825E2));
#540=LINE('',#539,#538);
#541=DIRECTION('',(-1.E0,0.E0,0.E0));
#542=VECTOR('',#541,2.54E1);
#543=CARTESIAN_POINT('',(-1.371E2,5.E-1,-1.825E2));
#544=LINE('',#543,#542);
#545=DIRECTION('',(0.E0,0.E0,1.E0));
#546=VECTOR('',#545,2.54E1);
#547=CARTESIAN_POINT('',(-1.371E2,5.E-1,-2.079E2));
#548=LINE('',#547,#546);
#549=DIRECTION('',(1.E0,0.E0,0.E0));
#550=VECTOR('',#549,2.54E1);
#551=CARTESIAN_POINT('',(-1.625E2,5.E-1,-2.079E2));
#552=LINE('',#551,#550);
#553=DIRECTION('',(0.E0,0.E0,-1.E0));
#554=VECTOR('',#553,2.54E1);
#555=CARTESIAN_POINT('',(-1.175E2,5.E-1,-1.825E2));
#556=LINE('',#555,#554);
#557=DIRECTION('',(-1.E0,0.E0,0.E0));
#558=VECTOR('',#557,2.54E1);
#559=CARTESIAN_POINT('',(-9.21E1,5.E-1,-1.825E2));
#560=LINE('',#559,#558);
#561=DIRECTION('',(0.E0,0.E0,1.E0));
#562=VECTOR('',#561,2.54E1);
#563=CARTESIAN_POINT('',(-9.21E1,5.E-1,-2.079E2));
#564=LINE('',#563,#562);
#565=DIRECTION('',(1.E0,0.E0,0.E0));
#566=VECTOR('',#565,2.54E1);
#567=CARTESIAN_POINT('',(-1.175E2,5.E-1,-2.079E2));
#568=LINE('',#567,#566);
#569=DIRECTION('',(0.E0,0.E0,-1.E0));
#570=VECTOR('',#569,2.54E1);
#571=CARTESIAN_POINT('',(-7.25E1,5.E-1,-1.825E2));
#572=LINE('',#571,#570);
#573=DIRECTION('',(-1.E0,0.E0,0.E0));
#574=VECTOR('',#573,2.54E1);
#575=CARTESIAN_POINT('',(-4.71E1,5.E-1,-1.825E2));
#576=LINE('',#575,#574);
#577=DIRECTION('',(0.E0,0.E0,1.E0));
#578=VECTOR('',#577,2.54E1);
#579=CARTESIAN_POINT('',(-4.71E1,5.E-1,-2.079E2));
#580=LINE('',#579,#578);
#581=DIRECTION('',(1.E0,0.E0,0.E0));
#582=VECTOR('',#581,2.54E1);
#583=CARTESIAN_POINT('',(-7.25E1,5.E-1,-2.079E2));
#584=LINE('',#583,#582);
#585=DIRECTION('',(1.E0,0.E0,0.E0));
#586=VECTOR('',#585,2.5E2);
#587=CARTESIAN_POINT('',(-2.525E2,5.E-1,-2.525E2));
#588=LINE('',#587,#586);
#589=DIRECTION('',(0.E0,1.E0,0.E0));
#590=VECTOR('',#589,1.95E1);
#591=CARTESIAN_POINT('',(-2.525E2,5.E-1,-2.525E2));
#592=LINE('',#591,#590);
#593=DIRECTION('',(0.E0,0.E0,1.E0));
#594=VECTOR('',#593,2.5E2);
#595=CARTESIAN_POINT('',(-2.5E0,5.E-1,-2.525E2));
#596=LINE('',#595,#594);
#597=DIRECTION('',(0.E0,1.E0,0.E0));
#598=VECTOR('',#597,1.95E1);
#599=CARTESIAN_POINT('',(-2.5E0,5.E-1,-2.525E2));
#600=LINE('',#599,#598);
#601=DIRECTION('',(-1.E0,0.E0,0.E0));
#602=VECTOR('',#601,2.5E2);
#603=CARTESIAN_POINT('',(-2.5E0,5.E-1,-2.5E0));
#604=LINE('',#603,#602);
#605=DIRECTION('',(0.E0,1.E0,0.E0));
#606=VECTOR('',#605,1.95E1);
#607=CARTESIAN_POINT('',(-2.5E0,5.E-1,-2.5E0));
#608=LINE('',#607,#606);
#609=DIRECTION('',(0.E0,1.E0,0.E0));
#610=VECTOR('',#609,5.E-1);
#611=CARTESIAN_POINT('',(-2.075E2,0.E0,-4.75E1));
#612=LINE('',#611,#610);
#613=DIRECTION('',(0.E0,1.E0,0.E0));
#614=VECTOR('',#613,5.E-1);
#615=CARTESIAN_POINT('',(-1.821E2,0.E0,-4.75E1));
#616=LINE('',#615,#614);
#617=DIRECTION('',(0.E0,1.E0,0.E0));
#618=VECTOR('',#617,5.E-1);
#619=CARTESIAN_POINT('',(-1.821E2,0.E0,-7.29E1));
#620=LINE('',#619,#618);
#621=DIRECTION('',(0.E0,1.E0,0.E0));
#622=VECTOR('',#621,5.E-1);
#623=CARTESIAN_POINT('',(-2.075E2,0.E0,-7.29E1));
#624=LINE('',#623,#622);
#625=DIRECTION('',(0.E0,1.E0,0.E0));
#626=VECTOR('',#625,5.E-1);
#627=CARTESIAN_POINT('',(-1.625E2,0.E0,-4.75E1));
#628=LINE('',#627,#626);
#629=DIRECTION('',(0.E0,1.E0,0.E0));
#630=VECTOR('',#629,5.E-1);
#631=CARTESIAN_POINT('',(-1.371E2,0.E0,-4.75E1));
#632=LINE('',#631,#630);
#633=DIRECTION('',(0.E0,1.E0,0.E0));
#634=VECTOR('',#633,5.E-1);
#635=CARTESIAN_POINT('',(-1.371E2,0.E0,-7.29E1));
#636=LINE('',#635,#634);
#637=DIRECTION('',(0.E0,1.E0,0.E0));
#638=VECTOR('',#637,5.E-1);
#639=CARTESIAN_POINT('',(-1.625E2,0.E0,-7.29E1));
#640=LINE('',#639,#638);
#641=DIRECTION('',(0.E0,1.E0,0.E0));
#642=VECTOR('',#641,5.E-1);
#643=CARTESIAN_POINT('',(-1.175E2,0.E0,-4.75E1));
#644=LINE('',#643,#642);
#645=DIRECTION('',(0.E0,1.E0,0.E0));
#646=VECTOR('',#645,5.E-1);
#647=CARTESIAN_POINT('',(-9.21E1,0.E0,-4.75E1));
#648=LINE('',#647,#646);
#649=DIRECTION('',(0.E0,1.E0,0.E0));
#650=VECTOR('',#649,5.E-1);
#651=CARTESIAN_POINT('',(-9.21E1,0.E0,-7.29E1));
#652=LINE('',#651,#650);
#653=DIRECTION('',(0.E0,1.E0,0.E0));
#654=VECTOR('',#653,5.E-1);
#655=CARTESIAN_POINT('',(-1.175E2,0.E0,-7.29E1));
#656=LINE('',#655,#654);
#657=DIRECTION('',(0.E0,1.E0,0.E0));
#658=VECTOR('',#657,5.E-1);
#659=CARTESIAN_POINT('',(-7.25E1,0.E0,-4.75E1));
#660=LINE('',#659,#658);
#661=DIRECTION('',(0.E0,1.E0,0.E0));
#662=VECTOR('',#661,5.E-1);
#663=CARTESIAN_POINT('',(-4.71E1,0.E0,-4.75E1));
#664=LINE('',#663,#662);
#665=DIRECTION('',(0.E0,1.E0,0.E0));
#666=VECTOR('',#665,5.E-1);
#667=CARTESIAN_POINT('',(-4.71E1,0.E0,-7.29E1));
#668=LINE('',#667,#666);
#669=DIRECTION('',(0.E0,1.E0,0.E0));
#670=VECTOR('',#669,5.E-1);
#671=CARTESIAN_POINT('',(-7.25E1,0.E0,-7.29E1));
#672=LINE('',#671,#670);
#673=DIRECTION('',(0.E0,1.E0,0.E0));
#674=VECTOR('',#673,5.E-1);
#675=CARTESIAN_POINT('',(-2.075E2,0.E0,-9.25E1));
#676=LINE('',#675,#674);
#677=DIRECTION('',(0.E0,1.E0,0.E0));
#678=VECTOR('',#677,5.E-1);
#679=CARTESIAN_POINT('',(-1.821E2,0.E0,-9.25E1));
#680=LINE('',#679,#678);
#681=DIRECTION('',(0.E0,1.E0,0.E0));
#682=VECTOR('',#681,5.E-1);
#683=CARTESIAN_POINT('',(-1.821E2,0.E0,-1.179E2));
#684=LINE('',#683,#682);
#685=DIRECTION('',(0.E0,1.E0,0.E0));
#686=VECTOR('',#685,5.E-1);
#687=CARTESIAN_POINT('',(-2.075E2,0.E0,-1.179E2));
#688=LINE('',#687,#686);
#689=DIRECTION('',(0.E0,1.E0,0.E0));
#690=VECTOR('',#689,5.E-1);
#691=CARTESIAN_POINT('',(-1.625E2,0.E0,-9.25E1));
#692=LINE('',#691,#690);
#693=DIRECTION('',(0.E0,1.E0,0.E0));
#694=VECTOR('',#693,5.E-1);
#695=CARTESIAN_POINT('',(-1.371E2,0.E0,-9.25E1));
#696=LINE('',#695,#694);
#697=DIRECTION('',(0.E0,1.E0,0.E0));
#698=VECTOR('',#697,5.E-1);
#699=CARTESIAN_POINT('',(-1.371E2,0.E0,-1.179E2));
#700=LINE('',#699,#698);
#701=DIRECTION('',(0.E0,1.E0,0.E0));
#702=VECTOR('',#701,5.E-1);
#703=CARTESIAN_POINT('',(-1.625E2,0.E0,-1.179E2));
#704=LINE('',#703,#702);
#705=DIRECTION('',(0.E0,1.E0,0.E0));
#706=VECTOR('',#705,5.E-1);
#707=CARTESIAN_POINT('',(-1.175E2,0.E0,-9.25E1));
#708=LINE('',#707,#706);
#709=DIRECTION('',(0.E0,1.E0,0.E0));
#710=VECTOR('',#709,5.E-1);
#711=CARTESIAN_POINT('',(-9.21E1,0.E0,-9.25E1));
#712=LINE('',#711,#710);
#713=DIRECTION('',(0.E0,1.E0,0.E0));
#714=VECTOR('',#713,5.E-1);
#715=CARTESIAN_POINT('',(-9.21E1,0.E0,-1.179E2));
#716=LINE('',#715,#714);
#717=DIRECTION('',(0.E0,1.E0,0.E0));
#718=VECTOR('',#717,5.E-1);
#719=CARTESIAN_POINT('',(-1.175E2,0.E0,-1.179E2));
#720=LINE('',#719,#718);
#721=DIRECTION('',(0.E0,1.E0,0.E0));
#722=VECTOR('',#721,5.E-1);
#723=CARTESIAN_POINT('',(-7.25E1,0.E0,-9.25E1));
#724=LINE('',#723,#722);
#725=DIRECTION('',(0.E0,1.E0,0.E0));
#726=VECTOR('',#725,5.E-1);
#727=CARTESIAN_POINT('',(-4.71E1,0.E0,-9.25E1));
#728=LINE('',#727,#726);
#729=DIRECTION('',(0.E0,1.E0,0.E0));
#730=VECTOR('',#729,5.E-1);
#731=CARTESIAN_POINT('',(-4.71E1,0.E0,-1.179E2));
#732=LINE('',#731,#730);
#733=DIRECTION('',(0.E0,1.E0,0.E0));
#734=VECTOR('',#733,5.E-1);
#735=CARTESIAN_POINT('',(-7.25E1,0.E0,-1.179E2));
#736=LINE('',#735,#734);
#737=DIRECTION('',(0.E0,1.E0,0.E0));
#738=VECTOR('',#737,5.E-1);
#739=CARTESIAN_POINT('',(-2.075E2,0.E0,-1.375E2));
#740=LINE('',#739,#738);
#741=DIRECTION('',(0.E0,1.E0,0.E0));
#742=VECTOR('',#741,5.E-1);
#743=CARTESIAN_POINT('',(-1.821E2,0.E0,-1.375E2));
#744=LINE('',#743,#742);
#745=DIRECTION('',(0.E0,1.E0,0.E0));
#746=VECTOR('',#745,5.E-1);
#747=CARTESIAN_POINT('',(-1.821E2,0.E0,-1.629E2));
#748=LINE('',#747,#746);
#749=DIRECTION('',(0.E0,1.E0,0.E0));
#750=VECTOR('',#749,5.E-1);
#751=CARTESIAN_POINT('',(-2.075E2,0.E0,-1.629E2));
#752=LINE('',#751,#750);
#753=DIRECTION('',(0.E0,1.E0,0.E0));
#754=VECTOR('',#753,5.E-1);
#755=CARTESIAN_POINT('',(-1.625E2,0.E0,-1.375E2));
#756=LINE('',#755,#754);
#757=DIRECTION('',(0.E0,1.E0,0.E0));
#758=VECTOR('',#757,5.E-1);
#759=CARTESIAN_POINT('',(-1.371E2,0.E0,-1.375E2));
#760=LINE('',#759,#758);
#761=DIRECTION('',(0.E0,1.E0,0.E0));
#762=VECTOR('',#761,5.E-1);
#763=CARTESIAN_POINT('',(-1.371E2,0.E0,-1.629E2));
#764=LINE('',#763,#762);
#765=DIRECTION('',(0.E0,1.E0,0.E0));
#766=VECTOR('',#765,5.E-1);
#767=CARTESIAN_POINT('',(-1.625E2,0.E0,-1.629E2));
#768=LINE('',#767,#766);
#769=DIRECTION('',(0.E0,1.E0,0.E0));
#770=VECTOR('',#769,5.E-1);
#771=CARTESIAN_POINT('',(-1.175E2,0.E0,-1.375E2));
#772=LINE('',#771,#770);
#773=DIRECTION('',(0.E0,1.E0,0.E0));
#774=VECTOR('',#773,5.E-1);
#775=CARTESIAN_POINT('',(-9.21E1,0.E0,-1.375E2));
#776=LINE('',#775,#774);
#777=DIRECTION('',(0.E0,1.E0,0.E0));
#778=VECTOR('',#777,5.E-1);
#779=CARTESIAN_POINT('',(-9.21E1,0.E0,-1.629E2));
#780=LINE('',#779,#778);
#781=DIRECTION('',(0.E0,1.E0,0.E0));
#782=VECTOR('',#781,5.E-1);
#783=CARTESIAN_POINT('',(-1.175E2,0.E0,-1.629E2));
#784=LINE('',#783,#782);
#785=DIRECTION('',(0.E0,1.E0,0.E0));
#786=VECTOR('',#785,5.E-1);
#787=CARTESIAN_POINT('',(-7.25E1,0.E0,-1.375E2));
#788=LINE('',#787,#786);
#789=DIRECTION('',(0.E0,1.E0,0.E0));
#790=VECTOR('',#789,5.E-1);
#791=CARTESIAN_POINT('',(-4.71E1,0.E0,-1.375E2));
#792=LINE('',#791,#790);
#793=DIRECTION('',(0.E0,1.E0,0.E0));
#794=VECTOR('',#793,5.E-1);
#795=CARTESIAN_POINT('',(-4.71E1,0.E0,-1.629E2));
#796=LINE('',#795,#794);
#797=DIRECTION('',(0.E0,1.E0,0.E0));
#798=VECTOR('',#797,5.E-1);
#799=CARTESIAN_POINT('',(-7.25E1,0.E0,-1.629E2));
#800=LINE('',#799,#798);
#801=DIRECTION('',(0.E0,1.E0,0.E0));
#802=VECTOR('',#801,5.E-1);
#803=CARTESIAN_POINT('',(-2.075E2,0.E0,-1.825E2));
#804=LINE('',#803,#802);
#805=DIRECTION('',(0.E0,1.E0,0.E0));
#806=VECTOR('',#805,5.E-1);
#807=CARTESIAN_POINT('',(-1.821E2,0.E0,-1.825E2));
#808=LINE('',#807,#806);
#809=DIRECTION('',(0.E0,1.E0,0.E0));
#810=VECTOR('',#809,5.E-1);
#811=CARTESIAN_POINT('',(-1.821E2,0.E0,-2.079E2));
#812=LINE('',#811,#810);
#813=DIRECTION('',(0.E0,1.E0,0.E0));
#814=VECTOR('',#813,5.E-1);
#815=CARTESIAN_POINT('',(-2.075E2,0.E0,-2.079E2));
#816=LINE('',#815,#814);
#817=DIRECTION('',(0.E0,1.E0,0.E0));
#818=VECTOR('',#817,5.E-1);
#819=CARTESIAN_POINT('',(-1.625E2,0.E0,-1.825E2));
#820=LINE('',#819,#818);
#821=DIRECTION('',(0.E0,1.E0,0.E0));
#822=VECTOR('',#821,5.E-1);
#823=CARTESIAN_POINT('',(-1.371E2,0.E0,-1.825E2));
#824=LINE('',#823,#822);
#825=DIRECTION('',(0.E0,1.E0,0.E0));
#826=VECTOR('',#825,5.E-1);
#827=CARTESIAN_POINT('',(-1.371E2,0.E0,-2.079E2));
#828=LINE('',#827,#826);
#829=DIRECTION('',(0.E0,1.E0,0.E0));
#830=VECTOR('',#829,5.E-1);
#831=CARTESIAN_POINT('',(-1.625E2,0.E0,-2.079E2));
#832=LINE('',#831,#830);
#833=DIRECTION('',(0.E0,1.E0,0.E0));
#834=VECTOR('',#833,5.E-1);
#835=CARTESIAN_POINT('',(-1.175E2,0.E0,-1.825E2));
#836=LINE('',#835,#834);
#837=DIRECTION('',(0.E0,1.E0,0.E0));
#838=VECTOR('',#837,5.E-1);
#839=CARTESIAN_POINT('',(-9.21E1,0.E0,-1.825E2));
#840=LINE('',#839,#838);
#841=DIRECTION('',(0.E0,1.E0,0.E0));
#842=VECTOR('',#841,5.E-1);
#843=CARTESIAN_POINT('',(-9.21E1,0.E0,-2.079E2));
#844=LINE('',#843,#842);
#845=DIRECTION('',(0.E0,1.E0,0.E0));
#846=VECTOR('',#845,5.E-1);
#847=CARTESIAN_POINT('',(-1.175E2,0.E0,-2.079E2));
#848=LINE('',#847,#846);
#849=DIRECTION('',(0.E0,1.E0,0.E0));
#850=VECTOR('',#849,5.E-1);
#851=CARTESIAN_POINT('',(-7.25E1,0.E0,-1.825E2));
#852=LINE('',#851,#850);
#853=DIRECTION('',(0.E0,1.E0,0.E0));
#854=VECTOR('',#853,5.E-1);
#855=CARTESIAN_POINT('',(-4.71E1,0.E0,-1.825E2));
#856=LINE('',#855,#854);
#857=DIRECTION('',(0.E0,1.E0,0.E0));
#858=VECTOR('',#857,5.E-1);
#859=CARTESIAN_POINT('',(-4.71E1,0.E0,-2.079E2));
#860=LINE('',#859,#858);
#861=DIRECTION('',(0.E0,1.E0,0.E0));
#862=VECTOR('',#861,5.E-1);
#863=CARTESIAN_POINT('',(-7.25E1,0.E0,-2.079E2));
#864=LINE('',#863,#862);
#865=CARTESIAN_POINT('',(0.E0,0.E0,0.E0));
#866=CARTESIAN_POINT('',(0.E0,0.E0,-2.55E2));
#867=VERTEX_POINT('',#865);
#868=VERTEX_POINT('',#866);
#869=CARTESIAN_POINT('',(-2.55E2,0.E0,-2.55E2));
#870=VERTEX_POINT('',#869);
#871=CARTESIAN_POINT('',(-2.55E2,0.E0,0.E0));
#872=VERTEX_POINT('',#871);
#873=CARTESIAN_POINT('',(0.E0,2.E1,0.E0));
#874=CARTESIAN_POINT('',(0.E0,2.E1,-2.55E2));
#875=VERTEX_POINT('',#873);
#876=VERTEX_POINT('',#874);
#877=CARTESIAN_POINT('',(-2.55E2,2.E1,-2.55E2));
#878=VERTEX_POINT('',#877);
#879=CARTESIAN_POINT('',(-2.55E2,2.E1,0.E0));
#880=VERTEX_POINT('',#879);
#881=CARTESIAN_POINT('',(-2.525E2,2.E1,-2.5E0));
#882=CARTESIAN_POINT('',(-2.525E2,2.E1,-2.525E2));
#883=VERTEX_POINT('',#881);
#884=VERTEX_POINT('',#882);
#885=CARTESIAN_POINT('',(-2.5E0,2.E1,-2.525E2));
#886=VERTEX_POINT('',#885);
#887=CARTESIAN_POINT('',(-2.5E0,2.E1,-2.5E0));
#888=VERTEX_POINT('',#887);
#889=CARTESIAN_POINT('',(-2.525E2,5.E-1,-2.5E0));
#890=CARTESIAN_POINT('',(-2.525E2,5.E-1,-2.525E2));
#891=VERTEX_POINT('',#889);
#892=VERTEX_POINT('',#890);
#893=CARTESIAN_POINT('',(-2.5E0,5.E-1,-2.525E2));
#894=VERTEX_POINT('',#893);
#895=CARTESIAN_POINT('',(-2.5E0,5.E-1,-2.5E0));
#896=VERTEX_POINT('',#895);
#897=CARTESIAN_POINT('',(-2.075E2,0.E0,-4.75E1));
#898=CARTESIAN_POINT('',(-2.075E2,0.E0,-7.29E1));
#899=VERTEX_POINT('',#897);
#900=VERTEX_POINT('',#898);
#901=CARTESIAN_POINT('',(-1.821E2,0.E0,-7.29E1));
#902=VERTEX_POINT('',#901);
#903=CARTESIAN_POINT('',(-1.821E2,0.E0,-4.75E1));
#904=VERTEX_POINT('',#903);
#905=CARTESIAN_POINT('',(-2.075E2,5.E-1,-4.75E1));
#906=CARTESIAN_POINT('',(-2.075E2,5.E-1,-7.29E1));
#907=VERTEX_POINT('',#905);
#908=VERTEX_POINT('',#906);
#909=CARTESIAN_POINT('',(-1.821E2,5.E-1,-7.29E1));
#910=VERTEX_POINT('',#909);
#911=CARTESIAN_POINT('',(-1.821E2,5.E-1,-4.75E1));
#912=VERTEX_POINT('',#911);
#913=CARTESIAN_POINT('',(-1.625E2,0.E0,-4.75E1));
#914=CARTESIAN_POINT('',(-1.625E2,0.E0,-7.29E1));
#915=VERTEX_POINT('',#913);
#916=VERTEX_POINT('',#914);
#917=CARTESIAN_POINT('',(-1.371E2,0.E0,-7.29E1));
#918=VERTEX_POINT('',#917);
#919=CARTESIAN_POINT('',(-1.371E2,0.E0,-4.75E1));
#920=VERTEX_POINT('',#919);
#921=CARTESIAN_POINT('',(-1.625E2,5.E-1,-4.75E1));
#922=CARTESIAN_POINT('',(-1.625E2,5.E-1,-7.29E1));
#923=VERTEX_POINT('',#921);
#924=VERTEX_POINT('',#922);
#925=CARTESIAN_POINT('',(-1.371E2,5.E-1,-7.29E1));
#926=VERTEX_POINT('',#925);
#927=CARTESIAN_POINT('',(-1.371E2,5.E-1,-4.75E1));
#928=VERTEX_POINT('',#927);
#929=CARTESIAN_POINT('',(-1.175E2,0.E0,-4.75E1));
#930=CARTESIAN_POINT('',(-1.175E2,0.E0,-7.29E1));
#931=VERTEX_POINT('',#929);
#932=VERTEX_POINT('',#930);
#933=CARTESIAN_POINT('',(-9.21E1,0.E0,-7.29E1));
#934=VERTEX_POINT('',#933);
#935=CARTESIAN_POINT('',(-9.21E1,0.E0,-4.75E1));
#936=VERTEX_POINT('',#935);
#937=CARTESIAN_POINT('',(-1.175E2,5.E-1,-4.75E1));
#938=CARTESIAN_POINT('',(-1.175E2,5.E-1,-7.29E1));
#939=VERTEX_POINT('',#937);
#940=VERTEX_POINT('',#938);
#941=CARTESIAN_POINT('',(-9.21E1,5.E-1,-7.29E1));
#942=VERTEX_POINT('',#941);
#943=CARTESIAN_POINT('',(-9.21E1,5.E-1,-4.75E1));
#944=VERTEX_POINT('',#943);
#945=CARTESIAN_POINT('',(-7.25E1,0.E0,-4.75E1));
#946=CARTESIAN_POINT('',(-7.25E1,0.E0,-7.29E1));
#947=VERTEX_POINT('',#945);
#948=VERTEX_POINT('',#946);
#949=CARTESIAN_POINT('',(-4.71E1,0.E0,-7.29E1));
#950=VERTEX_POINT('',#949);
#951=CARTESIAN_POINT('',(-4.71E1,0.E0,-4.75E1));
#952=VERTEX_POINT('',#951);
#953=CARTESIAN_POINT('',(-7.25E1,5.E-1,-4.75E1));
#954=CARTESIAN_POINT('',(-7.25E1,5.E-1,-7.29E1));
#955=VERTEX_POINT('',#953);
#956=VERTEX_POINT('',#954);
#957=CARTESIAN_POINT('',(-4.71E1,5.E-1,-7.29E1));
#958=VERTEX_POINT('',#957);
#959=CARTESIAN_POINT('',(-4.71E1,5.E-1,-4.75E1));
#960=VERTEX_POINT('',#959);
#961=CARTESIAN_POINT('',(-2.075E2,0.E0,-9.25E1));
#962=CARTESIAN_POINT('',(-2.075E2,0.E0,-1.179E2));
#963=VERTEX_POINT('',#961);
#964=VERTEX_POINT('',#962);
#965=CARTESIAN_POINT('',(-1.821E2,0.E0,-1.179E2));
#966=VERTEX_POINT('',#965);
#967=CARTESIAN_POINT('',(-1.821E2,0.E0,-9.25E1));
#968=VERTEX_POINT('',#967);
#969=CARTESIAN_POINT('',(-2.075E2,5.E-1,-9.25E1));
#970=CARTESIAN_POINT('',(-2.075E2,5.E-1,-1.179E2));
#971=VERTEX_POINT('',#969);
#972=VERTEX_POINT('',#970);
#973=CARTESIAN_POINT('',(-1.821E2,5.E-1,-1.179E2));
#974=VERTEX_POINT('',#973);
#975=CARTESIAN_POINT('',(-1.821E2,5.E-1,-9.25E1));
#976=VERTEX_POINT('',#975);
#977=CARTESIAN_POINT('',(-1.625E2,0.E0,-9.25E1));
#978=CARTESIAN_POINT('',(-1.625E2,0.E0,-1.179E2));
#979=VERTEX_POINT('',#977);
#980=VERTEX_POINT('',#978);
#981=CARTESIAN_POINT('',(-1.371E2,0.E0,-1.179E2));
#982=VERTEX_POINT('',#981);
#983=CARTESIAN_POINT('',(-1.371E2,0.E0,-9.25E1));
#984=VERTEX_POINT('',#983);
#985=CARTESIAN_POINT('',(-1.625E2,5.E-1,-9.25E1));
#986=CARTESIAN_POINT('',(-1.625E2,5.E-1,-1.179E2));
#987=VERTEX_POINT('',#985);
#988=VERTEX_POINT('',#986);
#989=CARTESIAN_POINT('',(-1.371E2,5.E-1,-1.179E2));
#990=VERTEX_POINT('',#989);
#991=CARTESIAN_POINT('',(-1.371E2,5.E-1,-9.25E1));
#992=VERTEX_POINT('',#991);
#993=CARTESIAN_POINT('',(-1.175E2,0.E0,-9.25E1));
#994=CARTESIAN_POINT('',(-1.175E2,0.E0,-1.179E2));
#995=VERTEX_POINT('',#993);
#996=VERTEX_POINT('',#994);
#997=CARTESIAN_POINT('',(-9.21E1,0.E0,-1.179E2));
#998=VERTEX_POINT('',#997);
#999=CARTESIAN_POINT('',(-9.21E1,0.E0,-9.25E1));
#1000=VERTEX_POINT('',#999);
#1001=CARTESIAN_POINT('',(-1.175E2,5.E-1,-9.25E1));
#1002=CARTESIAN_POINT('',(-1.175E2,5.E-1,-1.179E2));
#1003=VERTEX_POINT('',#1001);
#1004=VERTEX_POINT('',#1002);
#1005=CARTESIAN_POINT('',(-9.21E1,5.E-1,-1.179E2));
#1006=VERTEX_POINT('',#1005);
#1007=CARTESIAN_POINT('',(-9.21E1,5.E-1,-9.25E1));
#1008=VERTEX_POINT('',#1007);
#1009=CARTESIAN_POINT('',(-7.25E1,0.E0,-9.25E1));
#1010=CARTESIAN_POINT('',(-7.25E1,0.E0,-1.179E2));
#1011=VERTEX_POINT('',#1009);
#1012=VERTEX_POINT('',#1010);
#1013=CARTESIAN_POINT('',(-4.71E1,0.E0,-1.179E2));
#1014=VERTEX_POINT('',#1013);
#1015=CARTESIAN_POINT('',(-4.71E1,0.E0,-9.25E1));
#1016=VERTEX_POINT('',#1015);
#1017=CARTESIAN_POINT('',(-7.25E1,5.E-1,-9.25E1));
#1018=CARTESIAN_POINT('',(-7.25E1,5.E-1,-1.179E2));
#1019=VERTEX_POINT('',#1017);
#1020=VERTEX_POINT('',#1018);
#1021=CARTESIAN_POINT('',(-4.71E1,5.E-1,-1.179E2));
#1022=VERTEX_POINT('',#1021);
#1023=CARTESIAN_POINT('',(-4.71E1,5.E-1,-9.25E1));
#1024=VERTEX_POINT('',#1023);
#1025=CARTESIAN_POINT('',(-2.075E2,0.E0,-1.375E2));
#1026=CARTESIAN_POINT('',(-2.075E2,0.E0,-1.629E2));
#1027=VERTEX_POINT('',#1025);
#1028=VERTEX_POINT('',#1026);
#1029=CARTESIAN_POINT('',(-1.821E2,0.E0,-1.629E2));
#1030=VERTEX_POINT('',#1029);
#1031=CARTESIAN_POINT('',(-1.821E2,0.E0,-1.375E2));
#1032=VERTEX_POINT('',#1031);
#1033=CARTESIAN_POINT('',(-2.075E2,5.E-1,-1.375E2));
#1034=CARTESIAN_POINT('',(-2.075E2,5.E-1,-1.629E2));
#1035=VERTEX_POINT('',#1033);
#1036=VERTEX_POINT('',#1034);
#1037=CARTESIAN_POINT('',(-1.821E2,5.E-1,-1.629E2));
#1038=VERTEX_POINT('',#1037);
#1039=CARTESIAN_POINT('',(-1.821E2,5.E-1,-1.375E2));
#1040=VERTEX_POINT('',#1039);
#1041=CARTESIAN_POINT('',(-1.625E2,0.E0,-1.375E2));
#1042=CARTESIAN_POINT('',(-1.625E2,0.E0,-1.629E2));
#1043=VERTEX_POINT('',#1041);
#1044=VERTEX_POINT('',#1042);
#1045=CARTESIAN_POINT('',(-1.371E2,0.E0,-1.629E2));
#1046=VERTEX_POINT('',#1045);
#1047=CARTESIAN_POINT('',(-1.371E2,0.E0,-1.375E2));
#1048=VERTEX_POINT('',#1047);
#1049=CARTESIAN_POINT('',(-1.625E2,5.E-1,-1.375E2));
#1050=CARTESIAN_POINT('',(-1.625E2,5.E-1,-1.629E2));
#1051=VERTEX_POINT('',#1049);
#1052=VERTEX_POINT('',#1050);
#1053=CARTESIAN_POINT('',(-1.371E2,5.E-1,-1.629E2));
#1054=VERTEX_POINT('',#1053);
#1055=CARTESIAN_POINT('',(-1.371E2,5.E-1,-1.375E2));
#1056=VERTEX_POINT('',#1055);
#1057=CARTESIAN_POINT('',(-1.175E2,0.E0,-1.375E2));
#1058=CARTESIAN_POINT('',(-1.175E2,0.E0,-1.629E2));
#1059=VERTEX_POINT('',#1057);
#1060=VERTEX_POINT('',#1058);
#1061=CARTESIAN_POINT('',(-9.21E1,0.E0,-1.629E2));
#1062=VERTEX_POINT('',#1061);
#1063=CARTESIAN_POINT('',(-9.21E1,0.E0,-1.375E2));
#1064=VERTEX_POINT('',#1063);
#1065=CARTESIAN_POINT('',(-1.175E2,5.E-1,-1.375E2));
#1066=CARTESIAN_POINT('',(-1.175E2,5.E-1,-1.629E2));
#1067=VERTEX_POINT('',#1065);
#1068=VERTEX_POINT('',#1066);
#1069=CARTESIAN_POINT('',(-9.21E1,5.E-1,-1.629E2));
#1070=VERTEX_POINT('',#1069);
#1071=CARTESIAN_POINT('',(-9.21E1,5.E-1,-1.375E2));
#1072=VERTEX_POINT('',#1071);
#1073=CARTESIAN_POINT('',(-7.25E1,0.E0,-1.375E2));
#1074=CARTESIAN_POINT('',(-7.25E1,0.E0,-1.629E2));
#1075=VERTEX_POINT('',#1073);
#1076=VERTEX_POINT('',#1074);
#1077=CARTESIAN_POINT('',(-4.71E1,0.E0,-1.629E2));
#1078=VERTEX_POINT('',#1077);
#1079=CARTESIAN_POINT('',(-4.71E1,0.E0,-1.375E2));
#1080=VERTEX_POINT('',#1079);
#1081=CARTESIAN_POINT('',(-7.25E1,5.E-1,-1.375E2));
#1082=CARTESIAN_POINT('',(-7.25E1,5.E-1,-1.629E2));
#1083=VERTEX_POINT('',#1081);
#1084=VERTEX_POINT('',#1082);
#1085=CARTESIAN_POINT('',(-4.71E1,5.E-1,-1.629E2));
#1086=VERTEX_POINT('',#1085);
#1087=CARTESIAN_POINT('',(-4.71E1,5.E-1,-1.375E2));
#1088=VERTEX_POINT('',#1087);
#1089=CARTESIAN_POINT('',(-2.075E2,0.E0,-1.825E2));
#1090=CARTESIAN_POINT('',(-2.075E2,0.E0,-2.079E2));
#1091=VERTEX_POINT('',#1089);
#1092=VERTEX_POINT('',#1090);
#1093=CARTESIAN_POINT('',(-1.821E2,0.E0,-2.079E2));
#1094=VERTEX_POINT('',#1093);
#1095=CARTESIAN_POINT('',(-1.821E2,0.E0,-1.825E2));
#1096=VERTEX_POINT('',#1095);
#1097=CARTESIAN_POINT('',(-2.075E2,5.E-1,-1.825E2));
#1098=CARTESIAN_POINT('',(-2.075E2,5.E-1,-2.079E2));
#1099=VERTEX_POINT('',#1097);
#1100=VERTEX_POINT('',#1098);
#1101=CARTESIAN_POINT('',(-1.821E2,5.E-1,-2.079E2));
#1102=VERTEX_POINT('',#1101);
#1103=CARTESIAN_POINT('',(-1.821E2,5.E-1,-1.825E2));
#1104=VERTEX_POINT('',#1103);
#1105=CARTESIAN_POINT('',(-1.625E2,0.E0,-1.825E2));
#1106=CARTESIAN_POINT('',(-1.625E2,0.E0,-2.079E2));
#1107=VERTEX_POINT('',#1105);
#1108=VERTEX_POINT('',#1106);
#1109=CARTESIAN_POINT('',(-1.371E2,0.E0,-2.079E2));
#1110=VERTEX_POINT('',#1109);
#1111=CARTESIAN_POINT('',(-1.371E2,0.E0,-1.825E2));
#1112=VERTEX_POINT('',#1111);
#1113=CARTESIAN_POINT('',(-1.625E2,5.E-1,-1.825E2));
#1114=CARTESIAN_POINT('',(-1.625E2,5.E-1,-2.079E2));
#1115=VERTEX_POINT('',#1113);
#1116=VERTEX_POINT('',#1114);
#1117=CARTESIAN_POINT('',(-1.371E2,5.E-1,-2.079E2));
#1118=VERTEX_POINT('',#1117);
#1119=CARTESIAN_POINT('',(-1.371E2,5.E-1,-1.825E2));
#1120=VERTEX_POINT('',#1119);
#1121=CARTESIAN_POINT('',(-1.175E2,0.E0,-1.825E2));
#1122=CARTESIAN_POINT('',(-1.175E2,0.E0,-2.079E2));
#1123=VERTEX_POINT('',#1121);
#1124=VERTEX_POINT('',#1122);
#1125=CARTESIAN_POINT('',(-9.21E1,0.E0,-2.079E2));
#1126=VERTEX_POINT('',#1125);
#1127=CARTESIAN_POINT('',(-9.21E1,0.E0,-1.825E2));
#1128=VERTEX_POINT('',#1127);
#1129=CARTESIAN_POINT('',(-1.175E2,5.E-1,-1.825E2));
#1130=CARTESIAN_POINT('',(-1.175E2,5.E-1,-2.079E2));
#1131=VERTEX_POINT('',#1129);
#1132=VERTEX_POINT('',#1130);
#1133=CARTESIAN_POINT('',(-9.21E1,5.E-1,-2.079E2));
#1134=VERTEX_POINT('',#1133);
#1135=CARTESIAN_POINT('',(-9.21E1,5.E-1,-1.825E2));
#1136=VERTEX_POINT('',#1135);
#1137=CARTESIAN_POINT('',(-7.25E1,0.E0,-1.825E2));
#1138=CARTESIAN_POINT('',(-7.25E1,0.E0,-2.079E2));
#1139=VERTEX_POINT('',#1137);
#1140=VERTEX_POINT('',#1138);
#1141=CARTESIAN_POINT('',(-4.71E1,0.E0,-2.079E2));
#1142=VERTEX_POINT('',#1141);
#1143=CARTESIAN_POINT('',(-4.71E1,0.E0,-1.825E2));
#1144=VERTEX_POINT('',#1143);
#1145=CARTESIAN_POINT('',(-7.25E1,5.E-1,-1.825E2));
#1146=CARTESIAN_POINT('',(-7.25E1,5.E-1,-2.079E2));
#1147=VERTEX_POINT('',#1145);
#1148=VERTEX_POINT('',#1146);
#1149=CARTESIAN_POINT('',(-4.71E1,5.E-1,-2.079E2));
#1150=VERTEX_POINT('',#1149);
#1151=CARTESIAN_POINT('',(-4.71E1,5.E-1,-1.825E2));
#1152=VERTEX_POINT('',#1151);
#1153=CARTESIAN_POINT('',(0.E0,0.E0,0.E0));
#1154=DIRECTION('',(0.E0,1.E0,0.E0));
#1155=DIRECTION('',(1.E0,0.E0,0.E0));
#1156=AXIS2_PLACEMENT_3D('',#1153,#1154,#1155);
#1157=PLANE('',#1156);
#1159=ORIENTED_EDGE('',*,*,#1158,.T.);
#1161=ORIENTED_EDGE('',*,*,#1160,.T.);
#1163=ORIENTED_EDGE('',*,*,#1162,.T.);
#1165=ORIENTED_EDGE('',*,*,#1164,.T.);
#1166=EDGE_LOOP('',(#1159,#1161,#1163,#1165));
#1167=FACE_OUTER_BOUND('',#1166,.F.);
#1169=ORIENTED_EDGE('',*,*,#1168,.T.);
#1171=ORIENTED_EDGE('',*,*,#1170,.T.);
#1173=ORIENTED_EDGE('',*,*,#1172,.T.);
#1175=ORIENTED_EDGE('',*,*,#1174,.T.);
#1176=EDGE_LOOP('',(#1169,#1171,#1173,#1175));
#1177=FACE_BOUND('',#1176,.F.);
#1179=ORIENTED_EDGE('',*,*,#1178,.T.);
#1181=ORIENTED_EDGE('',*,*,#1180,.T.);
#1183=ORIENTED_EDGE('',*,*,#1182,.T.);
#1185=ORIENTED_EDGE('',*,*,#1184,.T.);
#1186=EDGE_LOOP('',(#1179,#1181,#1183,#1185));
#1187=FACE_BOUND('',#1186,.F.);
#1189=ORIENTED_EDGE('',*,*,#1188,.T.);
#1191=ORIENTED_EDGE('',*,*,#1190,.T.);
#1193=ORIENTED_EDGE('',*,*,#1192,.T.);
#1195=ORIENTED_EDGE('',*,*,#1194,.T.);
#1196=EDGE_LOOP('',(#1189,#1191,#1193,#1195));
#1197=FACE_BOUND('',#1196,.F.);
#1199=ORIENTED_EDGE('',*,*,#1198,.T.);
#1201=ORIENTED_EDGE('',*,*,#1200,.T.);
#1203=ORIENTED_EDGE('',*,*,#1202,.T.);
#1205=ORIENTED_EDGE('',*,*,#1204,.T.);
#1206=EDGE_LOOP('',(#1199,#1201,#1203,#1205));
#1207=FACE_BOUND('',#1206,.F.);
#1209=ORIENTED_EDGE('',*,*,#1208,.T.);
#1211=ORIENTED_EDGE('',*,*,#1210,.T.);
#1213=ORIENTED_EDGE('',*,*,#1212,.T.);
#1215=ORIENTED_EDGE('',*,*,#1214,.T.);
#1216=EDGE_LOOP('',(#1209,#1211,#1213,#1215));
#1217=FACE_BOUND('',#1216,.F.);
#1219=ORIENTED_EDGE('',*,*,#1218,.T.);
#1221=ORIENTED_EDGE('',*,*,#1220,.T.);
#1223=ORIENTED_EDGE('',*,*,#1222,.T.);
#1225=ORIENTED_EDGE('',*,*,#1224,.T.);
#1226=EDGE_LOOP('',(#1219,#1221,#1223,#1225));
#1227=FACE_BOUND('',#1226,.F.);
#1229=ORIENTED_EDGE('',*,*,#1228,.T.);
#1231=ORIENTED_EDGE('',*,*,#1230,.T.);
#1233=ORIENTED_EDGE('',*,*,#1232,.T.);
#1235=ORIENTED_EDGE('',*,*,#1234,.T.);
#1236=EDGE_LOOP('',(#1229,#1231,#1233,#1235));
#1237=FACE_BOUND('',#1236,.F.);
#1239=ORIENTED_EDGE('',*,*,#1238,.T.);
#1241=ORIENTED_EDGE('',*,*,#1240,.T.);
#1243=ORIENTED_EDGE('',*,*,#1242,.T.);
#1245=ORIENTED_EDGE('',*,*,#1244,.T.);
#1246=EDGE_LOOP('',(#1239,#1241,#1243,#1245));
#1247=FACE_BOUND('',#1246,.F.);
#1249=ORIENTED_EDGE('',*,*,#1248,.T.);
#1251=ORIENTED_EDGE('',*,*,#1250,.T.);
#1253=ORIENTED_EDGE('',*,*,#1252,.T.);
#1255=ORIENTED_EDGE('',*,*,#1254,.T.);
#1256=EDGE_LOOP('',(#1249,#1251,#1253,#1255));
#1257=FACE_BOUND('',#1256,.F.);
#1259=ORIENTED_EDGE('',*,*,#1258,.T.);
#1261=ORIENTED_EDGE('',*,*,#1260,.T.);
#1263=ORIENTED_EDGE('',*,*,#1262,.T.);
#1265=ORIENTED_EDGE('',*,*,#1264,.T.);
#1266=EDGE_LOOP('',(#1259,#1261,#1263,#1265));
#1267=FACE_BOUND('',#1266,.F.);
#1269=ORIENTED_EDGE('',*,*,#1268,.T.);
#1271=ORIENTED_EDGE('',*,*,#1270,.T.);
#1273=ORIENTED_EDGE('',*,*,#1272,.T.);
#1275=ORIENTED_EDGE('',*,*,#1274,.T.);
#1276=EDGE_LOOP('',(#1269,#1271,#1273,#1275));
#1277=FACE_BOUND('',#1276,.F.);
#1279=ORIENTED_EDGE('',*,*,#1278,.T.);
#1281=ORIENTED_EDGE('',*,*,#1280,.T.);
#1283=ORIENTED_EDGE('',*,*,#1282,.T.);
#1285=ORIENTED_EDGE('',*,*,#1284,.T.);
#1286=EDGE_LOOP('',(#1279,#1281,#1283,#1285));
#1287=FACE_BOUND('',#1286,.F.);
#1289=ORIENTED_EDGE('',*,*,#1288,.T.);
#1291=ORIENTED_EDGE('',*,*,#1290,.T.);
#1293=ORIENTED_EDGE('',*,*,#1292,.T.);
#1295=ORIENTED_EDGE('',*,*,#1294,.T.);
#1296=EDGE_LOOP('',(#1289,#1291,#1293,#1295));
#1297=FACE_BOUND('',#1296,.F.);
#1299=ORIENTED_EDGE('',*,*,#1298,.T.);
#1301=ORIENTED_EDGE('',*,*,#1300,.T.);
#1303=ORIENTED_EDGE('',*,*,#1302,.T.);
#1305=ORIENTED_EDGE('',*,*,#1304,.T.);
#1306=EDGE_LOOP('',(#1299,#1301,#1303,#1305));
#1307=FACE_BOUND('',#1306,.F.);
#1309=ORIENTED_EDGE('',*,*,#1308,.T.);
#1311=ORIENTED_EDGE('',*,*,#1310,.T.);
#1313=ORIENTED_EDGE('',*,*,#1312,.T.);
#1315=ORIENTED_EDGE('',*,*,#1314,.T.);
#1316=EDGE_LOOP('',(#1309,#1311,#1313,#1315));
#1317=FACE_BOUND('',#1316,.F.);
#1319=ORIENTED_EDGE('',*,*,#1318,.T.);
#1321=ORIENTED_EDGE('',*,*,#1320,.T.);
#1323=ORIENTED_EDGE('',*,*,#1322,.T.);
#1325=ORIENTED_EDGE('',*,*,#1324,.T.);
#1326=EDGE_LOOP('',(#1319,#1321,#1323,#1325));
#1327=FACE_BOUND('',#1326,.F.);
#1328=ADVANCED_FACE('',(#1167,#1177,#1187,#1197,#1207,#1217,#1227,#1237,#1247,
#1257,#1267,#1277,#1287,#1297,#1307,#1317,#1327),#1157,.F.);
#1329=CARTESIAN_POINT('',(0.E0,0.E0,0.E0));
#1330=DIRECTION('',(1.E0,0.E0,0.E0));
#1331=DIRECTION('',(0.E0,0.E0,-1.E0));
#1332=AXIS2_PLACEMENT_3D('',#1329,#1330,#1331);
#1333=PLANE('',#1332);
#1334=ORIENTED_EDGE('',*,*,#1158,.F.);
#1336=ORIENTED_EDGE('',*,*,#1335,.T.);
#1338=ORIENTED_EDGE('',*,*,#1337,.T.);
#1340=ORIENTED_EDGE('',*,*,#1339,.F.);
#1341=EDGE_LOOP('',(#1334,#1336,#1338,#1340));
#1342=FACE_OUTER_BOUND('',#1341,.F.);
#1343=ADVANCED_FACE('',(#1342),#1333,.T.);
#1344=CARTESIAN_POINT('',(-2.55E2,0.E0,0.E0));
#1345=DIRECTION('',(0.E0,0.E0,1.E0));
#1346=DIRECTION('',(1.E0,0.E0,0.E0));
#1347=AXIS2_PLACEMENT_3D('',#1344,#1345,#1346);
#1348=PLANE('',#1347);
#1349=ORIENTED_EDGE('',*,*,#1164,.F.);
#1351=ORIENTED_EDGE('',*,*,#1350,.T.);
#1353=ORIENTED_EDGE('',*,*,#1352,.T.);
#1354=ORIENTED_EDGE('',*,*,#1335,.F.);
#1355=EDGE_LOOP('',(#1349,#1351,#1353,#1354));
#1356=FACE_OUTER_BOUND('',#1355,.F.);
#1357=ADVANCED_FACE('',(#1356),#1348,.T.);
#1358=CARTESIAN_POINT('',(-2.55E2,0.E0,-2.55E2));
#1359=DIRECTION('',(-1.E0,0.E0,0.E0));
#1360=DIRECTION('',(0.E0,0.E0,1.E0));
#1361=AXIS2_PLACEMENT_3D('',#1358,#1359,#1360);
#1362=PLANE('',#1361);
#1363=ORIENTED_EDGE('',*,*,#1162,.F.);
#1365=ORIENTED_EDGE('',*,*,#1364,.T.);
#1367=ORIENTED_EDGE('',*,*,#1366,.T.);
#1368=ORIENTED_EDGE('',*,*,#1350,.F.);
#1369=EDGE_LOOP('',(#1363,#1365,#1367,#1368));
#1370=FACE_OUTER_BOUND('',#1369,.F.);
#1371=ADVANCED_FACE('',(#1370),#1362,.T.);
#1372=CARTESIAN_POINT('',(0.E0,0.E0,-2.55E2));
#1373=DIRECTION('',(0.E0,0.E0,-1.E0));
#1374=DIRECTION('',(-1.E0,0.E0,0.E0));
#1375=AXIS2_PLACEMENT_3D('',#1372,#1373,#1374);
#1376=PLANE('',#1375);
#1377=ORIENTED_EDGE('',*,*,#1160,.F.);
#1378=ORIENTED_EDGE('',*,*,#1339,.T.);
#1380=ORIENTED_EDGE('',*,*,#1379,.T.);
#1381=ORIENTED_EDGE('',*,*,#1364,.F.);
#1382=EDGE_LOOP('',(#1377,#1378,#1380,#1381));
#1383=FACE_OUTER_BOUND('',#1382,.F.);
#1384=ADVANCED_FACE('',(#1383),#1376,.T.);
#1385=CARTESIAN_POINT('',(0.E0,2.E1,0.E0));
#1386=DIRECTION('',(0.E0,1.E0,0.E0));
#1387=DIRECTION('',(1.E0,0.E0,0.E0));
#1388=AXIS2_PLACEMENT_3D('',#1385,#1386,#1387);
#1389=PLANE('',#1388);
#1390=ORIENTED_EDGE('',*,*,#1337,.F.);
#1391=ORIENTED_EDGE('',*,*,#1352,.F.);
#1392=ORIENTED_EDGE('',*,*,#1366,.F.);
#1393=ORIENTED_EDGE('',*,*,#1379,.F.);
#1394=EDGE_LOOP('',(#1390,#1391,#1392,#1393));
#1395=FACE_OUTER_BOUND('',#1394,.F.);
#1397=ORIENTED_EDGE('',*,*,#1396,.F.);
#1399=ORIENTED_EDGE('',*,*,#1398,.F.);
#1401=ORIENTED_EDGE('',*,*,#1400,.F.);
#1403=ORIENTED_EDGE('',*,*,#1402,.F.);
#1404=EDGE_LOOP('',(#1397,#1399,#1401,#1403));
#1405=FACE_BOUND('',#1404,.F.);
#1406=ADVANCED_FACE('',(#1395,#1405),#1389,.T.);
#1407=CARTESIAN_POINT('',(-2.525E2,0.E0,-2.5E0));
#1408=DIRECTION('',(1.E0,0.E0,0.E0));
#1409=DIRECTION('',(0.E0,0.E0,-1.E0));
#1410=AXIS2_PLACEMENT_3D('',#1407,#1408,#1409);
#1411=PLANE('',#1410);
#1413=ORIENTED_EDGE('',*,*,#1412,.F.);
#1415=ORIENTED_EDGE('',*,*,#1414,.T.);
#1416=ORIENTED_EDGE('',*,*,#1396,.T.);
#1418=ORIENTED_EDGE('',*,*,#1417,.F.);
#1419=EDGE_LOOP('',(#1413,#1415,#1416,#1418));
#1420=FACE_OUTER_BOUND('',#1419,.F.);
#1421=ADVANCED_FACE('',(#1420),#1411,.T.);
#1422=CARTESIAN_POINT('',(0.E0,5.E-1,0.E0));
#1423=DIRECTION('',(0.E0,-1.E0,0.E0));
#1424=DIRECTION('',(0.E0,0.E0,-1.E0));
#1425=AXIS2_PLACEMENT_3D('',#1422,#1423,#1424);
#1426=PLANE('',#1425);
#1427=ORIENTED_EDGE('',*,*,#1412,.T.);
#1429=ORIENTED_EDGE('',*,*,#1428,.T.);
#1431=ORIENTED_EDGE('',*,*,#1430,.T.);
#1433=ORIENTED_EDGE('',*,*,#1432,.T.);
#1434=EDGE_LOOP('',(#1427,#1429,#1431,#1433));
#1435=FACE_OUTER_BOUND('',#1434,.F.);
#1437=ORIENTED_EDGE('',*,*,#1436,.F.);
#1439=ORIENTED_EDGE('',*,*,#1438,.F.);
#1441=ORIENTED_EDGE('',*,*,#1440,.F.);
#1443=ORIENTED_EDGE('',*,*,#1442,.F.);
#1444=EDGE_LOOP('',(#1437,#1439,#1441,#1443));
#1445=FACE_BOUND('',#1444,.F.);
#1447=ORIENTED_EDGE('',*,*,#1446,.F.);
#1449=ORIENTED_EDGE('',*,*,#1448,.F.);
#1451=ORIENTED_EDGE('',*,*,#1450,.F.);
#1453=ORIENTED_EDGE('',*,*,#1452,.F.);
#1454=EDGE_LOOP('',(#1447,#1449,#1451,#1453));
#1455=FACE_BOUND('',#1454,.F.);
#1457=ORIENTED_EDGE('',*,*,#1456,.F.);
#1459=ORIENTED_EDGE('',*,*,#1458,.F.);
#1461=ORIENTED_EDGE('',*,*,#1460,.F.);
#1463=ORIENTED_EDGE('',*,*,#1462,.F.);
#1464=EDGE_LOOP('',(#1457,#1459,#1461,#1463));
#1465=FACE_BOUND('',#1464,.F.);
#1467=ORIENTED_EDGE('',*,*,#1466,.F.);
#1469=ORIENTED_EDGE('',*,*,#1468,.F.);
#1471=ORIENTED_EDGE('',*,*,#1470,.F.);
#1473=ORIENTED_EDGE('',*,*,#1472,.F.);
#1474=EDGE_LOOP('',(#1467,#1469,#1471,#1473));
#1475=FACE_BOUND('',#1474,.F.);
#1477=ORIENTED_EDGE('',*,*,#1476,.F.);
#1479=ORIENTED_EDGE('',*,*,#1478,.F.);
#1481=ORIENTED_EDGE('',*,*,#1480,.F.);
#1483=ORIENTED_EDGE('',*,*,#1482,.F.);
#1484=EDGE_LOOP('',(#1477,#1479,#1481,#1483));
#1485=FACE_BOUND('',#1484,.F.);
#1487=ORIENTED_EDGE('',*,*,#1486,.F.);
#1489=ORIENTED_EDGE('',*,*,#1488,.F.);
#1491=ORIENTED_EDGE('',*,*,#1490,.F.);
#1493=ORIENTED_EDGE('',*,*,#1492,.F.);
#1494=EDGE_LOOP('',(#1487,#1489,#1491,#1493));
#1495=FACE_BOUND('',#1494,.F.);
#1497=ORIENTED_EDGE('',*,*,#1496,.F.);
#1499=ORIENTED_EDGE('',*,*,#1498,.F.);
#1501=ORIENTED_EDGE('',*,*,#1500,.F.);
#1503=ORIENTED_EDGE('',*,*,#1502,.F.);
#1504=EDGE_LOOP('',(#1497,#1499,#1501,#1503));
#1505=FACE_BOUND('',#1504,.F.);
#1507=ORIENTED_EDGE('',*,*,#1506,.F.);
#1509=ORIENTED_EDGE('',*,*,#1508,.F.);
#1511=ORIENTED_EDGE('',*,*,#1510,.F.);
#1513=ORIENTED_EDGE('',*,*,#1512,.F.);
#1514=EDGE_LOOP('',(#1507,#1509,#1511,#1513));
#1515=FACE_BOUND('',#1514,.F.);
#1517=ORIENTED_EDGE('',*,*,#1516,.F.);
#1519=ORIENTED_EDGE('',*,*,#1518,.F.);
#1521=ORIENTED_EDGE('',*,*,#1520,.F.);
#1523=ORIENTED_EDGE('',*,*,#1522,.F.);
#1524=EDGE_LOOP('',(#1517,#1519,#1521,#1523));
#1525=FACE_BOUND('',#1524,.F.);
#1527=ORIENTED_EDGE('',*,*,#1526,.F.);
#1529=ORIENTED_EDGE('',*,*,#1528,.F.);
#1531=ORIENTED_EDGE('',*,*,#1530,.F.);
#1533=ORIENTED_EDGE('',*,*,#1532,.F.);
#1534=EDGE_LOOP('',(#1527,#1529,#1531,#1533));
#1535=FACE_BOUND('',#1534,.F.);
#1537=ORIENTED_EDGE('',*,*,#1536,.F.);
#1539=ORIENTED_EDGE('',*,*,#1538,.F.);
#1541=ORIENTED_EDGE('',*,*,#1540,.F.);
#1543=ORIENTED_EDGE('',*,*,#1542,.F.);
#1544=EDGE_LOOP('',(#1537,#1539,#1541,#1543));
#1545=FACE_BOUND('',#1544,.F.);
#1547=ORIENTED_EDGE('',*,*,#1546,.F.);
#1549=ORIENTED_EDGE('',*,*,#1548,.F.);
#1551=ORIENTED_EDGE('',*,*,#1550,.F.);
#1553=ORIENTED_EDGE('',*,*,#1552,.F.);
#1554=EDGE_LOOP('',(#1547,#1549,#1551,#1553));
#1555=FACE_BOUND('',#1554,.F.);
#1557=ORIENTED_EDGE('',*,*,#1556,.F.);
#1559=ORIENTED_EDGE('',*,*,#1558,.F.);
#1561=ORIENTED_EDGE('',*,*,#1560,.F.);
#1563=ORIENTED_EDGE('',*,*,#1562,.F.);
#1564=EDGE_LOOP('',(#1557,#1559,#1561,#1563));
#1565=FACE_BOUND('',#1564,.F.);
#1567=ORIENTED_EDGE('',*,*,#1566,.F.);
#1569=ORIENTED_EDGE('',*,*,#1568,.F.);
#1571=ORIENTED_EDGE('',*,*,#1570,.F.);
#1573=ORIENTED_EDGE('',*,*,#1572,.F.);
#1574=EDGE_LOOP('',(#1567,#1569,#1571,#1573));
#1575=FACE_BOUND('',#1574,.F.);
#1577=ORIENTED_EDGE('',*,*,#1576,.F.);
#1579=ORIENTED_EDGE('',*,*,#1578,.F.);
#1581=ORIENTED_EDGE('',*,*,#1580,.F.);
#1583=ORIENTED_EDGE('',*,*,#1582,.F.);
#1584=EDGE_LOOP('',(#1577,#1579,#1581,#1583));
#1585=FACE_BOUND('',#1584,.F.);
#1587=ORIENTED_EDGE('',*,*,#1586,.F.);
#1589=ORIENTED_EDGE('',*,*,#1588,.F.);
#1591=ORIENTED_EDGE('',*,*,#1590,.F.);
#1593=ORIENTED_EDGE('',*,*,#1592,.F.);
#1594=EDGE_LOOP('',(#1587,#1589,#1591,#1593));
#1595=FACE_BOUND('',#1594,.F.);
#1596=ADVANCED_FACE('',(#1435,#1445,#1455,#1465,#1475,#1485,#1495,#1505,#1515,
#1525,#1535,#1545,#1555,#1565,#1575,#1585,#1595),#1426,.F.);
#1597=CARTESIAN_POINT('',(-2.525E2,0.E0,-2.525E2));
#1598=DIRECTION('',(0.E0,0.E0,1.E0));
#1599=DIRECTION('',(1.E0,0.E0,0.E0));
#1600=AXIS2_PLACEMENT_3D('',#1597,#1598,#1599);
#1601=PLANE('',#1600);
#1602=ORIENTED_EDGE('',*,*,#1428,.F.);
#1603=ORIENTED_EDGE('',*,*,#1417,.T.);
#1604=ORIENTED_EDGE('',*,*,#1402,.T.);
#1606=ORIENTED_EDGE('',*,*,#1605,.F.);
#1607=EDGE_LOOP('',(#1602,#1603,#1604,#1606));
#1608=FACE_OUTER_BOUND('',#1607,.F.);
#1609=ADVANCED_FACE('',(#1608),#1601,.T.);
#1610=CARTESIAN_POINT('',(-2.5E0,0.E0,-2.525E2));
#1611=DIRECTION('',(-1.E0,0.E0,0.E0));
#1612=DIRECTION('',(0.E0,0.E0,1.E0));
#1613=AXIS2_PLACEMENT_3D('',#1610,#1611,#1612);
#1614=PLANE('',#1613);
#1615=ORIENTED_EDGE('',*,*,#1430,.F.);
#1616=ORIENTED_EDGE('',*,*,#1605,.T.);
#1617=ORIENTED_EDGE('',*,*,#1400,.T.);
#1619=ORIENTED_EDGE('',*,*,#1618,.F.);
#1620=EDGE_LOOP('',(#1615,#1616,#1617,#1619));
#1621=FACE_OUTER_BOUND('',#1620,.F.);
#1622=ADVANCED_FACE('',(#1621),#1614,.T.);
#1623=CARTESIAN_POINT('',(-2.5E0,0.E0,-2.5E0));
#1624=DIRECTION('',(0.E0,0.E0,-1.E0));
#1625=DIRECTION('',(-1.E0,0.E0,0.E0));
#1626=AXIS2_PLACEMENT_3D('',#1623,#1624,#1625);
#1627=PLANE('',#1626);
#1628=ORIENTED_EDGE('',*,*,#1432,.F.);
#1629=ORIENTED_EDGE('',*,*,#1618,.T.);
#1630=ORIENTED_EDGE('',*,*,#1398,.T.);
#1631=ORIENTED_EDGE('',*,*,#1414,.F.);
#1632=EDGE_LOOP('',(#1628,#1629,#1630,#1631));
#1633=FACE_OUTER_BOUND('',#1632,.F.);
#1634=ADVANCED_FACE('',(#1633),#1627,.T.);
#1635=CARTESIAN_POINT('',(-2.075E2,0.E0,-4.75E1));
#1636=DIRECTION('',(-1.E0,0.E0,0.E0));
#1637=DIRECTION('',(0.E0,0.E0,-1.E0));
#1638=AXIS2_PLACEMENT_3D('',#1635,#1636,#1637);
#1639=PLANE('',#1638);
#1640=ORIENTED_EDGE('',*,*,#1168,.F.);
#1642=ORIENTED_EDGE('',*,*,#1641,.T.);
#1643=ORIENTED_EDGE('',*,*,#1436,.T.);
#1645=ORIENTED_EDGE('',*,*,#1644,.F.);
#1646=EDGE_LOOP('',(#1640,#1642,#1643,#1645));
#1647=FACE_OUTER_BOUND('',#1646,.F.);
#1648=ADVANCED_FACE('',(#1647),#1639,.F.);
#1649=CARTESIAN_POINT('',(-1.821E2,0.E0,-4.75E1));
#1650=DIRECTION('',(0.E0,0.E0,1.E0));
#1651=DIRECTION('',(-1.E0,0.E0,0.E0));
#1652=AXIS2_PLACEMENT_3D('',#1649,#1650,#1651);
#1653=PLANE('',#1652);
#1654=ORIENTED_EDGE('',*,*,#1174,.F.);
#1656=ORIENTED_EDGE('',*,*,#1655,.T.);
#1657=ORIENTED_EDGE('',*,*,#1438,.T.);
#1658=ORIENTED_EDGE('',*,*,#1641,.F.);
#1659=EDGE_LOOP('',(#1654,#1656,#1657,#1658));
#1660=FACE_OUTER_BOUND('',#1659,.F.);
#1661=ADVANCED_FACE('',(#1660),#1653,.F.);
#1662=CARTESIAN_POINT('',(-1.821E2,0.E0,-7.29E1));
#1663=DIRECTION('',(1.E0,0.E0,0.E0));
#1664=DIRECTION('',(0.E0,0.E0,1.E0));
#1665=AXIS2_PLACEMENT_3D('',#1662,#1663,#1664);
#1666=PLANE('',#1665);
#1667=ORIENTED_EDGE('',*,*,#1172,.F.);
#1669=ORIENTED_EDGE('',*,*,#1668,.T.);
#1670=ORIENTED_EDGE('',*,*,#1440,.T.);
#1671=ORIENTED_EDGE('',*,*,#1655,.F.);
#1672=EDGE_LOOP('',(#1667,#1669,#1670,#1671));
#1673=FACE_OUTER_BOUND('',#1672,.F.);
#1674=ADVANCED_FACE('',(#1673),#1666,.F.);
#1675=CARTESIAN_POINT('',(-2.075E2,0.E0,-7.29E1));
#1676=DIRECTION('',(0.E0,0.E0,-1.E0));
#1677=DIRECTION('',(1.E0,0.E0,0.E0));
#1678=AXIS2_PLACEMENT_3D('',#1675,#1676,#1677);
#1679=PLANE('',#1678);
#1680=ORIENTED_EDGE('',*,*,#1170,.F.);
#1681=ORIENTED_EDGE('',*,*,#1644,.T.);
#1682=ORIENTED_EDGE('',*,*,#1442,.T.);
#1683=ORIENTED_EDGE('',*,*,#1668,.F.);
#1684=EDGE_LOOP('',(#1680,#1681,#1682,#1683));
#1685=FACE_OUTER_BOUND('',#1684,.F.);
#1686=ADVANCED_FACE('',(#1685),#1679,.F.);
#1687=CARTESIAN_POINT('',(-1.625E2,0.E0,-4.75E1));
#1688=DIRECTION('',(-1.E0,0.E0,0.E0));
#1689=DIRECTION('',(0.E0,0.E0,-1.E0));
#1690=AXIS2_PLACEMENT_3D('',#1687,#1688,#1689);
#1691=PLANE('',#1690);
#1692=ORIENTED_EDGE('',*,*,#1178,.F.);
#1694=ORIENTED_EDGE('',*,*,#1693,.T.);
#1695=ORIENTED_EDGE('',*,*,#1446,.T.);
#1697=ORIENTED_EDGE('',*,*,#1696,.F.);
#1698=EDGE_LOOP('',(#1692,#1694,#1695,#1697));
#1699=FACE_OUTER_BOUND('',#1698,.F.);
#1700=ADVANCED_FACE('',(#1699),#1691,.F.);
#1701=CARTESIAN_POINT('',(-1.371E2,0.E0,-4.75E1));
#1702=DIRECTION('',(0.E0,0.E0,1.E0));
#1703=DIRECTION('',(-1.E0,0.E0,0.E0));
#1704=AXIS2_PLACEMENT_3D('',#1701,#1702,#1703);
#1705=PLANE('',#1704);
#1706=ORIENTED_EDGE('',*,*,#1184,.F.);
#1708=ORIENTED_EDGE('',*,*,#1707,.T.);
#1709=ORIENTED_EDGE('',*,*,#1448,.T.);
#1710=ORIENTED_EDGE('',*,*,#1693,.F.);
#1711=EDGE_LOOP('',(#1706,#1708,#1709,#1710));
#1712=FACE_OUTER_BOUND('',#1711,.F.);
#1713=ADVANCED_FACE('',(#1712),#1705,.F.);
#1714=CARTESIAN_POINT('',(-1.371E2,0.E0,-7.29E1));
#1715=DIRECTION('',(1.E0,0.E0,0.E0));
#1716=DIRECTION('',(0.E0,0.E0,1.E0));
#1717=AXIS2_PLACEMENT_3D('',#1714,#1715,#1716);
#1718=PLANE('',#1717);
#1719=ORIENTED_EDGE('',*,*,#1182,.F.);
#1721=ORIENTED_EDGE('',*,*,#1720,.T.);
#1722=ORIENTED_EDGE('',*,*,#1450,.T.);
#1723=ORIENTED_EDGE('',*,*,#1707,.F.);
#1724=EDGE_LOOP('',(#1719,#1721,#1722,#1723));
#1725=FACE_OUTER_BOUND('',#1724,.F.);
#1726=ADVANCED_FACE('',(#1725),#1718,.F.);
#1727=CARTESIAN_POINT('',(-1.625E2,0.E0,-7.29E1));
#1728=DIRECTION('',(0.E0,0.E0,-1.E0));
#1729=DIRECTION('',(1.E0,0.E0,0.E0));
#1730=AXIS2_PLACEMENT_3D('',#1727,#1728,#1729);
#1731=PLANE('',#1730);
#1732=ORIENTED_EDGE('',*,*,#1180,.F.);
#1733=ORIENTED_EDGE('',*,*,#1696,.T.);
#1734=ORIENTED_EDGE('',*,*,#1452,.T.);
#1735=ORIENTED_EDGE('',*,*,#1720,.F.);
#1736=EDGE_LOOP('',(#1732,#1733,#1734,#1735));
#1737=FACE_OUTER_BOUND('',#1736,.F.);
#1738=ADVANCED_FACE('',(#1737),#1731,.F.);
#1739=CARTESIAN_POINT('',(-1.175E2,0.E0,-4.75E1));
#1740=DIRECTION('',(-1.E0,0.E0,0.E0));
#1741=DIRECTION('',(0.E0,0.E0,-1.E0));
#1742=AXIS2_PLACEMENT_3D('',#1739,#1740,#1741);
#1743=PLANE('',#1742);
#1744=ORIENTED_EDGE('',*,*,#1188,.F.);
#1746=ORIENTED_EDGE('',*,*,#1745,.T.);
#1747=ORIENTED_EDGE('',*,*,#1456,.T.);
#1749=ORIENTED_EDGE('',*,*,#1748,.F.);
#1750=EDGE_LOOP('',(#1744,#1746,#1747,#1749));
#1751=FACE_OUTER_BOUND('',#1750,.F.);
#1752=ADVANCED_FACE('',(#1751),#1743,.F.);
#1753=CARTESIAN_POINT('',(-9.21E1,0.E0,-4.75E1));
#1754=DIRECTION('',(0.E0,0.E0,1.E0));
#1755=DIRECTION('',(-1.E0,0.E0,0.E0));
#1756=AXIS2_PLACEMENT_3D('',#1753,#1754,#1755);
#1757=PLANE('',#1756);
#1758=ORIENTED_EDGE('',*,*,#1194,.F.);
#1760=ORIENTED_EDGE('',*,*,#1759,.T.);
#1761=ORIENTED_EDGE('',*,*,#1458,.T.);
#1762=ORIENTED_EDGE('',*,*,#1745,.F.);
#1763=EDGE_LOOP('',(#1758,#1760,#1761,#1762));
#1764=FACE_OUTER_BOUND('',#1763,.F.);
#1765=ADVANCED_FACE('',(#1764),#1757,.F.);
#1766=CARTESIAN_POINT('',(-9.21E1,0.E0,-7.29E1));
#1767=DIRECTION('',(1.E0,0.E0,0.E0));
#1768=DIRECTION('',(0.E0,0.E0,1.E0));
#1769=AXIS2_PLACEMENT_3D('',#1766,#1767,#1768);
#1770=PLANE('',#1769);
#1771=ORIENTED_EDGE('',*,*,#1192,.F.);
#1773=ORIENTED_EDGE('',*,*,#1772,.T.);
#1774=ORIENTED_EDGE('',*,*,#1460,.T.);
#1775=ORIENTED_EDGE('',*,*,#1759,.F.);
#1776=EDGE_LOOP('',(#1771,#1773,#1774,#1775));
#1777=FACE_OUTER_BOUND('',#1776,.F.);
#1778=ADVANCED_FACE('',(#1777),#1770,.F.);
#1779=CARTESIAN_POINT('',(-1.175E2,0.E0,-7.29E1));
#1780=DIRECTION('',(0.E0,0.E0,-1.E0));
#1781=DIRECTION('',(1.E0,0.E0,0.E0));
#1782=AXIS2_PLACEMENT_3D('',#1779,#1780,#1781);
#1783=PLANE('',#1782);
#1784=ORIENTED_EDGE('',*,*,#1190,.F.);
#1785=ORIENTED_EDGE('',*,*,#1748,.T.);
#1786=ORIENTED_EDGE('',*,*,#1462,.T.);
#1787=ORIENTED_EDGE('',*,*,#1772,.F.);
#1788=EDGE_LOOP('',(#1784,#1785,#1786,#1787));
#1789=FACE_OUTER_BOUND('',#1788,.F.);
#1790=ADVANCED_FACE('',(#1789),#1783,.F.);
#1791=CARTESIAN_POINT('',(-7.25E1,0.E0,-4.75E1));
#1792=DIRECTION('',(-1.E0,0.E0,0.E0));
#1793=DIRECTION('',(0.E0,0.E0,-1.E0));
#1794=AXIS2_PLACEMENT_3D('',#1791,#1792,#1793);
#1795=PLANE('',#1794);
#1796=ORIENTED_EDGE('',*,*,#1198,.F.);
#1798=ORIENTED_EDGE('',*,*,#1797,.T.);
#1799=ORIENTED_EDGE('',*,*,#1466,.T.);
#1801=ORIENTED_EDGE('',*,*,#1800,.F.);
#1802=EDGE_LOOP('',(#1796,#1798,#1799,#1801));
#1803=FACE_OUTER_BOUND('',#1802,.F.);
#1804=ADVANCED_FACE('',(#1803),#1795,.F.);
#1805=CARTESIAN_POINT('',(-4.71E1,0.E0,-4.75E1));
#1806=DIRECTION('',(0.E0,0.E0,1.E0));
#1807=DIRECTION('',(-1.E0,0.E0,0.E0));
#1808=AXIS2_PLACEMENT_3D('',#1805,#1806,#1807);
#1809=PLANE('',#1808);
#1810=ORIENTED_EDGE('',*,*,#1204,.F.);
#1812=ORIENTED_EDGE('',*,*,#1811,.T.);
#1813=ORIENTED_EDGE('',*,*,#1468,.T.);
#1814=ORIENTED_EDGE('',*,*,#1797,.F.);
#1815=EDGE_LOOP('',(#1810,#1812,#1813,#1814));
#1816=FACE_OUTER_BOUND('',#1815,.F.);
#1817=ADVANCED_FACE('',(#1816),#1809,.F.);
#1818=CARTESIAN_POINT('',(-4.71E1,0.E0,-7.29E1));
#1819=DIRECTION('',(1.E0,0.E0,0.E0));
#1820=DIRECTION('',(0.E0,0.E0,1.E0));
#1821=AXIS2_PLACEMENT_3D('',#1818,#1819,#1820);
#1822=PLANE('',#1821);
#1823=ORIENTED_EDGE('',*,*,#1202,.F.);
#1825=ORIENTED_EDGE('',*,*,#1824,.T.);
#1826=ORIENTED_EDGE('',*,*,#1470,.T.);
#1827=ORIENTED_EDGE('',*,*,#1811,.F.);
#1828=EDGE_LOOP('',(#1823,#1825,#1826,#1827));
#1829=FACE_OUTER_BOUND('',#1828,.F.);
#1830=ADVANCED_FACE('',(#1829),#1822,.F.);
#1831=CARTESIAN_POINT('',(-7.25E1,0.E0,-7.29E1));
#1832=DIRECTION('',(0.E0,0.E0,-1.E0));
#1833=DIRECTION('',(1.E0,0.E0,0.E0));
#1834=AXIS2_PLACEMENT_3D('',#1831,#1832,#1833);
#1835=PLANE('',#1834);
#1836=ORIENTED_EDGE('',*,*,#1200,.F.);
#1837=ORIENTED_EDGE('',*,*,#1800,.T.);
#1838=ORIENTED_EDGE('',*,*,#1472,.T.);
#1839=ORIENTED_EDGE('',*,*,#1824,.F.);
#1840=EDGE_LOOP('',(#1836,#1837,#1838,#1839));
#1841=FACE_OUTER_BOUND('',#1840,.F.);
#1842=ADVANCED_FACE('',(#1841),#1835,.F.);
#1843=CARTESIAN_POINT('',(-2.075E2,0.E0,-9.25E1));
#1844=DIRECTION('',(-1.E0,0.E0,0.E0));
#1845=DIRECTION('',(0.E0,0.E0,-1.E0));
#1846=AXIS2_PLACEMENT_3D('',#1843,#1844,#1845);
#1847=PLANE('',#1846);
#1848=ORIENTED_EDGE('',*,*,#1208,.F.);
#1850=ORIENTED_EDGE('',*,*,#1849,.T.);
#1851=ORIENTED_EDGE('',*,*,#1476,.T.);
#1853=ORIENTED_EDGE('',*,*,#1852,.F.);
#1854=EDGE_LOOP('',(#1848,#1850,#1851,#1853));
#1855=FACE_OUTER_BOUND('',#1854,.F.);
#1856=ADVANCED_FACE('',(#1855),#1847,.F.);
#1857=CARTESIAN_POINT('',(-1.821E2,0.E0,-9.25E1));
#1858=DIRECTION('',(0.E0,0.E0,1.E0));
#1859=DIRECTION('',(-1.E0,0.E0,0.E0));
#1860=AXIS2_PLACEMENT_3D('',#1857,#1858,#1859);
#1861=PLANE('',#1860);
#1862=ORIENTED_EDGE('',*,*,#1214,.F.);
#1864=ORIENTED_EDGE('',*,*,#1863,.T.);
#1865=ORIENTED_EDGE('',*,*,#1478,.T.);
#1866=ORIENTED_EDGE('',*,*,#1849,.F.);
#1867=EDGE_LOOP('',(#1862,#1864,#1865,#1866));
#1868=FACE_OUTER_BOUND('',#1867,.F.);
#1869=ADVANCED_FACE('',(#1868),#1861,.F.);
#1870=CARTESIAN_POINT('',(-1.821E2,0.E0,-1.179E2));
#1871=DIRECTION('',(1.E0,0.E0,0.E0));
#1872=DIRECTION('',(0.E0,0.E0,1.E0));
#1873=AXIS2_PLACEMENT_3D('',#1870,#1871,#1872);
#1874=PLANE('',#1873);
#1875=ORIENTED_EDGE('',*,*,#1212,.F.);
#1877=ORIENTED_EDGE('',*,*,#1876,.T.);
#1878=ORIENTED_EDGE('',*,*,#1480,.T.);
#1879=ORIENTED_EDGE('',*,*,#1863,.F.);
#1880=EDGE_LOOP('',(#1875,#1877,#1878,#1879));
#1881=FACE_OUTER_BOUND('',#1880,.F.);
#1882=ADVANCED_FACE('',(#1881),#1874,.F.);
#1883=CARTESIAN_POINT('',(-2.075E2,0.E0,-1.179E2));
#1884=DIRECTION('',(0.E0,0.E0,-1.E0));
#1885=DIRECTION('',(1.E0,0.E0,0.E0));
#1886=AXIS2_PLACEMENT_3D('',#1883,#1884,#1885);
#1887=PLANE('',#1886);
#1888=ORIENTED_EDGE('',*,*,#1210,.F.);
#1889=ORIENTED_EDGE('',*,*,#1852,.T.);
#1890=ORIENTED_EDGE('',*,*,#1482,.T.);
#1891=ORIENTED_EDGE('',*,*,#1876,.F.);
#1892=EDGE_LOOP('',(#1888,#1889,#1890,#1891));
#1893=FACE_OUTER_BOUND('',#1892,.F.);
#1894=ADVANCED_FACE('',(#1893),#1887,.F.);
#1895=CARTESIAN_POINT('',(-1.625E2,0.E0,-9.25E1));
#1896=DIRECTION('',(-1.E0,0.E0,0.E0));
#1897=DIRECTION('',(0.E0,0.E0,-1.E0));
#1898=AXIS2_PLACEMENT_3D('',#1895,#1896,#1897);
#1899=PLANE('',#1898);
#1900=ORIENTED_EDGE('',*,*,#1218,.F.);
#1902=ORIENTED_EDGE('',*,*,#1901,.T.);
#1903=ORIENTED_EDGE('',*,*,#1486,.T.);
#1905=ORIENTED_EDGE('',*,*,#1904,.F.);
#1906=EDGE_LOOP('',(#1900,#1902,#1903,#1905));
#1907=FACE_OUTER_BOUND('',#1906,.F.);
#1908=ADVANCED_FACE('',(#1907),#1899,.F.);
#1909=CARTESIAN_POINT('',(-1.371E2,0.E0,-9.25E1));
#1910=DIRECTION('',(0.E0,0.E0,1.E0));
#1911=DIRECTION('',(-1.E0,0.E0,0.E0));
#1912=AXIS2_PLACEMENT_3D('',#1909,#1910,#1911);
#1913=PLANE('',#1912);
#1914=ORIENTED_EDGE('',*,*,#1224,.F.);
#1916=ORIENTED_EDGE('',*,*,#1915,.T.);
#1917=ORIENTED_EDGE('',*,*,#1488,.T.);
#1918=ORIENTED_EDGE('',*,*,#1901,.F.);
#1919=EDGE_LOOP('',(#1914,#1916,#1917,#1918));
#1920=FACE_OUTER_BOUND('',#1919,.F.);
#1921=ADVANCED_FACE('',(#1920),#1913,.F.);
#1922=CARTESIAN_POINT('',(-1.371E2,0.E0,-1.179E2));
#1923=DIRECTION('',(1.E0,0.E0,0.E0));
#1924=DIRECTION('',(0.E0,0.E0,1.E0));
#1925=AXIS2_PLACEMENT_3D('',#1922,#1923,#1924);
#1926=PLANE('',#1925);
#1927=ORIENTED_EDGE('',*,*,#1222,.F.);
#1929=ORIENTED_EDGE('',*,*,#1928,.T.);
#1930=ORIENTED_EDGE('',*,*,#1490,.T.);
#1931=ORIENTED_EDGE('',*,*,#1915,.F.);
#1932=EDGE_LOOP('',(#1927,#1929,#1930,#1931));
#1933=FACE_OUTER_BOUND('',#1932,.F.);
#1934=ADVANCED_FACE('',(#1933),#1926,.F.);
#1935=CARTESIAN_POINT('',(-1.625E2,0.E0,-1.179E2));
#1936=DIRECTION('',(0.E0,0.E0,-1.E0));
#1937=DIRECTION('',(1.E0,0.E0,0.E0));
#1938=AXIS2_PLACEMENT_3D('',#1935,#1936,#1937);
#1939=PLANE('',#1938);
#1940=ORIENTED_EDGE('',*,*,#1220,.F.);
#1941=ORIENTED_EDGE('',*,*,#1904,.T.);
#1942=ORIENTED_EDGE('',*,*,#1492,.T.);
#1943=ORIENTED_EDGE('',*,*,#1928,.F.);
#1944=EDGE_LOOP('',(#1940,#1941,#1942,#1943));
#1945=FACE_OUTER_BOUND('',#1944,.F.);
#1946=ADVANCED_FACE('',(#1945),#1939,.F.);
#1947=CARTESIAN_POINT('',(-1.175E2,0.E0,-9.25E1));
#1948=DIRECTION('',(-1.E0,0.E0,0.E0));
#1949=DIRECTION('',(0.E0,0.E0,-1.E0));
#1950=AXIS2_PLACEMENT_3D('',#1947,#1948,#1949);
#1951=PLANE('',#1950);
#1952=ORIENTED_EDGE('',*,*,#1228,.F.);
#1954=ORIENTED_EDGE('',*,*,#1953,.T.);
#1955=ORIENTED_EDGE('',*,*,#1496,.T.);
#1957=ORIENTED_EDGE('',*,*,#1956,.F.);
#1958=EDGE_LOOP('',(#1952,#1954,#1955,#1957));
#1959=FACE_OUTER_BOUND('',#1958,.F.);
#1960=ADVANCED_FACE('',(#1959),#1951,.F.);
#1961=CARTESIAN_POINT('',(-9.21E1,0.E0,-9.25E1));
#1962=DIRECTION('',(0.E0,0.E0,1.E0));
#1963=DIRECTION('',(-1.E0,0.E0,0.E0));
#1964=AXIS2_PLACEMENT_3D('',#1961,#1962,#1963);
#1965=PLANE('',#1964);
#1966=ORIENTED_EDGE('',*,*,#1234,.F.);
#1968=ORIENTED_EDGE('',*,*,#1967,.T.);
#1969=ORIENTED_EDGE('',*,*,#1498,.T.);
#1970=ORIENTED_EDGE('',*,*,#1953,.F.);
#1971=EDGE_LOOP('',(#1966,#1968,#1969,#1970));
#1972=FACE_OUTER_BOUND('',#1971,.F.);
#1973=ADVANCED_FACE('',(#1972),#1965,.F.);
#1974=CARTESIAN_POINT('',(-9.21E1,0.E0,-1.179E2));
#1975=DIRECTION('',(1.E0,0.E0,0.E0));
#1976=DIRECTION('',(0.E0,0.E0,1.E0));
#1977=AXIS2_PLACEMENT_3D('',#1974,#1975,#1976);
#1978=PLANE('',#1977);
#1979=ORIENTED_EDGE('',*,*,#1232,.F.);
#1981=ORIENTED_EDGE('',*,*,#1980,.T.);
#1982=ORIENTED_EDGE('',*,*,#1500,.T.);
#1983=ORIENTED_EDGE('',*,*,#1967,.F.);
#1984=EDGE_LOOP('',(#1979,#1981,#1982,#1983));
#1985=FACE_OUTER_BOUND('',#1984,.F.);
#1986=ADVANCED_FACE('',(#1985),#1978,.F.);
#1987=CARTESIAN_POINT('',(-1.175E2,0.E0,-1.179E2));
#1988=DIRECTION('',(0.E0,0.E0,-1.E0));
#1989=DIRECTION('',(1.E0,0.E0,0.E0));
#1990=AXIS2_PLACEMENT_3D('',#1987,#1988,#1989);
#1991=PLANE('',#1990);
#1992=ORIENTED_EDGE('',*,*,#1230,.F.);
#1993=ORIENTED_EDGE('',*,*,#1956,.T.);
#1994=ORIENTED_EDGE('',*,*,#1502,.T.);
#1995=ORIENTED_EDGE('',*,*,#1980,.F.);
#1996=EDGE_LOOP('',(#1992,#1993,#1994,#1995));
#1997=FACE_OUTER_BOUND('',#1996,.F.);
#1998=ADVANCED_FACE('',(#1997),#1991,.F.);
#1999=CARTESIAN_POINT('',(-7.25E1,0.E0,-9.25E1));
#2000=DIRECTION('',(-1.E0,0.E0,0.E0));
#2001=DIRECTION('',(0.E0,0.E0,-1.E0));
#2002=AXIS2_PLACEMENT_3D('',#1999,#2000,#2001);
#2003=PLANE('',#2002);
#2004=ORIENTED_EDGE('',*,*,#1238,.F.);
#2006=ORIENTED_EDGE('',*,*,#2005,.T.);
#2007=ORIENTED_EDGE('',*,*,#1506,.T.);
#2009=ORIENTED_EDGE('',*,*,#2008,.F.);
#2010=EDGE_LOOP('',(#2004,#2006,#2007,#2009));
#2011=FACE_OUTER_BOUND('',#2010,.F.);
#2012=ADVANCED_FACE('',(#2011),#2003,.F.);
#2013=CARTESIAN_POINT('',(-4.71E1,0.E0,-9.25E1));
#2014=DIRECTION('',(0.E0,0.E0,1.E0));
#2015=DIRECTION('',(-1.E0,0.E0,0.E0));
#2016=AXIS2_PLACEMENT_3D('',#2013,#2014,#2015);
#2017=PLANE('',#2016);
#2018=ORIENTED_EDGE('',*,*,#1244,.F.);
#2020=ORIENTED_EDGE('',*,*,#2019,.T.);
#2021=ORIENTED_EDGE('',*,*,#1508,.T.);
#2022=ORIENTED_EDGE('',*,*,#2005,.F.);
#2023=EDGE_LOOP('',(#2018,#2020,#2021,#2022));
#2024=FACE_OUTER_BOUND('',#2023,.F.);
#2025=ADVANCED_FACE('',(#2024),#2017,.F.);
#2026=CARTESIAN_POINT('',(-4.71E1,0.E0,-1.179E2));
#2027=DIRECTION('',(1.E0,0.E0,0.E0));
#2028=DIRECTION('',(0.E0,0.E0,1.E0));
#2029=AXIS2_PLACEMENT_3D('',#2026,#2027,#2028);
#2030=PLANE('',#2029);
#2031=ORIENTED_EDGE('',*,*,#1242,.F.);
#2033=ORIENTED_EDGE('',*,*,#2032,.T.);
#2034=ORIENTED_EDGE('',*,*,#1510,.T.);
#2035=ORIENTED_EDGE('',*,*,#2019,.F.);
#2036=EDGE_LOOP('',(#2031,#2033,#2034,#2035));
#2037=FACE_OUTER_BOUND('',#2036,.F.);
#2038=ADVANCED_FACE('',(#2037),#2030,.F.);
#2039=CARTESIAN_POINT('',(-7.25E1,0.E0,-1.179E2));
#2040=DIRECTION('',(0.E0,0.E0,-1.E0));
#2041=DIRECTION('',(1.E0,0.E0,0.E0));
#2042=AXIS2_PLACEMENT_3D('',#2039,#2040,#2041);
#2043=PLANE('',#2042);
#2044=ORIENTED_EDGE('',*,*,#1240,.F.);
#2045=ORIENTED_EDGE('',*,*,#2008,.T.);
#2046=ORIENTED_EDGE('',*,*,#1512,.T.);
#2047=ORIENTED_EDGE('',*,*,#2032,.F.);
#2048=EDGE_LOOP('',(#2044,#2045,#2046,#2047));
#2049=FACE_OUTER_BOUND('',#2048,.F.);
#2050=ADVANCED_FACE('',(#2049),#2043,.F.);
#2051=CARTESIAN_POINT('',(-2.075E2,0.E0,-1.375E2));
#2052=DIRECTION('',(-1.E0,0.E0,0.E0));
#2053=DIRECTION('',(0.E0,0.E0,-1.E0));
#2054=AXIS2_PLACEMENT_3D('',#2051,#2052,#2053);
#2055=PLANE('',#2054);
#2056=ORIENTED_EDGE('',*,*,#1248,.F.);
#2058=ORIENTED_EDGE('',*,*,#2057,.T.);
#2059=ORIENTED_EDGE('',*,*,#1516,.T.);
#2061=ORIENTED_EDGE('',*,*,#2060,.F.);
#2062=EDGE_LOOP('',(#2056,#2058,#2059,#2061));
#2063=FACE_OUTER_BOUND('',#2062,.F.);
#2064=ADVANCED_FACE('',(#2063),#2055,.F.);
#2065=CARTESIAN_POINT('',(-1.821E2,0.E0,-1.375E2));
#2066=DIRECTION('',(0.E0,0.E0,1.E0));
#2067=DIRECTION('',(-1.E0,0.E0,0.E0));
#2068=AXIS2_PLACEMENT_3D('',#2065,#2066,#2067);
#2069=PLANE('',#2068);
#2070=ORIENTED_EDGE('',*,*,#1254,.F.);
#2072=ORIENTED_EDGE('',*,*,#2071,.T.);
#2073=ORIENTED_EDGE('',*,*,#1518,.T.);
#2074=ORIENTED_EDGE('',*,*,#2057,.F.);
#2075=EDGE_LOOP('',(#2070,#2072,#2073,#2074));
#2076=FACE_OUTER_BOUND('',#2075,.F.);
#2077=ADVANCED_FACE('',(#2076),#2069,.F.);
#2078=CARTESIAN_POINT('',(-1.821E2,0.E0,-1.629E2));
#2079=DIRECTION('',(1.E0,0.E0,0.E0));
#2080=DIRECTION('',(0.E0,0.E0,1.E0));
#2081=AXIS2_PLACEMENT_3D('',#2078,#2079,#2080);
#2082=PLANE('',#2081);
#2083=ORIENTED_EDGE('',*,*,#1252,.F.);
#2085=ORIENTED_EDGE('',*,*,#2084,.T.);
#2086=ORIENTED_EDGE('',*,*,#1520,.T.);
#2087=ORIENTED_EDGE('',*,*,#2071,.F.);
#2088=EDGE_LOOP('',(#2083,#2085,#2086,#2087));
#2089=FACE_OUTER_BOUND('',#2088,.F.);
#2090=ADVANCED_FACE('',(#2089),#2082,.F.);
#2091=CARTESIAN_POINT('',(-2.075E2,0.E0,-1.629E2));
#2092=DIRECTION('',(0.E0,0.E0,-1.E0));
#2093=DIRECTION('',(1.E0,0.E0,0.E0));
#2094=AXIS2_PLACEMENT_3D('',#2091,#2092,#2093);
#2095=PLANE('',#2094);
#2096=ORIENTED_EDGE('',*,*,#1250,.F.);
#2097=ORIENTED_EDGE('',*,*,#2060,.T.);
#2098=ORIENTED_EDGE('',*,*,#1522,.T.);
#2099=ORIENTED_EDGE('',*,*,#2084,.F.);
#2100=EDGE_LOOP('',(#2096,#2097,#2098,#2099));
#2101=FACE_OUTER_BOUND('',#2100,.F.);
#2102=ADVANCED_FACE('',(#2101),#2095,.F.);
#2103=CARTESIAN_POINT('',(-1.625E2,0.E0,-1.375E2));
#2104=DIRECTION('',(-1.E0,0.E0,0.E0));
#2105=DIRECTION('',(0.E0,0.E0,-1.E0));
#2106=AXIS2_PLACEMENT_3D('',#2103,#2104,#2105);
#2107=PLANE('',#2106);
#2108=ORIENTED_EDGE('',*,*,#1258,.F.);
#2110=ORIENTED_EDGE('',*,*,#2109,.T.);
#2111=ORIENTED_EDGE('',*,*,#1526,.T.);
#2113=ORIENTED_EDGE('',*,*,#2112,.F.);
#2114=EDGE_LOOP('',(#2108,#2110,#2111,#2113));
#2115=FACE_OUTER_BOUND('',#2114,.F.);
#2116=ADVANCED_FACE('',(#2115),#2107,.F.);
#2117=CARTESIAN_POINT('',(-1.371E2,0.E0,-1.375E2));
#2118=DIRECTION('',(0.E0,0.E0,1.E0));
#2119=DIRECTION('',(-1.E0,0.E0,0.E0));
#2120=AXIS2_PLACEMENT_3D('',#2117,#2118,#2119);
#2121=PLANE('',#2120);
#2122=ORIENTED_EDGE('',*,*,#1264,.F.);
#2124=ORIENTED_EDGE('',*,*,#2123,.T.);
#2125=ORIENTED_EDGE('',*,*,#1528,.T.);
#2126=ORIENTED_EDGE('',*,*,#2109,.F.);
#2127=EDGE_LOOP('',(#2122,#2124,#2125,#2126));
#2128=FACE_OUTER_BOUND('',#2127,.F.);
#2129=ADVANCED_FACE('',(#2128),#2121,.F.);
#2130=CARTESIAN_POINT('',(-1.371E2,0.E0,-1.629E2));
#2131=DIRECTION('',(1.E0,0.E0,0.E0));
#2132=DIRECTION('',(0.E0,0.E0,1.E0));
#2133=AXIS2_PLACEMENT_3D('',#2130,#2131,#2132);
#2134=PLANE('',#2133);
#2135=ORIENTED_EDGE('',*,*,#1262,.F.);
#2137=ORIENTED_EDGE('',*,*,#2136,.T.);
#2138=ORIENTED_EDGE('',*,*,#1530,.T.);
#2139=ORIENTED_EDGE('',*,*,#2123,.F.);
#2140=EDGE_LOOP('',(#2135,#2137,#2138,#2139));
#2141=FACE_OUTER_BOUND('',#2140,.F.);
#2142=ADVANCED_FACE('',(#2141),#2134,.F.);
#2143=CARTESIAN_POINT('',(-1.625E2,0.E0,-1.629E2));
#2144=DIRECTION('',(0.E0,0.E0,-1.E0));
#2145=DIRECTION('',(1.E0,0.E0,0.E0));
#2146=AXIS2_PLACEMENT_3D('',#2143,#2144,#2145);
#2147=PLANE('',#2146);
#2148=ORIENTED_EDGE('',*,*,#1260,.F.);
#2149=ORIENTED_EDGE('',*,*,#2112,.T.);
#2150=ORIENTED_EDGE('',*,*,#1532,.T.);
#2151=ORIENTED_EDGE('',*,*,#2136,.F.);
#2152=EDGE_LOOP('',(#2148,#2149,#2150,#2151));
#2153=FACE_OUTER_BOUND('',#2152,.F.);
#2154=ADVANCED_FACE('',(#2153),#2147,.F.);
#2155=CARTESIAN_POINT('',(-1.175E2,0.E0,-1.375E2));
#2156=DIRECTION('',(-1.E0,0.E0,0.E0));
#2157=DIRECTION('',(0.E0,0.E0,-1.E0));
#2158=AXIS2_PLACEMENT_3D('',#2155,#2156,#2157);
#2159=PLANE('',#2158);
#2160=ORIENTED_EDGE('',*,*,#1268,.F.);
#2162=ORIENTED_EDGE('',*,*,#2161,.T.);
#2163=ORIENTED_EDGE('',*,*,#1536,.T.);
#2165=ORIENTED_EDGE('',*,*,#2164,.F.);
#2166=EDGE_LOOP('',(#2160,#2162,#2163,#2165));
#2167=FACE_OUTER_BOUND('',#2166,.F.);
#2168=ADVANCED_FACE('',(#2167),#2159,.F.);
#2169=CARTESIAN_POINT('',(-9.21E1,0.E0,-1.375E2));
#2170=DIRECTION('',(0.E0,0.E0,1.E0));
#2171=DIRECTION('',(-1.E0,0.E0,0.E0));
#2172=AXIS2_PLACEMENT_3D('',#2169,#2170,#2171);
#2173=PLANE('',#2172);
#2174=ORIENTED_EDGE('',*,*,#1274,.F.);
#2176=ORIENTED_EDGE('',*,*,#2175,.T.);
#2177=ORIENTED_EDGE('',*,*,#1538,.T.);
#2178=ORIENTED_EDGE('',*,*,#2161,.F.);
#2179=EDGE_LOOP('',(#2174,#2176,#2177,#2178));
#2180=FACE_OUTER_BOUND('',#2179,.F.);
#2181=ADVANCED_FACE('',(#2180),#2173,.F.);
#2182=CARTESIAN_POINT('',(-9.21E1,0.E0,-1.629E2));
#2183=DIRECTION('',(1.E0,0.E0,0.E0));
#2184=DIRECTION('',(0.E0,0.E0,1.E0));
#2185=AXIS2_PLACEMENT_3D('',#2182,#2183,#2184);
#2186=PLANE('',#2185);
#2187=ORIENTED_EDGE('',*,*,#1272,.F.);
#2189=ORIENTED_EDGE('',*,*,#2188,.T.);
#2190=ORIENTED_EDGE('',*,*,#1540,.T.);
#2191=ORIENTED_EDGE('',*,*,#2175,.F.);
#2192=EDGE_LOOP('',(#2187,#2189,#2190,#2191));
#2193=FACE_OUTER_BOUND('',#2192,.F.);
#2194=ADVANCED_FACE('',(#2193),#2186,.F.);
#2195=CARTESIAN_POINT('',(-1.175E2,0.E0,-1.629E2));
#2196=DIRECTION('',(0.E0,0.E0,-1.E0));
#2197=DIRECTION('',(1.E0,0.E0,0.E0));
#2198=AXIS2_PLACEMENT_3D('',#2195,#2196,#2197);
#2199=PLANE('',#2198);
#2200=ORIENTED_EDGE('',*,*,#1270,.F.);
#2201=ORIENTED_EDGE('',*,*,#2164,.T.);
#2202=ORIENTED_EDGE('',*,*,#1542,.T.);
#2203=ORIENTED_EDGE('',*,*,#2188,.F.);
#2204=EDGE_LOOP('',(#2200,#2201,#2202,#2203));
#2205=FACE_OUTER_BOUND('',#2204,.F.);
#2206=ADVANCED_FACE('',(#2205),#2199,.F.);
#2207=CARTESIAN_POINT('',(-7.25E1,0.E0,-1.375E2));
#2208=DIRECTION('',(-1.E0,0.E0,0.E0));
#2209=DIRECTION('',(0.E0,0.E0,-1.E0));
#2210=AXIS2_PLACEMENT_3D('',#2207,#2208,#2209);
#2211=PLANE('',#2210);
#2212=ORIENTED_EDGE('',*,*,#1278,.F.);
#2214=ORIENTED_EDGE('',*,*,#2213,.T.);
#2215=ORIENTED_EDGE('',*,*,#1546,.T.);
#2217=ORIENTED_EDGE('',*,*,#2216,.F.);
#2218=EDGE_LOOP('',(#2212,#2214,#2215,#2217));
#2219=FACE_OUTER_BOUND('',#2218,.F.);
#2220=ADVANCED_FACE('',(#2219),#2211,.F.);
#2221=CARTESIAN_POINT('',(-4.71E1,0.E0,-1.375E2));
#2222=DIRECTION('',(0.E0,0.E0,1.E0));
#2223=DIRECTION('',(-1.E0,0.E0,0.E0));
#2224=AXIS2_PLACEMENT_3D('',#2221,#2222,#2223);
#2225=PLANE('',#2224);
#2226=ORIENTED_EDGE('',*,*,#1284,.F.);
#2228=ORIENTED_EDGE('',*,*,#2227,.T.);
#2229=ORIENTED_EDGE('',*,*,#1548,.T.);
#2230=ORIENTED_EDGE('',*,*,#2213,.F.);
#2231=EDGE_LOOP('',(#2226,#2228,#2229,#2230));
#2232=FACE_OUTER_BOUND('',#2231,.F.);
#2233=ADVANCED_FACE('',(#2232),#2225,.F.);
#2234=CARTESIAN_POINT('',(-4.71E1,0.E0,-1.629E2));
#2235=DIRECTION('',(1.E0,0.E0,0.E0));
#2236=DIRECTION('',(0.E0,0.E0,1.E0));
#2237=AXIS2_PLACEMENT_3D('',#2234,#2235,#2236);
#2238=PLANE('',#2237);
#2239=ORIENTED_EDGE('',*,*,#1282,.F.);
#2241=ORIENTED_EDGE('',*,*,#2240,.T.);
#2242=ORIENTED_EDGE('',*,*,#1550,.T.);
#2243=ORIENTED_EDGE('',*,*,#2227,.F.);
#2244=EDGE_LOOP('',(#2239,#2241,#2242,#2243));
#2245=FACE_OUTER_BOUND('',#2244,.F.);
#2246=ADVANCED_FACE('',(#2245),#2238,.F.);
#2247=CARTESIAN_POINT('',(-7.25E1,0.E0,-1.629E2));
#2248=DIRECTION('',(0.E0,0.E0,-1.E0));
#2249=DIRECTION('',(1.E0,0.E0,0.E0));
#2250=AXIS2_PLACEMENT_3D('',#2247,#2248,#2249);
#2251=PLANE('',#2250);
#2252=ORIENTED_EDGE('',*,*,#1280,.F.);
#2253=ORIENTED_EDGE('',*,*,#2216,.T.);
#2254=ORIENTED_EDGE('',*,*,#1552,.T.);
#2255=ORIENTED_EDGE('',*,*,#2240,.F.);
#2256=EDGE_LOOP('',(#2252,#2253,#2254,#2255));
#2257=FACE_OUTER_BOUND('',#2256,.F.);
#2258=ADVANCED_FACE('',(#2257),#2251,.F.);
#2259=CARTESIAN_POINT('',(-2.075E2,0.E0,-1.825E2));
#2260=DIRECTION('',(-1.E0,0.E0,0.E0));
#2261=DIRECTION('',(0.E0,0.E0,-1.E0));
#2262=AXIS2_PLACEMENT_3D('',#2259,#2260,#2261);
#2263=PLANE('',#2262);
#2264=ORIENTED_EDGE('',*,*,#1288,.F.);
#2266=ORIENTED_EDGE('',*,*,#2265,.T.);
#2267=ORIENTED_EDGE('',*,*,#1556,.T.);
#2269=ORIENTED_EDGE('',*,*,#2268,.F.);
#2270=EDGE_LOOP('',(#2264,#2266,#2267,#2269));
#2271=FACE_OUTER_BOUND('',#2270,.F.);
#2272=ADVANCED_FACE('',(#2271),#2263,.F.);
#2273=CARTESIAN_POINT('',(-1.821E2,0.E0,-1.825E2));
#2274=DIRECTION('',(0.E0,0.E0,1.E0));
#2275=DIRECTION('',(-1.E0,0.E0,0.E0));
#2276=AXIS2_PLACEMENT_3D('',#2273,#2274,#2275);
#2277=PLANE('',#2276);
#2278=ORIENTED_EDGE('',*,*,#1294,.F.);
#2280=ORIENTED_EDGE('',*,*,#2279,.T.);
#2281=ORIENTED_EDGE('',*,*,#1558,.T.);
#2282=ORIENTED_EDGE('',*,*,#2265,.F.);
#2283=EDGE_LOOP('',(#2278,#2280,#2281,#2282));
#2284=FACE_OUTER_BOUND('',#2283,.F.);
#2285=ADVANCED_FACE('',(#2284),#2277,.F.);
#2286=CARTESIAN_POINT('',(-1.821E2,0.E0,-2.079E2));
#2287=DIRECTION('',(1.E0,0.E0,0.E0));
#2288=DIRECTION('',(0.E0,0.E0,1.E0));
#2289=AXIS2_PLACEMENT_3D('',#2286,#2287,#2288);
#2290=PLANE('',#2289);
#2291=ORIENTED_EDGE('',*,*,#1292,.F.);
#2293=ORIENTED_EDGE('',*,*,#2292,.T.);
#2294=ORIENTED_EDGE('',*,*,#1560,.T.);
#2295=ORIENTED_EDGE('',*,*,#2279,.F.);
#2296=EDGE_LOOP('',(#2291,#2293,#2294,#2295));
#2297=FACE_OUTER_BOUND('',#2296,.F.);
#2298=ADVANCED_FACE('',(#2297),#2290,.F.);
#2299=CARTESIAN_POINT('',(-2.075E2,0.E0,-2.079E2));
#2300=DIRECTION('',(0.E0,0.E0,-1.E0));
#2301=DIRECTION('',(1.E0,0.E0,0.E0));
#2302=AXIS2_PLACEMENT_3D('',#2299,#2300,#2301);
#2303=PLANE('',#2302);
#2304=ORIENTED_EDGE('',*,*,#1290,.F.);
#2305=ORIENTED_EDGE('',*,*,#2268,.T.);
#2306=ORIENTED_EDGE('',*,*,#1562,.T.);
#2307=ORIENTED_EDGE('',*,*,#2292,.F.);
#2308=EDGE_LOOP('',(#2304,#2305,#2306,#2307));
#2309=FACE_OUTER_BOUND('',#2308,.F.);
#2310=ADVANCED_FACE('',(#2309),#2303,.F.);
#2311=CARTESIAN_POINT('',(-1.625E2,0.E0,-1.825E2));
#2312=DIRECTION('',(-1.E0,0.E0,0.E0));
#2313=DIRECTION('',(0.E0,0.E0,-1.E0));
#2314=AXIS2_PLACEMENT_3D('',#2311,#2312,#2313);
#2315=PLANE('',#2314);
#2316=ORIENTED_EDGE('',*,*,#1298,.F.);
#2318=ORIENTED_EDGE('',*,*,#2317,.T.);
#2319=ORIENTED_EDGE('',*,*,#1566,.T.);
#2321=ORIENTED_EDGE('',*,*,#2320,.F.);
#2322=EDGE_LOOP('',(#2316,#2318,#2319,#2321));
#2323=FACE_OUTER_BOUND('',#2322,.F.);
#2324=ADVANCED_FACE('',(#2323),#2315,.F.);
#2325=CARTESIAN_POINT('',(-1.371E2,0.E0,-1.825E2));
#2326=DIRECTION('',(0.E0,0.E0,1.E0));
#2327=DIRECTION('',(-1.E0,0.E0,0.E0));
#2328=AXIS2_PLACEMENT_3D('',#2325,#2326,#2327);
#2329=PLANE('',#2328);
#2330=ORIENTED_EDGE('',*,*,#1304,.F.);
#2332=ORIENTED_EDGE('',*,*,#2331,.T.);
#2333=ORIENTED_EDGE('',*,*,#1568,.T.);
#2334=ORIENTED_EDGE('',*,*,#2317,.F.);
#2335=EDGE_LOOP('',(#2330,#2332,#2333,#2334));
#2336=FACE_OUTER_BOUND('',#2335,.F.);
#2337=ADVANCED_FACE('',(#2336),#2329,.F.);
#2338=CARTESIAN_POINT('',(-1.371E2,0.E0,-2.079E2));
#2339=DIRECTION('',(1.E0,0.E0,0.E0));
#2340=DIRECTION('',(0.E0,0.E0,1.E0));
#2341=AXIS2_PLACEMENT_3D('',#2338,#2339,#2340);
#2342=PLANE('',#2341);
#2343=ORIENTED_EDGE('',*,*,#1302,.F.);
#2345=ORIENTED_EDGE('',*,*,#2344,.T.);
#2346=ORIENTED_EDGE('',*,*,#1570,.T.);
#2347=ORIENTED_EDGE('',*,*,#2331,.F.);
#2348=EDGE_LOOP('',(#2343,#2345,#2346,#2347));
#2349=FACE_OUTER_BOUND('',#2348,.F.);
#2350=ADVANCED_FACE('',(#2349),#2342,.F.);
#2351=CARTESIAN_POINT('',(-1.625E2,0.E0,-2.079E2));
#2352=DIRECTION('',(0.E0,0.E0,-1.E0));
#2353=DIRECTION('',(1.E0,0.E0,0.E0));
#2354=AXIS2_PLACEMENT_3D('',#2351,#2352,#2353);
#2355=PLANE('',#2354);
#2356=ORIENTED_EDGE('',*,*,#1300,.F.);
#2357=ORIENTED_EDGE('',*,*,#2320,.T.);
#2358=ORIENTED_EDGE('',*,*,#1572,.T.);
#2359=ORIENTED_EDGE('',*,*,#2344,.F.);
#2360=EDGE_LOOP('',(#2356,#2357,#2358,#2359));
#2361=FACE_OUTER_BOUND('',#2360,.F.);
#2362=ADVANCED_FACE('',(#2361),#2355,.F.);
#2363=CARTESIAN_POINT('',(-1.175E2,0.E0,-1.825E2));
#2364=DIRECTION('',(-1.E0,0.E0,0.E0));
#2365=DIRECTION('',(0.E0,0.E0,-1.E0));
#2366=AXIS2_PLACEMENT_3D('',#2363,#2364,#2365);
#2367=PLANE('',#2366);
#2368=ORIENTED_EDGE('',*,*,#1308,.F.);
#2370=ORIENTED_EDGE('',*,*,#2369,.T.);
#2371=ORIENTED_EDGE('',*,*,#1576,.T.);
#2373=ORIENTED_EDGE('',*,*,#2372,.F.);
#2374=EDGE_LOOP('',(#2368,#2370,#2371,#2373));
#2375=FACE_OUTER_BOUND('',#2374,.F.);
#2376=ADVANCED_FACE('',(#2375),#2367,.F.);
#2377=CARTESIAN_POINT('',(-9.21E1,0.E0,-1.825E2));
#2378=DIRECTION('',(0.E0,0.E0,1.E0));
#2379=DIRECTION('',(-1.E0,0.E0,0.E0));
#2380=AXIS2_PLACEMENT_3D('',#2377,#2378,#2379);
#2381=PLANE('',#2380);
#2382=ORIENTED_EDGE('',*,*,#1314,.F.);
#2384=ORIENTED_EDGE('',*,*,#2383,.T.);
#2385=ORIENTED_EDGE('',*,*,#1578,.T.);
#2386=ORIENTED_EDGE('',*,*,#2369,.F.);
#2387=EDGE_LOOP('',(#2382,#2384,#2385,#2386));
#2388=FACE_OUTER_BOUND('',#2387,.F.);
#2389=ADVANCED_FACE('',(#2388),#2381,.F.);
#2390=CARTESIAN_POINT('',(-9.21E1,0.E0,-2.079E2));
#2391=DIRECTION('',(1.E0,0.E0,0.E0));
#2392=DIRECTION('',(0.E0,0.E0,1.E0));
#2393=AXIS2_PLACEMENT_3D('',#2390,#2391,#2392);
#2394=PLANE('',#2393);
#2395=ORIENTED_EDGE('',*,*,#1312,.F.);
#2397=ORIENTED_EDGE('',*,*,#2396,.T.);
#2398=ORIENTED_EDGE('',*,*,#1580,.T.);
#2399=ORIENTED_EDGE('',*,*,#2383,.F.);
#2400=EDGE_LOOP('',(#2395,#2397,#2398,#2399));
#2401=FACE_OUTER_BOUND('',#2400,.F.);
#2402=ADVANCED_FACE('',(#2401),#2394,.F.);
#2403=CARTESIAN_POINT('',(-1.175E2,0.E0,-2.079E2));
#2404=DIRECTION('',(0.E0,0.E0,-1.E0));
#2405=DIRECTION('',(1.E0,0.E0,0.E0));
#2406=AXIS2_PLACEMENT_3D('',#2403,#2404,#2405);
#2407=PLANE('',#2406);
#2408=ORIENTED_EDGE('',*,*,#1310,.F.);
#2409=ORIENTED_EDGE('',*,*,#2372,.T.);
#2410=ORIENTED_EDGE('',*,*,#1582,.T.);
#2411=ORIENTED_EDGE('',*,*,#2396,.F.);
#2412=EDGE_LOOP('',(#2408,#2409,#2410,#2411));
#2413=FACE_OUTER_BOUND('',#2412,.F.);
#2414=ADVANCED_FACE('',(#2413),#2407,.F.);
#2415=CARTESIAN_POINT('',(-7.25E1,0.E0,-1.825E2));
#2416=DIRECTION('',(-1.E0,0.E0,0.E0));
#2417=DIRECTION('',(0.E0,0.E0,-1.E0));
#2418=AXIS2_PLACEMENT_3D('',#2415,#2416,#2417);
#2419=PLANE('',#2418);
#2420=ORIENTED_EDGE('',*,*,#1318,.F.);
#2422=ORIENTED_EDGE('',*,*,#2421,.T.);
#2423=ORIENTED_EDGE('',*,*,#1586,.T.);
#2425=ORIENTED_EDGE('',*,*,#2424,.F.);
#2426=EDGE_LOOP('',(#2420,#2422,#2423,#2425));
#2427=FACE_OUTER_BOUND('',#2426,.F.);
#2428=ADVANCED_FACE('',(#2427),#2419,.F.);
#2429=CARTESIAN_POINT('',(-4.71E1,0.E0,-1.825E2));
#2430=DIRECTION('',(0.E0,0.E0,1.E0));
#2431=DIRECTION('',(-1.E0,0.E0,0.E0));
#2432=AXIS2_PLACEMENT_3D('',#2429,#2430,#2431);
#2433=PLANE('',#2432);
#2434=ORIENTED_EDGE('',*,*,#1324,.F.);
#2436=ORIENTED_EDGE('',*,*,#2435,.T.);
#2437=ORIENTED_EDGE('',*,*,#1588,.T.);
#2438=ORIENTED_EDGE('',*,*,#2421,.F.);
#2439=EDGE_LOOP('',(#2434,#2436,#2437,#2438));
#2440=FACE_OUTER_BOUND('',#2439,.F.);
#2441=ADVANCED_FACE('',(#2440),#2433,.F.);
#2442=CARTESIAN_POINT('',(-4.71E1,0.E0,-2.079E2));
#2443=DIRECTION('',(1.E0,0.E0,0.E0));
#2444=DIRECTION('',(0.E0,0.E0,1.E0));
#2445=AXIS2_PLACEMENT_3D('',#2442,#2443,#2444);
#2446=PLANE('',#2445);
#2447=ORIENTED_EDGE('',*,*,#1322,.F.);
#2449=ORIENTED_EDGE('',*,*,#2448,.T.);
#2450=ORIENTED_EDGE('',*,*,#1590,.T.);
#2451=ORIENTED_EDGE('',*,*,#2435,.F.);
#2452=EDGE_LOOP('',(#2447,#2449,#2450,#2451));
#2453=FACE_OUTER_BOUND('',#2452,.F.);
#2454=ADVANCED_FACE('',(#2453),#2446,.F.);
#2455=CARTESIAN_POINT('',(-7.25E1,0.E0,-2.079E2));
#2456=DIRECTION('',(0.E0,0.E0,-1.E0));
#2457=DIRECTION('',(1.E0,0.E0,0.E0));
#2458=AXIS2_PLACEMENT_3D('',#2455,#2456,#2457);
#2459=PLANE('',#2458);
#2460=ORIENTED_EDGE('',*,*,#1320,.F.);
#2461=ORIENTED_EDGE('',*,*,#2424,.T.);
#2462=ORIENTED_EDGE('',*,*,#1592,.T.);
#2463=ORIENTED_EDGE('',*,*,#2448,.F.);
#2464=EDGE_LOOP('',(#2460,#2461,#2462,#2463));
#2465=FACE_OUTER_BOUND('',#2464,.F.);
#2466=ADVANCED_FACE('',(#2465),#2459,.F.);
#2470=DIMENSIONAL_EXPONENTS(0.E0,0.E0,0.E0,0.E0,0.E0,0.E0,0.E0);
#2472=PLANE_ANGLE_MEASURE_WITH_UNIT(PLANE_ANGLE_MEASURE(1.745329251994E-2),
#2471);
#2473=(CONVERSION_BASED_UNIT('DEGREE',#2472)NAMED_UNIT(*)PLANE_ANGLE_UNIT());
#2475=UNCERTAINTY_MEASURE_WITH_UNIT(LENGTH_MEASURE(1.E-2),#2469,'closure',
'Maximum model space distance between geometric entities at asserted connectivities');
#2476=(GEOMETRIC_REPRESENTATION_CONTEXT(3)GLOBAL_UNCERTAINTY_ASSIGNED_CONTEXT((
#2475))GLOBAL_UNIT_ASSIGNED_CONTEXT((#2469,#2473,#2474))REPRESENTATION_CONTEXT(
'ID1','3'));
#2478=APPLICATION_CONTEXT(
'CONFIGURATION CONTROLLED 3D DESIGNS OF MECHANICAL PARTS AND ASSEMBLIES');
#2479=APPLICATION_PROTOCOL_DEFINITION('international standard',
'config_control_design',1994,#2478);
#2480=DESIGN_CONTEXT('',#2478,'design');
#2481=MECHANICAL_CONTEXT('',#2478,'mechanical');
#2482=PRODUCT('HOTPLATECELL','HOTPLATECELL','NOT SPECIFIED',(#2481));
#2483=PRODUCT_DEFINITION_FORMATION_WITH_SPECIFIED_SOURCE('2','LAST_VERSION',
#2482,.MADE.);
#2487=PRODUCT_CATEGORY('part','');
#2488=PRODUCT_RELATED_PRODUCT_CATEGORY('detail','',(#2482));
#2489=PRODUCT_CATEGORY_RELATIONSHIP('','',#2487,#2488);
#2490=SECURITY_CLASSIFICATION_LEVEL('unclassified');
#2491=SECURITY_CLASSIFICATION('','',#2490);
#2492=CC_DESIGN_SECURITY_CLASSIFICATION(#2491,(#2483));
#2493=APPROVAL_STATUS('approved');
#2494=APPROVAL(#2493,'');
#2495=CC_DESIGN_APPROVAL(#2494,(#2491,#2483,#2484));
#2496=CALENDAR_DATE(126,27,5);
#2497=COORDINATED_UNIVERSAL_TIME_OFFSET(9,0,.AHEAD.);
#2498=LOCAL_TIME(16,30,2.E0,#2497);
#2499=DATE_AND_TIME(#2496,#2498);
#2500=APPROVAL_DATE_TIME(#2499,#2494);
#2501=DATE_TIME_ROLE('creation_date');
#2502=CC_DESIGN_DATE_AND_TIME_ASSIGNMENT(#2499,#2501,(#2484));
#2503=DATE_TIME_ROLE('classification_date');
#2504=CC_DESIGN_DATE_AND_TIME_ASSIGNMENT(#2499,#2503,(#2491));
#2505=PERSON('UNSPECIFIED','UNSPECIFIED',$,$,$,$);
#2506=ORGANIZATION('UNSPECIFIED','UNSPECIFIED','UNSPECIFIED');
#2507=PERSON_AND_ORGANIZATION(#2505,#2506);
#2508=APPROVAL_ROLE('approver');
#2509=APPROVAL_PERSON_ORGANIZATION(#2507,#2494,#2508);
#2510=PERSON_AND_ORGANIZATION_ROLE('creator');
#2511=CC_DESIGN_PERSON_AND_ORGANIZATION_ASSIGNMENT(#2507,#2510,(#2483,#2484));
#2512=PERSON_AND_ORGANIZATION_ROLE('design_supplier');
#2513=CC_DESIGN_PERSON_AND_ORGANIZATION_ASSIGNMENT(#2507,#2512,(#2483));
#2514=PERSON_AND_ORGANIZATION_ROLE('classification_officer');
#2515=CC_DESIGN_PERSON_AND_ORGANIZATION_ASSIGNMENT(#2507,#2514,(#2491));
#2516=PERSON_AND_ORGANIZATION_ROLE('design_owner');
#2517=CC_DESIGN_PERSON_AND_ORGANIZATION_ASSIGNMENT(#2507,#2516,(#2482));
#1158=EDGE_CURVE('',#867,#868,#4,.T.);
#1160=EDGE_CURVE('',#868,#870,#8,.T.);
#1162=EDGE_CURVE('',#870,#872,#12,.T.);
#1164=EDGE_CURVE('',#872,#867,#16,.T.);
#1168=EDGE_CURVE('',#899,#900,#20,.T.);
#1170=EDGE_CURVE('',#900,#902,#24,.T.);
#1172=EDGE_CURVE('',#902,#904,#28,.T.);
#1174=EDGE_CURVE('',#904,#899,#32,.T.);
#1178=EDGE_CURVE('',#915,#916,#36,.T.);
#1180=EDGE_CURVE('',#916,#918,#40,.T.);
#1182=EDGE_CURVE('',#918,#920,#44,.T.);
#1184=EDGE_CURVE('',#920,#915,#48,.T.);
#1188=EDGE_CURVE('',#931,#932,#52,.T.);
#1190=EDGE_CURVE('',#932,#934,#56,.T.);
#1192=EDGE_CURVE('',#934,#936,#60,.T.);
#1194=EDGE_CURVE('',#936,#931,#64,.T.);
#1198=EDGE_CURVE('',#947,#948,#68,.T.);
#1200=EDGE_CURVE('',#948,#950,#72,.T.);
#1202=EDGE_CURVE('',#950,#952,#76,.T.);
#1204=EDGE_CURVE('',#952,#947,#80,.T.);
#1208=EDGE_CURVE('',#963,#964,#84,.T.);
#1210=EDGE_CURVE('',#964,#966,#88,.T.);
#1212=EDGE_CURVE('',#966,#968,#92,.T.);
#1214=EDGE_CURVE('',#968,#963,#96,.T.);
#1218=EDGE_CURVE('',#979,#980,#100,.T.);
#1220=EDGE_CURVE('',#980,#982,#104,.T.);
#1222=EDGE_CURVE('',#982,#984,#108,.T.);
#1224=EDGE_CURVE('',#984,#979,#112,.T.);
#1228=EDGE_CURVE('',#995,#996,#116,.T.);
#1230=EDGE_CURVE('',#996,#998,#120,.T.);
#1232=EDGE_CURVE('',#998,#1000,#124,.T.);
#1234=EDGE_CURVE('',#1000,#995,#128,.T.);
#1238=EDGE_CURVE('',#1011,#1012,#132,.T.);
#1240=EDGE_CURVE('',#1012,#1014,#136,.T.);
#1242=EDGE_CURVE('',#1014,#1016,#140,.T.);
#1244=EDGE_CURVE('',#1016,#1011,#144,.T.);
#1248=EDGE_CURVE('',#1027,#1028,#148,.T.);
#1250=EDGE_CURVE('',#1028,#1030,#152,.T.);
#1252=EDGE_CURVE('',#1030,#1032,#156,.T.);
#1254=EDGE_CURVE('',#1032,#1027,#160,.T.);
#1258=EDGE_CURVE('',#1043,#1044,#164,.T.);
#1260=EDGE_CURVE('',#1044,#1046,#168,.T.);
#1262=EDGE_CURVE('',#1046,#1048,#172,.T.);
#1264=EDGE_CURVE('',#1048,#1043,#176,.T.);
#1268=EDGE_CURVE('',#1059,#1060,#180,.T.);
#1270=EDGE_CURVE('',#1060,#1062,#184,.T.);
#1272=EDGE_CURVE('',#1062,#1064,#188,.T.);
#1274=EDGE_CURVE('',#1064,#1059,#192,.T.);
#1278=EDGE_CURVE('',#1075,#1076,#196,.T.);
#1280=EDGE_CURVE('',#1076,#1078,#200,.T.);
#1282=EDGE_CURVE('',#1078,#1080,#204,.T.);
#1284=EDGE_CURVE('',#1080,#1075,#208,.T.);
#1288=EDGE_CURVE('',#1091,#1092,#212,.T.);
#1290=EDGE_CURVE('',#1092,#1094,#216,.T.);
#1292=EDGE_CURVE('',#1094,#1096,#220,.T.);
#1294=EDGE_CURVE('',#1096,#1091,#224,.T.);
#1298=EDGE_CURVE('',#1107,#1108,#228,.T.);
#1300=EDGE_CURVE('',#1108,#1110,#232,.T.);
#1302=EDGE_CURVE('',#1110,#1112,#236,.T.);
#1304=EDGE_CURVE('',#1112,#1107,#240,.T.);
#1308=EDGE_CURVE('',#1123,#1124,#244,.T.);
#1310=EDGE_CURVE('',#1124,#1126,#248,.T.);
#1312=EDGE_CURVE('',#1126,#1128,#252,.T.);
#1314=EDGE_CURVE('',#1128,#1123,#256,.T.);
#1318=EDGE_CURVE('',#1139,#1140,#260,.T.);
#1320=EDGE_CURVE('',#1140,#1142,#264,.T.);
#1322=EDGE_CURVE('',#1142,#1144,#268,.T.);
#1324=EDGE_CURVE('',#1144,#1139,#272,.T.);
#1335=EDGE_CURVE('',#867,#875,#276,.T.);
#1337=EDGE_CURVE('',#875,#876,#292,.T.);
#1339=EDGE_CURVE('',#868,#876,#288,.T.);
#1350=EDGE_CURVE('',#872,#880,#280,.T.);
#1352=EDGE_CURVE('',#880,#875,#296,.T.);
#1364=EDGE_CURVE('',#870,#878,#284,.T.);
#1366=EDGE_CURVE('',#878,#880,#300,.T.);
#1379=EDGE_CURVE('',#876,#878,#304,.T.);
#1396=EDGE_CURVE('',#883,#884,#308,.T.);
#1398=EDGE_CURVE('',#888,#883,#312,.T.);
#1400=EDGE_CURVE('',#886,#888,#316,.T.);
#1402=EDGE_CURVE('',#884,#886,#320,.T.);
#1412=EDGE_CURVE('',#891,#892,#324,.T.);
#1414=EDGE_CURVE('',#891,#883,#328,.T.);
#1417=EDGE_CURVE('',#892,#884,#592,.T.);
#1428=EDGE_CURVE('',#892,#894,#588,.T.);
#1430=EDGE_CURVE('',#894,#896,#596,.T.);
#1432=EDGE_CURVE('',#896,#891,#604,.T.);
#1436=EDGE_CURVE('',#907,#908,#332,.T.);
#1438=EDGE_CURVE('',#912,#907,#336,.T.);
#1440=EDGE_CURVE('',#910,#912,#340,.T.);
#1442=EDGE_CURVE('',#908,#910,#344,.T.);
#1446=EDGE_CURVE('',#923,#924,#348,.T.);
#1448=EDGE_CURVE('',#928,#923,#352,.T.);
#1450=EDGE_CURVE('',#926,#928,#356,.T.);
#1452=EDGE_CURVE('',#924,#926,#360,.T.);
#1456=EDGE_CURVE('',#939,#940,#364,.T.);
#1458=EDGE_CURVE('',#944,#939,#368,.T.);
#1460=EDGE_CURVE('',#942,#944,#372,.T.);
#1462=EDGE_CURVE('',#940,#942,#376,.T.);
#1466=EDGE_CURVE('',#955,#956,#380,.T.);
#1468=EDGE_CURVE('',#960,#955,#384,.T.);
#1470=EDGE_CURVE('',#958,#960,#388,.T.);
#1472=EDGE_CURVE('',#956,#958,#392,.T.);
#1476=EDGE_CURVE('',#971,#972,#396,.T.);
#1478=EDGE_CURVE('',#976,#971,#400,.T.);
#1480=EDGE_CURVE('',#974,#976,#404,.T.);
#1482=EDGE_CURVE('',#972,#974,#408,.T.);
#1486=EDGE_CURVE('',#987,#988,#412,.T.);
#1488=EDGE_CURVE('',#992,#987,#416,.T.);
#1490=EDGE_CURVE('',#990,#992,#420,.T.);
#1492=EDGE_CURVE('',#988,#990,#424,.T.);
#1496=EDGE_CURVE('',#1003,#1004,#428,.T.);
#1498=EDGE_CURVE('',#1008,#1003,#432,.T.);
#1500=EDGE_CURVE('',#1006,#1008,#436,.T.);
#1502=EDGE_CURVE('',#1004,#1006,#440,.T.);
#1506=EDGE_CURVE('',#1019,#1020,#444,.T.);
#1508=EDGE_CURVE('',#1024,#1019,#448,.T.);
#1510=EDGE_CURVE('',#1022,#1024,#452,.T.);
#1512=EDGE_CURVE('',#1020,#1022,#456,.T.);
#1516=EDGE_CURVE('',#1035,#1036,#460,.T.);
#1518=EDGE_CURVE('',#1040,#1035,#464,.T.);
#1520=EDGE_CURVE('',#1038,#1040,#468,.T.);
#1522=EDGE_CURVE('',#1036,#1038,#472,.T.);
#1526=EDGE_CURVE('',#1051,#1052,#476,.T.);
#1528=EDGE_CURVE('',#1056,#1051,#480,.T.);
#1530=EDGE_CURVE('',#1054,#1056,#484,.T.);
#1532=EDGE_CURVE('',#1052,#1054,#488,.T.);
#1536=EDGE_CURVE('',#1067,#1068,#492,.T.);
#1538=EDGE_CURVE('',#1072,#1067,#496,.T.);
#1540=EDGE_CURVE('',#1070,#1072,#500,.T.);
#1542=EDGE_CURVE('',#1068,#1070,#504,.T.);
#1546=EDGE_CURVE('',#1083,#1084,#508,.T.);
#1548=EDGE_CURVE('',#1088,#1083,#512,.T.);
#1550=EDGE_CURVE('',#1086,#1088,#516,.T.);
#1552=EDGE_CURVE('',#1084,#1086,#520,.T.);
#1556=EDGE_CURVE('',#1099,#1100,#524,.T.);
#1558=EDGE_CURVE('',#1104,#1099,#528,.T.);
#1560=EDGE_CURVE('',#1102,#1104,#532,.T.);
#1562=EDGE_CURVE('',#1100,#1102,#536,.T.);
#1566=EDGE_CURVE('',#1115,#1116,#540,.T.);
#1568=EDGE_CURVE('',#1120,#1115,#544,.T.);
#1570=EDGE_CURVE('',#1118,#1120,#548,.T.);
#1572=EDGE_CURVE('',#1116,#1118,#552,.T.);
#1576=EDGE_CURVE('',#1131,#1132,#556,.T.);
#1578=EDGE_CURVE('',#1136,#1131,#560,.T.);
#1580=EDGE_CURVE('',#1134,#1136,#564,.T.);
#1582=EDGE_CURVE('',#1132,#1134,#568,.T.);
#1586=EDGE_CURVE('',#1147,#1148,#572,.T.);
#1588=EDGE_CURVE('',#1152,#1147,#576,.T.);
#1590=EDGE_CURVE('',#1150,#1152,#580,.T.);
#1592=EDGE_CURVE('',#1148,#1150,#584,.T.);
#1605=EDGE_CURVE('',#894,#886,#600,.T.);
#1618=EDGE_CURVE('',#896,#888,#608,.T.);
#1641=EDGE_CURVE('',#899,#907,#612,.T.);
#1644=EDGE_CURVE('',#900,#908,#624,.T.);
#1655=EDGE_CURVE('',#904,#912,#616,.T.);
#1668=EDGE_CURVE('',#902,#910,#620,.T.);
#1693=EDGE_CURVE('',#915,#923,#628,.T.);
#1696=EDGE_CURVE('',#916,#924,#640,.T.);
#1707=EDGE_CURVE('',#920,#928,#632,.T.);
#1720=EDGE_CURVE('',#918,#926,#636,.T.);
#1745=EDGE_CURVE('',#931,#939,#644,.T.);
#1748=EDGE_CURVE('',#932,#940,#656,.T.);
#1759=EDGE_CURVE('',#936,#944,#648,.T.);
#1772=EDGE_CURVE('',#934,#942,#652,.T.);
#1797=EDGE_CURVE('',#947,#955,#660,.T.);
#1800=EDGE_CURVE('',#948,#956,#672,.T.);
#1811=EDGE_CURVE('',#952,#960,#664,.T.);
#1824=EDGE_CURVE('',#950,#958,#668,.T.);
#1849=EDGE_CURVE('',#963,#971,#676,.T.);
#1852=EDGE_CURVE('',#964,#972,#688,.T.);
#1863=EDGE_CURVE('',#968,#976,#680,.T.);
#1876=EDGE_CURVE('',#966,#974,#684,.T.);
#1901=EDGE_CURVE('',#979,#987,#692,.T.);
#1904=EDGE_CURVE('',#980,#988,#704,.T.);
#1915=EDGE_CURVE('',#984,#992,#696,.T.);
#1928=EDGE_CURVE('',#982,#990,#700,.T.);
#1953=EDGE_CURVE('',#995,#1003,#708,.T.);
#1956=EDGE_CURVE('',#996,#1004,#720,.T.);
#1967=EDGE_CURVE('',#1000,#1008,#712,.T.);
#1980=EDGE_CURVE('',#998,#1006,#716,.T.);
#2005=EDGE_CURVE('',#1011,#1019,#724,.T.);
#2008=EDGE_CURVE('',#1012,#1020,#736,.T.);
#2019=EDGE_CURVE('',#1016,#1024,#728,.T.);
#2032=EDGE_CURVE('',#1014,#1022,#732,.T.);
#2057=EDGE_CURVE('',#1027,#1035,#740,.T.);
#2060=EDGE_CURVE('',#1028,#1036,#752,.T.);
#2071=EDGE_CURVE('',#1032,#1040,#744,.T.);
#2084=EDGE_CURVE('',#1030,#1038,#748,.T.);
#2109=EDGE_CURVE('',#1043,#1051,#756,.T.);
#2112=EDGE_CURVE('',#1044,#1052,#768,.T.);
#2123=EDGE_CURVE('',#1048,#1056,#760,.T.);
#2136=EDGE_CURVE('',#1046,#1054,#764,.T.);
#2161=EDGE_CURVE('',#1059,#1067,#772,.T.);
#2164=EDGE_CURVE('',#1060,#1068,#784,.T.);
#2175=EDGE_CURVE('',#1064,#1072,#776,.T.);
#2188=EDGE_CURVE('',#1062,#1070,#780,.T.);
#2213=EDGE_CURVE('',#1075,#1083,#788,.T.);
#2216=EDGE_CURVE('',#1076,#1084,#800,.T.);
#2227=EDGE_CURVE('',#1080,#1088,#792,.T.);
#2240=EDGE_CURVE('',#1078,#1086,#796,.T.);
#2265=EDGE_CURVE('',#1091,#1099,#804,.T.);
#2268=EDGE_CURVE('',#1092,#1100,#816,.T.);
#2279=EDGE_CURVE('',#1096,#1104,#808,.T.);
#2292=EDGE_CURVE('',#1094,#1102,#812,.T.);
#2317=EDGE_CURVE('',#1107,#1115,#820,.T.);
#2320=EDGE_CURVE('',#1108,#1116,#832,.T.);
#2331=EDGE_CURVE('',#1112,#1120,#824,.T.);
#2344=EDGE_CURVE('',#1110,#1118,#828,.T.);
#2369=EDGE_CURVE('',#1123,#1131,#836,.T.);
#2372=EDGE_CURVE('',#1124,#1132,#848,.T.);
#2383=EDGE_CURVE('',#1128,#1136,#840,.T.);
#2396=EDGE_CURVE('',#1126,#1134,#844,.T.);
#2421=EDGE_CURVE('',#1139,#1147,#852,.T.);
#2424=EDGE_CURVE('',#1140,#1148,#864,.T.);
#2435=EDGE_CURVE('',#1144,#1152,#856,.T.);
#2448=EDGE_CURVE('',#1142,#1150,#860,.T.);
#2467=CLOSED_SHELL('',(#1328,#1343,#1357,#1371,#1384,#1406,#1421,#1596,#1609,
#1622,#1634,#1648,#1661,#1674,#1686,#1700,#1713,#1726,#1738,#1752,#1765,#1778,
#1790,#1804,#1817,#1830,#1842,#1856,#1869,#1882,#1894,#1908,#1921,#1934,#1946,
#1960,#1973,#1986,#1998,#2012,#2025,#2038,#2050,#2064,#2077,#2090,#2102,#2116,
#2129,#2142,#2154,#2168,#2181,#2194,#2206,#2220,#2233,#2246,#2258,#2272,#2285,
#2298,#2310,#2324,#2337,#2350,#2362,#2376,#2389,#2402,#2414,#2428,#2441,#2454,
#2466));
#2468=MANIFOLD_SOLID_BREP('',#2467);
#2469=(LENGTH_UNIT()NAMED_UNIT(*)SI_UNIT(.MILLI.,.METRE.));
#2471=(NAMED_UNIT(*)PLANE_ANGLE_UNIT()SI_UNIT($,.RADIAN.));
#2474=(NAMED_UNIT(*)SI_UNIT($,.STERADIAN.)SOLID_ANGLE_UNIT());
#2477=ADVANCED_BREP_SHAPE_REPRESENTATION('',(#2468),#2476);
#2484=PRODUCT_DEFINITION('design','',#2483,#2480);
#2485=PRODUCT_DEFINITION_SHAPE('','SHAPE FOR HOTPLATECELL.',#2484);
#2486=SHAPE_DEFINITION_REPRESENTATION(#2485,#2477);
ENDSEC;
END-ISO-10303-21;
