ISO-10303-21;
HEADER;
FILE_DESCRIPTION((''),'2;1');
FILE_NAME('PIPETTIPRACK','2026-06-04T13:37:47',('user'),(''),
'CREO PARAMETRIC BY PTC INC, 2025102','CREO PARAMETRIC BY PTC INC, 2025102','');
FILE_SCHEMA(('CONFIG_CONTROL_DESIGN'));
ENDSEC;
DATA;
#1=CARTESIAN_POINT('',(0.E0,0.E0,0.E0));
#2=DIRECTION('',(0.E0,-1.E0,0.E0));
#3=DIRECTION('',(1.E0,0.E0,0.E0));
#4=AXIS2_PLACEMENT_3D('',#1,#2,#3);
#6=CARTESIAN_POINT('',(0.E0,0.E0,0.E0));
#7=DIRECTION('',(0.E0,-1.E0,0.E0));
#8=DIRECTION('',(-1.E0,0.E0,0.E0));
#9=AXIS2_PLACEMENT_3D('',#6,#7,#8);
#11=CARTESIAN_POINT('',(-1.25E2,0.E0,0.E0));
#12=DIRECTION('',(0.E0,-1.E0,0.E0));
#13=DIRECTION('',(1.E0,0.E0,0.E0));
#14=AXIS2_PLACEMENT_3D('',#11,#12,#13);
#16=CARTESIAN_POINT('',(-1.25E2,0.E0,0.E0));
#17=DIRECTION('',(0.E0,-1.E0,0.E0));
#18=DIRECTION('',(-1.E0,0.E0,0.E0));
#19=AXIS2_PLACEMENT_3D('',#16,#17,#18);
#21=CARTESIAN_POINT('',(0.E0,0.E0,5.E1));
#22=DIRECTION('',(0.E0,-1.E0,0.E0));
#23=DIRECTION('',(1.E0,0.E0,0.E0));
#24=AXIS2_PLACEMENT_3D('',#21,#22,#23);
#26=CARTESIAN_POINT('',(0.E0,0.E0,5.E1));
#27=DIRECTION('',(0.E0,-1.E0,0.E0));
#28=DIRECTION('',(-1.E0,0.E0,0.E0));
#29=AXIS2_PLACEMENT_3D('',#26,#27,#28);
#31=CARTESIAN_POINT('',(-1.25E2,0.E0,5.E1));
#32=DIRECTION('',(0.E0,-1.E0,0.E0));
#33=DIRECTION('',(1.E0,0.E0,0.E0));
#34=AXIS2_PLACEMENT_3D('',#31,#32,#33);
#36=CARTESIAN_POINT('',(-1.25E2,0.E0,5.E1));
#37=DIRECTION('',(0.E0,-1.E0,0.E0));
#38=DIRECTION('',(-1.E0,0.E0,0.E0));
#39=AXIS2_PLACEMENT_3D('',#36,#37,#38);
#41=DIRECTION('',(0.E0,0.E0,1.E0));
#42=VECTOR('',#41,8.E1);
#43=CARTESIAN_POINT('',(-1.325E2,0.E0,-1.5E1));
#44=LINE('',#43,#42);
#45=DIRECTION('',(1.E0,0.E0,0.E0));
#46=VECTOR('',#45,1.4E2);
#47=CARTESIAN_POINT('',(-1.325E2,0.E0,6.5E1));
#48=LINE('',#47,#46);
#49=DIRECTION('',(0.E0,0.E0,-1.E0));
#50=VECTOR('',#49,8.E1);
#51=CARTESIAN_POINT('',(7.5E0,0.E0,6.5E1));
#52=LINE('',#51,#50);
#53=DIRECTION('',(-1.E0,0.E0,0.E0));
#54=VECTOR('',#53,1.4E2);
#55=CARTESIAN_POINT('',(7.5E0,0.E0,-1.5E1));
#56=LINE('',#55,#54);
#57=DIRECTION('',(0.E0,1.E0,0.E0));
#58=VECTOR('',#57,1.E1);
#59=CARTESIAN_POINT('',(3.5E0,0.E0,0.E0));
#60=LINE('',#59,#58);
#61=DIRECTION('',(0.E0,1.E0,0.E0));
#62=VECTOR('',#61,1.E1);
#63=CARTESIAN_POINT('',(-3.5E0,0.E0,0.E0));
#64=LINE('',#63,#62);
#65=CARTESIAN_POINT('',(0.E0,1.E1,0.E0));
#66=DIRECTION('',(0.E0,-1.E0,0.E0));
#67=DIRECTION('',(1.E0,0.E0,0.E0));
#68=AXIS2_PLACEMENT_3D('',#65,#66,#67);
#70=CARTESIAN_POINT('',(0.E0,1.E1,0.E0));
#71=DIRECTION('',(0.E0,-1.E0,0.E0));
#72=DIRECTION('',(-1.E0,0.E0,0.E0));
#73=AXIS2_PLACEMENT_3D('',#70,#71,#72);
#75=CARTESIAN_POINT('',(-1.25E2,1.E1,0.E0));
#76=DIRECTION('',(0.E0,-1.E0,0.E0));
#77=DIRECTION('',(1.E0,0.E0,0.E0));
#78=AXIS2_PLACEMENT_3D('',#75,#76,#77);
#80=CARTESIAN_POINT('',(-1.25E2,1.E1,0.E0));
#81=DIRECTION('',(0.E0,-1.E0,0.E0));
#82=DIRECTION('',(-1.E0,0.E0,0.E0));
#83=AXIS2_PLACEMENT_3D('',#80,#81,#82);
#85=CARTESIAN_POINT('',(0.E0,1.E1,5.E1));
#86=DIRECTION('',(0.E0,-1.E0,0.E0));
#87=DIRECTION('',(1.E0,0.E0,0.E0));
#88=AXIS2_PLACEMENT_3D('',#85,#86,#87);
#90=CARTESIAN_POINT('',(0.E0,1.E1,5.E1));
#91=DIRECTION('',(0.E0,-1.E0,0.E0));
#92=DIRECTION('',(-1.E0,0.E0,0.E0));
#93=AXIS2_PLACEMENT_3D('',#90,#91,#92);
#95=CARTESIAN_POINT('',(-1.25E2,1.E1,5.E1));
#96=DIRECTION('',(0.E0,-1.E0,0.E0));
#97=DIRECTION('',(1.E0,0.E0,0.E0));
#98=AXIS2_PLACEMENT_3D('',#95,#96,#97);
#100=CARTESIAN_POINT('',(-1.25E2,1.E1,5.E1));
#101=DIRECTION('',(0.E0,-1.E0,0.E0));
#102=DIRECTION('',(-1.E0,0.E0,0.E0));
#103=AXIS2_PLACEMENT_3D('',#100,#101,#102);
#105=DIRECTION('',(0.E0,0.E0,1.E0));
#106=VECTOR('',#105,8.E1);
#107=CARTESIAN_POINT('',(-1.175E2,1.E1,-1.5E1));
#108=LINE('',#107,#106);
#109=DIRECTION('',(1.E0,0.E0,0.E0));
#110=VECTOR('',#109,1.5E1);
#111=CARTESIAN_POINT('',(-1.325E2,1.E1,6.5E1));
#112=LINE('',#111,#110);
#113=DIRECTION('',(0.E0,0.E0,1.E0));
#114=VECTOR('',#113,8.E1);
#115=CARTESIAN_POINT('',(-1.325E2,1.E1,-1.5E1));
#116=LINE('',#115,#114);
#117=DIRECTION('',(-1.E0,0.E0,0.E0));
#118=VECTOR('',#117,1.5E1);
#119=CARTESIAN_POINT('',(-1.175E2,1.E1,-1.5E1));
#120=LINE('',#119,#118);
#121=DIRECTION('',(0.E0,0.E0,-1.E0));
#122=VECTOR('',#121,8.E1);
#123=CARTESIAN_POINT('',(-7.5E0,1.E1,6.5E1));
#124=LINE('',#123,#122);
#125=DIRECTION('',(-1.E0,0.E0,0.E0));
#126=VECTOR('',#125,1.5E1);
#127=CARTESIAN_POINT('',(7.5E0,1.E1,-1.5E1));
#128=LINE('',#127,#126);
#129=DIRECTION('',(0.E0,0.E0,-1.E0));
#130=VECTOR('',#129,8.E1);
#131=CARTESIAN_POINT('',(7.5E0,1.E1,6.5E1));
#132=LINE('',#131,#130);
#133=DIRECTION('',(1.E0,0.E0,0.E0));
#134=VECTOR('',#133,1.5E1);
#135=CARTESIAN_POINT('',(-7.5E0,1.E1,6.5E1));
#136=LINE('',#135,#134);
#137=DIRECTION('',(0.E0,1.E0,0.E0));
#138=VECTOR('',#137,1.E1);
#139=CARTESIAN_POINT('',(-1.215E2,0.E0,0.E0));
#140=LINE('',#139,#138);
#141=DIRECTION('',(0.E0,1.E0,0.E0));
#142=VECTOR('',#141,1.E1);
#143=CARTESIAN_POINT('',(-1.285E2,0.E0,0.E0));
#144=LINE('',#143,#142);
#145=DIRECTION('',(0.E0,1.E0,0.E0));
#146=VECTOR('',#145,1.E1);
#147=CARTESIAN_POINT('',(3.5E0,0.E0,5.E1));
#148=LINE('',#147,#146);
#149=DIRECTION('',(0.E0,1.E0,0.E0));
#150=VECTOR('',#149,1.E1);
#151=CARTESIAN_POINT('',(-3.5E0,0.E0,5.E1));
#152=LINE('',#151,#150);
#153=DIRECTION('',(0.E0,1.E0,0.E0));
#154=VECTOR('',#153,1.E1);
#155=CARTESIAN_POINT('',(-1.215E2,0.E0,5.E1));
#156=LINE('',#155,#154);
#157=DIRECTION('',(0.E0,1.E0,0.E0));
#158=VECTOR('',#157,1.E1);
#159=CARTESIAN_POINT('',(-1.285E2,0.E0,5.E1));
#160=LINE('',#159,#158);
#161=DIRECTION('',(0.E0,1.E0,0.E0));
#162=VECTOR('',#161,1.4E2);
#163=CARTESIAN_POINT('',(-1.175E2,1.E1,-1.5E1));
#164=LINE('',#163,#162);
#165=DIRECTION('',(0.E0,1.E0,0.E0));
#166=VECTOR('',#165,1.4E2);
#167=CARTESIAN_POINT('',(-7.5E0,1.E1,-1.5E1));
#168=LINE('',#167,#166);
#169=DIRECTION('',(0.E0,1.E0,0.E0));
#170=VECTOR('',#169,1.E1);
#171=CARTESIAN_POINT('',(7.5E0,0.E0,-1.5E1));
#172=LINE('',#171,#170);
#173=DIRECTION('',(0.E0,1.E0,0.E0));
#174=VECTOR('',#173,1.4E2);
#175=CARTESIAN_POINT('',(-7.5E0,1.E1,6.5E1));
#176=LINE('',#175,#174);
#177=DIRECTION('',(0.E0,1.E0,0.E0));
#178=VECTOR('',#177,1.4E2);
#179=CARTESIAN_POINT('',(-1.175E2,1.E1,6.5E1));
#180=LINE('',#179,#178);
#181=DIRECTION('',(0.E0,1.E0,0.E0));
#182=VECTOR('',#181,1.E1);
#183=CARTESIAN_POINT('',(-1.325E2,0.E0,6.5E1));
#184=LINE('',#183,#182);
#185=DIRECTION('',(0.E0,0.E0,1.E0));
#186=VECTOR('',#185,8.E1);
#187=CARTESIAN_POINT('',(-1.175E2,1.5E2,-1.5E1));
#188=LINE('',#187,#186);
#189=DIRECTION('',(-1.E0,0.E0,0.E0));
#190=VECTOR('',#189,1.1E2);
#191=CARTESIAN_POINT('',(-7.5E0,1.5E2,-1.5E1));
#192=LINE('',#191,#190);
#193=DIRECTION('',(0.E0,0.E0,-1.E0));
#194=VECTOR('',#193,8.E1);
#195=CARTESIAN_POINT('',(-7.5E0,1.5E2,6.5E1));
#196=LINE('',#195,#194);
#197=DIRECTION('',(1.E0,0.E0,0.E0));
#198=VECTOR('',#197,1.1E2);
#199=CARTESIAN_POINT('',(-1.175E2,1.5E2,6.5E1));
#200=LINE('',#199,#198);
#201=CARTESIAN_POINT('',(-1.125E2,1.5E2,-1.E1));
#202=DIRECTION('',(0.E0,1.E0,0.E0));
#203=DIRECTION('',(1.E0,0.E0,0.E0));
#204=AXIS2_PLACEMENT_3D('',#201,#202,#203);
#206=CARTESIAN_POINT('',(-1.125E2,1.5E2,-1.E1));
#207=DIRECTION('',(0.E0,1.E0,0.E0));
#208=DIRECTION('',(-1.E0,0.E0,0.E0));
#209=AXIS2_PLACEMENT_3D('',#206,#207,#208);
#211=CARTESIAN_POINT('',(-1.025E2,1.5E2,-1.E1));
#212=DIRECTION('',(0.E0,1.E0,0.E0));
#213=DIRECTION('',(1.E0,0.E0,0.E0));
#214=AXIS2_PLACEMENT_3D('',#211,#212,#213);
#216=CARTESIAN_POINT('',(-1.025E2,1.5E2,-1.E1));
#217=DIRECTION('',(0.E0,1.E0,0.E0));
#218=DIRECTION('',(-1.E0,0.E0,0.E0));
#219=AXIS2_PLACEMENT_3D('',#216,#217,#218);
#221=CARTESIAN_POINT('',(-9.25E1,1.5E2,-1.E1));
#222=DIRECTION('',(0.E0,1.E0,0.E0));
#223=DIRECTION('',(1.E0,0.E0,0.E0));
#224=AXIS2_PLACEMENT_3D('',#221,#222,#223);
#226=CARTESIAN_POINT('',(-9.25E1,1.5E2,-1.E1));
#227=DIRECTION('',(0.E0,1.E0,0.E0));
#228=DIRECTION('',(-1.E0,0.E0,0.E0));
#229=AXIS2_PLACEMENT_3D('',#226,#227,#228);
#231=CARTESIAN_POINT('',(-8.25E1,1.5E2,-1.E1));
#232=DIRECTION('',(0.E0,1.E0,0.E0));
#233=DIRECTION('',(1.E0,0.E0,0.E0));
#234=AXIS2_PLACEMENT_3D('',#231,#232,#233);
#236=CARTESIAN_POINT('',(-8.25E1,1.5E2,-1.E1));
#237=DIRECTION('',(0.E0,1.E0,0.E0));
#238=DIRECTION('',(-1.E0,0.E0,0.E0));
#239=AXIS2_PLACEMENT_3D('',#236,#237,#238);
#241=CARTESIAN_POINT('',(-7.25E1,1.5E2,-1.E1));
#242=DIRECTION('',(0.E0,1.E0,0.E0));
#243=DIRECTION('',(1.E0,0.E0,0.E0));
#244=AXIS2_PLACEMENT_3D('',#241,#242,#243);
#246=CARTESIAN_POINT('',(-7.25E1,1.5E2,-1.E1));
#247=DIRECTION('',(0.E0,1.E0,0.E0));
#248=DIRECTION('',(-1.E0,0.E0,0.E0));
#249=AXIS2_PLACEMENT_3D('',#246,#247,#248);
#251=CARTESIAN_POINT('',(-6.25E1,1.5E2,-1.E1));
#252=DIRECTION('',(0.E0,1.E0,0.E0));
#253=DIRECTION('',(1.E0,0.E0,0.E0));
#254=AXIS2_PLACEMENT_3D('',#251,#252,#253);
#256=CARTESIAN_POINT('',(-6.25E1,1.5E2,-1.E1));
#257=DIRECTION('',(0.E0,1.E0,0.E0));
#258=DIRECTION('',(-1.E0,0.E0,0.E0));
#259=AXIS2_PLACEMENT_3D('',#256,#257,#258);
#261=CARTESIAN_POINT('',(-5.25E1,1.5E2,-1.E1));
#262=DIRECTION('',(0.E0,1.E0,0.E0));
#263=DIRECTION('',(1.E0,0.E0,0.E0));
#264=AXIS2_PLACEMENT_3D('',#261,#262,#263);
#266=CARTESIAN_POINT('',(-5.25E1,1.5E2,-1.E1));
#267=DIRECTION('',(0.E0,1.E0,0.E0));
#268=DIRECTION('',(-1.E0,0.E0,0.E0));
#269=AXIS2_PLACEMENT_3D('',#266,#267,#268);
#271=CARTESIAN_POINT('',(-4.25E1,1.5E2,-1.E1));
#272=DIRECTION('',(0.E0,1.E0,0.E0));
#273=DIRECTION('',(1.E0,0.E0,0.E0));
#274=AXIS2_PLACEMENT_3D('',#271,#272,#273);
#276=CARTESIAN_POINT('',(-4.25E1,1.5E2,-1.E1));
#277=DIRECTION('',(0.E0,1.E0,0.E0));
#278=DIRECTION('',(-1.E0,0.E0,0.E0));
#279=AXIS2_PLACEMENT_3D('',#276,#277,#278);
#281=CARTESIAN_POINT('',(-3.25E1,1.5E2,-1.E1));
#282=DIRECTION('',(0.E0,1.E0,0.E0));
#283=DIRECTION('',(1.E0,0.E0,0.E0));
#284=AXIS2_PLACEMENT_3D('',#281,#282,#283);
#286=CARTESIAN_POINT('',(-3.25E1,1.5E2,-1.E1));
#287=DIRECTION('',(0.E0,1.E0,0.E0));
#288=DIRECTION('',(-1.E0,0.E0,0.E0));
#289=AXIS2_PLACEMENT_3D('',#286,#287,#288);
#291=CARTESIAN_POINT('',(-2.25E1,1.5E2,-1.E1));
#292=DIRECTION('',(0.E0,1.E0,0.E0));
#293=DIRECTION('',(1.E0,0.E0,0.E0));
#294=AXIS2_PLACEMENT_3D('',#291,#292,#293);
#296=CARTESIAN_POINT('',(-2.25E1,1.5E2,-1.E1));
#297=DIRECTION('',(0.E0,1.E0,0.E0));
#298=DIRECTION('',(-1.E0,0.E0,0.E0));
#299=AXIS2_PLACEMENT_3D('',#296,#297,#298);
#301=CARTESIAN_POINT('',(-1.25E1,1.5E2,-1.E1));
#302=DIRECTION('',(0.E0,1.E0,0.E0));
#303=DIRECTION('',(1.E0,0.E0,0.E0));
#304=AXIS2_PLACEMENT_3D('',#301,#302,#303);
#306=CARTESIAN_POINT('',(-1.25E1,1.5E2,-1.E1));
#307=DIRECTION('',(0.E0,1.E0,0.E0));
#308=DIRECTION('',(-1.E0,0.E0,0.E0));
#309=AXIS2_PLACEMENT_3D('',#306,#307,#308);
#311=CARTESIAN_POINT('',(-1.125E2,1.5E2,0.E0));
#312=DIRECTION('',(0.E0,1.E0,0.E0));
#313=DIRECTION('',(1.E0,0.E0,0.E0));
#314=AXIS2_PLACEMENT_3D('',#311,#312,#313);
#316=CARTESIAN_POINT('',(-1.125E2,1.5E2,0.E0));
#317=DIRECTION('',(0.E0,1.E0,0.E0));
#318=DIRECTION('',(-1.E0,0.E0,0.E0));
#319=AXIS2_PLACEMENT_3D('',#316,#317,#318);
#321=CARTESIAN_POINT('',(-1.025E2,1.5E2,0.E0));
#322=DIRECTION('',(0.E0,1.E0,0.E0));
#323=DIRECTION('',(1.E0,0.E0,0.E0));
#324=AXIS2_PLACEMENT_3D('',#321,#322,#323);
#326=CARTESIAN_POINT('',(-1.025E2,1.5E2,0.E0));
#327=DIRECTION('',(0.E0,1.E0,0.E0));
#328=DIRECTION('',(-1.E0,0.E0,0.E0));
#329=AXIS2_PLACEMENT_3D('',#326,#327,#328);
#331=CARTESIAN_POINT('',(-9.25E1,1.5E2,0.E0));
#332=DIRECTION('',(0.E0,1.E0,0.E0));
#333=DIRECTION('',(1.E0,0.E0,0.E0));
#334=AXIS2_PLACEMENT_3D('',#331,#332,#333);
#336=CARTESIAN_POINT('',(-9.25E1,1.5E2,0.E0));
#337=DIRECTION('',(0.E0,1.E0,0.E0));
#338=DIRECTION('',(-1.E0,0.E0,0.E0));
#339=AXIS2_PLACEMENT_3D('',#336,#337,#338);
#341=CARTESIAN_POINT('',(-8.25E1,1.5E2,0.E0));
#342=DIRECTION('',(0.E0,1.E0,0.E0));
#343=DIRECTION('',(1.E0,0.E0,0.E0));
#344=AXIS2_PLACEMENT_3D('',#341,#342,#343);
#346=CARTESIAN_POINT('',(-8.25E1,1.5E2,0.E0));
#347=DIRECTION('',(0.E0,1.E0,0.E0));
#348=DIRECTION('',(-1.E0,0.E0,0.E0));
#349=AXIS2_PLACEMENT_3D('',#346,#347,#348);
#351=CARTESIAN_POINT('',(-7.25E1,1.5E2,0.E0));
#352=DIRECTION('',(0.E0,1.E0,0.E0));
#353=DIRECTION('',(1.E0,0.E0,0.E0));
#354=AXIS2_PLACEMENT_3D('',#351,#352,#353);
#356=CARTESIAN_POINT('',(-7.25E1,1.5E2,0.E0));
#357=DIRECTION('',(0.E0,1.E0,0.E0));
#358=DIRECTION('',(-1.E0,0.E0,0.E0));
#359=AXIS2_PLACEMENT_3D('',#356,#357,#358);
#361=CARTESIAN_POINT('',(-6.25E1,1.5E2,0.E0));
#362=DIRECTION('',(0.E0,1.E0,0.E0));
#363=DIRECTION('',(1.E0,0.E0,0.E0));
#364=AXIS2_PLACEMENT_3D('',#361,#362,#363);
#366=CARTESIAN_POINT('',(-6.25E1,1.5E2,0.E0));
#367=DIRECTION('',(0.E0,1.E0,0.E0));
#368=DIRECTION('',(-1.E0,0.E0,0.E0));
#369=AXIS2_PLACEMENT_3D('',#366,#367,#368);
#371=CARTESIAN_POINT('',(-5.25E1,1.5E2,0.E0));
#372=DIRECTION('',(0.E0,1.E0,0.E0));
#373=DIRECTION('',(1.E0,0.E0,0.E0));
#374=AXIS2_PLACEMENT_3D('',#371,#372,#373);
#376=CARTESIAN_POINT('',(-5.25E1,1.5E2,0.E0));
#377=DIRECTION('',(0.E0,1.E0,0.E0));
#378=DIRECTION('',(-1.E0,0.E0,0.E0));
#379=AXIS2_PLACEMENT_3D('',#376,#377,#378);
#381=CARTESIAN_POINT('',(-4.25E1,1.5E2,0.E0));
#382=DIRECTION('',(0.E0,1.E0,0.E0));
#383=DIRECTION('',(1.E0,0.E0,0.E0));
#384=AXIS2_PLACEMENT_3D('',#381,#382,#383);
#386=CARTESIAN_POINT('',(-4.25E1,1.5E2,0.E0));
#387=DIRECTION('',(0.E0,1.E0,0.E0));
#388=DIRECTION('',(-1.E0,0.E0,0.E0));
#389=AXIS2_PLACEMENT_3D('',#386,#387,#388);
#391=CARTESIAN_POINT('',(-3.25E1,1.5E2,0.E0));
#392=DIRECTION('',(0.E0,1.E0,0.E0));
#393=DIRECTION('',(1.E0,0.E0,0.E0));
#394=AXIS2_PLACEMENT_3D('',#391,#392,#393);
#396=CARTESIAN_POINT('',(-3.25E1,1.5E2,0.E0));
#397=DIRECTION('',(0.E0,1.E0,0.E0));
#398=DIRECTION('',(-1.E0,0.E0,0.E0));
#399=AXIS2_PLACEMENT_3D('',#396,#397,#398);
#401=CARTESIAN_POINT('',(-2.25E1,1.5E2,0.E0));
#402=DIRECTION('',(0.E0,1.E0,0.E0));
#403=DIRECTION('',(1.E0,0.E0,0.E0));
#404=AXIS2_PLACEMENT_3D('',#401,#402,#403);
#406=CARTESIAN_POINT('',(-2.25E1,1.5E2,0.E0));
#407=DIRECTION('',(0.E0,1.E0,0.E0));
#408=DIRECTION('',(-1.E0,0.E0,0.E0));
#409=AXIS2_PLACEMENT_3D('',#406,#407,#408);
#411=CARTESIAN_POINT('',(-1.25E1,1.5E2,0.E0));
#412=DIRECTION('',(0.E0,1.E0,0.E0));
#413=DIRECTION('',(1.E0,0.E0,0.E0));
#414=AXIS2_PLACEMENT_3D('',#411,#412,#413);
#416=CARTESIAN_POINT('',(-1.25E1,1.5E2,0.E0));
#417=DIRECTION('',(0.E0,1.E0,0.E0));
#418=DIRECTION('',(-1.E0,0.E0,0.E0));
#419=AXIS2_PLACEMENT_3D('',#416,#417,#418);
#421=CARTESIAN_POINT('',(-1.125E2,1.5E2,1.E1));
#422=DIRECTION('',(0.E0,1.E0,0.E0));
#423=DIRECTION('',(1.E0,0.E0,0.E0));
#424=AXIS2_PLACEMENT_3D('',#421,#422,#423);
#426=CARTESIAN_POINT('',(-1.125E2,1.5E2,1.E1));
#427=DIRECTION('',(0.E0,1.E0,0.E0));
#428=DIRECTION('',(-1.E0,0.E0,0.E0));
#429=AXIS2_PLACEMENT_3D('',#426,#427,#428);
#431=CARTESIAN_POINT('',(-1.025E2,1.5E2,1.E1));
#432=DIRECTION('',(0.E0,1.E0,0.E0));
#433=DIRECTION('',(1.E0,0.E0,0.E0));
#434=AXIS2_PLACEMENT_3D('',#431,#432,#433);
#436=CARTESIAN_POINT('',(-1.025E2,1.5E2,1.E1));
#437=DIRECTION('',(0.E0,1.E0,0.E0));
#438=DIRECTION('',(-1.E0,0.E0,0.E0));
#439=AXIS2_PLACEMENT_3D('',#436,#437,#438);
#441=CARTESIAN_POINT('',(-9.25E1,1.5E2,1.E1));
#442=DIRECTION('',(0.E0,1.E0,0.E0));
#443=DIRECTION('',(1.E0,0.E0,0.E0));
#444=AXIS2_PLACEMENT_3D('',#441,#442,#443);
#446=CARTESIAN_POINT('',(-9.25E1,1.5E2,1.E1));
#447=DIRECTION('',(0.E0,1.E0,0.E0));
#448=DIRECTION('',(-1.E0,0.E0,0.E0));
#449=AXIS2_PLACEMENT_3D('',#446,#447,#448);
#451=CARTESIAN_POINT('',(-8.25E1,1.5E2,1.E1));
#452=DIRECTION('',(0.E0,1.E0,0.E0));
#453=DIRECTION('',(1.E0,0.E0,0.E0));
#454=AXIS2_PLACEMENT_3D('',#451,#452,#453);
#456=CARTESIAN_POINT('',(-8.25E1,1.5E2,1.E1));
#457=DIRECTION('',(0.E0,1.E0,0.E0));
#458=DIRECTION('',(-1.E0,0.E0,0.E0));
#459=AXIS2_PLACEMENT_3D('',#456,#457,#458);
#461=CARTESIAN_POINT('',(-7.25E1,1.5E2,1.E1));
#462=DIRECTION('',(0.E0,1.E0,0.E0));
#463=DIRECTION('',(1.E0,0.E0,0.E0));
#464=AXIS2_PLACEMENT_3D('',#461,#462,#463);
#466=CARTESIAN_POINT('',(-7.25E1,1.5E2,1.E1));
#467=DIRECTION('',(0.E0,1.E0,0.E0));
#468=DIRECTION('',(-1.E0,0.E0,0.E0));
#469=AXIS2_PLACEMENT_3D('',#466,#467,#468);
#471=CARTESIAN_POINT('',(-6.25E1,1.5E2,1.E1));
#472=DIRECTION('',(0.E0,1.E0,0.E0));
#473=DIRECTION('',(1.E0,0.E0,0.E0));
#474=AXIS2_PLACEMENT_3D('',#471,#472,#473);
#476=CARTESIAN_POINT('',(-6.25E1,1.5E2,1.E1));
#477=DIRECTION('',(0.E0,1.E0,0.E0));
#478=DIRECTION('',(-1.E0,0.E0,0.E0));
#479=AXIS2_PLACEMENT_3D('',#476,#477,#478);
#481=CARTESIAN_POINT('',(-5.25E1,1.5E2,1.E1));
#482=DIRECTION('',(0.E0,1.E0,0.E0));
#483=DIRECTION('',(1.E0,0.E0,0.E0));
#484=AXIS2_PLACEMENT_3D('',#481,#482,#483);
#486=CARTESIAN_POINT('',(-5.25E1,1.5E2,1.E1));
#487=DIRECTION('',(0.E0,1.E0,0.E0));
#488=DIRECTION('',(-1.E0,0.E0,0.E0));
#489=AXIS2_PLACEMENT_3D('',#486,#487,#488);
#491=CARTESIAN_POINT('',(-4.25E1,1.5E2,1.E1));
#492=DIRECTION('',(0.E0,1.E0,0.E0));
#493=DIRECTION('',(1.E0,0.E0,0.E0));
#494=AXIS2_PLACEMENT_3D('',#491,#492,#493);
#496=CARTESIAN_POINT('',(-4.25E1,1.5E2,1.E1));
#497=DIRECTION('',(0.E0,1.E0,0.E0));
#498=DIRECTION('',(-1.E0,0.E0,0.E0));
#499=AXIS2_PLACEMENT_3D('',#496,#497,#498);
#501=CARTESIAN_POINT('',(-3.25E1,1.5E2,1.E1));
#502=DIRECTION('',(0.E0,1.E0,0.E0));
#503=DIRECTION('',(1.E0,0.E0,0.E0));
#504=AXIS2_PLACEMENT_3D('',#501,#502,#503);
#506=CARTESIAN_POINT('',(-3.25E1,1.5E2,1.E1));
#507=DIRECTION('',(0.E0,1.E0,0.E0));
#508=DIRECTION('',(-1.E0,0.E0,0.E0));
#509=AXIS2_PLACEMENT_3D('',#506,#507,#508);
#511=CARTESIAN_POINT('',(-2.25E1,1.5E2,1.E1));
#512=DIRECTION('',(0.E0,1.E0,0.E0));
#513=DIRECTION('',(1.E0,0.E0,0.E0));
#514=AXIS2_PLACEMENT_3D('',#511,#512,#513);
#516=CARTESIAN_POINT('',(-2.25E1,1.5E2,1.E1));
#517=DIRECTION('',(0.E0,1.E0,0.E0));
#518=DIRECTION('',(-1.E0,0.E0,0.E0));
#519=AXIS2_PLACEMENT_3D('',#516,#517,#518);
#521=CARTESIAN_POINT('',(-1.25E1,1.5E2,1.E1));
#522=DIRECTION('',(0.E0,1.E0,0.E0));
#523=DIRECTION('',(1.E0,0.E0,0.E0));
#524=AXIS2_PLACEMENT_3D('',#521,#522,#523);
#526=CARTESIAN_POINT('',(-1.25E1,1.5E2,1.E1));
#527=DIRECTION('',(0.E0,1.E0,0.E0));
#528=DIRECTION('',(-1.E0,0.E0,0.E0));
#529=AXIS2_PLACEMENT_3D('',#526,#527,#528);
#531=CARTESIAN_POINT('',(-1.125E2,1.5E2,2.E1));
#532=DIRECTION('',(0.E0,1.E0,0.E0));
#533=DIRECTION('',(1.E0,0.E0,0.E0));
#534=AXIS2_PLACEMENT_3D('',#531,#532,#533);
#536=CARTESIAN_POINT('',(-1.125E2,1.5E2,2.E1));
#537=DIRECTION('',(0.E0,1.E0,0.E0));
#538=DIRECTION('',(-1.E0,0.E0,0.E0));
#539=AXIS2_PLACEMENT_3D('',#536,#537,#538);
#541=CARTESIAN_POINT('',(-1.025E2,1.5E2,2.E1));
#542=DIRECTION('',(0.E0,1.E0,0.E0));
#543=DIRECTION('',(1.E0,0.E0,0.E0));
#544=AXIS2_PLACEMENT_3D('',#541,#542,#543);
#546=CARTESIAN_POINT('',(-1.025E2,1.5E2,2.E1));
#547=DIRECTION('',(0.E0,1.E0,0.E0));
#548=DIRECTION('',(-1.E0,0.E0,0.E0));
#549=AXIS2_PLACEMENT_3D('',#546,#547,#548);
#551=CARTESIAN_POINT('',(-9.25E1,1.5E2,2.E1));
#552=DIRECTION('',(0.E0,1.E0,0.E0));
#553=DIRECTION('',(1.E0,0.E0,0.E0));
#554=AXIS2_PLACEMENT_3D('',#551,#552,#553);
#556=CARTESIAN_POINT('',(-9.25E1,1.5E2,2.E1));
#557=DIRECTION('',(0.E0,1.E0,0.E0));
#558=DIRECTION('',(-1.E0,0.E0,0.E0));
#559=AXIS2_PLACEMENT_3D('',#556,#557,#558);
#561=CARTESIAN_POINT('',(-8.25E1,1.5E2,2.E1));
#562=DIRECTION('',(0.E0,1.E0,0.E0));
#563=DIRECTION('',(1.E0,0.E0,0.E0));
#564=AXIS2_PLACEMENT_3D('',#561,#562,#563);
#566=CARTESIAN_POINT('',(-8.25E1,1.5E2,2.E1));
#567=DIRECTION('',(0.E0,1.E0,0.E0));
#568=DIRECTION('',(-1.E0,0.E0,0.E0));
#569=AXIS2_PLACEMENT_3D('',#566,#567,#568);
#571=CARTESIAN_POINT('',(-7.25E1,1.5E2,2.E1));
#572=DIRECTION('',(0.E0,1.E0,0.E0));
#573=DIRECTION('',(1.E0,0.E0,0.E0));
#574=AXIS2_PLACEMENT_3D('',#571,#572,#573);
#576=CARTESIAN_POINT('',(-7.25E1,1.5E2,2.E1));
#577=DIRECTION('',(0.E0,1.E0,0.E0));
#578=DIRECTION('',(-1.E0,0.E0,0.E0));
#579=AXIS2_PLACEMENT_3D('',#576,#577,#578);
#581=CARTESIAN_POINT('',(-6.25E1,1.5E2,2.E1));
#582=DIRECTION('',(0.E0,1.E0,0.E0));
#583=DIRECTION('',(1.E0,0.E0,0.E0));
#584=AXIS2_PLACEMENT_3D('',#581,#582,#583);
#586=CARTESIAN_POINT('',(-6.25E1,1.5E2,2.E1));
#587=DIRECTION('',(0.E0,1.E0,0.E0));
#588=DIRECTION('',(-1.E0,0.E0,0.E0));
#589=AXIS2_PLACEMENT_3D('',#586,#587,#588);
#591=CARTESIAN_POINT('',(-5.25E1,1.5E2,2.E1));
#592=DIRECTION('',(0.E0,1.E0,0.E0));
#593=DIRECTION('',(1.E0,0.E0,0.E0));
#594=AXIS2_PLACEMENT_3D('',#591,#592,#593);
#596=CARTESIAN_POINT('',(-5.25E1,1.5E2,2.E1));
#597=DIRECTION('',(0.E0,1.E0,0.E0));
#598=DIRECTION('',(-1.E0,0.E0,0.E0));
#599=AXIS2_PLACEMENT_3D('',#596,#597,#598);
#601=CARTESIAN_POINT('',(-4.25E1,1.5E2,2.E1));
#602=DIRECTION('',(0.E0,1.E0,0.E0));
#603=DIRECTION('',(1.E0,0.E0,0.E0));
#604=AXIS2_PLACEMENT_3D('',#601,#602,#603);
#606=CARTESIAN_POINT('',(-4.25E1,1.5E2,2.E1));
#607=DIRECTION('',(0.E0,1.E0,0.E0));
#608=DIRECTION('',(-1.E0,0.E0,0.E0));
#609=AXIS2_PLACEMENT_3D('',#606,#607,#608);
#611=CARTESIAN_POINT('',(-3.25E1,1.5E2,2.E1));
#612=DIRECTION('',(0.E0,1.E0,0.E0));
#613=DIRECTION('',(1.E0,0.E0,0.E0));
#614=AXIS2_PLACEMENT_3D('',#611,#612,#613);
#616=CARTESIAN_POINT('',(-3.25E1,1.5E2,2.E1));
#617=DIRECTION('',(0.E0,1.E0,0.E0));
#618=DIRECTION('',(-1.E0,0.E0,0.E0));
#619=AXIS2_PLACEMENT_3D('',#616,#617,#618);
#621=CARTESIAN_POINT('',(-2.25E1,1.5E2,2.E1));
#622=DIRECTION('',(0.E0,1.E0,0.E0));
#623=DIRECTION('',(1.E0,0.E0,0.E0));
#624=AXIS2_PLACEMENT_3D('',#621,#622,#623);
#626=CARTESIAN_POINT('',(-2.25E1,1.5E2,2.E1));
#627=DIRECTION('',(0.E0,1.E0,0.E0));
#628=DIRECTION('',(-1.E0,0.E0,0.E0));
#629=AXIS2_PLACEMENT_3D('',#626,#627,#628);
#631=CARTESIAN_POINT('',(-1.25E1,1.5E2,2.E1));
#632=DIRECTION('',(0.E0,1.E0,0.E0));
#633=DIRECTION('',(1.E0,0.E0,0.E0));
#634=AXIS2_PLACEMENT_3D('',#631,#632,#633);
#636=CARTESIAN_POINT('',(-1.25E1,1.5E2,2.E1));
#637=DIRECTION('',(0.E0,1.E0,0.E0));
#638=DIRECTION('',(-1.E0,0.E0,0.E0));
#639=AXIS2_PLACEMENT_3D('',#636,#637,#638);
#641=CARTESIAN_POINT('',(-1.125E2,1.5E2,3.E1));
#642=DIRECTION('',(0.E0,1.E0,0.E0));
#643=DIRECTION('',(1.E0,0.E0,0.E0));
#644=AXIS2_PLACEMENT_3D('',#641,#642,#643);
#646=CARTESIAN_POINT('',(-1.125E2,1.5E2,3.E1));
#647=DIRECTION('',(0.E0,1.E0,0.E0));
#648=DIRECTION('',(-1.E0,0.E0,0.E0));
#649=AXIS2_PLACEMENT_3D('',#646,#647,#648);
#651=CARTESIAN_POINT('',(-1.025E2,1.5E2,3.E1));
#652=DIRECTION('',(0.E0,1.E0,0.E0));
#653=DIRECTION('',(1.E0,0.E0,0.E0));
#654=AXIS2_PLACEMENT_3D('',#651,#652,#653);
#656=CARTESIAN_POINT('',(-1.025E2,1.5E2,3.E1));
#657=DIRECTION('',(0.E0,1.E0,0.E0));
#658=DIRECTION('',(-1.E0,0.E0,0.E0));
#659=AXIS2_PLACEMENT_3D('',#656,#657,#658);
#661=CARTESIAN_POINT('',(-9.25E1,1.5E2,3.E1));
#662=DIRECTION('',(0.E0,1.E0,0.E0));
#663=DIRECTION('',(1.E0,0.E0,0.E0));
#664=AXIS2_PLACEMENT_3D('',#661,#662,#663);
#666=CARTESIAN_POINT('',(-9.25E1,1.5E2,3.E1));
#667=DIRECTION('',(0.E0,1.E0,0.E0));
#668=DIRECTION('',(-1.E0,0.E0,0.E0));
#669=AXIS2_PLACEMENT_3D('',#666,#667,#668);
#671=CARTESIAN_POINT('',(-8.25E1,1.5E2,3.E1));
#672=DIRECTION('',(0.E0,1.E0,0.E0));
#673=DIRECTION('',(1.E0,0.E0,0.E0));
#674=AXIS2_PLACEMENT_3D('',#671,#672,#673);
#676=CARTESIAN_POINT('',(-8.25E1,1.5E2,3.E1));
#677=DIRECTION('',(0.E0,1.E0,0.E0));
#678=DIRECTION('',(-1.E0,0.E0,0.E0));
#679=AXIS2_PLACEMENT_3D('',#676,#677,#678);
#681=CARTESIAN_POINT('',(-7.25E1,1.5E2,3.E1));
#682=DIRECTION('',(0.E0,1.E0,0.E0));
#683=DIRECTION('',(1.E0,0.E0,0.E0));
#684=AXIS2_PLACEMENT_3D('',#681,#682,#683);
#686=CARTESIAN_POINT('',(-7.25E1,1.5E2,3.E1));
#687=DIRECTION('',(0.E0,1.E0,0.E0));
#688=DIRECTION('',(-1.E0,0.E0,0.E0));
#689=AXIS2_PLACEMENT_3D('',#686,#687,#688);
#691=CARTESIAN_POINT('',(-6.25E1,1.5E2,3.E1));
#692=DIRECTION('',(0.E0,1.E0,0.E0));
#693=DIRECTION('',(1.E0,0.E0,0.E0));
#694=AXIS2_PLACEMENT_3D('',#691,#692,#693);
#696=CARTESIAN_POINT('',(-6.25E1,1.5E2,3.E1));
#697=DIRECTION('',(0.E0,1.E0,0.E0));
#698=DIRECTION('',(-1.E0,0.E0,0.E0));
#699=AXIS2_PLACEMENT_3D('',#696,#697,#698);
#701=CARTESIAN_POINT('',(-5.25E1,1.5E2,3.E1));
#702=DIRECTION('',(0.E0,1.E0,0.E0));
#703=DIRECTION('',(1.E0,0.E0,0.E0));
#704=AXIS2_PLACEMENT_3D('',#701,#702,#703);
#706=CARTESIAN_POINT('',(-5.25E1,1.5E2,3.E1));
#707=DIRECTION('',(0.E0,1.E0,0.E0));
#708=DIRECTION('',(-1.E0,0.E0,0.E0));
#709=AXIS2_PLACEMENT_3D('',#706,#707,#708);
#711=CARTESIAN_POINT('',(-4.25E1,1.5E2,3.E1));
#712=DIRECTION('',(0.E0,1.E0,0.E0));
#713=DIRECTION('',(1.E0,0.E0,0.E0));
#714=AXIS2_PLACEMENT_3D('',#711,#712,#713);
#716=CARTESIAN_POINT('',(-4.25E1,1.5E2,3.E1));
#717=DIRECTION('',(0.E0,1.E0,0.E0));
#718=DIRECTION('',(-1.E0,0.E0,0.E0));
#719=AXIS2_PLACEMENT_3D('',#716,#717,#718);
#721=CARTESIAN_POINT('',(-3.25E1,1.5E2,3.E1));
#722=DIRECTION('',(0.E0,1.E0,0.E0));
#723=DIRECTION('',(1.E0,0.E0,0.E0));
#724=AXIS2_PLACEMENT_3D('',#721,#722,#723);
#726=CARTESIAN_POINT('',(-3.25E1,1.5E2,3.E1));
#727=DIRECTION('',(0.E0,1.E0,0.E0));
#728=DIRECTION('',(-1.E0,0.E0,0.E0));
#729=AXIS2_PLACEMENT_3D('',#726,#727,#728);
#731=CARTESIAN_POINT('',(-2.25E1,1.5E2,3.E1));
#732=DIRECTION('',(0.E0,1.E0,0.E0));
#733=DIRECTION('',(1.E0,0.E0,0.E0));
#734=AXIS2_PLACEMENT_3D('',#731,#732,#733);
#736=CARTESIAN_POINT('',(-2.25E1,1.5E2,3.E1));
#737=DIRECTION('',(0.E0,1.E0,0.E0));
#738=DIRECTION('',(-1.E0,0.E0,0.E0));
#739=AXIS2_PLACEMENT_3D('',#736,#737,#738);
#741=CARTESIAN_POINT('',(-1.25E1,1.5E2,3.E1));
#742=DIRECTION('',(0.E0,1.E0,0.E0));
#743=DIRECTION('',(1.E0,0.E0,0.E0));
#744=AXIS2_PLACEMENT_3D('',#741,#742,#743);
#746=CARTESIAN_POINT('',(-1.25E1,1.5E2,3.E1));
#747=DIRECTION('',(0.E0,1.E0,0.E0));
#748=DIRECTION('',(-1.E0,0.E0,0.E0));
#749=AXIS2_PLACEMENT_3D('',#746,#747,#748);
#751=CARTESIAN_POINT('',(-1.125E2,1.5E2,4.E1));
#752=DIRECTION('',(0.E0,1.E0,0.E0));
#753=DIRECTION('',(1.E0,0.E0,0.E0));
#754=AXIS2_PLACEMENT_3D('',#751,#752,#753);
#756=CARTESIAN_POINT('',(-1.125E2,1.5E2,4.E1));
#757=DIRECTION('',(0.E0,1.E0,0.E0));
#758=DIRECTION('',(-1.E0,0.E0,0.E0));
#759=AXIS2_PLACEMENT_3D('',#756,#757,#758);
#761=CARTESIAN_POINT('',(-1.025E2,1.5E2,4.E1));
#762=DIRECTION('',(0.E0,1.E0,0.E0));
#763=DIRECTION('',(1.E0,0.E0,0.E0));
#764=AXIS2_PLACEMENT_3D('',#761,#762,#763);
#766=CARTESIAN_POINT('',(-1.025E2,1.5E2,4.E1));
#767=DIRECTION('',(0.E0,1.E0,0.E0));
#768=DIRECTION('',(-1.E0,0.E0,0.E0));
#769=AXIS2_PLACEMENT_3D('',#766,#767,#768);
#771=CARTESIAN_POINT('',(-9.25E1,1.5E2,4.E1));
#772=DIRECTION('',(0.E0,1.E0,0.E0));
#773=DIRECTION('',(1.E0,0.E0,0.E0));
#774=AXIS2_PLACEMENT_3D('',#771,#772,#773);
#776=CARTESIAN_POINT('',(-9.25E1,1.5E2,4.E1));
#777=DIRECTION('',(0.E0,1.E0,0.E0));
#778=DIRECTION('',(-1.E0,0.E0,0.E0));
#779=AXIS2_PLACEMENT_3D('',#776,#777,#778);
#781=CARTESIAN_POINT('',(-8.25E1,1.5E2,4.E1));
#782=DIRECTION('',(0.E0,1.E0,0.E0));
#783=DIRECTION('',(1.E0,0.E0,0.E0));
#784=AXIS2_PLACEMENT_3D('',#781,#782,#783);
#786=CARTESIAN_POINT('',(-8.25E1,1.5E2,4.E1));
#787=DIRECTION('',(0.E0,1.E0,0.E0));
#788=DIRECTION('',(-1.E0,0.E0,0.E0));
#789=AXIS2_PLACEMENT_3D('',#786,#787,#788);
#791=CARTESIAN_POINT('',(-7.25E1,1.5E2,4.E1));
#792=DIRECTION('',(0.E0,1.E0,0.E0));
#793=DIRECTION('',(1.E0,0.E0,0.E0));
#794=AXIS2_PLACEMENT_3D('',#791,#792,#793);
#796=CARTESIAN_POINT('',(-7.25E1,1.5E2,4.E1));
#797=DIRECTION('',(0.E0,1.E0,0.E0));
#798=DIRECTION('',(-1.E0,0.E0,0.E0));
#799=AXIS2_PLACEMENT_3D('',#796,#797,#798);
#801=CARTESIAN_POINT('',(-6.25E1,1.5E2,4.E1));
#802=DIRECTION('',(0.E0,1.E0,0.E0));
#803=DIRECTION('',(1.E0,0.E0,0.E0));
#804=AXIS2_PLACEMENT_3D('',#801,#802,#803);
#806=CARTESIAN_POINT('',(-6.25E1,1.5E2,4.E1));
#807=DIRECTION('',(0.E0,1.E0,0.E0));
#808=DIRECTION('',(-1.E0,0.E0,0.E0));
#809=AXIS2_PLACEMENT_3D('',#806,#807,#808);
#811=CARTESIAN_POINT('',(-5.25E1,1.5E2,4.E1));
#812=DIRECTION('',(0.E0,1.E0,0.E0));
#813=DIRECTION('',(1.E0,0.E0,0.E0));
#814=AXIS2_PLACEMENT_3D('',#811,#812,#813);
#816=CARTESIAN_POINT('',(-5.25E1,1.5E2,4.E1));
#817=DIRECTION('',(0.E0,1.E0,0.E0));
#818=DIRECTION('',(-1.E0,0.E0,0.E0));
#819=AXIS2_PLACEMENT_3D('',#816,#817,#818);
#821=CARTESIAN_POINT('',(-4.25E1,1.5E2,4.E1));
#822=DIRECTION('',(0.E0,1.E0,0.E0));
#823=DIRECTION('',(1.E0,0.E0,0.E0));
#824=AXIS2_PLACEMENT_3D('',#821,#822,#823);
#826=CARTESIAN_POINT('',(-4.25E1,1.5E2,4.E1));
#827=DIRECTION('',(0.E0,1.E0,0.E0));
#828=DIRECTION('',(-1.E0,0.E0,0.E0));
#829=AXIS2_PLACEMENT_3D('',#826,#827,#828);
#831=CARTESIAN_POINT('',(-3.25E1,1.5E2,4.E1));
#832=DIRECTION('',(0.E0,1.E0,0.E0));
#833=DIRECTION('',(1.E0,0.E0,0.E0));
#834=AXIS2_PLACEMENT_3D('',#831,#832,#833);
#836=CARTESIAN_POINT('',(-3.25E1,1.5E2,4.E1));
#837=DIRECTION('',(0.E0,1.E0,0.E0));
#838=DIRECTION('',(-1.E0,0.E0,0.E0));
#839=AXIS2_PLACEMENT_3D('',#836,#837,#838);
#841=CARTESIAN_POINT('',(-2.25E1,1.5E2,4.E1));
#842=DIRECTION('',(0.E0,1.E0,0.E0));
#843=DIRECTION('',(1.E0,0.E0,0.E0));
#844=AXIS2_PLACEMENT_3D('',#841,#842,#843);
#846=CARTESIAN_POINT('',(-2.25E1,1.5E2,4.E1));
#847=DIRECTION('',(0.E0,1.E0,0.E0));
#848=DIRECTION('',(-1.E0,0.E0,0.E0));
#849=AXIS2_PLACEMENT_3D('',#846,#847,#848);
#851=CARTESIAN_POINT('',(-1.25E1,1.5E2,4.E1));
#852=DIRECTION('',(0.E0,1.E0,0.E0));
#853=DIRECTION('',(1.E0,0.E0,0.E0));
#854=AXIS2_PLACEMENT_3D('',#851,#852,#853);
#856=CARTESIAN_POINT('',(-1.25E1,1.5E2,4.E1));
#857=DIRECTION('',(0.E0,1.E0,0.E0));
#858=DIRECTION('',(-1.E0,0.E0,0.E0));
#859=AXIS2_PLACEMENT_3D('',#856,#857,#858);
#861=CARTESIAN_POINT('',(-1.125E2,1.5E2,5.E1));
#862=DIRECTION('',(0.E0,1.E0,0.E0));
#863=DIRECTION('',(1.E0,0.E0,0.E0));
#864=AXIS2_PLACEMENT_3D('',#861,#862,#863);
#866=CARTESIAN_POINT('',(-1.125E2,1.5E2,5.E1));
#867=DIRECTION('',(0.E0,1.E0,0.E0));
#868=DIRECTION('',(-1.E0,0.E0,0.E0));
#869=AXIS2_PLACEMENT_3D('',#866,#867,#868);
#871=CARTESIAN_POINT('',(-1.025E2,1.5E2,5.E1));
#872=DIRECTION('',(0.E0,1.E0,0.E0));
#873=DIRECTION('',(1.E0,0.E0,0.E0));
#874=AXIS2_PLACEMENT_3D('',#871,#872,#873);
#876=CARTESIAN_POINT('',(-1.025E2,1.5E2,5.E1));
#877=DIRECTION('',(0.E0,1.E0,0.E0));
#878=DIRECTION('',(-1.E0,0.E0,0.E0));
#879=AXIS2_PLACEMENT_3D('',#876,#877,#878);
#881=CARTESIAN_POINT('',(-9.25E1,1.5E2,5.E1));
#882=DIRECTION('',(0.E0,1.E0,0.E0));
#883=DIRECTION('',(1.E0,0.E0,0.E0));
#884=AXIS2_PLACEMENT_3D('',#881,#882,#883);
#886=CARTESIAN_POINT('',(-9.25E1,1.5E2,5.E1));
#887=DIRECTION('',(0.E0,1.E0,0.E0));
#888=DIRECTION('',(-1.E0,0.E0,0.E0));
#889=AXIS2_PLACEMENT_3D('',#886,#887,#888);
#891=CARTESIAN_POINT('',(-8.25E1,1.5E2,5.E1));
#892=DIRECTION('',(0.E0,1.E0,0.E0));
#893=DIRECTION('',(1.E0,0.E0,0.E0));
#894=AXIS2_PLACEMENT_3D('',#891,#892,#893);
#896=CARTESIAN_POINT('',(-8.25E1,1.5E2,5.E1));
#897=DIRECTION('',(0.E0,1.E0,0.E0));
#898=DIRECTION('',(-1.E0,0.E0,0.E0));
#899=AXIS2_PLACEMENT_3D('',#896,#897,#898);
#901=CARTESIAN_POINT('',(-7.25E1,1.5E2,5.E1));
#902=DIRECTION('',(0.E0,1.E0,0.E0));
#903=DIRECTION('',(1.E0,0.E0,0.E0));
#904=AXIS2_PLACEMENT_3D('',#901,#902,#903);
#906=CARTESIAN_POINT('',(-7.25E1,1.5E2,5.E1));
#907=DIRECTION('',(0.E0,1.E0,0.E0));
#908=DIRECTION('',(-1.E0,0.E0,0.E0));
#909=AXIS2_PLACEMENT_3D('',#906,#907,#908);
#911=CARTESIAN_POINT('',(-6.25E1,1.5E2,5.E1));
#912=DIRECTION('',(0.E0,1.E0,0.E0));
#913=DIRECTION('',(1.E0,0.E0,0.E0));
#914=AXIS2_PLACEMENT_3D('',#911,#912,#913);
#916=CARTESIAN_POINT('',(-6.25E1,1.5E2,5.E1));
#917=DIRECTION('',(0.E0,1.E0,0.E0));
#918=DIRECTION('',(-1.E0,0.E0,0.E0));
#919=AXIS2_PLACEMENT_3D('',#916,#917,#918);
#921=CARTESIAN_POINT('',(-5.25E1,1.5E2,5.E1));
#922=DIRECTION('',(0.E0,1.E0,0.E0));
#923=DIRECTION('',(1.E0,0.E0,0.E0));
#924=AXIS2_PLACEMENT_3D('',#921,#922,#923);
#926=CARTESIAN_POINT('',(-5.25E1,1.5E2,5.E1));
#927=DIRECTION('',(0.E0,1.E0,0.E0));
#928=DIRECTION('',(-1.E0,0.E0,0.E0));
#929=AXIS2_PLACEMENT_3D('',#926,#927,#928);
#931=CARTESIAN_POINT('',(-4.25E1,1.5E2,5.E1));
#932=DIRECTION('',(0.E0,1.E0,0.E0));
#933=DIRECTION('',(1.E0,0.E0,0.E0));
#934=AXIS2_PLACEMENT_3D('',#931,#932,#933);
#936=CARTESIAN_POINT('',(-4.25E1,1.5E2,5.E1));
#937=DIRECTION('',(0.E0,1.E0,0.E0));
#938=DIRECTION('',(-1.E0,0.E0,0.E0));
#939=AXIS2_PLACEMENT_3D('',#936,#937,#938);
#941=CARTESIAN_POINT('',(-3.25E1,1.5E2,5.E1));
#942=DIRECTION('',(0.E0,1.E0,0.E0));
#943=DIRECTION('',(1.E0,0.E0,0.E0));
#944=AXIS2_PLACEMENT_3D('',#941,#942,#943);
#946=CARTESIAN_POINT('',(-3.25E1,1.5E2,5.E1));
#947=DIRECTION('',(0.E0,1.E0,0.E0));
#948=DIRECTION('',(-1.E0,0.E0,0.E0));
#949=AXIS2_PLACEMENT_3D('',#946,#947,#948);
#951=CARTESIAN_POINT('',(-2.25E1,1.5E2,5.E1));
#952=DIRECTION('',(0.E0,1.E0,0.E0));
#953=DIRECTION('',(1.E0,0.E0,0.E0));
#954=AXIS2_PLACEMENT_3D('',#951,#952,#953);
#956=CARTESIAN_POINT('',(-2.25E1,1.5E2,5.E1));
#957=DIRECTION('',(0.E0,1.E0,0.E0));
#958=DIRECTION('',(-1.E0,0.E0,0.E0));
#959=AXIS2_PLACEMENT_3D('',#956,#957,#958);
#961=CARTESIAN_POINT('',(-1.25E1,1.5E2,5.E1));
#962=DIRECTION('',(0.E0,1.E0,0.E0));
#963=DIRECTION('',(1.E0,0.E0,0.E0));
#964=AXIS2_PLACEMENT_3D('',#961,#962,#963);
#966=CARTESIAN_POINT('',(-1.25E1,1.5E2,5.E1));
#967=DIRECTION('',(0.E0,1.E0,0.E0));
#968=DIRECTION('',(-1.E0,0.E0,0.E0));
#969=AXIS2_PLACEMENT_3D('',#966,#967,#968);
#971=CARTESIAN_POINT('',(-1.125E2,1.5E2,6.E1));
#972=DIRECTION('',(0.E0,1.E0,0.E0));
#973=DIRECTION('',(1.E0,0.E0,0.E0));
#974=AXIS2_PLACEMENT_3D('',#971,#972,#973);
#976=CARTESIAN_POINT('',(-1.125E2,1.5E2,6.E1));
#977=DIRECTION('',(0.E0,1.E0,0.E0));
#978=DIRECTION('',(-1.E0,0.E0,0.E0));
#979=AXIS2_PLACEMENT_3D('',#976,#977,#978);
#981=CARTESIAN_POINT('',(-1.025E2,1.5E2,6.E1));
#982=DIRECTION('',(0.E0,1.E0,0.E0));
#983=DIRECTION('',(1.E0,0.E0,0.E0));
#984=AXIS2_PLACEMENT_3D('',#981,#982,#983);
#986=CARTESIAN_POINT('',(-1.025E2,1.5E2,6.E1));
#987=DIRECTION('',(0.E0,1.E0,0.E0));
#988=DIRECTION('',(-1.E0,0.E0,0.E0));
#989=AXIS2_PLACEMENT_3D('',#986,#987,#988);
#991=CARTESIAN_POINT('',(-9.25E1,1.5E2,6.E1));
#992=DIRECTION('',(0.E0,1.E0,0.E0));
#993=DIRECTION('',(1.E0,0.E0,0.E0));
#994=AXIS2_PLACEMENT_3D('',#991,#992,#993);
#996=CARTESIAN_POINT('',(-9.25E1,1.5E2,6.E1));
#997=DIRECTION('',(0.E0,1.E0,0.E0));
#998=DIRECTION('',(-1.E0,0.E0,0.E0));
#999=AXIS2_PLACEMENT_3D('',#996,#997,#998);
#1001=CARTESIAN_POINT('',(-8.25E1,1.5E2,6.E1));
#1002=DIRECTION('',(0.E0,1.E0,0.E0));
#1003=DIRECTION('',(1.E0,0.E0,0.E0));
#1004=AXIS2_PLACEMENT_3D('',#1001,#1002,#1003);
#1006=CARTESIAN_POINT('',(-8.25E1,1.5E2,6.E1));
#1007=DIRECTION('',(0.E0,1.E0,0.E0));
#1008=DIRECTION('',(-1.E0,0.E0,0.E0));
#1009=AXIS2_PLACEMENT_3D('',#1006,#1007,#1008);
#1011=CARTESIAN_POINT('',(-7.25E1,1.5E2,6.E1));
#1012=DIRECTION('',(0.E0,1.E0,0.E0));
#1013=DIRECTION('',(1.E0,0.E0,0.E0));
#1014=AXIS2_PLACEMENT_3D('',#1011,#1012,#1013);
#1016=CARTESIAN_POINT('',(-7.25E1,1.5E2,6.E1));
#1017=DIRECTION('',(0.E0,1.E0,0.E0));
#1018=DIRECTION('',(-1.E0,0.E0,0.E0));
#1019=AXIS2_PLACEMENT_3D('',#1016,#1017,#1018);
#1021=CARTESIAN_POINT('',(-6.25E1,1.5E2,6.E1));
#1022=DIRECTION('',(0.E0,1.E0,0.E0));
#1023=DIRECTION('',(1.E0,0.E0,0.E0));
#1024=AXIS2_PLACEMENT_3D('',#1021,#1022,#1023);
#1026=CARTESIAN_POINT('',(-6.25E1,1.5E2,6.E1));
#1027=DIRECTION('',(0.E0,1.E0,0.E0));
#1028=DIRECTION('',(-1.E0,0.E0,0.E0));
#1029=AXIS2_PLACEMENT_3D('',#1026,#1027,#1028);
#1031=CARTESIAN_POINT('',(-5.25E1,1.5E2,6.E1));
#1032=DIRECTION('',(0.E0,1.E0,0.E0));
#1033=DIRECTION('',(1.E0,0.E0,0.E0));
#1034=AXIS2_PLACEMENT_3D('',#1031,#1032,#1033);
#1036=CARTESIAN_POINT('',(-5.25E1,1.5E2,6.E1));
#1037=DIRECTION('',(0.E0,1.E0,0.E0));
#1038=DIRECTION('',(-1.E0,0.E0,0.E0));
#1039=AXIS2_PLACEMENT_3D('',#1036,#1037,#1038);
#1041=CARTESIAN_POINT('',(-4.25E1,1.5E2,6.E1));
#1042=DIRECTION('',(0.E0,1.E0,0.E0));
#1043=DIRECTION('',(1.E0,0.E0,0.E0));
#1044=AXIS2_PLACEMENT_3D('',#1041,#1042,#1043);
#1046=CARTESIAN_POINT('',(-4.25E1,1.5E2,6.E1));
#1047=DIRECTION('',(0.E0,1.E0,0.E0));
#1048=DIRECTION('',(-1.E0,0.E0,0.E0));
#1049=AXIS2_PLACEMENT_3D('',#1046,#1047,#1048);
#1051=CARTESIAN_POINT('',(-3.25E1,1.5E2,6.E1));
#1052=DIRECTION('',(0.E0,1.E0,0.E0));
#1053=DIRECTION('',(1.E0,0.E0,0.E0));
#1054=AXIS2_PLACEMENT_3D('',#1051,#1052,#1053);
#1056=CARTESIAN_POINT('',(-3.25E1,1.5E2,6.E1));
#1057=DIRECTION('',(0.E0,1.E0,0.E0));
#1058=DIRECTION('',(-1.E0,0.E0,0.E0));
#1059=AXIS2_PLACEMENT_3D('',#1056,#1057,#1058);
#1061=CARTESIAN_POINT('',(-2.25E1,1.5E2,6.E1));
#1062=DIRECTION('',(0.E0,1.E0,0.E0));
#1063=DIRECTION('',(1.E0,0.E0,0.E0));
#1064=AXIS2_PLACEMENT_3D('',#1061,#1062,#1063);
#1066=CARTESIAN_POINT('',(-2.25E1,1.5E2,6.E1));
#1067=DIRECTION('',(0.E0,1.E0,0.E0));
#1068=DIRECTION('',(-1.E0,0.E0,0.E0));
#1069=AXIS2_PLACEMENT_3D('',#1066,#1067,#1068);
#1071=CARTESIAN_POINT('',(-1.25E1,1.5E2,6.E1));
#1072=DIRECTION('',(0.E0,1.E0,0.E0));
#1073=DIRECTION('',(1.E0,0.E0,0.E0));
#1074=AXIS2_PLACEMENT_3D('',#1071,#1072,#1073);
#1076=CARTESIAN_POINT('',(-1.25E1,1.5E2,6.E1));
#1077=DIRECTION('',(0.E0,1.E0,0.E0));
#1078=DIRECTION('',(-1.E0,0.E0,0.E0));
#1079=AXIS2_PLACEMENT_3D('',#1076,#1077,#1078);
#1081=DIRECTION('',(0.E0,-1.E0,0.E0));
#1082=VECTOR('',#1081,1.E2);
#1083=CARTESIAN_POINT('',(-1.09E2,1.5E2,-1.E1));
#1084=LINE('',#1083,#1082);
#1085=DIRECTION('',(0.E0,-1.E0,0.E0));
#1086=VECTOR('',#1085,1.E2);
#1087=CARTESIAN_POINT('',(-1.16E2,1.5E2,-1.E1));
#1088=LINE('',#1087,#1086);
#1089=CARTESIAN_POINT('',(-1.125E2,5.E1,-1.E1));
#1090=DIRECTION('',(0.E0,1.E0,0.E0));
#1091=DIRECTION('',(1.E0,0.E0,0.E0));
#1092=AXIS2_PLACEMENT_3D('',#1089,#1090,#1091);
#1094=CARTESIAN_POINT('',(-1.125E2,5.E1,-1.E1));
#1095=DIRECTION('',(0.E0,1.E0,0.E0));
#1096=DIRECTION('',(-1.E0,0.E0,0.E0));
#1097=AXIS2_PLACEMENT_3D('',#1094,#1095,#1096);
#1099=DIRECTION('',(0.E0,-1.E0,0.E0));
#1100=VECTOR('',#1099,1.E2);
#1101=CARTESIAN_POINT('',(-9.9E1,1.5E2,-1.E1));
#1102=LINE('',#1101,#1100);
#1103=DIRECTION('',(0.E0,-1.E0,0.E0));
#1104=VECTOR('',#1103,1.E2);
#1105=CARTESIAN_POINT('',(-1.06E2,1.5E2,-1.E1));
#1106=LINE('',#1105,#1104);
#1107=CARTESIAN_POINT('',(-1.025E2,5.E1,-1.E1));
#1108=DIRECTION('',(0.E0,1.E0,0.E0));
#1109=DIRECTION('',(1.E0,0.E0,0.E0));
#1110=AXIS2_PLACEMENT_3D('',#1107,#1108,#1109);
#1112=CARTESIAN_POINT('',(-1.025E2,5.E1,-1.E1));
#1113=DIRECTION('',(0.E0,1.E0,0.E0));
#1114=DIRECTION('',(-1.E0,0.E0,0.E0));
#1115=AXIS2_PLACEMENT_3D('',#1112,#1113,#1114);
#1117=DIRECTION('',(0.E0,-1.E0,0.E0));
#1118=VECTOR('',#1117,1.E2);
#1119=CARTESIAN_POINT('',(-8.9E1,1.5E2,-1.E1));
#1120=LINE('',#1119,#1118);
#1121=DIRECTION('',(0.E0,-1.E0,0.E0));
#1122=VECTOR('',#1121,1.E2);
#1123=CARTESIAN_POINT('',(-9.6E1,1.5E2,-1.E1));
#1124=LINE('',#1123,#1122);
#1125=CARTESIAN_POINT('',(-9.25E1,5.E1,-1.E1));
#1126=DIRECTION('',(0.E0,1.E0,0.E0));
#1127=DIRECTION('',(1.E0,0.E0,0.E0));
#1128=AXIS2_PLACEMENT_3D('',#1125,#1126,#1127);
#1130=CARTESIAN_POINT('',(-9.25E1,5.E1,-1.E1));
#1131=DIRECTION('',(0.E0,1.E0,0.E0));
#1132=DIRECTION('',(-1.E0,0.E0,0.E0));
#1133=AXIS2_PLACEMENT_3D('',#1130,#1131,#1132);
#1135=DIRECTION('',(0.E0,-1.E0,0.E0));
#1136=VECTOR('',#1135,1.E2);
#1137=CARTESIAN_POINT('',(-7.9E1,1.5E2,-1.E1));
#1138=LINE('',#1137,#1136);
#1139=DIRECTION('',(0.E0,-1.E0,0.E0));
#1140=VECTOR('',#1139,1.E2);
#1141=CARTESIAN_POINT('',(-8.6E1,1.5E2,-1.E1));
#1142=LINE('',#1141,#1140);
#1143=CARTESIAN_POINT('',(-8.25E1,5.E1,-1.E1));
#1144=DIRECTION('',(0.E0,1.E0,0.E0));
#1145=DIRECTION('',(1.E0,0.E0,0.E0));
#1146=AXIS2_PLACEMENT_3D('',#1143,#1144,#1145);
#1148=CARTESIAN_POINT('',(-8.25E1,5.E1,-1.E1));
#1149=DIRECTION('',(0.E0,1.E0,0.E0));
#1150=DIRECTION('',(-1.E0,0.E0,0.E0));
#1151=AXIS2_PLACEMENT_3D('',#1148,#1149,#1150);
#1153=DIRECTION('',(0.E0,-1.E0,0.E0));
#1154=VECTOR('',#1153,1.E2);
#1155=CARTESIAN_POINT('',(-6.9E1,1.5E2,-1.E1));
#1156=LINE('',#1155,#1154);
#1157=DIRECTION('',(0.E0,-1.E0,0.E0));
#1158=VECTOR('',#1157,1.E2);
#1159=CARTESIAN_POINT('',(-7.6E1,1.5E2,-1.E1));
#1160=LINE('',#1159,#1158);
#1161=CARTESIAN_POINT('',(-7.25E1,5.E1,-1.E1));
#1162=DIRECTION('',(0.E0,1.E0,0.E0));
#1163=DIRECTION('',(1.E0,0.E0,0.E0));
#1164=AXIS2_PLACEMENT_3D('',#1161,#1162,#1163);
#1166=CARTESIAN_POINT('',(-7.25E1,5.E1,-1.E1));
#1167=DIRECTION('',(0.E0,1.E0,0.E0));
#1168=DIRECTION('',(-1.E0,0.E0,0.E0));
#1169=AXIS2_PLACEMENT_3D('',#1166,#1167,#1168);
#1171=DIRECTION('',(0.E0,-1.E0,0.E0));
#1172=VECTOR('',#1171,1.E2);
#1173=CARTESIAN_POINT('',(-5.9E1,1.5E2,-1.E1));
#1174=LINE('',#1173,#1172);
#1175=DIRECTION('',(0.E0,-1.E0,0.E0));
#1176=VECTOR('',#1175,1.E2);
#1177=CARTESIAN_POINT('',(-6.6E1,1.5E2,-1.E1));
#1178=LINE('',#1177,#1176);
#1179=CARTESIAN_POINT('',(-6.25E1,5.E1,-1.E1));
#1180=DIRECTION('',(0.E0,1.E0,0.E0));
#1181=DIRECTION('',(1.E0,0.E0,0.E0));
#1182=AXIS2_PLACEMENT_3D('',#1179,#1180,#1181);
#1184=CARTESIAN_POINT('',(-6.25E1,5.E1,-1.E1));
#1185=DIRECTION('',(0.E0,1.E0,0.E0));
#1186=DIRECTION('',(-1.E0,0.E0,0.E0));
#1187=AXIS2_PLACEMENT_3D('',#1184,#1185,#1186);
#1189=DIRECTION('',(0.E0,-1.E0,0.E0));
#1190=VECTOR('',#1189,1.E2);
#1191=CARTESIAN_POINT('',(-4.9E1,1.5E2,-1.E1));
#1192=LINE('',#1191,#1190);
#1193=DIRECTION('',(0.E0,-1.E0,0.E0));
#1194=VECTOR('',#1193,1.E2);
#1195=CARTESIAN_POINT('',(-5.6E1,1.5E2,-1.E1));
#1196=LINE('',#1195,#1194);
#1197=CARTESIAN_POINT('',(-5.25E1,5.E1,-1.E1));
#1198=DIRECTION('',(0.E0,1.E0,0.E0));
#1199=DIRECTION('',(1.E0,0.E0,0.E0));
#1200=AXIS2_PLACEMENT_3D('',#1197,#1198,#1199);
#1202=CARTESIAN_POINT('',(-5.25E1,5.E1,-1.E1));
#1203=DIRECTION('',(0.E0,1.E0,0.E0));
#1204=DIRECTION('',(-1.E0,0.E0,0.E0));
#1205=AXIS2_PLACEMENT_3D('',#1202,#1203,#1204);
#1207=DIRECTION('',(0.E0,-1.E0,0.E0));
#1208=VECTOR('',#1207,1.E2);
#1209=CARTESIAN_POINT('',(-3.9E1,1.5E2,-1.E1));
#1210=LINE('',#1209,#1208);
#1211=DIRECTION('',(0.E0,-1.E0,0.E0));
#1212=VECTOR('',#1211,1.E2);
#1213=CARTESIAN_POINT('',(-4.6E1,1.5E2,-1.E1));
#1214=LINE('',#1213,#1212);
#1215=CARTESIAN_POINT('',(-4.25E1,5.E1,-1.E1));
#1216=DIRECTION('',(0.E0,1.E0,0.E0));
#1217=DIRECTION('',(1.E0,0.E0,0.E0));
#1218=AXIS2_PLACEMENT_3D('',#1215,#1216,#1217);
#1220=CARTESIAN_POINT('',(-4.25E1,5.E1,-1.E1));
#1221=DIRECTION('',(0.E0,1.E0,0.E0));
#1222=DIRECTION('',(-1.E0,0.E0,0.E0));
#1223=AXIS2_PLACEMENT_3D('',#1220,#1221,#1222);
#1225=DIRECTION('',(0.E0,-1.E0,0.E0));
#1226=VECTOR('',#1225,1.E2);
#1227=CARTESIAN_POINT('',(-2.9E1,1.5E2,-1.E1));
#1228=LINE('',#1227,#1226);
#1229=DIRECTION('',(0.E0,-1.E0,0.E0));
#1230=VECTOR('',#1229,1.E2);
#1231=CARTESIAN_POINT('',(-3.6E1,1.5E2,-1.E1));
#1232=LINE('',#1231,#1230);
#1233=CARTESIAN_POINT('',(-3.25E1,5.E1,-1.E1));
#1234=DIRECTION('',(0.E0,1.E0,0.E0));
#1235=DIRECTION('',(1.E0,0.E0,0.E0));
#1236=AXIS2_PLACEMENT_3D('',#1233,#1234,#1235);
#1238=CARTESIAN_POINT('',(-3.25E1,5.E1,-1.E1));
#1239=DIRECTION('',(0.E0,1.E0,0.E0));
#1240=DIRECTION('',(-1.E0,0.E0,0.E0));
#1241=AXIS2_PLACEMENT_3D('',#1238,#1239,#1240);
#1243=DIRECTION('',(0.E0,-1.E0,0.E0));
#1244=VECTOR('',#1243,1.E2);
#1245=CARTESIAN_POINT('',(-1.9E1,1.5E2,-1.E1));
#1246=LINE('',#1245,#1244);
#1247=DIRECTION('',(0.E0,-1.E0,0.E0));
#1248=VECTOR('',#1247,1.E2);
#1249=CARTESIAN_POINT('',(-2.6E1,1.5E2,-1.E1));
#1250=LINE('',#1249,#1248);
#1251=CARTESIAN_POINT('',(-2.25E1,5.E1,-1.E1));
#1252=DIRECTION('',(0.E0,1.E0,0.E0));
#1253=DIRECTION('',(1.E0,0.E0,0.E0));
#1254=AXIS2_PLACEMENT_3D('',#1251,#1252,#1253);
#1256=CARTESIAN_POINT('',(-2.25E1,5.E1,-1.E1));
#1257=DIRECTION('',(0.E0,1.E0,0.E0));
#1258=DIRECTION('',(-1.E0,0.E0,0.E0));
#1259=AXIS2_PLACEMENT_3D('',#1256,#1257,#1258);
#1261=DIRECTION('',(0.E0,-1.E0,0.E0));
#1262=VECTOR('',#1261,1.E2);
#1263=CARTESIAN_POINT('',(-9.E0,1.5E2,-1.E1));
#1264=LINE('',#1263,#1262);
#1265=DIRECTION('',(0.E0,-1.E0,0.E0));
#1266=VECTOR('',#1265,1.E2);
#1267=CARTESIAN_POINT('',(-1.6E1,1.5E2,-1.E1));
#1268=LINE('',#1267,#1266);
#1269=CARTESIAN_POINT('',(-1.25E1,5.E1,-1.E1));
#1270=DIRECTION('',(0.E0,1.E0,0.E0));
#1271=DIRECTION('',(1.E0,0.E0,0.E0));
#1272=AXIS2_PLACEMENT_3D('',#1269,#1270,#1271);
#1274=CARTESIAN_POINT('',(-1.25E1,5.E1,-1.E1));
#1275=DIRECTION('',(0.E0,1.E0,0.E0));
#1276=DIRECTION('',(-1.E0,0.E0,0.E0));
#1277=AXIS2_PLACEMENT_3D('',#1274,#1275,#1276);
#1279=DIRECTION('',(0.E0,-1.E0,0.E0));
#1280=VECTOR('',#1279,1.E2);
#1281=CARTESIAN_POINT('',(-1.09E2,1.5E2,0.E0));
#1282=LINE('',#1281,#1280);
#1283=DIRECTION('',(0.E0,-1.E0,0.E0));
#1284=VECTOR('',#1283,1.E2);
#1285=CARTESIAN_POINT('',(-1.16E2,1.5E2,0.E0));
#1286=LINE('',#1285,#1284);
#1287=CARTESIAN_POINT('',(-1.125E2,5.E1,0.E0));
#1288=DIRECTION('',(0.E0,1.E0,0.E0));
#1289=DIRECTION('',(1.E0,0.E0,0.E0));
#1290=AXIS2_PLACEMENT_3D('',#1287,#1288,#1289);
#1292=CARTESIAN_POINT('',(-1.125E2,5.E1,0.E0));
#1293=DIRECTION('',(0.E0,1.E0,0.E0));
#1294=DIRECTION('',(-1.E0,0.E0,0.E0));
#1295=AXIS2_PLACEMENT_3D('',#1292,#1293,#1294);
#1297=DIRECTION('',(0.E0,-1.E0,0.E0));
#1298=VECTOR('',#1297,1.E2);
#1299=CARTESIAN_POINT('',(-9.9E1,1.5E2,0.E0));
#1300=LINE('',#1299,#1298);
#1301=DIRECTION('',(0.E0,-1.E0,0.E0));
#1302=VECTOR('',#1301,1.E2);
#1303=CARTESIAN_POINT('',(-1.06E2,1.5E2,0.E0));
#1304=LINE('',#1303,#1302);
#1305=CARTESIAN_POINT('',(-1.025E2,5.E1,0.E0));
#1306=DIRECTION('',(0.E0,1.E0,0.E0));
#1307=DIRECTION('',(1.E0,0.E0,0.E0));
#1308=AXIS2_PLACEMENT_3D('',#1305,#1306,#1307);
#1310=CARTESIAN_POINT('',(-1.025E2,5.E1,0.E0));
#1311=DIRECTION('',(0.E0,1.E0,0.E0));
#1312=DIRECTION('',(-1.E0,0.E0,0.E0));
#1313=AXIS2_PLACEMENT_3D('',#1310,#1311,#1312);
#1315=DIRECTION('',(0.E0,-1.E0,0.E0));
#1316=VECTOR('',#1315,1.E2);
#1317=CARTESIAN_POINT('',(-8.9E1,1.5E2,0.E0));
#1318=LINE('',#1317,#1316);
#1319=DIRECTION('',(0.E0,-1.E0,0.E0));
#1320=VECTOR('',#1319,1.E2);
#1321=CARTESIAN_POINT('',(-9.6E1,1.5E2,0.E0));
#1322=LINE('',#1321,#1320);
#1323=CARTESIAN_POINT('',(-9.25E1,5.E1,0.E0));
#1324=DIRECTION('',(0.E0,1.E0,0.E0));
#1325=DIRECTION('',(1.E0,0.E0,0.E0));
#1326=AXIS2_PLACEMENT_3D('',#1323,#1324,#1325);
#1328=CARTESIAN_POINT('',(-9.25E1,5.E1,0.E0));
#1329=DIRECTION('',(0.E0,1.E0,0.E0));
#1330=DIRECTION('',(-1.E0,0.E0,0.E0));
#1331=AXIS2_PLACEMENT_3D('',#1328,#1329,#1330);
#1333=DIRECTION('',(0.E0,-1.E0,0.E0));
#1334=VECTOR('',#1333,1.E2);
#1335=CARTESIAN_POINT('',(-7.9E1,1.5E2,0.E0));
#1336=LINE('',#1335,#1334);
#1337=DIRECTION('',(0.E0,-1.E0,0.E0));
#1338=VECTOR('',#1337,1.E2);
#1339=CARTESIAN_POINT('',(-8.6E1,1.5E2,0.E0));
#1340=LINE('',#1339,#1338);
#1341=CARTESIAN_POINT('',(-8.25E1,5.E1,0.E0));
#1342=DIRECTION('',(0.E0,1.E0,0.E0));
#1343=DIRECTION('',(1.E0,0.E0,0.E0));
#1344=AXIS2_PLACEMENT_3D('',#1341,#1342,#1343);
#1346=CARTESIAN_POINT('',(-8.25E1,5.E1,0.E0));
#1347=DIRECTION('',(0.E0,1.E0,0.E0));
#1348=DIRECTION('',(-1.E0,0.E0,0.E0));
#1349=AXIS2_PLACEMENT_3D('',#1346,#1347,#1348);
#1351=DIRECTION('',(0.E0,-1.E0,0.E0));
#1352=VECTOR('',#1351,1.E2);
#1353=CARTESIAN_POINT('',(-6.9E1,1.5E2,0.E0));
#1354=LINE('',#1353,#1352);
#1355=DIRECTION('',(0.E0,-1.E0,0.E0));
#1356=VECTOR('',#1355,1.E2);
#1357=CARTESIAN_POINT('',(-7.6E1,1.5E2,0.E0));
#1358=LINE('',#1357,#1356);
#1359=CARTESIAN_POINT('',(-7.25E1,5.E1,0.E0));
#1360=DIRECTION('',(0.E0,1.E0,0.E0));
#1361=DIRECTION('',(1.E0,0.E0,0.E0));
#1362=AXIS2_PLACEMENT_3D('',#1359,#1360,#1361);
#1364=CARTESIAN_POINT('',(-7.25E1,5.E1,0.E0));
#1365=DIRECTION('',(0.E0,1.E0,0.E0));
#1366=DIRECTION('',(-1.E0,0.E0,0.E0));
#1367=AXIS2_PLACEMENT_3D('',#1364,#1365,#1366);
#1369=DIRECTION('',(0.E0,-1.E0,0.E0));
#1370=VECTOR('',#1369,1.E2);
#1371=CARTESIAN_POINT('',(-5.9E1,1.5E2,0.E0));
#1372=LINE('',#1371,#1370);
#1373=DIRECTION('',(0.E0,-1.E0,0.E0));
#1374=VECTOR('',#1373,1.E2);
#1375=CARTESIAN_POINT('',(-6.6E1,1.5E2,0.E0));
#1376=LINE('',#1375,#1374);
#1377=CARTESIAN_POINT('',(-6.25E1,5.E1,0.E0));
#1378=DIRECTION('',(0.E0,1.E0,0.E0));
#1379=DIRECTION('',(1.E0,0.E0,0.E0));
#1380=AXIS2_PLACEMENT_3D('',#1377,#1378,#1379);
#1382=CARTESIAN_POINT('',(-6.25E1,5.E1,0.E0));
#1383=DIRECTION('',(0.E0,1.E0,0.E0));
#1384=DIRECTION('',(-1.E0,0.E0,0.E0));
#1385=AXIS2_PLACEMENT_3D('',#1382,#1383,#1384);
#1387=DIRECTION('',(0.E0,-1.E0,0.E0));
#1388=VECTOR('',#1387,1.E2);
#1389=CARTESIAN_POINT('',(-4.9E1,1.5E2,0.E0));
#1390=LINE('',#1389,#1388);
#1391=DIRECTION('',(0.E0,-1.E0,0.E0));
#1392=VECTOR('',#1391,1.E2);
#1393=CARTESIAN_POINT('',(-5.6E1,1.5E2,0.E0));
#1394=LINE('',#1393,#1392);
#1395=CARTESIAN_POINT('',(-5.25E1,5.E1,0.E0));
#1396=DIRECTION('',(0.E0,1.E0,0.E0));
#1397=DIRECTION('',(1.E0,0.E0,0.E0));
#1398=AXIS2_PLACEMENT_3D('',#1395,#1396,#1397);
#1400=CARTESIAN_POINT('',(-5.25E1,5.E1,0.E0));
#1401=DIRECTION('',(0.E0,1.E0,0.E0));
#1402=DIRECTION('',(-1.E0,0.E0,0.E0));
#1403=AXIS2_PLACEMENT_3D('',#1400,#1401,#1402);
#1405=DIRECTION('',(0.E0,-1.E0,0.E0));
#1406=VECTOR('',#1405,1.E2);
#1407=CARTESIAN_POINT('',(-3.9E1,1.5E2,0.E0));
#1408=LINE('',#1407,#1406);
#1409=DIRECTION('',(0.E0,-1.E0,0.E0));
#1410=VECTOR('',#1409,1.E2);
#1411=CARTESIAN_POINT('',(-4.6E1,1.5E2,0.E0));
#1412=LINE('',#1411,#1410);
#1413=CARTESIAN_POINT('',(-4.25E1,5.E1,0.E0));
#1414=DIRECTION('',(0.E0,1.E0,0.E0));
#1415=DIRECTION('',(1.E0,0.E0,0.E0));
#1416=AXIS2_PLACEMENT_3D('',#1413,#1414,#1415);
#1418=CARTESIAN_POINT('',(-4.25E1,5.E1,0.E0));
#1419=DIRECTION('',(0.E0,1.E0,0.E0));
#1420=DIRECTION('',(-1.E0,0.E0,0.E0));
#1421=AXIS2_PLACEMENT_3D('',#1418,#1419,#1420);
#1423=DIRECTION('',(0.E0,-1.E0,0.E0));
#1424=VECTOR('',#1423,1.E2);
#1425=CARTESIAN_POINT('',(-2.9E1,1.5E2,0.E0));
#1426=LINE('',#1425,#1424);
#1427=DIRECTION('',(0.E0,-1.E0,0.E0));
#1428=VECTOR('',#1427,1.E2);
#1429=CARTESIAN_POINT('',(-3.6E1,1.5E2,0.E0));
#1430=LINE('',#1429,#1428);
#1431=CARTESIAN_POINT('',(-3.25E1,5.E1,0.E0));
#1432=DIRECTION('',(0.E0,1.E0,0.E0));
#1433=DIRECTION('',(1.E0,0.E0,0.E0));
#1434=AXIS2_PLACEMENT_3D('',#1431,#1432,#1433);
#1436=CARTESIAN_POINT('',(-3.25E1,5.E1,0.E0));
#1437=DIRECTION('',(0.E0,1.E0,0.E0));
#1438=DIRECTION('',(-1.E0,0.E0,0.E0));
#1439=AXIS2_PLACEMENT_3D('',#1436,#1437,#1438);
#1441=DIRECTION('',(0.E0,-1.E0,0.E0));
#1442=VECTOR('',#1441,1.E2);
#1443=CARTESIAN_POINT('',(-1.9E1,1.5E2,0.E0));
#1444=LINE('',#1443,#1442);
#1445=DIRECTION('',(0.E0,-1.E0,0.E0));
#1446=VECTOR('',#1445,1.E2);
#1447=CARTESIAN_POINT('',(-2.6E1,1.5E2,0.E0));
#1448=LINE('',#1447,#1446);
#1449=CARTESIAN_POINT('',(-2.25E1,5.E1,0.E0));
#1450=DIRECTION('',(0.E0,1.E0,0.E0));
#1451=DIRECTION('',(1.E0,0.E0,0.E0));
#1452=AXIS2_PLACEMENT_3D('',#1449,#1450,#1451);
#1454=CARTESIAN_POINT('',(-2.25E1,5.E1,0.E0));
#1455=DIRECTION('',(0.E0,1.E0,0.E0));
#1456=DIRECTION('',(-1.E0,0.E0,0.E0));
#1457=AXIS2_PLACEMENT_3D('',#1454,#1455,#1456);
#1459=DIRECTION('',(0.E0,-1.E0,0.E0));
#1460=VECTOR('',#1459,1.E2);
#1461=CARTESIAN_POINT('',(-9.E0,1.5E2,0.E0));
#1462=LINE('',#1461,#1460);
#1463=DIRECTION('',(0.E0,-1.E0,0.E0));
#1464=VECTOR('',#1463,1.E2);
#1465=CARTESIAN_POINT('',(-1.6E1,1.5E2,0.E0));
#1466=LINE('',#1465,#1464);
#1467=CARTESIAN_POINT('',(-1.25E1,5.E1,0.E0));
#1468=DIRECTION('',(0.E0,1.E0,0.E0));
#1469=DIRECTION('',(1.E0,0.E0,0.E0));
#1470=AXIS2_PLACEMENT_3D('',#1467,#1468,#1469);
#1472=CARTESIAN_POINT('',(-1.25E1,5.E1,0.E0));
#1473=DIRECTION('',(0.E0,1.E0,0.E0));
#1474=DIRECTION('',(-1.E0,0.E0,0.E0));
#1475=AXIS2_PLACEMENT_3D('',#1472,#1473,#1474);
#1477=DIRECTION('',(0.E0,-1.E0,0.E0));
#1478=VECTOR('',#1477,1.E2);
#1479=CARTESIAN_POINT('',(-1.09E2,1.5E2,1.E1));
#1480=LINE('',#1479,#1478);
#1481=DIRECTION('',(0.E0,-1.E0,0.E0));
#1482=VECTOR('',#1481,1.E2);
#1483=CARTESIAN_POINT('',(-1.16E2,1.5E2,1.E1));
#1484=LINE('',#1483,#1482);
#1485=CARTESIAN_POINT('',(-1.125E2,5.E1,1.E1));
#1486=DIRECTION('',(0.E0,1.E0,0.E0));
#1487=DIRECTION('',(1.E0,0.E0,0.E0));
#1488=AXIS2_PLACEMENT_3D('',#1485,#1486,#1487);
#1490=CARTESIAN_POINT('',(-1.125E2,5.E1,1.E1));
#1491=DIRECTION('',(0.E0,1.E0,0.E0));
#1492=DIRECTION('',(-1.E0,0.E0,0.E0));
#1493=AXIS2_PLACEMENT_3D('',#1490,#1491,#1492);
#1495=DIRECTION('',(0.E0,-1.E0,0.E0));
#1496=VECTOR('',#1495,1.E2);
#1497=CARTESIAN_POINT('',(-9.9E1,1.5E2,1.E1));
#1498=LINE('',#1497,#1496);
#1499=DIRECTION('',(0.E0,-1.E0,0.E0));
#1500=VECTOR('',#1499,1.E2);
#1501=CARTESIAN_POINT('',(-1.06E2,1.5E2,1.E1));
#1502=LINE('',#1501,#1500);
#1503=CARTESIAN_POINT('',(-1.025E2,5.E1,1.E1));
#1504=DIRECTION('',(0.E0,1.E0,0.E0));
#1505=DIRECTION('',(1.E0,0.E0,0.E0));
#1506=AXIS2_PLACEMENT_3D('',#1503,#1504,#1505);
#1508=CARTESIAN_POINT('',(-1.025E2,5.E1,1.E1));
#1509=DIRECTION('',(0.E0,1.E0,0.E0));
#1510=DIRECTION('',(-1.E0,0.E0,0.E0));
#1511=AXIS2_PLACEMENT_3D('',#1508,#1509,#1510);
#1513=DIRECTION('',(0.E0,-1.E0,0.E0));
#1514=VECTOR('',#1513,1.E2);
#1515=CARTESIAN_POINT('',(-8.9E1,1.5E2,1.E1));
#1516=LINE('',#1515,#1514);
#1517=DIRECTION('',(0.E0,-1.E0,0.E0));
#1518=VECTOR('',#1517,1.E2);
#1519=CARTESIAN_POINT('',(-9.6E1,1.5E2,1.E1));
#1520=LINE('',#1519,#1518);
#1521=CARTESIAN_POINT('',(-9.25E1,5.E1,1.E1));
#1522=DIRECTION('',(0.E0,1.E0,0.E0));
#1523=DIRECTION('',(1.E0,0.E0,0.E0));
#1524=AXIS2_PLACEMENT_3D('',#1521,#1522,#1523);
#1526=CARTESIAN_POINT('',(-9.25E1,5.E1,1.E1));
#1527=DIRECTION('',(0.E0,1.E0,0.E0));
#1528=DIRECTION('',(-1.E0,0.E0,0.E0));
#1529=AXIS2_PLACEMENT_3D('',#1526,#1527,#1528);
#1531=DIRECTION('',(0.E0,-1.E0,0.E0));
#1532=VECTOR('',#1531,1.E2);
#1533=CARTESIAN_POINT('',(-7.9E1,1.5E2,1.E1));
#1534=LINE('',#1533,#1532);
#1535=DIRECTION('',(0.E0,-1.E0,0.E0));
#1536=VECTOR('',#1535,1.E2);
#1537=CARTESIAN_POINT('',(-8.6E1,1.5E2,1.E1));
#1538=LINE('',#1537,#1536);
#1539=CARTESIAN_POINT('',(-8.25E1,5.E1,1.E1));
#1540=DIRECTION('',(0.E0,1.E0,0.E0));
#1541=DIRECTION('',(1.E0,0.E0,0.E0));
#1542=AXIS2_PLACEMENT_3D('',#1539,#1540,#1541);
#1544=CARTESIAN_POINT('',(-8.25E1,5.E1,1.E1));
#1545=DIRECTION('',(0.E0,1.E0,0.E0));
#1546=DIRECTION('',(-1.E0,0.E0,0.E0));
#1547=AXIS2_PLACEMENT_3D('',#1544,#1545,#1546);
#1549=DIRECTION('',(0.E0,-1.E0,0.E0));
#1550=VECTOR('',#1549,1.E2);
#1551=CARTESIAN_POINT('',(-6.9E1,1.5E2,1.E1));
#1552=LINE('',#1551,#1550);
#1553=DIRECTION('',(0.E0,-1.E0,0.E0));
#1554=VECTOR('',#1553,1.E2);
#1555=CARTESIAN_POINT('',(-7.6E1,1.5E2,1.E1));
#1556=LINE('',#1555,#1554);
#1557=CARTESIAN_POINT('',(-7.25E1,5.E1,1.E1));
#1558=DIRECTION('',(0.E0,1.E0,0.E0));
#1559=DIRECTION('',(1.E0,0.E0,0.E0));
#1560=AXIS2_PLACEMENT_3D('',#1557,#1558,#1559);
#1562=CARTESIAN_POINT('',(-7.25E1,5.E1,1.E1));
#1563=DIRECTION('',(0.E0,1.E0,0.E0));
#1564=DIRECTION('',(-1.E0,0.E0,0.E0));
#1565=AXIS2_PLACEMENT_3D('',#1562,#1563,#1564);
#1567=DIRECTION('',(0.E0,-1.E0,0.E0));
#1568=VECTOR('',#1567,1.E2);
#1569=CARTESIAN_POINT('',(-5.9E1,1.5E2,1.E1));
#1570=LINE('',#1569,#1568);
#1571=DIRECTION('',(0.E0,-1.E0,0.E0));
#1572=VECTOR('',#1571,1.E2);
#1573=CARTESIAN_POINT('',(-6.6E1,1.5E2,1.E1));
#1574=LINE('',#1573,#1572);
#1575=CARTESIAN_POINT('',(-6.25E1,5.E1,1.E1));
#1576=DIRECTION('',(0.E0,1.E0,0.E0));
#1577=DIRECTION('',(1.E0,0.E0,0.E0));
#1578=AXIS2_PLACEMENT_3D('',#1575,#1576,#1577);
#1580=CARTESIAN_POINT('',(-6.25E1,5.E1,1.E1));
#1581=DIRECTION('',(0.E0,1.E0,0.E0));
#1582=DIRECTION('',(-1.E0,0.E0,0.E0));
#1583=AXIS2_PLACEMENT_3D('',#1580,#1581,#1582);
#1585=DIRECTION('',(0.E0,-1.E0,0.E0));
#1586=VECTOR('',#1585,1.E2);
#1587=CARTESIAN_POINT('',(-4.9E1,1.5E2,1.E1));
#1588=LINE('',#1587,#1586);
#1589=DIRECTION('',(0.E0,-1.E0,0.E0));
#1590=VECTOR('',#1589,1.E2);
#1591=CARTESIAN_POINT('',(-5.6E1,1.5E2,1.E1));
#1592=LINE('',#1591,#1590);
#1593=CARTESIAN_POINT('',(-5.25E1,5.E1,1.E1));
#1594=DIRECTION('',(0.E0,1.E0,0.E0));
#1595=DIRECTION('',(1.E0,0.E0,0.E0));
#1596=AXIS2_PLACEMENT_3D('',#1593,#1594,#1595);
#1598=CARTESIAN_POINT('',(-5.25E1,5.E1,1.E1));
#1599=DIRECTION('',(0.E0,1.E0,0.E0));
#1600=DIRECTION('',(-1.E0,0.E0,0.E0));
#1601=AXIS2_PLACEMENT_3D('',#1598,#1599,#1600);
#1603=DIRECTION('',(0.E0,-1.E0,0.E0));
#1604=VECTOR('',#1603,1.E2);
#1605=CARTESIAN_POINT('',(-3.9E1,1.5E2,1.E1));
#1606=LINE('',#1605,#1604);
#1607=DIRECTION('',(0.E0,-1.E0,0.E0));
#1608=VECTOR('',#1607,1.E2);
#1609=CARTESIAN_POINT('',(-4.6E1,1.5E2,1.E1));
#1610=LINE('',#1609,#1608);
#1611=CARTESIAN_POINT('',(-4.25E1,5.E1,1.E1));
#1612=DIRECTION('',(0.E0,1.E0,0.E0));
#1613=DIRECTION('',(1.E0,0.E0,0.E0));
#1614=AXIS2_PLACEMENT_3D('',#1611,#1612,#1613);
#1616=CARTESIAN_POINT('',(-4.25E1,5.E1,1.E1));
#1617=DIRECTION('',(0.E0,1.E0,0.E0));
#1618=DIRECTION('',(-1.E0,0.E0,0.E0));
#1619=AXIS2_PLACEMENT_3D('',#1616,#1617,#1618);
#1621=DIRECTION('',(0.E0,-1.E0,0.E0));
#1622=VECTOR('',#1621,1.E2);
#1623=CARTESIAN_POINT('',(-2.9E1,1.5E2,1.E1));
#1624=LINE('',#1623,#1622);
#1625=DIRECTION('',(0.E0,-1.E0,0.E0));
#1626=VECTOR('',#1625,1.E2);
#1627=CARTESIAN_POINT('',(-3.6E1,1.5E2,1.E1));
#1628=LINE('',#1627,#1626);
#1629=CARTESIAN_POINT('',(-3.25E1,5.E1,1.E1));
#1630=DIRECTION('',(0.E0,1.E0,0.E0));
#1631=DIRECTION('',(1.E0,0.E0,0.E0));
#1632=AXIS2_PLACEMENT_3D('',#1629,#1630,#1631);
#1634=CARTESIAN_POINT('',(-3.25E1,5.E1,1.E1));
#1635=DIRECTION('',(0.E0,1.E0,0.E0));
#1636=DIRECTION('',(-1.E0,0.E0,0.E0));
#1637=AXIS2_PLACEMENT_3D('',#1634,#1635,#1636);
#1639=DIRECTION('',(0.E0,-1.E0,0.E0));
#1640=VECTOR('',#1639,1.E2);
#1641=CARTESIAN_POINT('',(-1.9E1,1.5E2,1.E1));
#1642=LINE('',#1641,#1640);
#1643=DIRECTION('',(0.E0,-1.E0,0.E0));
#1644=VECTOR('',#1643,1.E2);
#1645=CARTESIAN_POINT('',(-2.6E1,1.5E2,1.E1));
#1646=LINE('',#1645,#1644);
#1647=CARTESIAN_POINT('',(-2.25E1,5.E1,1.E1));
#1648=DIRECTION('',(0.E0,1.E0,0.E0));
#1649=DIRECTION('',(1.E0,0.E0,0.E0));
#1650=AXIS2_PLACEMENT_3D('',#1647,#1648,#1649);
#1652=CARTESIAN_POINT('',(-2.25E1,5.E1,1.E1));
#1653=DIRECTION('',(0.E0,1.E0,0.E0));
#1654=DIRECTION('',(-1.E0,0.E0,0.E0));
#1655=AXIS2_PLACEMENT_3D('',#1652,#1653,#1654);
#1657=DIRECTION('',(0.E0,-1.E0,0.E0));
#1658=VECTOR('',#1657,1.E2);
#1659=CARTESIAN_POINT('',(-9.E0,1.5E2,1.E1));
#1660=LINE('',#1659,#1658);
#1661=DIRECTION('',(0.E0,-1.E0,0.E0));
#1662=VECTOR('',#1661,1.E2);
#1663=CARTESIAN_POINT('',(-1.6E1,1.5E2,1.E1));
#1664=LINE('',#1663,#1662);
#1665=CARTESIAN_POINT('',(-1.25E1,5.E1,1.E1));
#1666=DIRECTION('',(0.E0,1.E0,0.E0));
#1667=DIRECTION('',(1.E0,0.E0,0.E0));
#1668=AXIS2_PLACEMENT_3D('',#1665,#1666,#1667);
#1670=CARTESIAN_POINT('',(-1.25E1,5.E1,1.E1));
#1671=DIRECTION('',(0.E0,1.E0,0.E0));
#1672=DIRECTION('',(-1.E0,0.E0,0.E0));
#1673=AXIS2_PLACEMENT_3D('',#1670,#1671,#1672);
#1675=DIRECTION('',(0.E0,-1.E0,0.E0));
#1676=VECTOR('',#1675,1.E2);
#1677=CARTESIAN_POINT('',(-1.09E2,1.5E2,2.E1));
#1678=LINE('',#1677,#1676);
#1679=DIRECTION('',(0.E0,-1.E0,0.E0));
#1680=VECTOR('',#1679,1.E2);
#1681=CARTESIAN_POINT('',(-1.16E2,1.5E2,2.E1));
#1682=LINE('',#1681,#1680);
#1683=CARTESIAN_POINT('',(-1.125E2,5.E1,2.E1));
#1684=DIRECTION('',(0.E0,1.E0,0.E0));
#1685=DIRECTION('',(1.E0,0.E0,0.E0));
#1686=AXIS2_PLACEMENT_3D('',#1683,#1684,#1685);
#1688=CARTESIAN_POINT('',(-1.125E2,5.E1,2.E1));
#1689=DIRECTION('',(0.E0,1.E0,0.E0));
#1690=DIRECTION('',(-1.E0,0.E0,0.E0));
#1691=AXIS2_PLACEMENT_3D('',#1688,#1689,#1690);
#1693=DIRECTION('',(0.E0,-1.E0,0.E0));
#1694=VECTOR('',#1693,1.E2);
#1695=CARTESIAN_POINT('',(-9.9E1,1.5E2,2.E1));
#1696=LINE('',#1695,#1694);
#1697=DIRECTION('',(0.E0,-1.E0,0.E0));
#1698=VECTOR('',#1697,1.E2);
#1699=CARTESIAN_POINT('',(-1.06E2,1.5E2,2.E1));
#1700=LINE('',#1699,#1698);
#1701=CARTESIAN_POINT('',(-1.025E2,5.E1,2.E1));
#1702=DIRECTION('',(0.E0,1.E0,0.E0));
#1703=DIRECTION('',(1.E0,0.E0,0.E0));
#1704=AXIS2_PLACEMENT_3D('',#1701,#1702,#1703);
#1706=CARTESIAN_POINT('',(-1.025E2,5.E1,2.E1));
#1707=DIRECTION('',(0.E0,1.E0,0.E0));
#1708=DIRECTION('',(-1.E0,0.E0,0.E0));
#1709=AXIS2_PLACEMENT_3D('',#1706,#1707,#1708);
#1711=DIRECTION('',(0.E0,-1.E0,0.E0));
#1712=VECTOR('',#1711,1.E2);
#1713=CARTESIAN_POINT('',(-8.9E1,1.5E2,2.E1));
#1714=LINE('',#1713,#1712);
#1715=DIRECTION('',(0.E0,-1.E0,0.E0));
#1716=VECTOR('',#1715,1.E2);
#1717=CARTESIAN_POINT('',(-9.6E1,1.5E2,2.E1));
#1718=LINE('',#1717,#1716);
#1719=CARTESIAN_POINT('',(-9.25E1,5.E1,2.E1));
#1720=DIRECTION('',(0.E0,1.E0,0.E0));
#1721=DIRECTION('',(1.E0,0.E0,0.E0));
#1722=AXIS2_PLACEMENT_3D('',#1719,#1720,#1721);
#1724=CARTESIAN_POINT('',(-9.25E1,5.E1,2.E1));
#1725=DIRECTION('',(0.E0,1.E0,0.E0));
#1726=DIRECTION('',(-1.E0,0.E0,0.E0));
#1727=AXIS2_PLACEMENT_3D('',#1724,#1725,#1726);
#1729=DIRECTION('',(0.E0,-1.E0,0.E0));
#1730=VECTOR('',#1729,1.E2);
#1731=CARTESIAN_POINT('',(-7.9E1,1.5E2,2.E1));
#1732=LINE('',#1731,#1730);
#1733=DIRECTION('',(0.E0,-1.E0,0.E0));
#1734=VECTOR('',#1733,1.E2);
#1735=CARTESIAN_POINT('',(-8.6E1,1.5E2,2.E1));
#1736=LINE('',#1735,#1734);
#1737=CARTESIAN_POINT('',(-8.25E1,5.E1,2.E1));
#1738=DIRECTION('',(0.E0,1.E0,0.E0));
#1739=DIRECTION('',(1.E0,0.E0,0.E0));
#1740=AXIS2_PLACEMENT_3D('',#1737,#1738,#1739);
#1742=CARTESIAN_POINT('',(-8.25E1,5.E1,2.E1));
#1743=DIRECTION('',(0.E0,1.E0,0.E0));
#1744=DIRECTION('',(-1.E0,0.E0,0.E0));
#1745=AXIS2_PLACEMENT_3D('',#1742,#1743,#1744);
#1747=DIRECTION('',(0.E0,-1.E0,0.E0));
#1748=VECTOR('',#1747,1.E2);
#1749=CARTESIAN_POINT('',(-6.9E1,1.5E2,2.E1));
#1750=LINE('',#1749,#1748);
#1751=DIRECTION('',(0.E0,-1.E0,0.E0));
#1752=VECTOR('',#1751,1.E2);
#1753=CARTESIAN_POINT('',(-7.6E1,1.5E2,2.E1));
#1754=LINE('',#1753,#1752);
#1755=CARTESIAN_POINT('',(-7.25E1,5.E1,2.E1));
#1756=DIRECTION('',(0.E0,1.E0,0.E0));
#1757=DIRECTION('',(1.E0,0.E0,0.E0));
#1758=AXIS2_PLACEMENT_3D('',#1755,#1756,#1757);
#1760=CARTESIAN_POINT('',(-7.25E1,5.E1,2.E1));
#1761=DIRECTION('',(0.E0,1.E0,0.E0));
#1762=DIRECTION('',(-1.E0,0.E0,0.E0));
#1763=AXIS2_PLACEMENT_3D('',#1760,#1761,#1762);
#1765=DIRECTION('',(0.E0,-1.E0,0.E0));
#1766=VECTOR('',#1765,1.E2);
#1767=CARTESIAN_POINT('',(-5.9E1,1.5E2,2.E1));
#1768=LINE('',#1767,#1766);
#1769=DIRECTION('',(0.E0,-1.E0,0.E0));
#1770=VECTOR('',#1769,1.E2);
#1771=CARTESIAN_POINT('',(-6.6E1,1.5E2,2.E1));
#1772=LINE('',#1771,#1770);
#1773=CARTESIAN_POINT('',(-6.25E1,5.E1,2.E1));
#1774=DIRECTION('',(0.E0,1.E0,0.E0));
#1775=DIRECTION('',(1.E0,0.E0,0.E0));
#1776=AXIS2_PLACEMENT_3D('',#1773,#1774,#1775);
#1778=CARTESIAN_POINT('',(-6.25E1,5.E1,2.E1));
#1779=DIRECTION('',(0.E0,1.E0,0.E0));
#1780=DIRECTION('',(-1.E0,0.E0,0.E0));
#1781=AXIS2_PLACEMENT_3D('',#1778,#1779,#1780);
#1783=DIRECTION('',(0.E0,-1.E0,0.E0));
#1784=VECTOR('',#1783,1.E2);
#1785=CARTESIAN_POINT('',(-4.9E1,1.5E2,2.E1));
#1786=LINE('',#1785,#1784);
#1787=DIRECTION('',(0.E0,-1.E0,0.E0));
#1788=VECTOR('',#1787,1.E2);
#1789=CARTESIAN_POINT('',(-5.6E1,1.5E2,2.E1));
#1790=LINE('',#1789,#1788);
#1791=CARTESIAN_POINT('',(-5.25E1,5.E1,2.E1));
#1792=DIRECTION('',(0.E0,1.E0,0.E0));
#1793=DIRECTION('',(1.E0,0.E0,0.E0));
#1794=AXIS2_PLACEMENT_3D('',#1791,#1792,#1793);
#1796=CARTESIAN_POINT('',(-5.25E1,5.E1,2.E1));
#1797=DIRECTION('',(0.E0,1.E0,0.E0));
#1798=DIRECTION('',(-1.E0,0.E0,0.E0));
#1799=AXIS2_PLACEMENT_3D('',#1796,#1797,#1798);
#1801=DIRECTION('',(0.E0,-1.E0,0.E0));
#1802=VECTOR('',#1801,1.E2);
#1803=CARTESIAN_POINT('',(-3.9E1,1.5E2,2.E1));
#1804=LINE('',#1803,#1802);
#1805=DIRECTION('',(0.E0,-1.E0,0.E0));
#1806=VECTOR('',#1805,1.E2);
#1807=CARTESIAN_POINT('',(-4.6E1,1.5E2,2.E1));
#1808=LINE('',#1807,#1806);
#1809=CARTESIAN_POINT('',(-4.25E1,5.E1,2.E1));
#1810=DIRECTION('',(0.E0,1.E0,0.E0));
#1811=DIRECTION('',(1.E0,0.E0,0.E0));
#1812=AXIS2_PLACEMENT_3D('',#1809,#1810,#1811);
#1814=CARTESIAN_POINT('',(-4.25E1,5.E1,2.E1));
#1815=DIRECTION('',(0.E0,1.E0,0.E0));
#1816=DIRECTION('',(-1.E0,0.E0,0.E0));
#1817=AXIS2_PLACEMENT_3D('',#1814,#1815,#1816);
#1819=DIRECTION('',(0.E0,-1.E0,0.E0));
#1820=VECTOR('',#1819,1.E2);
#1821=CARTESIAN_POINT('',(-2.9E1,1.5E2,2.E1));
#1822=LINE('',#1821,#1820);
#1823=DIRECTION('',(0.E0,-1.E0,0.E0));
#1824=VECTOR('',#1823,1.E2);
#1825=CARTESIAN_POINT('',(-3.6E1,1.5E2,2.E1));
#1826=LINE('',#1825,#1824);
#1827=CARTESIAN_POINT('',(-3.25E1,5.E1,2.E1));
#1828=DIRECTION('',(0.E0,1.E0,0.E0));
#1829=DIRECTION('',(1.E0,0.E0,0.E0));
#1830=AXIS2_PLACEMENT_3D('',#1827,#1828,#1829);
#1832=CARTESIAN_POINT('',(-3.25E1,5.E1,2.E1));
#1833=DIRECTION('',(0.E0,1.E0,0.E0));
#1834=DIRECTION('',(-1.E0,0.E0,0.E0));
#1835=AXIS2_PLACEMENT_3D('',#1832,#1833,#1834);
#1837=DIRECTION('',(0.E0,-1.E0,0.E0));
#1838=VECTOR('',#1837,1.E2);
#1839=CARTESIAN_POINT('',(-1.9E1,1.5E2,2.E1));
#1840=LINE('',#1839,#1838);
#1841=DIRECTION('',(0.E0,-1.E0,0.E0));
#1842=VECTOR('',#1841,1.E2);
#1843=CARTESIAN_POINT('',(-2.6E1,1.5E2,2.E1));
#1844=LINE('',#1843,#1842);
#1845=CARTESIAN_POINT('',(-2.25E1,5.E1,2.E1));
#1846=DIRECTION('',(0.E0,1.E0,0.E0));
#1847=DIRECTION('',(1.E0,0.E0,0.E0));
#1848=AXIS2_PLACEMENT_3D('',#1845,#1846,#1847);
#1850=CARTESIAN_POINT('',(-2.25E1,5.E1,2.E1));
#1851=DIRECTION('',(0.E0,1.E0,0.E0));
#1852=DIRECTION('',(-1.E0,0.E0,0.E0));
#1853=AXIS2_PLACEMENT_3D('',#1850,#1851,#1852);
#1855=DIRECTION('',(0.E0,-1.E0,0.E0));
#1856=VECTOR('',#1855,1.E2);
#1857=CARTESIAN_POINT('',(-9.E0,1.5E2,2.E1));
#1858=LINE('',#1857,#1856);
#1859=DIRECTION('',(0.E0,-1.E0,0.E0));
#1860=VECTOR('',#1859,1.E2);
#1861=CARTESIAN_POINT('',(-1.6E1,1.5E2,2.E1));
#1862=LINE('',#1861,#1860);
#1863=CARTESIAN_POINT('',(-1.25E1,5.E1,2.E1));
#1864=DIRECTION('',(0.E0,1.E0,0.E0));
#1865=DIRECTION('',(1.E0,0.E0,0.E0));
#1866=AXIS2_PLACEMENT_3D('',#1863,#1864,#1865);
#1868=CARTESIAN_POINT('',(-1.25E1,5.E1,2.E1));
#1869=DIRECTION('',(0.E0,1.E0,0.E0));
#1870=DIRECTION('',(-1.E0,0.E0,0.E0));
#1871=AXIS2_PLACEMENT_3D('',#1868,#1869,#1870);
#1873=DIRECTION('',(0.E0,-1.E0,0.E0));
#1874=VECTOR('',#1873,1.E2);
#1875=CARTESIAN_POINT('',(-1.09E2,1.5E2,3.E1));
#1876=LINE('',#1875,#1874);
#1877=DIRECTION('',(0.E0,-1.E0,0.E0));
#1878=VECTOR('',#1877,1.E2);
#1879=CARTESIAN_POINT('',(-1.16E2,1.5E2,3.E1));
#1880=LINE('',#1879,#1878);
#1881=CARTESIAN_POINT('',(-1.125E2,5.E1,3.E1));
#1882=DIRECTION('',(0.E0,1.E0,0.E0));
#1883=DIRECTION('',(1.E0,0.E0,0.E0));
#1884=AXIS2_PLACEMENT_3D('',#1881,#1882,#1883);
#1886=CARTESIAN_POINT('',(-1.125E2,5.E1,3.E1));
#1887=DIRECTION('',(0.E0,1.E0,0.E0));
#1888=DIRECTION('',(-1.E0,0.E0,0.E0));
#1889=AXIS2_PLACEMENT_3D('',#1886,#1887,#1888);
#1891=DIRECTION('',(0.E0,-1.E0,0.E0));
#1892=VECTOR('',#1891,1.E2);
#1893=CARTESIAN_POINT('',(-9.9E1,1.5E2,3.E1));
#1894=LINE('',#1893,#1892);
#1895=DIRECTION('',(0.E0,-1.E0,0.E0));
#1896=VECTOR('',#1895,1.E2);
#1897=CARTESIAN_POINT('',(-1.06E2,1.5E2,3.E1));
#1898=LINE('',#1897,#1896);
#1899=CARTESIAN_POINT('',(-1.025E2,5.E1,3.E1));
#1900=DIRECTION('',(0.E0,1.E0,0.E0));
#1901=DIRECTION('',(1.E0,0.E0,0.E0));
#1902=AXIS2_PLACEMENT_3D('',#1899,#1900,#1901);
#1904=CARTESIAN_POINT('',(-1.025E2,5.E1,3.E1));
#1905=DIRECTION('',(0.E0,1.E0,0.E0));
#1906=DIRECTION('',(-1.E0,0.E0,0.E0));
#1907=AXIS2_PLACEMENT_3D('',#1904,#1905,#1906);
#1909=DIRECTION('',(0.E0,-1.E0,0.E0));
#1910=VECTOR('',#1909,1.E2);
#1911=CARTESIAN_POINT('',(-8.9E1,1.5E2,3.E1));
#1912=LINE('',#1911,#1910);
#1913=DIRECTION('',(0.E0,-1.E0,0.E0));
#1914=VECTOR('',#1913,1.E2);
#1915=CARTESIAN_POINT('',(-9.6E1,1.5E2,3.E1));
#1916=LINE('',#1915,#1914);
#1917=CARTESIAN_POINT('',(-9.25E1,5.E1,3.E1));
#1918=DIRECTION('',(0.E0,1.E0,0.E0));
#1919=DIRECTION('',(1.E0,0.E0,0.E0));
#1920=AXIS2_PLACEMENT_3D('',#1917,#1918,#1919);
#1922=CARTESIAN_POINT('',(-9.25E1,5.E1,3.E1));
#1923=DIRECTION('',(0.E0,1.E0,0.E0));
#1924=DIRECTION('',(-1.E0,0.E0,0.E0));
#1925=AXIS2_PLACEMENT_3D('',#1922,#1923,#1924);
#1927=DIRECTION('',(0.E0,-1.E0,0.E0));
#1928=VECTOR('',#1927,1.E2);
#1929=CARTESIAN_POINT('',(-7.9E1,1.5E2,3.E1));
#1930=LINE('',#1929,#1928);
#1931=DIRECTION('',(0.E0,-1.E0,0.E0));
#1932=VECTOR('',#1931,1.E2);
#1933=CARTESIAN_POINT('',(-8.6E1,1.5E2,3.E1));
#1934=LINE('',#1933,#1932);
#1935=CARTESIAN_POINT('',(-8.25E1,5.E1,3.E1));
#1936=DIRECTION('',(0.E0,1.E0,0.E0));
#1937=DIRECTION('',(1.E0,0.E0,0.E0));
#1938=AXIS2_PLACEMENT_3D('',#1935,#1936,#1937);
#1940=CARTESIAN_POINT('',(-8.25E1,5.E1,3.E1));
#1941=DIRECTION('',(0.E0,1.E0,0.E0));
#1942=DIRECTION('',(-1.E0,0.E0,0.E0));
#1943=AXIS2_PLACEMENT_3D('',#1940,#1941,#1942);
#1945=DIRECTION('',(0.E0,-1.E0,0.E0));
#1946=VECTOR('',#1945,1.E2);
#1947=CARTESIAN_POINT('',(-6.9E1,1.5E2,3.E1));
#1948=LINE('',#1947,#1946);
#1949=DIRECTION('',(0.E0,-1.E0,0.E0));
#1950=VECTOR('',#1949,1.E2);
#1951=CARTESIAN_POINT('',(-7.6E1,1.5E2,3.E1));
#1952=LINE('',#1951,#1950);
#1953=CARTESIAN_POINT('',(-7.25E1,5.E1,3.E1));
#1954=DIRECTION('',(0.E0,1.E0,0.E0));
#1955=DIRECTION('',(1.E0,0.E0,0.E0));
#1956=AXIS2_PLACEMENT_3D('',#1953,#1954,#1955);
#1958=CARTESIAN_POINT('',(-7.25E1,5.E1,3.E1));
#1959=DIRECTION('',(0.E0,1.E0,0.E0));
#1960=DIRECTION('',(-1.E0,0.E0,0.E0));
#1961=AXIS2_PLACEMENT_3D('',#1958,#1959,#1960);
#1963=DIRECTION('',(0.E0,-1.E0,0.E0));
#1964=VECTOR('',#1963,1.E2);
#1965=CARTESIAN_POINT('',(-5.9E1,1.5E2,3.E1));
#1966=LINE('',#1965,#1964);
#1967=DIRECTION('',(0.E0,-1.E0,0.E0));
#1968=VECTOR('',#1967,1.E2);
#1969=CARTESIAN_POINT('',(-6.6E1,1.5E2,3.E1));
#1970=LINE('',#1969,#1968);
#1971=CARTESIAN_POINT('',(-6.25E1,5.E1,3.E1));
#1972=DIRECTION('',(0.E0,1.E0,0.E0));
#1973=DIRECTION('',(1.E0,0.E0,0.E0));
#1974=AXIS2_PLACEMENT_3D('',#1971,#1972,#1973);
#1976=CARTESIAN_POINT('',(-6.25E1,5.E1,3.E1));
#1977=DIRECTION('',(0.E0,1.E0,0.E0));
#1978=DIRECTION('',(-1.E0,0.E0,0.E0));
#1979=AXIS2_PLACEMENT_3D('',#1976,#1977,#1978);
#1981=DIRECTION('',(0.E0,-1.E0,0.E0));
#1982=VECTOR('',#1981,1.E2);
#1983=CARTESIAN_POINT('',(-4.9E1,1.5E2,3.E1));
#1984=LINE('',#1983,#1982);
#1985=DIRECTION('',(0.E0,-1.E0,0.E0));
#1986=VECTOR('',#1985,1.E2);
#1987=CARTESIAN_POINT('',(-5.6E1,1.5E2,3.E1));
#1988=LINE('',#1987,#1986);
#1989=CARTESIAN_POINT('',(-5.25E1,5.E1,3.E1));
#1990=DIRECTION('',(0.E0,1.E0,0.E0));
#1991=DIRECTION('',(1.E0,0.E0,0.E0));
#1992=AXIS2_PLACEMENT_3D('',#1989,#1990,#1991);
#1994=CARTESIAN_POINT('',(-5.25E1,5.E1,3.E1));
#1995=DIRECTION('',(0.E0,1.E0,0.E0));
#1996=DIRECTION('',(-1.E0,0.E0,0.E0));
#1997=AXIS2_PLACEMENT_3D('',#1994,#1995,#1996);
#1999=DIRECTION('',(0.E0,-1.E0,0.E0));
#2000=VECTOR('',#1999,1.E2);
#2001=CARTESIAN_POINT('',(-3.9E1,1.5E2,3.E1));
#2002=LINE('',#2001,#2000);
#2003=DIRECTION('',(0.E0,-1.E0,0.E0));
#2004=VECTOR('',#2003,1.E2);
#2005=CARTESIAN_POINT('',(-4.6E1,1.5E2,3.E1));
#2006=LINE('',#2005,#2004);
#2007=CARTESIAN_POINT('',(-4.25E1,5.E1,3.E1));
#2008=DIRECTION('',(0.E0,1.E0,0.E0));
#2009=DIRECTION('',(1.E0,0.E0,0.E0));
#2010=AXIS2_PLACEMENT_3D('',#2007,#2008,#2009);
#2012=CARTESIAN_POINT('',(-4.25E1,5.E1,3.E1));
#2013=DIRECTION('',(0.E0,1.E0,0.E0));
#2014=DIRECTION('',(-1.E0,0.E0,0.E0));
#2015=AXIS2_PLACEMENT_3D('',#2012,#2013,#2014);
#2017=DIRECTION('',(0.E0,-1.E0,0.E0));
#2018=VECTOR('',#2017,1.E2);
#2019=CARTESIAN_POINT('',(-2.9E1,1.5E2,3.E1));
#2020=LINE('',#2019,#2018);
#2021=DIRECTION('',(0.E0,-1.E0,0.E0));
#2022=VECTOR('',#2021,1.E2);
#2023=CARTESIAN_POINT('',(-3.6E1,1.5E2,3.E1));
#2024=LINE('',#2023,#2022);
#2025=CARTESIAN_POINT('',(-3.25E1,5.E1,3.E1));
#2026=DIRECTION('',(0.E0,1.E0,0.E0));
#2027=DIRECTION('',(1.E0,0.E0,0.E0));
#2028=AXIS2_PLACEMENT_3D('',#2025,#2026,#2027);
#2030=CARTESIAN_POINT('',(-3.25E1,5.E1,3.E1));
#2031=DIRECTION('',(0.E0,1.E0,0.E0));
#2032=DIRECTION('',(-1.E0,0.E0,0.E0));
#2033=AXIS2_PLACEMENT_3D('',#2030,#2031,#2032);
#2035=DIRECTION('',(0.E0,-1.E0,0.E0));
#2036=VECTOR('',#2035,1.E2);
#2037=CARTESIAN_POINT('',(-1.9E1,1.5E2,3.E1));
#2038=LINE('',#2037,#2036);
#2039=DIRECTION('',(0.E0,-1.E0,0.E0));
#2040=VECTOR('',#2039,1.E2);
#2041=CARTESIAN_POINT('',(-2.6E1,1.5E2,3.E1));
#2042=LINE('',#2041,#2040);
#2043=CARTESIAN_POINT('',(-2.25E1,5.E1,3.E1));
#2044=DIRECTION('',(0.E0,1.E0,0.E0));
#2045=DIRECTION('',(1.E0,0.E0,0.E0));
#2046=AXIS2_PLACEMENT_3D('',#2043,#2044,#2045);
#2048=CARTESIAN_POINT('',(-2.25E1,5.E1,3.E1));
#2049=DIRECTION('',(0.E0,1.E0,0.E0));
#2050=DIRECTION('',(-1.E0,0.E0,0.E0));
#2051=AXIS2_PLACEMENT_3D('',#2048,#2049,#2050);
#2053=DIRECTION('',(0.E0,-1.E0,0.E0));
#2054=VECTOR('',#2053,1.E2);
#2055=CARTESIAN_POINT('',(-9.E0,1.5E2,3.E1));
#2056=LINE('',#2055,#2054);
#2057=DIRECTION('',(0.E0,-1.E0,0.E0));
#2058=VECTOR('',#2057,1.E2);
#2059=CARTESIAN_POINT('',(-1.6E1,1.5E2,3.E1));
#2060=LINE('',#2059,#2058);
#2061=CARTESIAN_POINT('',(-1.25E1,5.E1,3.E1));
#2062=DIRECTION('',(0.E0,1.E0,0.E0));
#2063=DIRECTION('',(1.E0,0.E0,0.E0));
#2064=AXIS2_PLACEMENT_3D('',#2061,#2062,#2063);
#2066=CARTESIAN_POINT('',(-1.25E1,5.E1,3.E1));
#2067=DIRECTION('',(0.E0,1.E0,0.E0));
#2068=DIRECTION('',(-1.E0,0.E0,0.E0));
#2069=AXIS2_PLACEMENT_3D('',#2066,#2067,#2068);
#2071=DIRECTION('',(0.E0,-1.E0,0.E0));
#2072=VECTOR('',#2071,1.E2);
#2073=CARTESIAN_POINT('',(-1.09E2,1.5E2,4.E1));
#2074=LINE('',#2073,#2072);
#2075=DIRECTION('',(0.E0,-1.E0,0.E0));
#2076=VECTOR('',#2075,1.E2);
#2077=CARTESIAN_POINT('',(-1.16E2,1.5E2,4.E1));
#2078=LINE('',#2077,#2076);
#2079=CARTESIAN_POINT('',(-1.125E2,5.E1,4.E1));
#2080=DIRECTION('',(0.E0,1.E0,0.E0));
#2081=DIRECTION('',(1.E0,0.E0,0.E0));
#2082=AXIS2_PLACEMENT_3D('',#2079,#2080,#2081);
#2084=CARTESIAN_POINT('',(-1.125E2,5.E1,4.E1));
#2085=DIRECTION('',(0.E0,1.E0,0.E0));
#2086=DIRECTION('',(-1.E0,0.E0,0.E0));
#2087=AXIS2_PLACEMENT_3D('',#2084,#2085,#2086);
#2089=DIRECTION('',(0.E0,-1.E0,0.E0));
#2090=VECTOR('',#2089,1.E2);
#2091=CARTESIAN_POINT('',(-9.9E1,1.5E2,4.E1));
#2092=LINE('',#2091,#2090);
#2093=DIRECTION('',(0.E0,-1.E0,0.E0));
#2094=VECTOR('',#2093,1.E2);
#2095=CARTESIAN_POINT('',(-1.06E2,1.5E2,4.E1));
#2096=LINE('',#2095,#2094);
#2097=CARTESIAN_POINT('',(-1.025E2,5.E1,4.E1));
#2098=DIRECTION('',(0.E0,1.E0,0.E0));
#2099=DIRECTION('',(1.E0,0.E0,0.E0));
#2100=AXIS2_PLACEMENT_3D('',#2097,#2098,#2099);
#2102=CARTESIAN_POINT('',(-1.025E2,5.E1,4.E1));
#2103=DIRECTION('',(0.E0,1.E0,0.E0));
#2104=DIRECTION('',(-1.E0,0.E0,0.E0));
#2105=AXIS2_PLACEMENT_3D('',#2102,#2103,#2104);
#2107=DIRECTION('',(0.E0,-1.E0,0.E0));
#2108=VECTOR('',#2107,1.E2);
#2109=CARTESIAN_POINT('',(-8.9E1,1.5E2,4.E1));
#2110=LINE('',#2109,#2108);
#2111=DIRECTION('',(0.E0,-1.E0,0.E0));
#2112=VECTOR('',#2111,1.E2);
#2113=CARTESIAN_POINT('',(-9.6E1,1.5E2,4.E1));
#2114=LINE('',#2113,#2112);
#2115=CARTESIAN_POINT('',(-9.25E1,5.E1,4.E1));
#2116=DIRECTION('',(0.E0,1.E0,0.E0));
#2117=DIRECTION('',(1.E0,0.E0,0.E0));
#2118=AXIS2_PLACEMENT_3D('',#2115,#2116,#2117);
#2120=CARTESIAN_POINT('',(-9.25E1,5.E1,4.E1));
#2121=DIRECTION('',(0.E0,1.E0,0.E0));
#2122=DIRECTION('',(-1.E0,0.E0,0.E0));
#2123=AXIS2_PLACEMENT_3D('',#2120,#2121,#2122);
#2125=DIRECTION('',(0.E0,-1.E0,0.E0));
#2126=VECTOR('',#2125,1.E2);
#2127=CARTESIAN_POINT('',(-7.9E1,1.5E2,4.E1));
#2128=LINE('',#2127,#2126);
#2129=DIRECTION('',(0.E0,-1.E0,0.E0));
#2130=VECTOR('',#2129,1.E2);
#2131=CARTESIAN_POINT('',(-8.6E1,1.5E2,4.E1));
#2132=LINE('',#2131,#2130);
#2133=CARTESIAN_POINT('',(-8.25E1,5.E1,4.E1));
#2134=DIRECTION('',(0.E0,1.E0,0.E0));
#2135=DIRECTION('',(1.E0,0.E0,0.E0));
#2136=AXIS2_PLACEMENT_3D('',#2133,#2134,#2135);
#2138=CARTESIAN_POINT('',(-8.25E1,5.E1,4.E1));
#2139=DIRECTION('',(0.E0,1.E0,0.E0));
#2140=DIRECTION('',(-1.E0,0.E0,0.E0));
#2141=AXIS2_PLACEMENT_3D('',#2138,#2139,#2140);
#2143=DIRECTION('',(0.E0,-1.E0,0.E0));
#2144=VECTOR('',#2143,1.E2);
#2145=CARTESIAN_POINT('',(-6.9E1,1.5E2,4.E1));
#2146=LINE('',#2145,#2144);
#2147=DIRECTION('',(0.E0,-1.E0,0.E0));
#2148=VECTOR('',#2147,1.E2);
#2149=CARTESIAN_POINT('',(-7.6E1,1.5E2,4.E1));
#2150=LINE('',#2149,#2148);
#2151=CARTESIAN_POINT('',(-7.25E1,5.E1,4.E1));
#2152=DIRECTION('',(0.E0,1.E0,0.E0));
#2153=DIRECTION('',(1.E0,0.E0,0.E0));
#2154=AXIS2_PLACEMENT_3D('',#2151,#2152,#2153);
#2156=CARTESIAN_POINT('',(-7.25E1,5.E1,4.E1));
#2157=DIRECTION('',(0.E0,1.E0,0.E0));
#2158=DIRECTION('',(-1.E0,0.E0,0.E0));
#2159=AXIS2_PLACEMENT_3D('',#2156,#2157,#2158);
#2161=DIRECTION('',(0.E0,-1.E0,0.E0));
#2162=VECTOR('',#2161,1.E2);
#2163=CARTESIAN_POINT('',(-5.9E1,1.5E2,4.E1));
#2164=LINE('',#2163,#2162);
#2165=DIRECTION('',(0.E0,-1.E0,0.E0));
#2166=VECTOR('',#2165,1.E2);
#2167=CARTESIAN_POINT('',(-6.6E1,1.5E2,4.E1));
#2168=LINE('',#2167,#2166);
#2169=CARTESIAN_POINT('',(-6.25E1,5.E1,4.E1));
#2170=DIRECTION('',(0.E0,1.E0,0.E0));
#2171=DIRECTION('',(1.E0,0.E0,0.E0));
#2172=AXIS2_PLACEMENT_3D('',#2169,#2170,#2171);
#2174=CARTESIAN_POINT('',(-6.25E1,5.E1,4.E1));
#2175=DIRECTION('',(0.E0,1.E0,0.E0));
#2176=DIRECTION('',(-1.E0,0.E0,0.E0));
#2177=AXIS2_PLACEMENT_3D('',#2174,#2175,#2176);
#2179=DIRECTION('',(0.E0,-1.E0,0.E0));
#2180=VECTOR('',#2179,1.E2);
#2181=CARTESIAN_POINT('',(-4.9E1,1.5E2,4.E1));
#2182=LINE('',#2181,#2180);
#2183=DIRECTION('',(0.E0,-1.E0,0.E0));
#2184=VECTOR('',#2183,1.E2);
#2185=CARTESIAN_POINT('',(-5.6E1,1.5E2,4.E1));
#2186=LINE('',#2185,#2184);
#2187=CARTESIAN_POINT('',(-5.25E1,5.E1,4.E1));
#2188=DIRECTION('',(0.E0,1.E0,0.E0));
#2189=DIRECTION('',(1.E0,0.E0,0.E0));
#2190=AXIS2_PLACEMENT_3D('',#2187,#2188,#2189);
#2192=CARTESIAN_POINT('',(-5.25E1,5.E1,4.E1));
#2193=DIRECTION('',(0.E0,1.E0,0.E0));
#2194=DIRECTION('',(-1.E0,0.E0,0.E0));
#2195=AXIS2_PLACEMENT_3D('',#2192,#2193,#2194);
#2197=DIRECTION('',(0.E0,-1.E0,0.E0));
#2198=VECTOR('',#2197,1.E2);
#2199=CARTESIAN_POINT('',(-3.9E1,1.5E2,4.E1));
#2200=LINE('',#2199,#2198);
#2201=DIRECTION('',(0.E0,-1.E0,0.E0));
#2202=VECTOR('',#2201,1.E2);
#2203=CARTESIAN_POINT('',(-4.6E1,1.5E2,4.E1));
#2204=LINE('',#2203,#2202);
#2205=CARTESIAN_POINT('',(-4.25E1,5.E1,4.E1));
#2206=DIRECTION('',(0.E0,1.E0,0.E0));
#2207=DIRECTION('',(1.E0,0.E0,0.E0));
#2208=AXIS2_PLACEMENT_3D('',#2205,#2206,#2207);
#2210=CARTESIAN_POINT('',(-4.25E1,5.E1,4.E1));
#2211=DIRECTION('',(0.E0,1.E0,0.E0));
#2212=DIRECTION('',(-1.E0,0.E0,0.E0));
#2213=AXIS2_PLACEMENT_3D('',#2210,#2211,#2212);
#2215=DIRECTION('',(0.E0,-1.E0,0.E0));
#2216=VECTOR('',#2215,1.E2);
#2217=CARTESIAN_POINT('',(-2.9E1,1.5E2,4.E1));
#2218=LINE('',#2217,#2216);
#2219=DIRECTION('',(0.E0,-1.E0,0.E0));
#2220=VECTOR('',#2219,1.E2);
#2221=CARTESIAN_POINT('',(-3.6E1,1.5E2,4.E1));
#2222=LINE('',#2221,#2220);
#2223=CARTESIAN_POINT('',(-3.25E1,5.E1,4.E1));
#2224=DIRECTION('',(0.E0,1.E0,0.E0));
#2225=DIRECTION('',(1.E0,0.E0,0.E0));
#2226=AXIS2_PLACEMENT_3D('',#2223,#2224,#2225);
#2228=CARTESIAN_POINT('',(-3.25E1,5.E1,4.E1));
#2229=DIRECTION('',(0.E0,1.E0,0.E0));
#2230=DIRECTION('',(-1.E0,0.E0,0.E0));
#2231=AXIS2_PLACEMENT_3D('',#2228,#2229,#2230);
#2233=DIRECTION('',(0.E0,-1.E0,0.E0));
#2234=VECTOR('',#2233,1.E2);
#2235=CARTESIAN_POINT('',(-1.9E1,1.5E2,4.E1));
#2236=LINE('',#2235,#2234);
#2237=DIRECTION('',(0.E0,-1.E0,0.E0));
#2238=VECTOR('',#2237,1.E2);
#2239=CARTESIAN_POINT('',(-2.6E1,1.5E2,4.E1));
#2240=LINE('',#2239,#2238);
#2241=CARTESIAN_POINT('',(-2.25E1,5.E1,4.E1));
#2242=DIRECTION('',(0.E0,1.E0,0.E0));
#2243=DIRECTION('',(1.E0,0.E0,0.E0));
#2244=AXIS2_PLACEMENT_3D('',#2241,#2242,#2243);
#2246=CARTESIAN_POINT('',(-2.25E1,5.E1,4.E1));
#2247=DIRECTION('',(0.E0,1.E0,0.E0));
#2248=DIRECTION('',(-1.E0,0.E0,0.E0));
#2249=AXIS2_PLACEMENT_3D('',#2246,#2247,#2248);
#2251=DIRECTION('',(0.E0,-1.E0,0.E0));
#2252=VECTOR('',#2251,1.E2);
#2253=CARTESIAN_POINT('',(-9.E0,1.5E2,4.E1));
#2254=LINE('',#2253,#2252);
#2255=DIRECTION('',(0.E0,-1.E0,0.E0));
#2256=VECTOR('',#2255,1.E2);
#2257=CARTESIAN_POINT('',(-1.6E1,1.5E2,4.E1));
#2258=LINE('',#2257,#2256);
#2259=CARTESIAN_POINT('',(-1.25E1,5.E1,4.E1));
#2260=DIRECTION('',(0.E0,1.E0,0.E0));
#2261=DIRECTION('',(1.E0,0.E0,0.E0));
#2262=AXIS2_PLACEMENT_3D('',#2259,#2260,#2261);
#2264=CARTESIAN_POINT('',(-1.25E1,5.E1,4.E1));
#2265=DIRECTION('',(0.E0,1.E0,0.E0));
#2266=DIRECTION('',(-1.E0,0.E0,0.E0));
#2267=AXIS2_PLACEMENT_3D('',#2264,#2265,#2266);
#2269=DIRECTION('',(0.E0,-1.E0,0.E0));
#2270=VECTOR('',#2269,1.E2);
#2271=CARTESIAN_POINT('',(-1.09E2,1.5E2,5.E1));
#2272=LINE('',#2271,#2270);
#2273=DIRECTION('',(0.E0,-1.E0,0.E0));
#2274=VECTOR('',#2273,1.E2);
#2275=CARTESIAN_POINT('',(-1.16E2,1.5E2,5.E1));
#2276=LINE('',#2275,#2274);
#2277=CARTESIAN_POINT('',(-1.125E2,5.E1,5.E1));
#2278=DIRECTION('',(0.E0,1.E0,0.E0));
#2279=DIRECTION('',(1.E0,0.E0,0.E0));
#2280=AXIS2_PLACEMENT_3D('',#2277,#2278,#2279);
#2282=CARTESIAN_POINT('',(-1.125E2,5.E1,5.E1));
#2283=DIRECTION('',(0.E0,1.E0,0.E0));
#2284=DIRECTION('',(-1.E0,0.E0,0.E0));
#2285=AXIS2_PLACEMENT_3D('',#2282,#2283,#2284);
#2287=DIRECTION('',(0.E0,-1.E0,0.E0));
#2288=VECTOR('',#2287,1.E2);
#2289=CARTESIAN_POINT('',(-9.9E1,1.5E2,5.E1));
#2290=LINE('',#2289,#2288);
#2291=DIRECTION('',(0.E0,-1.E0,0.E0));
#2292=VECTOR('',#2291,1.E2);
#2293=CARTESIAN_POINT('',(-1.06E2,1.5E2,5.E1));
#2294=LINE('',#2293,#2292);
#2295=CARTESIAN_POINT('',(-1.025E2,5.E1,5.E1));
#2296=DIRECTION('',(0.E0,1.E0,0.E0));
#2297=DIRECTION('',(1.E0,0.E0,0.E0));
#2298=AXIS2_PLACEMENT_3D('',#2295,#2296,#2297);
#2300=CARTESIAN_POINT('',(-1.025E2,5.E1,5.E1));
#2301=DIRECTION('',(0.E0,1.E0,0.E0));
#2302=DIRECTION('',(-1.E0,0.E0,0.E0));
#2303=AXIS2_PLACEMENT_3D('',#2300,#2301,#2302);
#2305=DIRECTION('',(0.E0,-1.E0,0.E0));
#2306=VECTOR('',#2305,1.E2);
#2307=CARTESIAN_POINT('',(-8.9E1,1.5E2,5.E1));
#2308=LINE('',#2307,#2306);
#2309=DIRECTION('',(0.E0,-1.E0,0.E0));
#2310=VECTOR('',#2309,1.E2);
#2311=CARTESIAN_POINT('',(-9.6E1,1.5E2,5.E1));
#2312=LINE('',#2311,#2310);
#2313=CARTESIAN_POINT('',(-9.25E1,5.E1,5.E1));
#2314=DIRECTION('',(0.E0,1.E0,0.E0));
#2315=DIRECTION('',(1.E0,0.E0,0.E0));
#2316=AXIS2_PLACEMENT_3D('',#2313,#2314,#2315);
#2318=CARTESIAN_POINT('',(-9.25E1,5.E1,5.E1));
#2319=DIRECTION('',(0.E0,1.E0,0.E0));
#2320=DIRECTION('',(-1.E0,0.E0,0.E0));
#2321=AXIS2_PLACEMENT_3D('',#2318,#2319,#2320);
#2323=DIRECTION('',(0.E0,-1.E0,0.E0));
#2324=VECTOR('',#2323,1.E2);
#2325=CARTESIAN_POINT('',(-7.9E1,1.5E2,5.E1));
#2326=LINE('',#2325,#2324);
#2327=DIRECTION('',(0.E0,-1.E0,0.E0));
#2328=VECTOR('',#2327,1.E2);
#2329=CARTESIAN_POINT('',(-8.6E1,1.5E2,5.E1));
#2330=LINE('',#2329,#2328);
#2331=CARTESIAN_POINT('',(-8.25E1,5.E1,5.E1));
#2332=DIRECTION('',(0.E0,1.E0,0.E0));
#2333=DIRECTION('',(1.E0,0.E0,0.E0));
#2334=AXIS2_PLACEMENT_3D('',#2331,#2332,#2333);
#2336=CARTESIAN_POINT('',(-8.25E1,5.E1,5.E1));
#2337=DIRECTION('',(0.E0,1.E0,0.E0));
#2338=DIRECTION('',(-1.E0,0.E0,0.E0));
#2339=AXIS2_PLACEMENT_3D('',#2336,#2337,#2338);
#2341=DIRECTION('',(0.E0,-1.E0,0.E0));
#2342=VECTOR('',#2341,1.E2);
#2343=CARTESIAN_POINT('',(-6.9E1,1.5E2,5.E1));
#2344=LINE('',#2343,#2342);
#2345=DIRECTION('',(0.E0,-1.E0,0.E0));
#2346=VECTOR('',#2345,1.E2);
#2347=CARTESIAN_POINT('',(-7.6E1,1.5E2,5.E1));
#2348=LINE('',#2347,#2346);
#2349=CARTESIAN_POINT('',(-7.25E1,5.E1,5.E1));
#2350=DIRECTION('',(0.E0,1.E0,0.E0));
#2351=DIRECTION('',(1.E0,0.E0,0.E0));
#2352=AXIS2_PLACEMENT_3D('',#2349,#2350,#2351);
#2354=CARTESIAN_POINT('',(-7.25E1,5.E1,5.E1));
#2355=DIRECTION('',(0.E0,1.E0,0.E0));
#2356=DIRECTION('',(-1.E0,0.E0,0.E0));
#2357=AXIS2_PLACEMENT_3D('',#2354,#2355,#2356);
#2359=DIRECTION('',(0.E0,-1.E0,0.E0));
#2360=VECTOR('',#2359,1.E2);
#2361=CARTESIAN_POINT('',(-5.9E1,1.5E2,5.E1));
#2362=LINE('',#2361,#2360);
#2363=DIRECTION('',(0.E0,-1.E0,0.E0));
#2364=VECTOR('',#2363,1.E2);
#2365=CARTESIAN_POINT('',(-6.6E1,1.5E2,5.E1));
#2366=LINE('',#2365,#2364);
#2367=CARTESIAN_POINT('',(-6.25E1,5.E1,5.E1));
#2368=DIRECTION('',(0.E0,1.E0,0.E0));
#2369=DIRECTION('',(1.E0,0.E0,0.E0));
#2370=AXIS2_PLACEMENT_3D('',#2367,#2368,#2369);
#2372=CARTESIAN_POINT('',(-6.25E1,5.E1,5.E1));
#2373=DIRECTION('',(0.E0,1.E0,0.E0));
#2374=DIRECTION('',(-1.E0,0.E0,0.E0));
#2375=AXIS2_PLACEMENT_3D('',#2372,#2373,#2374);
#2377=DIRECTION('',(0.E0,-1.E0,0.E0));
#2378=VECTOR('',#2377,1.E2);
#2379=CARTESIAN_POINT('',(-4.9E1,1.5E2,5.E1));
#2380=LINE('',#2379,#2378);
#2381=DIRECTION('',(0.E0,-1.E0,0.E0));
#2382=VECTOR('',#2381,1.E2);
#2383=CARTESIAN_POINT('',(-5.6E1,1.5E2,5.E1));
#2384=LINE('',#2383,#2382);
#2385=CARTESIAN_POINT('',(-5.25E1,5.E1,5.E1));
#2386=DIRECTION('',(0.E0,1.E0,0.E0));
#2387=DIRECTION('',(1.E0,0.E0,0.E0));
#2388=AXIS2_PLACEMENT_3D('',#2385,#2386,#2387);
#2390=CARTESIAN_POINT('',(-5.25E1,5.E1,5.E1));
#2391=DIRECTION('',(0.E0,1.E0,0.E0));
#2392=DIRECTION('',(-1.E0,0.E0,0.E0));
#2393=AXIS2_PLACEMENT_3D('',#2390,#2391,#2392);
#2395=DIRECTION('',(0.E0,-1.E0,0.E0));
#2396=VECTOR('',#2395,1.E2);
#2397=CARTESIAN_POINT('',(-3.9E1,1.5E2,5.E1));
#2398=LINE('',#2397,#2396);
#2399=DIRECTION('',(0.E0,-1.E0,0.E0));
#2400=VECTOR('',#2399,1.E2);
#2401=CARTESIAN_POINT('',(-4.6E1,1.5E2,5.E1));
#2402=LINE('',#2401,#2400);
#2403=CARTESIAN_POINT('',(-4.25E1,5.E1,5.E1));
#2404=DIRECTION('',(0.E0,1.E0,0.E0));
#2405=DIRECTION('',(1.E0,0.E0,0.E0));
#2406=AXIS2_PLACEMENT_3D('',#2403,#2404,#2405);
#2408=CARTESIAN_POINT('',(-4.25E1,5.E1,5.E1));
#2409=DIRECTION('',(0.E0,1.E0,0.E0));
#2410=DIRECTION('',(-1.E0,0.E0,0.E0));
#2411=AXIS2_PLACEMENT_3D('',#2408,#2409,#2410);
#2413=DIRECTION('',(0.E0,-1.E0,0.E0));
#2414=VECTOR('',#2413,1.E2);
#2415=CARTESIAN_POINT('',(-2.9E1,1.5E2,5.E1));
#2416=LINE('',#2415,#2414);
#2417=DIRECTION('',(0.E0,-1.E0,0.E0));
#2418=VECTOR('',#2417,1.E2);
#2419=CARTESIAN_POINT('',(-3.6E1,1.5E2,5.E1));
#2420=LINE('',#2419,#2418);
#2421=CARTESIAN_POINT('',(-3.25E1,5.E1,5.E1));
#2422=DIRECTION('',(0.E0,1.E0,0.E0));
#2423=DIRECTION('',(1.E0,0.E0,0.E0));
#2424=AXIS2_PLACEMENT_3D('',#2421,#2422,#2423);
#2426=CARTESIAN_POINT('',(-3.25E1,5.E1,5.E1));
#2427=DIRECTION('',(0.E0,1.E0,0.E0));
#2428=DIRECTION('',(-1.E0,0.E0,0.E0));
#2429=AXIS2_PLACEMENT_3D('',#2426,#2427,#2428);
#2431=DIRECTION('',(0.E0,-1.E0,0.E0));
#2432=VECTOR('',#2431,1.E2);
#2433=CARTESIAN_POINT('',(-1.9E1,1.5E2,5.E1));
#2434=LINE('',#2433,#2432);
#2435=DIRECTION('',(0.E0,-1.E0,0.E0));
#2436=VECTOR('',#2435,1.E2);
#2437=CARTESIAN_POINT('',(-2.6E1,1.5E2,5.E1));
#2438=LINE('',#2437,#2436);
#2439=CARTESIAN_POINT('',(-2.25E1,5.E1,5.E1));
#2440=DIRECTION('',(0.E0,1.E0,0.E0));
#2441=DIRECTION('',(1.E0,0.E0,0.E0));
#2442=AXIS2_PLACEMENT_3D('',#2439,#2440,#2441);
#2444=CARTESIAN_POINT('',(-2.25E1,5.E1,5.E1));
#2445=DIRECTION('',(0.E0,1.E0,0.E0));
#2446=DIRECTION('',(-1.E0,0.E0,0.E0));
#2447=AXIS2_PLACEMENT_3D('',#2444,#2445,#2446);
#2449=DIRECTION('',(0.E0,-1.E0,0.E0));
#2450=VECTOR('',#2449,1.E2);
#2451=CARTESIAN_POINT('',(-9.E0,1.5E2,5.E1));
#2452=LINE('',#2451,#2450);
#2453=DIRECTION('',(0.E0,-1.E0,0.E0));
#2454=VECTOR('',#2453,1.E2);
#2455=CARTESIAN_POINT('',(-1.6E1,1.5E2,5.E1));
#2456=LINE('',#2455,#2454);
#2457=CARTESIAN_POINT('',(-1.25E1,5.E1,5.E1));
#2458=DIRECTION('',(0.E0,1.E0,0.E0));
#2459=DIRECTION('',(1.E0,0.E0,0.E0));
#2460=AXIS2_PLACEMENT_3D('',#2457,#2458,#2459);
#2462=CARTESIAN_POINT('',(-1.25E1,5.E1,5.E1));
#2463=DIRECTION('',(0.E0,1.E0,0.E0));
#2464=DIRECTION('',(-1.E0,0.E0,0.E0));
#2465=AXIS2_PLACEMENT_3D('',#2462,#2463,#2464);
#2467=DIRECTION('',(0.E0,-1.E0,0.E0));
#2468=VECTOR('',#2467,1.E2);
#2469=CARTESIAN_POINT('',(-1.09E2,1.5E2,6.E1));
#2470=LINE('',#2469,#2468);
#2471=DIRECTION('',(0.E0,-1.E0,0.E0));
#2472=VECTOR('',#2471,1.E2);
#2473=CARTESIAN_POINT('',(-1.16E2,1.5E2,6.E1));
#2474=LINE('',#2473,#2472);
#2475=CARTESIAN_POINT('',(-1.125E2,5.E1,6.E1));
#2476=DIRECTION('',(0.E0,1.E0,0.E0));
#2477=DIRECTION('',(1.E0,0.E0,0.E0));
#2478=AXIS2_PLACEMENT_3D('',#2475,#2476,#2477);
#2480=CARTESIAN_POINT('',(-1.125E2,5.E1,6.E1));
#2481=DIRECTION('',(0.E0,1.E0,0.E0));
#2482=DIRECTION('',(-1.E0,0.E0,0.E0));
#2483=AXIS2_PLACEMENT_3D('',#2480,#2481,#2482);
#2485=DIRECTION('',(0.E0,-1.E0,0.E0));
#2486=VECTOR('',#2485,1.E2);
#2487=CARTESIAN_POINT('',(-9.9E1,1.5E2,6.E1));
#2488=LINE('',#2487,#2486);
#2489=DIRECTION('',(0.E0,-1.E0,0.E0));
#2490=VECTOR('',#2489,1.E2);
#2491=CARTESIAN_POINT('',(-1.06E2,1.5E2,6.E1));
#2492=LINE('',#2491,#2490);
#2493=CARTESIAN_POINT('',(-1.025E2,5.E1,6.E1));
#2494=DIRECTION('',(0.E0,1.E0,0.E0));
#2495=DIRECTION('',(1.E0,0.E0,0.E0));
#2496=AXIS2_PLACEMENT_3D('',#2493,#2494,#2495);
#2498=CARTESIAN_POINT('',(-1.025E2,5.E1,6.E1));
#2499=DIRECTION('',(0.E0,1.E0,0.E0));
#2500=DIRECTION('',(-1.E0,0.E0,0.E0));
#2501=AXIS2_PLACEMENT_3D('',#2498,#2499,#2500);
#2503=DIRECTION('',(0.E0,-1.E0,0.E0));
#2504=VECTOR('',#2503,1.E2);
#2505=CARTESIAN_POINT('',(-8.9E1,1.5E2,6.E1));
#2506=LINE('',#2505,#2504);
#2507=DIRECTION('',(0.E0,-1.E0,0.E0));
#2508=VECTOR('',#2507,1.E2);
#2509=CARTESIAN_POINT('',(-9.6E1,1.5E2,6.E1));
#2510=LINE('',#2509,#2508);
#2511=CARTESIAN_POINT('',(-9.25E1,5.E1,6.E1));
#2512=DIRECTION('',(0.E0,1.E0,0.E0));
#2513=DIRECTION('',(1.E0,0.E0,0.E0));
#2514=AXIS2_PLACEMENT_3D('',#2511,#2512,#2513);
#2516=CARTESIAN_POINT('',(-9.25E1,5.E1,6.E1));
#2517=DIRECTION('',(0.E0,1.E0,0.E0));
#2518=DIRECTION('',(-1.E0,0.E0,0.E0));
#2519=AXIS2_PLACEMENT_3D('',#2516,#2517,#2518);
#2521=DIRECTION('',(0.E0,-1.E0,0.E0));
#2522=VECTOR('',#2521,1.E2);
#2523=CARTESIAN_POINT('',(-7.9E1,1.5E2,6.E1));
#2524=LINE('',#2523,#2522);
#2525=DIRECTION('',(0.E0,-1.E0,0.E0));
#2526=VECTOR('',#2525,1.E2);
#2527=CARTESIAN_POINT('',(-8.6E1,1.5E2,6.E1));
#2528=LINE('',#2527,#2526);
#2529=CARTESIAN_POINT('',(-8.25E1,5.E1,6.E1));
#2530=DIRECTION('',(0.E0,1.E0,0.E0));
#2531=DIRECTION('',(1.E0,0.E0,0.E0));
#2532=AXIS2_PLACEMENT_3D('',#2529,#2530,#2531);
#2534=CARTESIAN_POINT('',(-8.25E1,5.E1,6.E1));
#2535=DIRECTION('',(0.E0,1.E0,0.E0));
#2536=DIRECTION('',(-1.E0,0.E0,0.E0));
#2537=AXIS2_PLACEMENT_3D('',#2534,#2535,#2536);
#2539=DIRECTION('',(0.E0,-1.E0,0.E0));
#2540=VECTOR('',#2539,1.E2);
#2541=CARTESIAN_POINT('',(-6.9E1,1.5E2,6.E1));
#2542=LINE('',#2541,#2540);
#2543=DIRECTION('',(0.E0,-1.E0,0.E0));
#2544=VECTOR('',#2543,1.E2);
#2545=CARTESIAN_POINT('',(-7.6E1,1.5E2,6.E1));
#2546=LINE('',#2545,#2544);
#2547=CARTESIAN_POINT('',(-7.25E1,5.E1,6.E1));
#2548=DIRECTION('',(0.E0,1.E0,0.E0));
#2549=DIRECTION('',(1.E0,0.E0,0.E0));
#2550=AXIS2_PLACEMENT_3D('',#2547,#2548,#2549);
#2552=CARTESIAN_POINT('',(-7.25E1,5.E1,6.E1));
#2553=DIRECTION('',(0.E0,1.E0,0.E0));
#2554=DIRECTION('',(-1.E0,0.E0,0.E0));
#2555=AXIS2_PLACEMENT_3D('',#2552,#2553,#2554);
#2557=DIRECTION('',(0.E0,-1.E0,0.E0));
#2558=VECTOR('',#2557,1.E2);
#2559=CARTESIAN_POINT('',(-5.9E1,1.5E2,6.E1));
#2560=LINE('',#2559,#2558);
#2561=DIRECTION('',(0.E0,-1.E0,0.E0));
#2562=VECTOR('',#2561,1.E2);
#2563=CARTESIAN_POINT('',(-6.6E1,1.5E2,6.E1));
#2564=LINE('',#2563,#2562);
#2565=CARTESIAN_POINT('',(-6.25E1,5.E1,6.E1));
#2566=DIRECTION('',(0.E0,1.E0,0.E0));
#2567=DIRECTION('',(1.E0,0.E0,0.E0));
#2568=AXIS2_PLACEMENT_3D('',#2565,#2566,#2567);
#2570=CARTESIAN_POINT('',(-6.25E1,5.E1,6.E1));
#2571=DIRECTION('',(0.E0,1.E0,0.E0));
#2572=DIRECTION('',(-1.E0,0.E0,0.E0));
#2573=AXIS2_PLACEMENT_3D('',#2570,#2571,#2572);
#2575=DIRECTION('',(0.E0,-1.E0,0.E0));
#2576=VECTOR('',#2575,1.E2);
#2577=CARTESIAN_POINT('',(-4.9E1,1.5E2,6.E1));
#2578=LINE('',#2577,#2576);
#2579=DIRECTION('',(0.E0,-1.E0,0.E0));
#2580=VECTOR('',#2579,1.E2);
#2581=CARTESIAN_POINT('',(-5.6E1,1.5E2,6.E1));
#2582=LINE('',#2581,#2580);
#2583=CARTESIAN_POINT('',(-5.25E1,5.E1,6.E1));
#2584=DIRECTION('',(0.E0,1.E0,0.E0));
#2585=DIRECTION('',(1.E0,0.E0,0.E0));
#2586=AXIS2_PLACEMENT_3D('',#2583,#2584,#2585);
#2588=CARTESIAN_POINT('',(-5.25E1,5.E1,6.E1));
#2589=DIRECTION('',(0.E0,1.E0,0.E0));
#2590=DIRECTION('',(-1.E0,0.E0,0.E0));
#2591=AXIS2_PLACEMENT_3D('',#2588,#2589,#2590);
#2593=DIRECTION('',(0.E0,-1.E0,0.E0));
#2594=VECTOR('',#2593,1.E2);
#2595=CARTESIAN_POINT('',(-3.9E1,1.5E2,6.E1));
#2596=LINE('',#2595,#2594);
#2597=DIRECTION('',(0.E0,-1.E0,0.E0));
#2598=VECTOR('',#2597,1.E2);
#2599=CARTESIAN_POINT('',(-4.6E1,1.5E2,6.E1));
#2600=LINE('',#2599,#2598);
#2601=CARTESIAN_POINT('',(-4.25E1,5.E1,6.E1));
#2602=DIRECTION('',(0.E0,1.E0,0.E0));
#2603=DIRECTION('',(1.E0,0.E0,0.E0));
#2604=AXIS2_PLACEMENT_3D('',#2601,#2602,#2603);
#2606=CARTESIAN_POINT('',(-4.25E1,5.E1,6.E1));
#2607=DIRECTION('',(0.E0,1.E0,0.E0));
#2608=DIRECTION('',(-1.E0,0.E0,0.E0));
#2609=AXIS2_PLACEMENT_3D('',#2606,#2607,#2608);
#2611=DIRECTION('',(0.E0,-1.E0,0.E0));
#2612=VECTOR('',#2611,1.E2);
#2613=CARTESIAN_POINT('',(-2.9E1,1.5E2,6.E1));
#2614=LINE('',#2613,#2612);
#2615=DIRECTION('',(0.E0,-1.E0,0.E0));
#2616=VECTOR('',#2615,1.E2);
#2617=CARTESIAN_POINT('',(-3.6E1,1.5E2,6.E1));
#2618=LINE('',#2617,#2616);
#2619=CARTESIAN_POINT('',(-3.25E1,5.E1,6.E1));
#2620=DIRECTION('',(0.E0,1.E0,0.E0));
#2621=DIRECTION('',(1.E0,0.E0,0.E0));
#2622=AXIS2_PLACEMENT_3D('',#2619,#2620,#2621);
#2624=CARTESIAN_POINT('',(-3.25E1,5.E1,6.E1));
#2625=DIRECTION('',(0.E0,1.E0,0.E0));
#2626=DIRECTION('',(-1.E0,0.E0,0.E0));
#2627=AXIS2_PLACEMENT_3D('',#2624,#2625,#2626);
#2629=DIRECTION('',(0.E0,-1.E0,0.E0));
#2630=VECTOR('',#2629,1.E2);
#2631=CARTESIAN_POINT('',(-1.9E1,1.5E2,6.E1));
#2632=LINE('',#2631,#2630);
#2633=DIRECTION('',(0.E0,-1.E0,0.E0));
#2634=VECTOR('',#2633,1.E2);
#2635=CARTESIAN_POINT('',(-2.6E1,1.5E2,6.E1));
#2636=LINE('',#2635,#2634);
#2637=CARTESIAN_POINT('',(-2.25E1,5.E1,6.E1));
#2638=DIRECTION('',(0.E0,1.E0,0.E0));
#2639=DIRECTION('',(1.E0,0.E0,0.E0));
#2640=AXIS2_PLACEMENT_3D('',#2637,#2638,#2639);
#2642=CARTESIAN_POINT('',(-2.25E1,5.E1,6.E1));
#2643=DIRECTION('',(0.E0,1.E0,0.E0));
#2644=DIRECTION('',(-1.E0,0.E0,0.E0));
#2645=AXIS2_PLACEMENT_3D('',#2642,#2643,#2644);
#2647=DIRECTION('',(0.E0,-1.E0,0.E0));
#2648=VECTOR('',#2647,1.E2);
#2649=CARTESIAN_POINT('',(-9.E0,1.5E2,6.E1));
#2650=LINE('',#2649,#2648);
#2651=DIRECTION('',(0.E0,-1.E0,0.E0));
#2652=VECTOR('',#2651,1.E2);
#2653=CARTESIAN_POINT('',(-1.6E1,1.5E2,6.E1));
#2654=LINE('',#2653,#2652);
#2655=CARTESIAN_POINT('',(-1.25E1,5.E1,6.E1));
#2656=DIRECTION('',(0.E0,1.E0,0.E0));
#2657=DIRECTION('',(1.E0,0.E0,0.E0));
#2658=AXIS2_PLACEMENT_3D('',#2655,#2656,#2657);
#2660=CARTESIAN_POINT('',(-1.25E1,5.E1,6.E1));
#2661=DIRECTION('',(0.E0,1.E0,0.E0));
#2662=DIRECTION('',(-1.E0,0.E0,0.E0));
#2663=AXIS2_PLACEMENT_3D('',#2660,#2661,#2662);
#2665=DIRECTION('',(0.E0,1.E0,0.E0));
#2666=VECTOR('',#2665,1.E1);
#2667=CARTESIAN_POINT('',(7.5E0,0.E0,6.5E1));
#2668=LINE('',#2667,#2666);
#2669=DIRECTION('',(0.E0,1.E0,0.E0));
#2670=VECTOR('',#2669,1.E1);
#2671=CARTESIAN_POINT('',(-1.325E2,0.E0,-1.5E1));
#2672=LINE('',#2671,#2670);
#2673=CARTESIAN_POINT('',(3.5E0,0.E0,0.E0));
#2674=CARTESIAN_POINT('',(-3.5E0,0.E0,0.E0));
#2675=VERTEX_POINT('',#2673);
#2676=VERTEX_POINT('',#2674);
#2677=CARTESIAN_POINT('',(-1.215E2,0.E0,0.E0));
#2678=CARTESIAN_POINT('',(-1.285E2,0.E0,0.E0));
#2679=VERTEX_POINT('',#2677);
#2680=VERTEX_POINT('',#2678);
#2681=CARTESIAN_POINT('',(3.5E0,0.E0,5.E1));
#2682=CARTESIAN_POINT('',(-3.5E0,0.E0,5.E1));
#2683=VERTEX_POINT('',#2681);
#2684=VERTEX_POINT('',#2682);
#2685=CARTESIAN_POINT('',(-1.215E2,0.E0,5.E1));
#2686=CARTESIAN_POINT('',(-1.285E2,0.E0,5.E1));
#2687=VERTEX_POINT('',#2685);
#2688=VERTEX_POINT('',#2686);
#2689=CARTESIAN_POINT('',(-1.325E2,0.E0,-1.5E1));
#2690=CARTESIAN_POINT('',(-1.325E2,0.E0,6.5E1));
#2691=VERTEX_POINT('',#2689);
#2692=VERTEX_POINT('',#2690);
#2693=CARTESIAN_POINT('',(7.5E0,0.E0,6.5E1));
#2694=VERTEX_POINT('',#2693);
#2695=CARTESIAN_POINT('',(7.5E0,0.E0,-1.5E1));
#2696=VERTEX_POINT('',#2695);
#2697=CARTESIAN_POINT('',(3.5E0,1.E1,0.E0));
#2698=CARTESIAN_POINT('',(-3.5E0,1.E1,0.E0));
#2699=VERTEX_POINT('',#2697);
#2700=VERTEX_POINT('',#2698);
#2701=CARTESIAN_POINT('',(-1.215E2,1.E1,0.E0));
#2702=CARTESIAN_POINT('',(-1.285E2,1.E1,0.E0));
#2703=VERTEX_POINT('',#2701);
#2704=VERTEX_POINT('',#2702);
#2705=CARTESIAN_POINT('',(3.5E0,1.E1,5.E1));
#2706=CARTESIAN_POINT('',(-3.5E0,1.E1,5.E1));
#2707=VERTEX_POINT('',#2705);
#2708=VERTEX_POINT('',#2706);
#2709=CARTESIAN_POINT('',(-1.215E2,1.E1,5.E1));
#2710=CARTESIAN_POINT('',(-1.285E2,1.E1,5.E1));
#2711=VERTEX_POINT('',#2709);
#2712=VERTEX_POINT('',#2710);
#2713=CARTESIAN_POINT('',(-1.325E2,1.E1,-1.5E1));
#2714=CARTESIAN_POINT('',(-1.325E2,1.E1,6.5E1));
#2715=VERTEX_POINT('',#2713);
#2716=VERTEX_POINT('',#2714);
#2717=CARTESIAN_POINT('',(7.5E0,1.E1,6.5E1));
#2718=CARTESIAN_POINT('',(7.5E0,1.E1,-1.5E1));
#2719=VERTEX_POINT('',#2717);
#2720=VERTEX_POINT('',#2718);
#2721=CARTESIAN_POINT('',(-1.175E2,1.5E2,-1.5E1));
#2722=CARTESIAN_POINT('',(-1.175E2,1.5E2,6.5E1));
#2723=VERTEX_POINT('',#2721);
#2724=VERTEX_POINT('',#2722);
#2725=CARTESIAN_POINT('',(-7.5E0,1.5E2,6.5E1));
#2726=VERTEX_POINT('',#2725);
#2727=CARTESIAN_POINT('',(-7.5E0,1.5E2,-1.5E1));
#2728=VERTEX_POINT('',#2727);
#2729=CARTESIAN_POINT('',(-1.175E2,1.E1,-1.5E1));
#2730=CARTESIAN_POINT('',(-1.175E2,1.E1,6.5E1));
#2731=VERTEX_POINT('',#2729);
#2732=VERTEX_POINT('',#2730);
#2733=CARTESIAN_POINT('',(-7.5E0,1.E1,6.5E1));
#2734=CARTESIAN_POINT('',(-7.5E0,1.E1,-1.5E1));
#2735=VERTEX_POINT('',#2733);
#2736=VERTEX_POINT('',#2734);
#2737=CARTESIAN_POINT('',(-1.09E2,5.E1,-1.E1));
#2738=CARTESIAN_POINT('',(-1.16E2,5.E1,-1.E1));
#2739=VERTEX_POINT('',#2737);
#2740=VERTEX_POINT('',#2738);
#2741=CARTESIAN_POINT('',(-1.09E2,1.5E2,-1.E1));
#2742=CARTESIAN_POINT('',(-1.16E2,1.5E2,-1.E1));
#2743=VERTEX_POINT('',#2741);
#2744=VERTEX_POINT('',#2742);
#2745=CARTESIAN_POINT('',(-9.9E1,5.E1,-1.E1));
#2746=CARTESIAN_POINT('',(-1.06E2,5.E1,-1.E1));
#2747=VERTEX_POINT('',#2745);
#2748=VERTEX_POINT('',#2746);
#2749=CARTESIAN_POINT('',(-9.9E1,1.5E2,-1.E1));
#2750=CARTESIAN_POINT('',(-1.06E2,1.5E2,-1.E1));
#2751=VERTEX_POINT('',#2749);
#2752=VERTEX_POINT('',#2750);
#2753=CARTESIAN_POINT('',(-8.9E1,5.E1,-1.E1));
#2754=CARTESIAN_POINT('',(-9.6E1,5.E1,-1.E1));
#2755=VERTEX_POINT('',#2753);
#2756=VERTEX_POINT('',#2754);
#2757=CARTESIAN_POINT('',(-8.9E1,1.5E2,-1.E1));
#2758=CARTESIAN_POINT('',(-9.6E1,1.5E2,-1.E1));
#2759=VERTEX_POINT('',#2757);
#2760=VERTEX_POINT('',#2758);
#2761=CARTESIAN_POINT('',(-7.9E1,5.E1,-1.E1));
#2762=CARTESIAN_POINT('',(-8.6E1,5.E1,-1.E1));
#2763=VERTEX_POINT('',#2761);
#2764=VERTEX_POINT('',#2762);
#2765=CARTESIAN_POINT('',(-7.9E1,1.5E2,-1.E1));
#2766=CARTESIAN_POINT('',(-8.6E1,1.5E2,-1.E1));
#2767=VERTEX_POINT('',#2765);
#2768=VERTEX_POINT('',#2766);
#2769=CARTESIAN_POINT('',(-6.9E1,5.E1,-1.E1));
#2770=CARTESIAN_POINT('',(-7.6E1,5.E1,-1.E1));
#2771=VERTEX_POINT('',#2769);
#2772=VERTEX_POINT('',#2770);
#2773=CARTESIAN_POINT('',(-6.9E1,1.5E2,-1.E1));
#2774=CARTESIAN_POINT('',(-7.6E1,1.5E2,-1.E1));
#2775=VERTEX_POINT('',#2773);
#2776=VERTEX_POINT('',#2774);
#2777=CARTESIAN_POINT('',(-5.9E1,5.E1,-1.E1));
#2778=CARTESIAN_POINT('',(-6.6E1,5.E1,-1.E1));
#2779=VERTEX_POINT('',#2777);
#2780=VERTEX_POINT('',#2778);
#2781=CARTESIAN_POINT('',(-5.9E1,1.5E2,-1.E1));
#2782=CARTESIAN_POINT('',(-6.6E1,1.5E2,-1.E1));
#2783=VERTEX_POINT('',#2781);
#2784=VERTEX_POINT('',#2782);
#2785=CARTESIAN_POINT('',(-4.9E1,5.E1,-1.E1));
#2786=CARTESIAN_POINT('',(-5.6E1,5.E1,-1.E1));
#2787=VERTEX_POINT('',#2785);
#2788=VERTEX_POINT('',#2786);
#2789=CARTESIAN_POINT('',(-4.9E1,1.5E2,-1.E1));
#2790=CARTESIAN_POINT('',(-5.6E1,1.5E2,-1.E1));
#2791=VERTEX_POINT('',#2789);
#2792=VERTEX_POINT('',#2790);
#2793=CARTESIAN_POINT('',(-3.9E1,5.E1,-1.E1));
#2794=CARTESIAN_POINT('',(-4.6E1,5.E1,-1.E1));
#2795=VERTEX_POINT('',#2793);
#2796=VERTEX_POINT('',#2794);
#2797=CARTESIAN_POINT('',(-3.9E1,1.5E2,-1.E1));
#2798=CARTESIAN_POINT('',(-4.6E1,1.5E2,-1.E1));
#2799=VERTEX_POINT('',#2797);
#2800=VERTEX_POINT('',#2798);
#2801=CARTESIAN_POINT('',(-2.9E1,5.E1,-1.E1));
#2802=CARTESIAN_POINT('',(-3.6E1,5.E1,-1.E1));
#2803=VERTEX_POINT('',#2801);
#2804=VERTEX_POINT('',#2802);
#2805=CARTESIAN_POINT('',(-2.9E1,1.5E2,-1.E1));
#2806=CARTESIAN_POINT('',(-3.6E1,1.5E2,-1.E1));
#2807=VERTEX_POINT('',#2805);
#2808=VERTEX_POINT('',#2806);
#2809=CARTESIAN_POINT('',(-1.9E1,5.E1,-1.E1));
#2810=CARTESIAN_POINT('',(-2.6E1,5.E1,-1.E1));
#2811=VERTEX_POINT('',#2809);
#2812=VERTEX_POINT('',#2810);
#2813=CARTESIAN_POINT('',(-1.9E1,1.5E2,-1.E1));
#2814=CARTESIAN_POINT('',(-2.6E1,1.5E2,-1.E1));
#2815=VERTEX_POINT('',#2813);
#2816=VERTEX_POINT('',#2814);
#2817=CARTESIAN_POINT('',(-1.09E2,5.E1,0.E0));
#2818=CARTESIAN_POINT('',(-1.16E2,5.E1,0.E0));
#2819=VERTEX_POINT('',#2817);
#2820=VERTEX_POINT('',#2818);
#2821=CARTESIAN_POINT('',(-1.09E2,1.5E2,0.E0));
#2822=CARTESIAN_POINT('',(-1.16E2,1.5E2,0.E0));
#2823=VERTEX_POINT('',#2821);
#2824=VERTEX_POINT('',#2822);
#2825=CARTESIAN_POINT('',(-9.9E1,5.E1,0.E0));
#2826=CARTESIAN_POINT('',(-1.06E2,5.E1,0.E0));
#2827=VERTEX_POINT('',#2825);
#2828=VERTEX_POINT('',#2826);
#2829=CARTESIAN_POINT('',(-9.9E1,1.5E2,0.E0));
#2830=CARTESIAN_POINT('',(-1.06E2,1.5E2,0.E0));
#2831=VERTEX_POINT('',#2829);
#2832=VERTEX_POINT('',#2830);
#2833=CARTESIAN_POINT('',(-8.9E1,5.E1,0.E0));
#2834=CARTESIAN_POINT('',(-9.6E1,5.E1,0.E0));
#2835=VERTEX_POINT('',#2833);
#2836=VERTEX_POINT('',#2834);
#2837=CARTESIAN_POINT('',(-8.9E1,1.5E2,0.E0));
#2838=CARTESIAN_POINT('',(-9.6E1,1.5E2,0.E0));
#2839=VERTEX_POINT('',#2837);
#2840=VERTEX_POINT('',#2838);
#2841=CARTESIAN_POINT('',(-7.9E1,5.E1,0.E0));
#2842=CARTESIAN_POINT('',(-8.6E1,5.E1,0.E0));
#2843=VERTEX_POINT('',#2841);
#2844=VERTEX_POINT('',#2842);
#2845=CARTESIAN_POINT('',(-7.9E1,1.5E2,0.E0));
#2846=CARTESIAN_POINT('',(-8.6E1,1.5E2,0.E0));
#2847=VERTEX_POINT('',#2845);
#2848=VERTEX_POINT('',#2846);
#2849=CARTESIAN_POINT('',(-6.9E1,5.E1,0.E0));
#2850=CARTESIAN_POINT('',(-7.6E1,5.E1,0.E0));
#2851=VERTEX_POINT('',#2849);
#2852=VERTEX_POINT('',#2850);
#2853=CARTESIAN_POINT('',(-6.9E1,1.5E2,0.E0));
#2854=CARTESIAN_POINT('',(-7.6E1,1.5E2,0.E0));
#2855=VERTEX_POINT('',#2853);
#2856=VERTEX_POINT('',#2854);
#2857=CARTESIAN_POINT('',(-5.9E1,5.E1,0.E0));
#2858=CARTESIAN_POINT('',(-6.6E1,5.E1,0.E0));
#2859=VERTEX_POINT('',#2857);
#2860=VERTEX_POINT('',#2858);
#2861=CARTESIAN_POINT('',(-5.9E1,1.5E2,0.E0));
#2862=CARTESIAN_POINT('',(-6.6E1,1.5E2,0.E0));
#2863=VERTEX_POINT('',#2861);
#2864=VERTEX_POINT('',#2862);
#2865=CARTESIAN_POINT('',(-4.9E1,5.E1,0.E0));
#2866=CARTESIAN_POINT('',(-5.6E1,5.E1,0.E0));
#2867=VERTEX_POINT('',#2865);
#2868=VERTEX_POINT('',#2866);
#2869=CARTESIAN_POINT('',(-4.9E1,1.5E2,0.E0));
#2870=CARTESIAN_POINT('',(-5.6E1,1.5E2,0.E0));
#2871=VERTEX_POINT('',#2869);
#2872=VERTEX_POINT('',#2870);
#2873=CARTESIAN_POINT('',(-3.9E1,5.E1,0.E0));
#2874=CARTESIAN_POINT('',(-4.6E1,5.E1,0.E0));
#2875=VERTEX_POINT('',#2873);
#2876=VERTEX_POINT('',#2874);
#2877=CARTESIAN_POINT('',(-3.9E1,1.5E2,0.E0));
#2878=CARTESIAN_POINT('',(-4.6E1,1.5E2,0.E0));
#2879=VERTEX_POINT('',#2877);
#2880=VERTEX_POINT('',#2878);
#2881=CARTESIAN_POINT('',(-2.9E1,5.E1,0.E0));
#2882=CARTESIAN_POINT('',(-3.6E1,5.E1,0.E0));
#2883=VERTEX_POINT('',#2881);
#2884=VERTEX_POINT('',#2882);
#2885=CARTESIAN_POINT('',(-2.9E1,1.5E2,0.E0));
#2886=CARTESIAN_POINT('',(-3.6E1,1.5E2,0.E0));
#2887=VERTEX_POINT('',#2885);
#2888=VERTEX_POINT('',#2886);
#2889=CARTESIAN_POINT('',(-1.9E1,5.E1,0.E0));
#2890=CARTESIAN_POINT('',(-2.6E1,5.E1,0.E0));
#2891=VERTEX_POINT('',#2889);
#2892=VERTEX_POINT('',#2890);
#2893=CARTESIAN_POINT('',(-1.9E1,1.5E2,0.E0));
#2894=CARTESIAN_POINT('',(-2.6E1,1.5E2,0.E0));
#2895=VERTEX_POINT('',#2893);
#2896=VERTEX_POINT('',#2894);
#2897=CARTESIAN_POINT('',(-1.09E2,5.E1,1.E1));
#2898=CARTESIAN_POINT('',(-1.16E2,5.E1,1.E1));
#2899=VERTEX_POINT('',#2897);
#2900=VERTEX_POINT('',#2898);
#2901=CARTESIAN_POINT('',(-1.09E2,1.5E2,1.E1));
#2902=CARTESIAN_POINT('',(-1.16E2,1.5E2,1.E1));
#2903=VERTEX_POINT('',#2901);
#2904=VERTEX_POINT('',#2902);
#2905=CARTESIAN_POINT('',(-9.9E1,5.E1,1.E1));
#2906=CARTESIAN_POINT('',(-1.06E2,5.E1,1.E1));
#2907=VERTEX_POINT('',#2905);
#2908=VERTEX_POINT('',#2906);
#2909=CARTESIAN_POINT('',(-9.9E1,1.5E2,1.E1));
#2910=CARTESIAN_POINT('',(-1.06E2,1.5E2,1.E1));
#2911=VERTEX_POINT('',#2909);
#2912=VERTEX_POINT('',#2910);
#2913=CARTESIAN_POINT('',(-8.9E1,5.E1,1.E1));
#2914=CARTESIAN_POINT('',(-9.6E1,5.E1,1.E1));
#2915=VERTEX_POINT('',#2913);
#2916=VERTEX_POINT('',#2914);
#2917=CARTESIAN_POINT('',(-8.9E1,1.5E2,1.E1));
#2918=CARTESIAN_POINT('',(-9.6E1,1.5E2,1.E1));
#2919=VERTEX_POINT('',#2917);
#2920=VERTEX_POINT('',#2918);
#2921=CARTESIAN_POINT('',(-7.9E1,5.E1,1.E1));
#2922=CARTESIAN_POINT('',(-8.6E1,5.E1,1.E1));
#2923=VERTEX_POINT('',#2921);
#2924=VERTEX_POINT('',#2922);
#2925=CARTESIAN_POINT('',(-7.9E1,1.5E2,1.E1));
#2926=CARTESIAN_POINT('',(-8.6E1,1.5E2,1.E1));
#2927=VERTEX_POINT('',#2925);
#2928=VERTEX_POINT('',#2926);
#2929=CARTESIAN_POINT('',(-6.9E1,5.E1,1.E1));
#2930=CARTESIAN_POINT('',(-7.6E1,5.E1,1.E1));
#2931=VERTEX_POINT('',#2929);
#2932=VERTEX_POINT('',#2930);
#2933=CARTESIAN_POINT('',(-6.9E1,1.5E2,1.E1));
#2934=CARTESIAN_POINT('',(-7.6E1,1.5E2,1.E1));
#2935=VERTEX_POINT('',#2933);
#2936=VERTEX_POINT('',#2934);
#2937=CARTESIAN_POINT('',(-5.9E1,5.E1,1.E1));
#2938=CARTESIAN_POINT('',(-6.6E1,5.E1,1.E1));
#2939=VERTEX_POINT('',#2937);
#2940=VERTEX_POINT('',#2938);
#2941=CARTESIAN_POINT('',(-5.9E1,1.5E2,1.E1));
#2942=CARTESIAN_POINT('',(-6.6E1,1.5E2,1.E1));
#2943=VERTEX_POINT('',#2941);
#2944=VERTEX_POINT('',#2942);
#2945=CARTESIAN_POINT('',(-4.9E1,5.E1,1.E1));
#2946=CARTESIAN_POINT('',(-5.6E1,5.E1,1.E1));
#2947=VERTEX_POINT('',#2945);
#2948=VERTEX_POINT('',#2946);
#2949=CARTESIAN_POINT('',(-4.9E1,1.5E2,1.E1));
#2950=CARTESIAN_POINT('',(-5.6E1,1.5E2,1.E1));
#2951=VERTEX_POINT('',#2949);
#2952=VERTEX_POINT('',#2950);
#2953=CARTESIAN_POINT('',(-3.9E1,5.E1,1.E1));
#2954=CARTESIAN_POINT('',(-4.6E1,5.E1,1.E1));
#2955=VERTEX_POINT('',#2953);
#2956=VERTEX_POINT('',#2954);
#2957=CARTESIAN_POINT('',(-3.9E1,1.5E2,1.E1));
#2958=CARTESIAN_POINT('',(-4.6E1,1.5E2,1.E1));
#2959=VERTEX_POINT('',#2957);
#2960=VERTEX_POINT('',#2958);
#2961=CARTESIAN_POINT('',(-2.9E1,5.E1,1.E1));
#2962=CARTESIAN_POINT('',(-3.6E1,5.E1,1.E1));
#2963=VERTEX_POINT('',#2961);
#2964=VERTEX_POINT('',#2962);
#2965=CARTESIAN_POINT('',(-2.9E1,1.5E2,1.E1));
#2966=CARTESIAN_POINT('',(-3.6E1,1.5E2,1.E1));
#2967=VERTEX_POINT('',#2965);
#2968=VERTEX_POINT('',#2966);
#2969=CARTESIAN_POINT('',(-1.9E1,5.E1,1.E1));
#2970=CARTESIAN_POINT('',(-2.6E1,5.E1,1.E1));
#2971=VERTEX_POINT('',#2969);
#2972=VERTEX_POINT('',#2970);
#2973=CARTESIAN_POINT('',(-1.9E1,1.5E2,1.E1));
#2974=CARTESIAN_POINT('',(-2.6E1,1.5E2,1.E1));
#2975=VERTEX_POINT('',#2973);
#2976=VERTEX_POINT('',#2974);
#2977=CARTESIAN_POINT('',(-1.09E2,5.E1,2.E1));
#2978=CARTESIAN_POINT('',(-1.16E2,5.E1,2.E1));
#2979=VERTEX_POINT('',#2977);
#2980=VERTEX_POINT('',#2978);
#2981=CARTESIAN_POINT('',(-1.09E2,1.5E2,2.E1));
#2982=CARTESIAN_POINT('',(-1.16E2,1.5E2,2.E1));
#2983=VERTEX_POINT('',#2981);
#2984=VERTEX_POINT('',#2982);
#2985=CARTESIAN_POINT('',(-9.9E1,5.E1,2.E1));
#2986=CARTESIAN_POINT('',(-1.06E2,5.E1,2.E1));
#2987=VERTEX_POINT('',#2985);
#2988=VERTEX_POINT('',#2986);
#2989=CARTESIAN_POINT('',(-9.9E1,1.5E2,2.E1));
#2990=CARTESIAN_POINT('',(-1.06E2,1.5E2,2.E1));
#2991=VERTEX_POINT('',#2989);
#2992=VERTEX_POINT('',#2990);
#2993=CARTESIAN_POINT('',(-8.9E1,5.E1,2.E1));
#2994=CARTESIAN_POINT('',(-9.6E1,5.E1,2.E1));
#2995=VERTEX_POINT('',#2993);
#2996=VERTEX_POINT('',#2994);
#2997=CARTESIAN_POINT('',(-8.9E1,1.5E2,2.E1));
#2998=CARTESIAN_POINT('',(-9.6E1,1.5E2,2.E1));
#2999=VERTEX_POINT('',#2997);
#3000=VERTEX_POINT('',#2998);
#3001=CARTESIAN_POINT('',(-7.9E1,5.E1,2.E1));
#3002=CARTESIAN_POINT('',(-8.6E1,5.E1,2.E1));
#3003=VERTEX_POINT('',#3001);
#3004=VERTEX_POINT('',#3002);
#3005=CARTESIAN_POINT('',(-7.9E1,1.5E2,2.E1));
#3006=CARTESIAN_POINT('',(-8.6E1,1.5E2,2.E1));
#3007=VERTEX_POINT('',#3005);
#3008=VERTEX_POINT('',#3006);
#3009=CARTESIAN_POINT('',(-6.9E1,5.E1,2.E1));
#3010=CARTESIAN_POINT('',(-7.6E1,5.E1,2.E1));
#3011=VERTEX_POINT('',#3009);
#3012=VERTEX_POINT('',#3010);
#3013=CARTESIAN_POINT('',(-6.9E1,1.5E2,2.E1));
#3014=CARTESIAN_POINT('',(-7.6E1,1.5E2,2.E1));
#3015=VERTEX_POINT('',#3013);
#3016=VERTEX_POINT('',#3014);
#3017=CARTESIAN_POINT('',(-5.9E1,5.E1,2.E1));
#3018=CARTESIAN_POINT('',(-6.6E1,5.E1,2.E1));
#3019=VERTEX_POINT('',#3017);
#3020=VERTEX_POINT('',#3018);
#3021=CARTESIAN_POINT('',(-5.9E1,1.5E2,2.E1));
#3022=CARTESIAN_POINT('',(-6.6E1,1.5E2,2.E1));
#3023=VERTEX_POINT('',#3021);
#3024=VERTEX_POINT('',#3022);
#3025=CARTESIAN_POINT('',(-4.9E1,5.E1,2.E1));
#3026=CARTESIAN_POINT('',(-5.6E1,5.E1,2.E1));
#3027=VERTEX_POINT('',#3025);
#3028=VERTEX_POINT('',#3026);
#3029=CARTESIAN_POINT('',(-4.9E1,1.5E2,2.E1));
#3030=CARTESIAN_POINT('',(-5.6E1,1.5E2,2.E1));
#3031=VERTEX_POINT('',#3029);
#3032=VERTEX_POINT('',#3030);
#3033=CARTESIAN_POINT('',(-3.9E1,5.E1,2.E1));
#3034=CARTESIAN_POINT('',(-4.6E1,5.E1,2.E1));
#3035=VERTEX_POINT('',#3033);
#3036=VERTEX_POINT('',#3034);
#3037=CARTESIAN_POINT('',(-3.9E1,1.5E2,2.E1));
#3038=CARTESIAN_POINT('',(-4.6E1,1.5E2,2.E1));
#3039=VERTEX_POINT('',#3037);
#3040=VERTEX_POINT('',#3038);
#3041=CARTESIAN_POINT('',(-2.9E1,5.E1,2.E1));
#3042=CARTESIAN_POINT('',(-3.6E1,5.E1,2.E1));
#3043=VERTEX_POINT('',#3041);
#3044=VERTEX_POINT('',#3042);
#3045=CARTESIAN_POINT('',(-2.9E1,1.5E2,2.E1));
#3046=CARTESIAN_POINT('',(-3.6E1,1.5E2,2.E1));
#3047=VERTEX_POINT('',#3045);
#3048=VERTEX_POINT('',#3046);
#3049=CARTESIAN_POINT('',(-1.9E1,5.E1,2.E1));
#3050=CARTESIAN_POINT('',(-2.6E1,5.E1,2.E1));
#3051=VERTEX_POINT('',#3049);
#3052=VERTEX_POINT('',#3050);
#3053=CARTESIAN_POINT('',(-1.9E1,1.5E2,2.E1));
#3054=CARTESIAN_POINT('',(-2.6E1,1.5E2,2.E1));
#3055=VERTEX_POINT('',#3053);
#3056=VERTEX_POINT('',#3054);
#3057=CARTESIAN_POINT('',(-1.09E2,5.E1,3.E1));
#3058=CARTESIAN_POINT('',(-1.16E2,5.E1,3.E1));
#3059=VERTEX_POINT('',#3057);
#3060=VERTEX_POINT('',#3058);
#3061=CARTESIAN_POINT('',(-1.09E2,1.5E2,3.E1));
#3062=CARTESIAN_POINT('',(-1.16E2,1.5E2,3.E1));
#3063=VERTEX_POINT('',#3061);
#3064=VERTEX_POINT('',#3062);
#3065=CARTESIAN_POINT('',(-9.9E1,5.E1,3.E1));
#3066=CARTESIAN_POINT('',(-1.06E2,5.E1,3.E1));
#3067=VERTEX_POINT('',#3065);
#3068=VERTEX_POINT('',#3066);
#3069=CARTESIAN_POINT('',(-9.9E1,1.5E2,3.E1));
#3070=CARTESIAN_POINT('',(-1.06E2,1.5E2,3.E1));
#3071=VERTEX_POINT('',#3069);
#3072=VERTEX_POINT('',#3070);
#3073=CARTESIAN_POINT('',(-8.9E1,5.E1,3.E1));
#3074=CARTESIAN_POINT('',(-9.6E1,5.E1,3.E1));
#3075=VERTEX_POINT('',#3073);
#3076=VERTEX_POINT('',#3074);
#3077=CARTESIAN_POINT('',(-8.9E1,1.5E2,3.E1));
#3078=CARTESIAN_POINT('',(-9.6E1,1.5E2,3.E1));
#3079=VERTEX_POINT('',#3077);
#3080=VERTEX_POINT('',#3078);
#3081=CARTESIAN_POINT('',(-7.9E1,5.E1,3.E1));
#3082=CARTESIAN_POINT('',(-8.6E1,5.E1,3.E1));
#3083=VERTEX_POINT('',#3081);
#3084=VERTEX_POINT('',#3082);
#3085=CARTESIAN_POINT('',(-7.9E1,1.5E2,3.E1));
#3086=CARTESIAN_POINT('',(-8.6E1,1.5E2,3.E1));
#3087=VERTEX_POINT('',#3085);
#3088=VERTEX_POINT('',#3086);
#3089=CARTESIAN_POINT('',(-6.9E1,5.E1,3.E1));
#3090=CARTESIAN_POINT('',(-7.6E1,5.E1,3.E1));
#3091=VERTEX_POINT('',#3089);
#3092=VERTEX_POINT('',#3090);
#3093=CARTESIAN_POINT('',(-6.9E1,1.5E2,3.E1));
#3094=CARTESIAN_POINT('',(-7.6E1,1.5E2,3.E1));
#3095=VERTEX_POINT('',#3093);
#3096=VERTEX_POINT('',#3094);
#3097=CARTESIAN_POINT('',(-5.9E1,5.E1,3.E1));
#3098=CARTESIAN_POINT('',(-6.6E1,5.E1,3.E1));
#3099=VERTEX_POINT('',#3097);
#3100=VERTEX_POINT('',#3098);
#3101=CARTESIAN_POINT('',(-5.9E1,1.5E2,3.E1));
#3102=CARTESIAN_POINT('',(-6.6E1,1.5E2,3.E1));
#3103=VERTEX_POINT('',#3101);
#3104=VERTEX_POINT('',#3102);
#3105=CARTESIAN_POINT('',(-4.9E1,5.E1,3.E1));
#3106=CARTESIAN_POINT('',(-5.6E1,5.E1,3.E1));
#3107=VERTEX_POINT('',#3105);
#3108=VERTEX_POINT('',#3106);
#3109=CARTESIAN_POINT('',(-4.9E1,1.5E2,3.E1));
#3110=CARTESIAN_POINT('',(-5.6E1,1.5E2,3.E1));
#3111=VERTEX_POINT('',#3109);
#3112=VERTEX_POINT('',#3110);
#3113=CARTESIAN_POINT('',(-3.9E1,5.E1,3.E1));
#3114=CARTESIAN_POINT('',(-4.6E1,5.E1,3.E1));
#3115=VERTEX_POINT('',#3113);
#3116=VERTEX_POINT('',#3114);
#3117=CARTESIAN_POINT('',(-3.9E1,1.5E2,3.E1));
#3118=CARTESIAN_POINT('',(-4.6E1,1.5E2,3.E1));
#3119=VERTEX_POINT('',#3117);
#3120=VERTEX_POINT('',#3118);
#3121=CARTESIAN_POINT('',(-2.9E1,5.E1,3.E1));
#3122=CARTESIAN_POINT('',(-3.6E1,5.E1,3.E1));
#3123=VERTEX_POINT('',#3121);
#3124=VERTEX_POINT('',#3122);
#3125=CARTESIAN_POINT('',(-2.9E1,1.5E2,3.E1));
#3126=CARTESIAN_POINT('',(-3.6E1,1.5E2,3.E1));
#3127=VERTEX_POINT('',#3125);
#3128=VERTEX_POINT('',#3126);
#3129=CARTESIAN_POINT('',(-1.9E1,5.E1,3.E1));
#3130=CARTESIAN_POINT('',(-2.6E1,5.E1,3.E1));
#3131=VERTEX_POINT('',#3129);
#3132=VERTEX_POINT('',#3130);
#3133=CARTESIAN_POINT('',(-1.9E1,1.5E2,3.E1));
#3134=CARTESIAN_POINT('',(-2.6E1,1.5E2,3.E1));
#3135=VERTEX_POINT('',#3133);
#3136=VERTEX_POINT('',#3134);
#3137=CARTESIAN_POINT('',(-1.09E2,5.E1,4.E1));
#3138=CARTESIAN_POINT('',(-1.16E2,5.E1,4.E1));
#3139=VERTEX_POINT('',#3137);
#3140=VERTEX_POINT('',#3138);
#3141=CARTESIAN_POINT('',(-1.09E2,1.5E2,4.E1));
#3142=CARTESIAN_POINT('',(-1.16E2,1.5E2,4.E1));
#3143=VERTEX_POINT('',#3141);
#3144=VERTEX_POINT('',#3142);
#3145=CARTESIAN_POINT('',(-9.9E1,5.E1,4.E1));
#3146=CARTESIAN_POINT('',(-1.06E2,5.E1,4.E1));
#3147=VERTEX_POINT('',#3145);
#3148=VERTEX_POINT('',#3146);
#3149=CARTESIAN_POINT('',(-9.9E1,1.5E2,4.E1));
#3150=CARTESIAN_POINT('',(-1.06E2,1.5E2,4.E1));
#3151=VERTEX_POINT('',#3149);
#3152=VERTEX_POINT('',#3150);
#3153=CARTESIAN_POINT('',(-8.9E1,5.E1,4.E1));
#3154=CARTESIAN_POINT('',(-9.6E1,5.E1,4.E1));
#3155=VERTEX_POINT('',#3153);
#3156=VERTEX_POINT('',#3154);
#3157=CARTESIAN_POINT('',(-8.9E1,1.5E2,4.E1));
#3158=CARTESIAN_POINT('',(-9.6E1,1.5E2,4.E1));
#3159=VERTEX_POINT('',#3157);
#3160=VERTEX_POINT('',#3158);
#3161=CARTESIAN_POINT('',(-7.9E1,5.E1,4.E1));
#3162=CARTESIAN_POINT('',(-8.6E1,5.E1,4.E1));
#3163=VERTEX_POINT('',#3161);
#3164=VERTEX_POINT('',#3162);
#3165=CARTESIAN_POINT('',(-7.9E1,1.5E2,4.E1));
#3166=CARTESIAN_POINT('',(-8.6E1,1.5E2,4.E1));
#3167=VERTEX_POINT('',#3165);
#3168=VERTEX_POINT('',#3166);
#3169=CARTESIAN_POINT('',(-6.9E1,5.E1,4.E1));
#3170=CARTESIAN_POINT('',(-7.6E1,5.E1,4.E1));
#3171=VERTEX_POINT('',#3169);
#3172=VERTEX_POINT('',#3170);
#3173=CARTESIAN_POINT('',(-6.9E1,1.5E2,4.E1));
#3174=CARTESIAN_POINT('',(-7.6E1,1.5E2,4.E1));
#3175=VERTEX_POINT('',#3173);
#3176=VERTEX_POINT('',#3174);
#3177=CARTESIAN_POINT('',(-5.9E1,5.E1,4.E1));
#3178=CARTESIAN_POINT('',(-6.6E1,5.E1,4.E1));
#3179=VERTEX_POINT('',#3177);
#3180=VERTEX_POINT('',#3178);
#3181=CARTESIAN_POINT('',(-5.9E1,1.5E2,4.E1));
#3182=CARTESIAN_POINT('',(-6.6E1,1.5E2,4.E1));
#3183=VERTEX_POINT('',#3181);
#3184=VERTEX_POINT('',#3182);
#3185=CARTESIAN_POINT('',(-4.9E1,5.E1,4.E1));
#3186=CARTESIAN_POINT('',(-5.6E1,5.E1,4.E1));
#3187=VERTEX_POINT('',#3185);
#3188=VERTEX_POINT('',#3186);
#3189=CARTESIAN_POINT('',(-4.9E1,1.5E2,4.E1));
#3190=CARTESIAN_POINT('',(-5.6E1,1.5E2,4.E1));
#3191=VERTEX_POINT('',#3189);
#3192=VERTEX_POINT('',#3190);
#3193=CARTESIAN_POINT('',(-3.9E1,5.E1,4.E1));
#3194=CARTESIAN_POINT('',(-4.6E1,5.E1,4.E1));
#3195=VERTEX_POINT('',#3193);
#3196=VERTEX_POINT('',#3194);
#3197=CARTESIAN_POINT('',(-3.9E1,1.5E2,4.E1));
#3198=CARTESIAN_POINT('',(-4.6E1,1.5E2,4.E1));
#3199=VERTEX_POINT('',#3197);
#3200=VERTEX_POINT('',#3198);
#3201=CARTESIAN_POINT('',(-2.9E1,5.E1,4.E1));
#3202=CARTESIAN_POINT('',(-3.6E1,5.E1,4.E1));
#3203=VERTEX_POINT('',#3201);
#3204=VERTEX_POINT('',#3202);
#3205=CARTESIAN_POINT('',(-2.9E1,1.5E2,4.E1));
#3206=CARTESIAN_POINT('',(-3.6E1,1.5E2,4.E1));
#3207=VERTEX_POINT('',#3205);
#3208=VERTEX_POINT('',#3206);
#3209=CARTESIAN_POINT('',(-1.9E1,5.E1,4.E1));
#3210=CARTESIAN_POINT('',(-2.6E1,5.E1,4.E1));
#3211=VERTEX_POINT('',#3209);
#3212=VERTEX_POINT('',#3210);
#3213=CARTESIAN_POINT('',(-1.9E1,1.5E2,4.E1));
#3214=CARTESIAN_POINT('',(-2.6E1,1.5E2,4.E1));
#3215=VERTEX_POINT('',#3213);
#3216=VERTEX_POINT('',#3214);
#3217=CARTESIAN_POINT('',(-9.E0,5.E1,-1.E1));
#3218=CARTESIAN_POINT('',(-1.6E1,5.E1,-1.E1));
#3219=VERTEX_POINT('',#3217);
#3220=VERTEX_POINT('',#3218);
#3221=CARTESIAN_POINT('',(-9.E0,1.5E2,-1.E1));
#3222=CARTESIAN_POINT('',(-1.6E1,1.5E2,-1.E1));
#3223=VERTEX_POINT('',#3221);
#3224=VERTEX_POINT('',#3222);
#3225=CARTESIAN_POINT('',(-9.E0,5.E1,0.E0));
#3226=CARTESIAN_POINT('',(-1.6E1,5.E1,0.E0));
#3227=VERTEX_POINT('',#3225);
#3228=VERTEX_POINT('',#3226);
#3229=CARTESIAN_POINT('',(-9.E0,1.5E2,0.E0));
#3230=CARTESIAN_POINT('',(-1.6E1,1.5E2,0.E0));
#3231=VERTEX_POINT('',#3229);
#3232=VERTEX_POINT('',#3230);
#3233=CARTESIAN_POINT('',(-9.E0,5.E1,1.E1));
#3234=CARTESIAN_POINT('',(-1.6E1,5.E1,1.E1));
#3235=VERTEX_POINT('',#3233);
#3236=VERTEX_POINT('',#3234);
#3237=CARTESIAN_POINT('',(-9.E0,1.5E2,1.E1));
#3238=CARTESIAN_POINT('',(-1.6E1,1.5E2,1.E1));
#3239=VERTEX_POINT('',#3237);
#3240=VERTEX_POINT('',#3238);
#3241=CARTESIAN_POINT('',(-9.E0,5.E1,2.E1));
#3242=CARTESIAN_POINT('',(-1.6E1,5.E1,2.E1));
#3243=VERTEX_POINT('',#3241);
#3244=VERTEX_POINT('',#3242);
#3245=CARTESIAN_POINT('',(-9.E0,1.5E2,2.E1));
#3246=CARTESIAN_POINT('',(-1.6E1,1.5E2,2.E1));
#3247=VERTEX_POINT('',#3245);
#3248=VERTEX_POINT('',#3246);
#3249=CARTESIAN_POINT('',(-9.E0,5.E1,3.E1));
#3250=CARTESIAN_POINT('',(-1.6E1,5.E1,3.E1));
#3251=VERTEX_POINT('',#3249);
#3252=VERTEX_POINT('',#3250);
#3253=CARTESIAN_POINT('',(-9.E0,1.5E2,3.E1));
#3254=CARTESIAN_POINT('',(-1.6E1,1.5E2,3.E1));
#3255=VERTEX_POINT('',#3253);
#3256=VERTEX_POINT('',#3254);
#3257=CARTESIAN_POINT('',(-9.E0,5.E1,4.E1));
#3258=CARTESIAN_POINT('',(-1.6E1,5.E1,4.E1));
#3259=VERTEX_POINT('',#3257);
#3260=VERTEX_POINT('',#3258);
#3261=CARTESIAN_POINT('',(-9.E0,1.5E2,4.E1));
#3262=CARTESIAN_POINT('',(-1.6E1,1.5E2,4.E1));
#3263=VERTEX_POINT('',#3261);
#3264=VERTEX_POINT('',#3262);
#3265=CARTESIAN_POINT('',(-1.09E2,5.E1,5.E1));
#3266=CARTESIAN_POINT('',(-1.16E2,5.E1,5.E1));
#3267=VERTEX_POINT('',#3265);
#3268=VERTEX_POINT('',#3266);
#3269=CARTESIAN_POINT('',(-1.09E2,1.5E2,5.E1));
#3270=CARTESIAN_POINT('',(-1.16E2,1.5E2,5.E1));
#3271=VERTEX_POINT('',#3269);
#3272=VERTEX_POINT('',#3270);
#3273=CARTESIAN_POINT('',(-9.9E1,5.E1,5.E1));
#3274=CARTESIAN_POINT('',(-1.06E2,5.E1,5.E1));
#3275=VERTEX_POINT('',#3273);
#3276=VERTEX_POINT('',#3274);
#3277=CARTESIAN_POINT('',(-9.9E1,1.5E2,5.E1));
#3278=CARTESIAN_POINT('',(-1.06E2,1.5E2,5.E1));
#3279=VERTEX_POINT('',#3277);
#3280=VERTEX_POINT('',#3278);
#3281=CARTESIAN_POINT('',(-8.9E1,5.E1,5.E1));
#3282=CARTESIAN_POINT('',(-9.6E1,5.E1,5.E1));
#3283=VERTEX_POINT('',#3281);
#3284=VERTEX_POINT('',#3282);
#3285=CARTESIAN_POINT('',(-8.9E1,1.5E2,5.E1));
#3286=CARTESIAN_POINT('',(-9.6E1,1.5E2,5.E1));
#3287=VERTEX_POINT('',#3285);
#3288=VERTEX_POINT('',#3286);
#3289=CARTESIAN_POINT('',(-7.9E1,5.E1,5.E1));
#3290=CARTESIAN_POINT('',(-8.6E1,5.E1,5.E1));
#3291=VERTEX_POINT('',#3289);
#3292=VERTEX_POINT('',#3290);
#3293=CARTESIAN_POINT('',(-7.9E1,1.5E2,5.E1));
#3294=CARTESIAN_POINT('',(-8.6E1,1.5E2,5.E1));
#3295=VERTEX_POINT('',#3293);
#3296=VERTEX_POINT('',#3294);
#3297=CARTESIAN_POINT('',(-6.9E1,5.E1,5.E1));
#3298=CARTESIAN_POINT('',(-7.6E1,5.E1,5.E1));
#3299=VERTEX_POINT('',#3297);
#3300=VERTEX_POINT('',#3298);
#3301=CARTESIAN_POINT('',(-6.9E1,1.5E2,5.E1));
#3302=CARTESIAN_POINT('',(-7.6E1,1.5E2,5.E1));
#3303=VERTEX_POINT('',#3301);
#3304=VERTEX_POINT('',#3302);
#3305=CARTESIAN_POINT('',(-5.9E1,5.E1,5.E1));
#3306=CARTESIAN_POINT('',(-6.6E1,5.E1,5.E1));
#3307=VERTEX_POINT('',#3305);
#3308=VERTEX_POINT('',#3306);
#3309=CARTESIAN_POINT('',(-5.9E1,1.5E2,5.E1));
#3310=CARTESIAN_POINT('',(-6.6E1,1.5E2,5.E1));
#3311=VERTEX_POINT('',#3309);
#3312=VERTEX_POINT('',#3310);
#3313=CARTESIAN_POINT('',(-4.9E1,5.E1,5.E1));
#3314=CARTESIAN_POINT('',(-5.6E1,5.E1,5.E1));
#3315=VERTEX_POINT('',#3313);
#3316=VERTEX_POINT('',#3314);
#3317=CARTESIAN_POINT('',(-4.9E1,1.5E2,5.E1));
#3318=CARTESIAN_POINT('',(-5.6E1,1.5E2,5.E1));
#3319=VERTEX_POINT('',#3317);
#3320=VERTEX_POINT('',#3318);
#3321=CARTESIAN_POINT('',(-3.9E1,5.E1,5.E1));
#3322=CARTESIAN_POINT('',(-4.6E1,5.E1,5.E1));
#3323=VERTEX_POINT('',#3321);
#3324=VERTEX_POINT('',#3322);
#3325=CARTESIAN_POINT('',(-3.9E1,1.5E2,5.E1));
#3326=CARTESIAN_POINT('',(-4.6E1,1.5E2,5.E1));
#3327=VERTEX_POINT('',#3325);
#3328=VERTEX_POINT('',#3326);
#3329=CARTESIAN_POINT('',(-2.9E1,5.E1,5.E1));
#3330=CARTESIAN_POINT('',(-3.6E1,5.E1,5.E1));
#3331=VERTEX_POINT('',#3329);
#3332=VERTEX_POINT('',#3330);
#3333=CARTESIAN_POINT('',(-2.9E1,1.5E2,5.E1));
#3334=CARTESIAN_POINT('',(-3.6E1,1.5E2,5.E1));
#3335=VERTEX_POINT('',#3333);
#3336=VERTEX_POINT('',#3334);
#3337=CARTESIAN_POINT('',(-1.9E1,5.E1,5.E1));
#3338=CARTESIAN_POINT('',(-2.6E1,5.E1,5.E1));
#3339=VERTEX_POINT('',#3337);
#3340=VERTEX_POINT('',#3338);
#3341=CARTESIAN_POINT('',(-1.9E1,1.5E2,5.E1));
#3342=CARTESIAN_POINT('',(-2.6E1,1.5E2,5.E1));
#3343=VERTEX_POINT('',#3341);
#3344=VERTEX_POINT('',#3342);
#3345=CARTESIAN_POINT('',(-9.E0,5.E1,5.E1));
#3346=CARTESIAN_POINT('',(-1.6E1,5.E1,5.E1));
#3347=VERTEX_POINT('',#3345);
#3348=VERTEX_POINT('',#3346);
#3349=CARTESIAN_POINT('',(-9.E0,1.5E2,5.E1));
#3350=CARTESIAN_POINT('',(-1.6E1,1.5E2,5.E1));
#3351=VERTEX_POINT('',#3349);
#3352=VERTEX_POINT('',#3350);
#3353=CARTESIAN_POINT('',(-1.09E2,5.E1,6.E1));
#3354=CARTESIAN_POINT('',(-1.16E2,5.E1,6.E1));
#3355=VERTEX_POINT('',#3353);
#3356=VERTEX_POINT('',#3354);
#3357=CARTESIAN_POINT('',(-1.09E2,1.5E2,6.E1));
#3358=CARTESIAN_POINT('',(-1.16E2,1.5E2,6.E1));
#3359=VERTEX_POINT('',#3357);
#3360=VERTEX_POINT('',#3358);
#3361=CARTESIAN_POINT('',(-9.9E1,5.E1,6.E1));
#3362=CARTESIAN_POINT('',(-1.06E2,5.E1,6.E1));
#3363=VERTEX_POINT('',#3361);
#3364=VERTEX_POINT('',#3362);
#3365=CARTESIAN_POINT('',(-9.9E1,1.5E2,6.E1));
#3366=CARTESIAN_POINT('',(-1.06E2,1.5E2,6.E1));
#3367=VERTEX_POINT('',#3365);
#3368=VERTEX_POINT('',#3366);
#3369=CARTESIAN_POINT('',(-8.9E1,5.E1,6.E1));
#3370=CARTESIAN_POINT('',(-9.6E1,5.E1,6.E1));
#3371=VERTEX_POINT('',#3369);
#3372=VERTEX_POINT('',#3370);
#3373=CARTESIAN_POINT('',(-8.9E1,1.5E2,6.E1));
#3374=CARTESIAN_POINT('',(-9.6E1,1.5E2,6.E1));
#3375=VERTEX_POINT('',#3373);
#3376=VERTEX_POINT('',#3374);
#3377=CARTESIAN_POINT('',(-7.9E1,5.E1,6.E1));
#3378=CARTESIAN_POINT('',(-8.6E1,5.E1,6.E1));
#3379=VERTEX_POINT('',#3377);
#3380=VERTEX_POINT('',#3378);
#3381=CARTESIAN_POINT('',(-7.9E1,1.5E2,6.E1));
#3382=CARTESIAN_POINT('',(-8.6E1,1.5E2,6.E1));
#3383=VERTEX_POINT('',#3381);
#3384=VERTEX_POINT('',#3382);
#3385=CARTESIAN_POINT('',(-6.9E1,5.E1,6.E1));
#3386=CARTESIAN_POINT('',(-7.6E1,5.E1,6.E1));
#3387=VERTEX_POINT('',#3385);
#3388=VERTEX_POINT('',#3386);
#3389=CARTESIAN_POINT('',(-6.9E1,1.5E2,6.E1));
#3390=CARTESIAN_POINT('',(-7.6E1,1.5E2,6.E1));
#3391=VERTEX_POINT('',#3389);
#3392=VERTEX_POINT('',#3390);
#3393=CARTESIAN_POINT('',(-5.9E1,5.E1,6.E1));
#3394=CARTESIAN_POINT('',(-6.6E1,5.E1,6.E1));
#3395=VERTEX_POINT('',#3393);
#3396=VERTEX_POINT('',#3394);
#3397=CARTESIAN_POINT('',(-5.9E1,1.5E2,6.E1));
#3398=CARTESIAN_POINT('',(-6.6E1,1.5E2,6.E1));
#3399=VERTEX_POINT('',#3397);
#3400=VERTEX_POINT('',#3398);
#3401=CARTESIAN_POINT('',(-4.9E1,5.E1,6.E1));
#3402=CARTESIAN_POINT('',(-5.6E1,5.E1,6.E1));
#3403=VERTEX_POINT('',#3401);
#3404=VERTEX_POINT('',#3402);
#3405=CARTESIAN_POINT('',(-4.9E1,1.5E2,6.E1));
#3406=CARTESIAN_POINT('',(-5.6E1,1.5E2,6.E1));
#3407=VERTEX_POINT('',#3405);
#3408=VERTEX_POINT('',#3406);
#3409=CARTESIAN_POINT('',(-3.9E1,5.E1,6.E1));
#3410=CARTESIAN_POINT('',(-4.6E1,5.E1,6.E1));
#3411=VERTEX_POINT('',#3409);
#3412=VERTEX_POINT('',#3410);
#3413=CARTESIAN_POINT('',(-3.9E1,1.5E2,6.E1));
#3414=CARTESIAN_POINT('',(-4.6E1,1.5E2,6.E1));
#3415=VERTEX_POINT('',#3413);
#3416=VERTEX_POINT('',#3414);
#3417=CARTESIAN_POINT('',(-2.9E1,5.E1,6.E1));
#3418=CARTESIAN_POINT('',(-3.6E1,5.E1,6.E1));
#3419=VERTEX_POINT('',#3417);
#3420=VERTEX_POINT('',#3418);
#3421=CARTESIAN_POINT('',(-2.9E1,1.5E2,6.E1));
#3422=CARTESIAN_POINT('',(-3.6E1,1.5E2,6.E1));
#3423=VERTEX_POINT('',#3421);
#3424=VERTEX_POINT('',#3422);
#3425=CARTESIAN_POINT('',(-1.9E1,5.E1,6.E1));
#3426=CARTESIAN_POINT('',(-2.6E1,5.E1,6.E1));
#3427=VERTEX_POINT('',#3425);
#3428=VERTEX_POINT('',#3426);
#3429=CARTESIAN_POINT('',(-1.9E1,1.5E2,6.E1));
#3430=CARTESIAN_POINT('',(-2.6E1,1.5E2,6.E1));
#3431=VERTEX_POINT('',#3429);
#3432=VERTEX_POINT('',#3430);
#3433=CARTESIAN_POINT('',(-9.E0,5.E1,6.E1));
#3434=CARTESIAN_POINT('',(-1.6E1,5.E1,6.E1));
#3435=VERTEX_POINT('',#3433);
#3436=VERTEX_POINT('',#3434);
#3437=CARTESIAN_POINT('',(-9.E0,1.5E2,6.E1));
#3438=CARTESIAN_POINT('',(-1.6E1,1.5E2,6.E1));
#3439=VERTEX_POINT('',#3437);
#3440=VERTEX_POINT('',#3438);
#3441=CARTESIAN_POINT('',(0.E0,0.E0,0.E0));
#3442=DIRECTION('',(0.E0,1.E0,0.E0));
#3443=DIRECTION('',(1.E0,0.E0,0.E0));
#3444=AXIS2_PLACEMENT_3D('',#3441,#3442,#3443);
#3445=PLANE('',#3444);
#3447=ORIENTED_EDGE('',*,*,#3446,.T.);
#3449=ORIENTED_EDGE('',*,*,#3448,.T.);
#3451=ORIENTED_EDGE('',*,*,#3450,.T.);
#3453=ORIENTED_EDGE('',*,*,#3452,.T.);
#3454=EDGE_LOOP('',(#3447,#3449,#3451,#3453));
#3455=FACE_OUTER_BOUND('',#3454,.F.);
#3457=ORIENTED_EDGE('',*,*,#3456,.T.);
#3459=ORIENTED_EDGE('',*,*,#3458,.T.);
#3460=EDGE_LOOP('',(#3457,#3459));
#3461=FACE_BOUND('',#3460,.F.);
#3463=ORIENTED_EDGE('',*,*,#3462,.T.);
#3465=ORIENTED_EDGE('',*,*,#3464,.T.);
#3466=EDGE_LOOP('',(#3463,#3465));
#3467=FACE_BOUND('',#3466,.F.);
#3469=ORIENTED_EDGE('',*,*,#3468,.T.);
#3471=ORIENTED_EDGE('',*,*,#3470,.T.);
#3472=EDGE_LOOP('',(#3469,#3471));
#3473=FACE_BOUND('',#3472,.F.);
#3475=ORIENTED_EDGE('',*,*,#3474,.T.);
#3477=ORIENTED_EDGE('',*,*,#3476,.T.);
#3478=EDGE_LOOP('',(#3475,#3477));
#3479=FACE_BOUND('',#3478,.F.);
#3480=ADVANCED_FACE('',(#3455,#3461,#3467,#3473,#3479),#3445,.F.);
#3481=CARTESIAN_POINT('',(0.E0,0.E0,0.E0));
#3482=DIRECTION('',(0.E0,1.E0,0.E0));
#3483=DIRECTION('',(1.E0,0.E0,0.E0));
#3484=AXIS2_PLACEMENT_3D('',#3481,#3482,#3483);
#3485=CYLINDRICAL_SURFACE('',#3484,3.5E0);
#3486=ORIENTED_EDGE('',*,*,#3474,.F.);
#3488=ORIENTED_EDGE('',*,*,#3487,.T.);
#3490=ORIENTED_EDGE('',*,*,#3489,.T.);
#3492=ORIENTED_EDGE('',*,*,#3491,.F.);
#3493=EDGE_LOOP('',(#3486,#3488,#3490,#3492));
#3494=FACE_OUTER_BOUND('',#3493,.F.);
#3495=ADVANCED_FACE('',(#3494),#3485,.F.);
#3496=CARTESIAN_POINT('',(0.E0,0.E0,0.E0));
#3497=DIRECTION('',(0.E0,1.E0,0.E0));
#3498=DIRECTION('',(1.E0,0.E0,0.E0));
#3499=AXIS2_PLACEMENT_3D('',#3496,#3497,#3498);
#3500=CYLINDRICAL_SURFACE('',#3499,3.5E0);
#3501=ORIENTED_EDGE('',*,*,#3476,.F.);
#3502=ORIENTED_EDGE('',*,*,#3491,.T.);
#3504=ORIENTED_EDGE('',*,*,#3503,.T.);
#3505=ORIENTED_EDGE('',*,*,#3487,.F.);
#3506=EDGE_LOOP('',(#3501,#3502,#3504,#3505));
#3507=FACE_OUTER_BOUND('',#3506,.F.);
#3508=ADVANCED_FACE('',(#3507),#3500,.F.);
#3509=CARTESIAN_POINT('',(0.E0,1.E1,0.E0));
#3510=DIRECTION('',(0.E0,1.E0,0.E0));
#3511=DIRECTION('',(1.E0,0.E0,0.E0));
#3512=AXIS2_PLACEMENT_3D('',#3509,#3510,#3511);
#3513=PLANE('',#3512);
#3515=ORIENTED_EDGE('',*,*,#3514,.T.);
#3517=ORIENTED_EDGE('',*,*,#3516,.F.);
#3519=ORIENTED_EDGE('',*,*,#3518,.F.);
#3521=ORIENTED_EDGE('',*,*,#3520,.F.);
#3522=EDGE_LOOP('',(#3515,#3517,#3519,#3521));
#3523=FACE_OUTER_BOUND('',#3522,.F.);
#3525=ORIENTED_EDGE('',*,*,#3524,.F.);
#3527=ORIENTED_EDGE('',*,*,#3526,.F.);
#3528=EDGE_LOOP('',(#3525,#3527));
#3529=FACE_BOUND('',#3528,.F.);
#3531=ORIENTED_EDGE('',*,*,#3530,.F.);
#3533=ORIENTED_EDGE('',*,*,#3532,.F.);
#3534=EDGE_LOOP('',(#3531,#3533));
#3535=FACE_BOUND('',#3534,.F.);
#3536=ADVANCED_FACE('',(#3523,#3529,#3535),#3513,.T.);
#3537=CARTESIAN_POINT('',(0.E0,1.E1,0.E0));
#3538=DIRECTION('',(0.E0,1.E0,0.E0));
#3539=DIRECTION('',(1.E0,0.E0,0.E0));
#3540=AXIS2_PLACEMENT_3D('',#3537,#3538,#3539);
#3541=PLANE('',#3540);
#3543=ORIENTED_EDGE('',*,*,#3542,.T.);
#3545=ORIENTED_EDGE('',*,*,#3544,.F.);
#3547=ORIENTED_EDGE('',*,*,#3546,.F.);
#3549=ORIENTED_EDGE('',*,*,#3548,.F.);
#3550=EDGE_LOOP('',(#3543,#3545,#3547,#3549));
#3551=FACE_OUTER_BOUND('',#3550,.F.);
#3552=ORIENTED_EDGE('',*,*,#3489,.F.);
#3553=ORIENTED_EDGE('',*,*,#3503,.F.);
#3554=EDGE_LOOP('',(#3552,#3553));
#3555=FACE_BOUND('',#3554,.F.);
#3557=ORIENTED_EDGE('',*,*,#3556,.F.);
#3559=ORIENTED_EDGE('',*,*,#3558,.F.);
#3560=EDGE_LOOP('',(#3557,#3559));
#3561=FACE_BOUND('',#3560,.F.);
#3562=ADVANCED_FACE('',(#3551,#3555,#3561),#3541,.T.);
#3563=CARTESIAN_POINT('',(-1.25E2,0.E0,0.E0));
#3564=DIRECTION('',(0.E0,1.E0,0.E0));
#3565=DIRECTION('',(1.E0,0.E0,0.E0));
#3566=AXIS2_PLACEMENT_3D('',#3563,#3564,#3565);
#3567=CYLINDRICAL_SURFACE('',#3566,3.5E0);
#3568=ORIENTED_EDGE('',*,*,#3456,.F.);
#3570=ORIENTED_EDGE('',*,*,#3569,.T.);
#3571=ORIENTED_EDGE('',*,*,#3524,.T.);
#3573=ORIENTED_EDGE('',*,*,#3572,.F.);
#3574=EDGE_LOOP('',(#3568,#3570,#3571,#3573));
#3575=FACE_OUTER_BOUND('',#3574,.F.);
#3576=ADVANCED_FACE('',(#3575),#3567,.F.);
#3577=CARTESIAN_POINT('',(-1.25E2,0.E0,0.E0));
#3578=DIRECTION('',(0.E0,1.E0,0.E0));
#3579=DIRECTION('',(1.E0,0.E0,0.E0));
#3580=AXIS2_PLACEMENT_3D('',#3577,#3578,#3579);
#3581=CYLINDRICAL_SURFACE('',#3580,3.5E0);
#3582=ORIENTED_EDGE('',*,*,#3458,.F.);
#3583=ORIENTED_EDGE('',*,*,#3572,.T.);
#3584=ORIENTED_EDGE('',*,*,#3526,.T.);
#3585=ORIENTED_EDGE('',*,*,#3569,.F.);
#3586=EDGE_LOOP('',(#3582,#3583,#3584,#3585));
#3587=FACE_OUTER_BOUND('',#3586,.F.);
#3588=ADVANCED_FACE('',(#3587),#3581,.F.);
#3589=CARTESIAN_POINT('',(0.E0,0.E0,5.E1));
#3590=DIRECTION('',(0.E0,1.E0,0.E0));
#3591=DIRECTION('',(1.E0,0.E0,0.E0));
#3592=AXIS2_PLACEMENT_3D('',#3589,#3590,#3591);
#3593=CYLINDRICAL_SURFACE('',#3592,3.5E0);
#3594=ORIENTED_EDGE('',*,*,#3462,.F.);
#3596=ORIENTED_EDGE('',*,*,#3595,.T.);
#3597=ORIENTED_EDGE('',*,*,#3556,.T.);
#3599=ORIENTED_EDGE('',*,*,#3598,.F.);
#3600=EDGE_LOOP('',(#3594,#3596,#3597,#3599));
#3601=FACE_OUTER_BOUND('',#3600,.F.);
#3602=ADVANCED_FACE('',(#3601),#3593,.F.);
#3603=CARTESIAN_POINT('',(0.E0,0.E0,5.E1));
#3604=DIRECTION('',(0.E0,1.E0,0.E0));
#3605=DIRECTION('',(1.E0,0.E0,0.E0));
#3606=AXIS2_PLACEMENT_3D('',#3603,#3604,#3605);
#3607=CYLINDRICAL_SURFACE('',#3606,3.5E0);
#3608=ORIENTED_EDGE('',*,*,#3464,.F.);
#3609=ORIENTED_EDGE('',*,*,#3598,.T.);
#3610=ORIENTED_EDGE('',*,*,#3558,.T.);
#3611=ORIENTED_EDGE('',*,*,#3595,.F.);
#3612=EDGE_LOOP('',(#3608,#3609,#3610,#3611));
#3613=FACE_OUTER_BOUND('',#3612,.F.);
#3614=ADVANCED_FACE('',(#3613),#3607,.F.);
#3615=CARTESIAN_POINT('',(-1.25E2,0.E0,5.E1));
#3616=DIRECTION('',(0.E0,1.E0,0.E0));
#3617=DIRECTION('',(1.E0,0.E0,0.E0));
#3618=AXIS2_PLACEMENT_3D('',#3615,#3616,#3617);
#3619=CYLINDRICAL_SURFACE('',#3618,3.5E0);
#3620=ORIENTED_EDGE('',*,*,#3468,.F.);
#3622=ORIENTED_EDGE('',*,*,#3621,.T.);
#3623=ORIENTED_EDGE('',*,*,#3530,.T.);
#3625=ORIENTED_EDGE('',*,*,#3624,.F.);
#3626=EDGE_LOOP('',(#3620,#3622,#3623,#3625));
#3627=FACE_OUTER_BOUND('',#3626,.F.);
#3628=ADVANCED_FACE('',(#3627),#3619,.F.);
#3629=CARTESIAN_POINT('',(-1.25E2,0.E0,5.E1));
#3630=DIRECTION('',(0.E0,1.E0,0.E0));
#3631=DIRECTION('',(1.E0,0.E0,0.E0));
#3632=AXIS2_PLACEMENT_3D('',#3629,#3630,#3631);
#3633=CYLINDRICAL_SURFACE('',#3632,3.5E0);
#3634=ORIENTED_EDGE('',*,*,#3470,.F.);
#3635=ORIENTED_EDGE('',*,*,#3624,.T.);
#3636=ORIENTED_EDGE('',*,*,#3532,.T.);
#3637=ORIENTED_EDGE('',*,*,#3621,.F.);
#3638=EDGE_LOOP('',(#3634,#3635,#3636,#3637));
#3639=FACE_OUTER_BOUND('',#3638,.F.);
#3640=ADVANCED_FACE('',(#3639),#3633,.F.);
#3641=CARTESIAN_POINT('',(-1.175E2,1.E1,-1.5E1));
#3642=DIRECTION('',(-1.E0,0.E0,0.E0));
#3643=DIRECTION('',(0.E0,0.E0,1.E0));
#3644=AXIS2_PLACEMENT_3D('',#3641,#3642,#3643);
#3645=PLANE('',#3644);
#3646=ORIENTED_EDGE('',*,*,#3514,.F.);
#3648=ORIENTED_EDGE('',*,*,#3647,.T.);
#3650=ORIENTED_EDGE('',*,*,#3649,.T.);
#3652=ORIENTED_EDGE('',*,*,#3651,.F.);
#3653=EDGE_LOOP('',(#3646,#3648,#3650,#3652));
#3654=FACE_OUTER_BOUND('',#3653,.F.);
#3655=ADVANCED_FACE('',(#3654),#3645,.T.);
#3656=CARTESIAN_POINT('',(7.5E0,0.E0,-1.5E1));
#3657=DIRECTION('',(0.E0,0.E0,-1.E0));
#3658=DIRECTION('',(-1.E0,0.E0,0.E0));
#3659=AXIS2_PLACEMENT_3D('',#3656,#3657,#3658);
#3660=PLANE('',#3659);
#3661=ORIENTED_EDGE('',*,*,#3544,.T.);
#3663=ORIENTED_EDGE('',*,*,#3662,.T.);
#3665=ORIENTED_EDGE('',*,*,#3664,.T.);
#3666=ORIENTED_EDGE('',*,*,#3647,.F.);
#3667=ORIENTED_EDGE('',*,*,#3520,.T.);
#3669=ORIENTED_EDGE('',*,*,#3668,.F.);
#3670=ORIENTED_EDGE('',*,*,#3452,.F.);
#3672=ORIENTED_EDGE('',*,*,#3671,.T.);
#3673=EDGE_LOOP('',(#3661,#3663,#3665,#3666,#3667,#3669,#3670,#3672));
#3674=FACE_OUTER_BOUND('',#3673,.F.);
#3675=ADVANCED_FACE('',(#3674),#3660,.T.);
#3676=CARTESIAN_POINT('',(-7.5E0,1.E1,6.5E1));
#3677=DIRECTION('',(1.E0,0.E0,0.E0));
#3678=DIRECTION('',(0.E0,0.E0,-1.E0));
#3679=AXIS2_PLACEMENT_3D('',#3676,#3677,#3678);
#3680=PLANE('',#3679);
#3681=ORIENTED_EDGE('',*,*,#3542,.F.);
#3683=ORIENTED_EDGE('',*,*,#3682,.T.);
#3685=ORIENTED_EDGE('',*,*,#3684,.T.);
#3686=ORIENTED_EDGE('',*,*,#3662,.F.);
#3687=EDGE_LOOP('',(#3681,#3683,#3685,#3686));
#3688=FACE_OUTER_BOUND('',#3687,.F.);
#3689=ADVANCED_FACE('',(#3688),#3680,.T.);
#3690=CARTESIAN_POINT('',(-1.325E2,0.E0,6.5E1));
#3691=DIRECTION('',(0.E0,0.E0,1.E0));
#3692=DIRECTION('',(1.E0,0.E0,0.E0));
#3693=AXIS2_PLACEMENT_3D('',#3690,#3691,#3692);
#3694=PLANE('',#3693);
#3695=ORIENTED_EDGE('',*,*,#3516,.T.);
#3696=ORIENTED_EDGE('',*,*,#3651,.T.);
#3698=ORIENTED_EDGE('',*,*,#3697,.T.);
#3699=ORIENTED_EDGE('',*,*,#3682,.F.);
#3700=ORIENTED_EDGE('',*,*,#3548,.T.);
#3702=ORIENTED_EDGE('',*,*,#3701,.F.);
#3703=ORIENTED_EDGE('',*,*,#3448,.F.);
#3705=ORIENTED_EDGE('',*,*,#3704,.T.);
#3706=EDGE_LOOP('',(#3695,#3696,#3698,#3699,#3700,#3702,#3703,#3705));
#3707=FACE_OUTER_BOUND('',#3706,.F.);
#3708=ADVANCED_FACE('',(#3707),#3694,.T.);
#3709=CARTESIAN_POINT('',(0.E0,1.5E2,0.E0));
#3710=DIRECTION('',(0.E0,1.E0,0.E0));
#3711=DIRECTION('',(1.E0,0.E0,0.E0));
#3712=AXIS2_PLACEMENT_3D('',#3709,#3710,#3711);
#3713=PLANE('',#3712);
#3714=ORIENTED_EDGE('',*,*,#3649,.F.);
#3715=ORIENTED_EDGE('',*,*,#3664,.F.);
#3716=ORIENTED_EDGE('',*,*,#3684,.F.);
#3717=ORIENTED_EDGE('',*,*,#3697,.F.);
#3718=EDGE_LOOP('',(#3714,#3715,#3716,#3717));
#3719=FACE_OUTER_BOUND('',#3718,.F.);
#3721=ORIENTED_EDGE('',*,*,#3720,.T.);
#3723=ORIENTED_EDGE('',*,*,#3722,.T.);
#3724=EDGE_LOOP('',(#3721,#3723));
#3725=FACE_BOUND('',#3724,.F.);
#3727=ORIENTED_EDGE('',*,*,#3726,.T.);
#3729=ORIENTED_EDGE('',*,*,#3728,.T.);
#3730=EDGE_LOOP('',(#3727,#3729));
#3731=FACE_BOUND('',#3730,.F.);
#3733=ORIENTED_EDGE('',*,*,#3732,.T.);
#3735=ORIENTED_EDGE('',*,*,#3734,.T.);
#3736=EDGE_LOOP('',(#3733,#3735));
#3737=FACE_BOUND('',#3736,.F.);
#3739=ORIENTED_EDGE('',*,*,#3738,.T.);
#3741=ORIENTED_EDGE('',*,*,#3740,.T.);
#3742=EDGE_LOOP('',(#3739,#3741));
#3743=FACE_BOUND('',#3742,.F.);
#3745=ORIENTED_EDGE('',*,*,#3744,.T.);
#3747=ORIENTED_EDGE('',*,*,#3746,.T.);
#3748=EDGE_LOOP('',(#3745,#3747));
#3749=FACE_BOUND('',#3748,.F.);
#3751=ORIENTED_EDGE('',*,*,#3750,.T.);
#3753=ORIENTED_EDGE('',*,*,#3752,.T.);
#3754=EDGE_LOOP('',(#3751,#3753));
#3755=FACE_BOUND('',#3754,.F.);
#3757=ORIENTED_EDGE('',*,*,#3756,.T.);
#3759=ORIENTED_EDGE('',*,*,#3758,.T.);
#3760=EDGE_LOOP('',(#3757,#3759));
#3761=FACE_BOUND('',#3760,.F.);
#3763=ORIENTED_EDGE('',*,*,#3762,.T.);
#3765=ORIENTED_EDGE('',*,*,#3764,.T.);
#3766=EDGE_LOOP('',(#3763,#3765));
#3767=FACE_BOUND('',#3766,.F.);
#3769=ORIENTED_EDGE('',*,*,#3768,.T.);
#3771=ORIENTED_EDGE('',*,*,#3770,.T.);
#3772=EDGE_LOOP('',(#3769,#3771));
#3773=FACE_BOUND('',#3772,.F.);
#3775=ORIENTED_EDGE('',*,*,#3774,.T.);
#3777=ORIENTED_EDGE('',*,*,#3776,.T.);
#3778=EDGE_LOOP('',(#3775,#3777));
#3779=FACE_BOUND('',#3778,.F.);
#3781=ORIENTED_EDGE('',*,*,#3780,.T.);
#3783=ORIENTED_EDGE('',*,*,#3782,.T.);
#3784=EDGE_LOOP('',(#3781,#3783));
#3785=FACE_BOUND('',#3784,.F.);
#3787=ORIENTED_EDGE('',*,*,#3786,.T.);
#3789=ORIENTED_EDGE('',*,*,#3788,.T.);
#3790=EDGE_LOOP('',(#3787,#3789));
#3791=FACE_BOUND('',#3790,.F.);
#3793=ORIENTED_EDGE('',*,*,#3792,.T.);
#3795=ORIENTED_EDGE('',*,*,#3794,.T.);
#3796=EDGE_LOOP('',(#3793,#3795));
#3797=FACE_BOUND('',#3796,.F.);
#3799=ORIENTED_EDGE('',*,*,#3798,.T.);
#3801=ORIENTED_EDGE('',*,*,#3800,.T.);
#3802=EDGE_LOOP('',(#3799,#3801));
#3803=FACE_BOUND('',#3802,.F.);
#3805=ORIENTED_EDGE('',*,*,#3804,.T.);
#3807=ORIENTED_EDGE('',*,*,#3806,.T.);
#3808=EDGE_LOOP('',(#3805,#3807));
#3809=FACE_BOUND('',#3808,.F.);
#3811=ORIENTED_EDGE('',*,*,#3810,.T.);
#3813=ORIENTED_EDGE('',*,*,#3812,.T.);
#3814=EDGE_LOOP('',(#3811,#3813));
#3815=FACE_BOUND('',#3814,.F.);
#3817=ORIENTED_EDGE('',*,*,#3816,.T.);
#3819=ORIENTED_EDGE('',*,*,#3818,.T.);
#3820=EDGE_LOOP('',(#3817,#3819));
#3821=FACE_BOUND('',#3820,.F.);
#3823=ORIENTED_EDGE('',*,*,#3822,.T.);
#3825=ORIENTED_EDGE('',*,*,#3824,.T.);
#3826=EDGE_LOOP('',(#3823,#3825));
#3827=FACE_BOUND('',#3826,.F.);
#3829=ORIENTED_EDGE('',*,*,#3828,.T.);
#3831=ORIENTED_EDGE('',*,*,#3830,.T.);
#3832=EDGE_LOOP('',(#3829,#3831));
#3833=FACE_BOUND('',#3832,.F.);
#3835=ORIENTED_EDGE('',*,*,#3834,.T.);
#3837=ORIENTED_EDGE('',*,*,#3836,.T.);
#3838=EDGE_LOOP('',(#3835,#3837));
#3839=FACE_BOUND('',#3838,.F.);
#3841=ORIENTED_EDGE('',*,*,#3840,.T.);
#3843=ORIENTED_EDGE('',*,*,#3842,.T.);
#3844=EDGE_LOOP('',(#3841,#3843));
#3845=FACE_BOUND('',#3844,.F.);
#3847=ORIENTED_EDGE('',*,*,#3846,.T.);
#3849=ORIENTED_EDGE('',*,*,#3848,.T.);
#3850=EDGE_LOOP('',(#3847,#3849));
#3851=FACE_BOUND('',#3850,.F.);
#3853=ORIENTED_EDGE('',*,*,#3852,.T.);
#3855=ORIENTED_EDGE('',*,*,#3854,.T.);
#3856=EDGE_LOOP('',(#3853,#3855));
#3857=FACE_BOUND('',#3856,.F.);
#3859=ORIENTED_EDGE('',*,*,#3858,.T.);
#3861=ORIENTED_EDGE('',*,*,#3860,.T.);
#3862=EDGE_LOOP('',(#3859,#3861));
#3863=FACE_BOUND('',#3862,.F.);
#3865=ORIENTED_EDGE('',*,*,#3864,.T.);
#3867=ORIENTED_EDGE('',*,*,#3866,.T.);
#3868=EDGE_LOOP('',(#3865,#3867));
#3869=FACE_BOUND('',#3868,.F.);
#3871=ORIENTED_EDGE('',*,*,#3870,.T.);
#3873=ORIENTED_EDGE('',*,*,#3872,.T.);
#3874=EDGE_LOOP('',(#3871,#3873));
#3875=FACE_BOUND('',#3874,.F.);
#3877=ORIENTED_EDGE('',*,*,#3876,.T.);
#3879=ORIENTED_EDGE('',*,*,#3878,.T.);
#3880=EDGE_LOOP('',(#3877,#3879));
#3881=FACE_BOUND('',#3880,.F.);
#3883=ORIENTED_EDGE('',*,*,#3882,.T.);
#3885=ORIENTED_EDGE('',*,*,#3884,.T.);
#3886=EDGE_LOOP('',(#3883,#3885));
#3887=FACE_BOUND('',#3886,.F.);
#3889=ORIENTED_EDGE('',*,*,#3888,.T.);
#3891=ORIENTED_EDGE('',*,*,#3890,.T.);
#3892=EDGE_LOOP('',(#3889,#3891));
#3893=FACE_BOUND('',#3892,.F.);
#3895=ORIENTED_EDGE('',*,*,#3894,.T.);
#3897=ORIENTED_EDGE('',*,*,#3896,.T.);
#3898=EDGE_LOOP('',(#3895,#3897));
#3899=FACE_BOUND('',#3898,.F.);
#3901=ORIENTED_EDGE('',*,*,#3900,.T.);
#3903=ORIENTED_EDGE('',*,*,#3902,.T.);
#3904=EDGE_LOOP('',(#3901,#3903));
#3905=FACE_BOUND('',#3904,.F.);
#3907=ORIENTED_EDGE('',*,*,#3906,.T.);
#3909=ORIENTED_EDGE('',*,*,#3908,.T.);
#3910=EDGE_LOOP('',(#3907,#3909));
#3911=FACE_BOUND('',#3910,.F.);
#3913=ORIENTED_EDGE('',*,*,#3912,.T.);
#3915=ORIENTED_EDGE('',*,*,#3914,.T.);
#3916=EDGE_LOOP('',(#3913,#3915));
#3917=FACE_BOUND('',#3916,.F.);
#3919=ORIENTED_EDGE('',*,*,#3918,.T.);
#3921=ORIENTED_EDGE('',*,*,#3920,.T.);
#3922=EDGE_LOOP('',(#3919,#3921));
#3923=FACE_BOUND('',#3922,.F.);
#3925=ORIENTED_EDGE('',*,*,#3924,.T.);
#3927=ORIENTED_EDGE('',*,*,#3926,.T.);
#3928=EDGE_LOOP('',(#3925,#3927));
#3929=FACE_BOUND('',#3928,.F.);
#3931=ORIENTED_EDGE('',*,*,#3930,.T.);
#3933=ORIENTED_EDGE('',*,*,#3932,.T.);
#3934=EDGE_LOOP('',(#3931,#3933));
#3935=FACE_BOUND('',#3934,.F.);
#3937=ORIENTED_EDGE('',*,*,#3936,.T.);
#3939=ORIENTED_EDGE('',*,*,#3938,.T.);
#3940=EDGE_LOOP('',(#3937,#3939));
#3941=FACE_BOUND('',#3940,.F.);
#3943=ORIENTED_EDGE('',*,*,#3942,.T.);
#3945=ORIENTED_EDGE('',*,*,#3944,.T.);
#3946=EDGE_LOOP('',(#3943,#3945));
#3947=FACE_BOUND('',#3946,.F.);
#3949=ORIENTED_EDGE('',*,*,#3948,.T.);
#3951=ORIENTED_EDGE('',*,*,#3950,.T.);
#3952=EDGE_LOOP('',(#3949,#3951));
#3953=FACE_BOUND('',#3952,.F.);
#3955=ORIENTED_EDGE('',*,*,#3954,.T.);
#3957=ORIENTED_EDGE('',*,*,#3956,.T.);
#3958=EDGE_LOOP('',(#3955,#3957));
#3959=FACE_BOUND('',#3958,.F.);
#3961=ORIENTED_EDGE('',*,*,#3960,.T.);
#3963=ORIENTED_EDGE('',*,*,#3962,.T.);
#3964=EDGE_LOOP('',(#3961,#3963));
#3965=FACE_BOUND('',#3964,.F.);
#3967=ORIENTED_EDGE('',*,*,#3966,.T.);
#3969=ORIENTED_EDGE('',*,*,#3968,.T.);
#3970=EDGE_LOOP('',(#3967,#3969));
#3971=FACE_BOUND('',#3970,.F.);
#3973=ORIENTED_EDGE('',*,*,#3972,.T.);
#3975=ORIENTED_EDGE('',*,*,#3974,.T.);
#3976=EDGE_LOOP('',(#3973,#3975));
#3977=FACE_BOUND('',#3976,.F.);
#3979=ORIENTED_EDGE('',*,*,#3978,.T.);
#3981=ORIENTED_EDGE('',*,*,#3980,.T.);
#3982=EDGE_LOOP('',(#3979,#3981));
#3983=FACE_BOUND('',#3982,.F.);
#3985=ORIENTED_EDGE('',*,*,#3984,.T.);
#3987=ORIENTED_EDGE('',*,*,#3986,.T.);
#3988=EDGE_LOOP('',(#3985,#3987));
#3989=FACE_BOUND('',#3988,.F.);
#3991=ORIENTED_EDGE('',*,*,#3990,.T.);
#3993=ORIENTED_EDGE('',*,*,#3992,.T.);
#3994=EDGE_LOOP('',(#3991,#3993));
#3995=FACE_BOUND('',#3994,.F.);
#3997=ORIENTED_EDGE('',*,*,#3996,.T.);
#3999=ORIENTED_EDGE('',*,*,#3998,.T.);
#4000=EDGE_LOOP('',(#3997,#3999));
#4001=FACE_BOUND('',#4000,.F.);
#4003=ORIENTED_EDGE('',*,*,#4002,.T.);
#4005=ORIENTED_EDGE('',*,*,#4004,.T.);
#4006=EDGE_LOOP('',(#4003,#4005));
#4007=FACE_BOUND('',#4006,.F.);
#4009=ORIENTED_EDGE('',*,*,#4008,.T.);
#4011=ORIENTED_EDGE('',*,*,#4010,.T.);
#4012=EDGE_LOOP('',(#4009,#4011));
#4013=FACE_BOUND('',#4012,.F.);
#4015=ORIENTED_EDGE('',*,*,#4014,.T.);
#4017=ORIENTED_EDGE('',*,*,#4016,.T.);
#4018=EDGE_LOOP('',(#4015,#4017));
#4019=FACE_BOUND('',#4018,.F.);
#4021=ORIENTED_EDGE('',*,*,#4020,.T.);
#4023=ORIENTED_EDGE('',*,*,#4022,.T.);
#4024=EDGE_LOOP('',(#4021,#4023));
#4025=FACE_BOUND('',#4024,.F.);
#4027=ORIENTED_EDGE('',*,*,#4026,.T.);
#4029=ORIENTED_EDGE('',*,*,#4028,.T.);
#4030=EDGE_LOOP('',(#4027,#4029));
#4031=FACE_BOUND('',#4030,.F.);
#4033=ORIENTED_EDGE('',*,*,#4032,.T.);
#4035=ORIENTED_EDGE('',*,*,#4034,.T.);
#4036=EDGE_LOOP('',(#4033,#4035));
#4037=FACE_BOUND('',#4036,.F.);
#4039=ORIENTED_EDGE('',*,*,#4038,.T.);
#4041=ORIENTED_EDGE('',*,*,#4040,.T.);
#4042=EDGE_LOOP('',(#4039,#4041));
#4043=FACE_BOUND('',#4042,.F.);
#4045=ORIENTED_EDGE('',*,*,#4044,.T.);
#4047=ORIENTED_EDGE('',*,*,#4046,.T.);
#4048=EDGE_LOOP('',(#4045,#4047));
#4049=FACE_BOUND('',#4048,.F.);
#4051=ORIENTED_EDGE('',*,*,#4050,.T.);
#4053=ORIENTED_EDGE('',*,*,#4052,.T.);
#4054=EDGE_LOOP('',(#4051,#4053));
#4055=FACE_BOUND('',#4054,.F.);
#4057=ORIENTED_EDGE('',*,*,#4056,.T.);
#4059=ORIENTED_EDGE('',*,*,#4058,.T.);
#4060=EDGE_LOOP('',(#4057,#4059));
#4061=FACE_BOUND('',#4060,.F.);
#4063=ORIENTED_EDGE('',*,*,#4062,.T.);
#4065=ORIENTED_EDGE('',*,*,#4064,.T.);
#4066=EDGE_LOOP('',(#4063,#4065));
#4067=FACE_BOUND('',#4066,.F.);
#4069=ORIENTED_EDGE('',*,*,#4068,.T.);
#4071=ORIENTED_EDGE('',*,*,#4070,.T.);
#4072=EDGE_LOOP('',(#4069,#4071));
#4073=FACE_BOUND('',#4072,.F.);
#4075=ORIENTED_EDGE('',*,*,#4074,.T.);
#4077=ORIENTED_EDGE('',*,*,#4076,.T.);
#4078=EDGE_LOOP('',(#4075,#4077));
#4079=FACE_BOUND('',#4078,.F.);
#4081=ORIENTED_EDGE('',*,*,#4080,.T.);
#4083=ORIENTED_EDGE('',*,*,#4082,.T.);
#4084=EDGE_LOOP('',(#4081,#4083));
#4085=FACE_BOUND('',#4084,.F.);
#4087=ORIENTED_EDGE('',*,*,#4086,.T.);
#4089=ORIENTED_EDGE('',*,*,#4088,.T.);
#4090=EDGE_LOOP('',(#4087,#4089));
#4091=FACE_BOUND('',#4090,.F.);
#4093=ORIENTED_EDGE('',*,*,#4092,.T.);
#4095=ORIENTED_EDGE('',*,*,#4094,.T.);
#4096=EDGE_LOOP('',(#4093,#4095));
#4097=FACE_BOUND('',#4096,.F.);
#4099=ORIENTED_EDGE('',*,*,#4098,.T.);
#4101=ORIENTED_EDGE('',*,*,#4100,.T.);
#4102=EDGE_LOOP('',(#4099,#4101));
#4103=FACE_BOUND('',#4102,.F.);
#4105=ORIENTED_EDGE('',*,*,#4104,.T.);
#4107=ORIENTED_EDGE('',*,*,#4106,.T.);
#4108=EDGE_LOOP('',(#4105,#4107));
#4109=FACE_BOUND('',#4108,.F.);
#4111=ORIENTED_EDGE('',*,*,#4110,.T.);
#4113=ORIENTED_EDGE('',*,*,#4112,.T.);
#4114=EDGE_LOOP('',(#4111,#4113));
#4115=FACE_BOUND('',#4114,.F.);
#4117=ORIENTED_EDGE('',*,*,#4116,.T.);
#4119=ORIENTED_EDGE('',*,*,#4118,.T.);
#4120=EDGE_LOOP('',(#4117,#4119));
#4121=FACE_BOUND('',#4120,.F.);
#4123=ORIENTED_EDGE('',*,*,#4122,.T.);
#4125=ORIENTED_EDGE('',*,*,#4124,.T.);
#4126=EDGE_LOOP('',(#4123,#4125));
#4127=FACE_BOUND('',#4126,.F.);
#4129=ORIENTED_EDGE('',*,*,#4128,.T.);
#4131=ORIENTED_EDGE('',*,*,#4130,.T.);
#4132=EDGE_LOOP('',(#4129,#4131));
#4133=FACE_BOUND('',#4132,.F.);
#4135=ORIENTED_EDGE('',*,*,#4134,.T.);
#4137=ORIENTED_EDGE('',*,*,#4136,.T.);
#4138=EDGE_LOOP('',(#4135,#4137));
#4139=FACE_BOUND('',#4138,.F.);
#4141=ORIENTED_EDGE('',*,*,#4140,.T.);
#4143=ORIENTED_EDGE('',*,*,#4142,.T.);
#4144=EDGE_LOOP('',(#4141,#4143));
#4145=FACE_BOUND('',#4144,.F.);
#4147=ORIENTED_EDGE('',*,*,#4146,.T.);
#4149=ORIENTED_EDGE('',*,*,#4148,.T.);
#4150=EDGE_LOOP('',(#4147,#4149));
#4151=FACE_BOUND('',#4150,.F.);
#4153=ORIENTED_EDGE('',*,*,#4152,.T.);
#4155=ORIENTED_EDGE('',*,*,#4154,.T.);
#4156=EDGE_LOOP('',(#4153,#4155));
#4157=FACE_BOUND('',#4156,.F.);
#4159=ORIENTED_EDGE('',*,*,#4158,.T.);
#4161=ORIENTED_EDGE('',*,*,#4160,.T.);
#4162=EDGE_LOOP('',(#4159,#4161));
#4163=FACE_BOUND('',#4162,.F.);
#4165=ORIENTED_EDGE('',*,*,#4164,.T.);
#4167=ORIENTED_EDGE('',*,*,#4166,.T.);
#4168=EDGE_LOOP('',(#4165,#4167));
#4169=FACE_BOUND('',#4168,.F.);
#4171=ORIENTED_EDGE('',*,*,#4170,.T.);
#4173=ORIENTED_EDGE('',*,*,#4172,.T.);
#4174=EDGE_LOOP('',(#4171,#4173));
#4175=FACE_BOUND('',#4174,.F.);
#4177=ORIENTED_EDGE('',*,*,#4176,.T.);
#4179=ORIENTED_EDGE('',*,*,#4178,.T.);
#4180=EDGE_LOOP('',(#4177,#4179));
#4181=FACE_BOUND('',#4180,.F.);
#4183=ORIENTED_EDGE('',*,*,#4182,.T.);
#4185=ORIENTED_EDGE('',*,*,#4184,.T.);
#4186=EDGE_LOOP('',(#4183,#4185));
#4187=FACE_BOUND('',#4186,.F.);
#4189=ORIENTED_EDGE('',*,*,#4188,.T.);
#4191=ORIENTED_EDGE('',*,*,#4190,.T.);
#4192=EDGE_LOOP('',(#4189,#4191));
#4193=FACE_BOUND('',#4192,.F.);
#4195=ORIENTED_EDGE('',*,*,#4194,.T.);
#4197=ORIENTED_EDGE('',*,*,#4196,.T.);
#4198=EDGE_LOOP('',(#4195,#4197));
#4199=FACE_BOUND('',#4198,.F.);
#4201=ORIENTED_EDGE('',*,*,#4200,.T.);
#4203=ORIENTED_EDGE('',*,*,#4202,.T.);
#4204=EDGE_LOOP('',(#4201,#4203));
#4205=FACE_BOUND('',#4204,.F.);
#4207=ORIENTED_EDGE('',*,*,#4206,.T.);
#4209=ORIENTED_EDGE('',*,*,#4208,.T.);
#4210=EDGE_LOOP('',(#4207,#4209));
#4211=FACE_BOUND('',#4210,.F.);
#4213=ORIENTED_EDGE('',*,*,#4212,.T.);
#4215=ORIENTED_EDGE('',*,*,#4214,.T.);
#4216=EDGE_LOOP('',(#4213,#4215));
#4217=FACE_BOUND('',#4216,.F.);
#4219=ORIENTED_EDGE('',*,*,#4218,.T.);
#4221=ORIENTED_EDGE('',*,*,#4220,.T.);
#4222=EDGE_LOOP('',(#4219,#4221));
#4223=FACE_BOUND('',#4222,.F.);
#4225=ORIENTED_EDGE('',*,*,#4224,.T.);
#4227=ORIENTED_EDGE('',*,*,#4226,.T.);
#4228=EDGE_LOOP('',(#4225,#4227));
#4229=FACE_BOUND('',#4228,.F.);
#4231=ORIENTED_EDGE('',*,*,#4230,.T.);
#4233=ORIENTED_EDGE('',*,*,#4232,.T.);
#4234=EDGE_LOOP('',(#4231,#4233));
#4235=FACE_BOUND('',#4234,.F.);
#4237=ORIENTED_EDGE('',*,*,#4236,.T.);
#4239=ORIENTED_EDGE('',*,*,#4238,.T.);
#4240=EDGE_LOOP('',(#4237,#4239));
#4241=FACE_BOUND('',#4240,.F.);
#4243=ORIENTED_EDGE('',*,*,#4242,.T.);
#4245=ORIENTED_EDGE('',*,*,#4244,.T.);
#4246=EDGE_LOOP('',(#4243,#4245));
#4247=FACE_BOUND('',#4246,.F.);
#4248=ADVANCED_FACE('',(#3719,#3725,#3731,#3737,#3743,#3749,#3755,#3761,#3767,
#3773,#3779,#3785,#3791,#3797,#3803,#3809,#3815,#3821,#3827,#3833,#3839,#3845,
#3851,#3857,#3863,#3869,#3875,#3881,#3887,#3893,#3899,#3905,#3911,#3917,#3923,
#3929,#3935,#3941,#3947,#3953,#3959,#3965,#3971,#3977,#3983,#3989,#3995,#4001,
#4007,#4013,#4019,#4025,#4031,#4037,#4043,#4049,#4055,#4061,#4067,#4073,#4079,
#4085,#4091,#4097,#4103,#4109,#4115,#4121,#4127,#4133,#4139,#4145,#4151,#4157,
#4163,#4169,#4175,#4181,#4187,#4193,#4199,#4205,#4211,#4217,#4223,#4229,#4235,
#4241,#4247),#3713,.T.);
#4249=CARTESIAN_POINT('',(-1.125E2,1.5E2,-1.E1));
#4250=DIRECTION('',(0.E0,1.E0,0.E0));
#4251=DIRECTION('',(1.E0,0.E0,0.E0));
#4252=AXIS2_PLACEMENT_3D('',#4249,#4250,#4251);
#4253=CYLINDRICAL_SURFACE('',#4252,3.5E0);
#4254=ORIENTED_EDGE('',*,*,#3720,.F.);
#4256=ORIENTED_EDGE('',*,*,#4255,.T.);
#4258=ORIENTED_EDGE('',*,*,#4257,.T.);
#4260=ORIENTED_EDGE('',*,*,#4259,.F.);
#4261=EDGE_LOOP('',(#4254,#4256,#4258,#4260));
#4262=FACE_OUTER_BOUND('',#4261,.F.);
#4263=ADVANCED_FACE('',(#4262),#4253,.F.);
#4264=CARTESIAN_POINT('',(-1.125E2,1.5E2,-1.E1));
#4265=DIRECTION('',(0.E0,1.E0,0.E0));
#4266=DIRECTION('',(1.E0,0.E0,0.E0));
#4267=AXIS2_PLACEMENT_3D('',#4264,#4265,#4266);
#4268=CYLINDRICAL_SURFACE('',#4267,3.5E0);
#4269=ORIENTED_EDGE('',*,*,#3722,.F.);
#4270=ORIENTED_EDGE('',*,*,#4259,.T.);
#4272=ORIENTED_EDGE('',*,*,#4271,.T.);
#4273=ORIENTED_EDGE('',*,*,#4255,.F.);
#4274=EDGE_LOOP('',(#4269,#4270,#4272,#4273));
#4275=FACE_OUTER_BOUND('',#4274,.F.);
#4276=ADVANCED_FACE('',(#4275),#4268,.F.);
#4277=CARTESIAN_POINT('',(0.E0,5.E1,0.E0));
#4278=DIRECTION('',(0.E0,1.E0,0.E0));
#4279=DIRECTION('',(1.E0,0.E0,0.E0));
#4280=AXIS2_PLACEMENT_3D('',#4277,#4278,#4279);
#4281=PLANE('',#4280);
#4282=ORIENTED_EDGE('',*,*,#4257,.F.);
#4283=ORIENTED_EDGE('',*,*,#4271,.F.);
#4284=EDGE_LOOP('',(#4282,#4283));
#4285=FACE_OUTER_BOUND('',#4284,.F.);
#4286=ADVANCED_FACE('',(#4285),#4281,.T.);
#4287=CARTESIAN_POINT('',(-1.025E2,1.5E2,-1.E1));
#4288=DIRECTION('',(0.E0,1.E0,0.E0));
#4289=DIRECTION('',(1.E0,0.E0,0.E0));
#4290=AXIS2_PLACEMENT_3D('',#4287,#4288,#4289);
#4291=CYLINDRICAL_SURFACE('',#4290,3.5E0);
#4292=ORIENTED_EDGE('',*,*,#3726,.F.);
#4294=ORIENTED_EDGE('',*,*,#4293,.T.);
#4296=ORIENTED_EDGE('',*,*,#4295,.T.);
#4298=ORIENTED_EDGE('',*,*,#4297,.F.);
#4299=EDGE_LOOP('',(#4292,#4294,#4296,#4298));
#4300=FACE_OUTER_BOUND('',#4299,.F.);
#4301=ADVANCED_FACE('',(#4300),#4291,.F.);
#4302=CARTESIAN_POINT('',(-1.025E2,1.5E2,-1.E1));
#4303=DIRECTION('',(0.E0,1.E0,0.E0));
#4304=DIRECTION('',(1.E0,0.E0,0.E0));
#4305=AXIS2_PLACEMENT_3D('',#4302,#4303,#4304);
#4306=CYLINDRICAL_SURFACE('',#4305,3.5E0);
#4307=ORIENTED_EDGE('',*,*,#3728,.F.);
#4308=ORIENTED_EDGE('',*,*,#4297,.T.);
#4310=ORIENTED_EDGE('',*,*,#4309,.T.);
#4311=ORIENTED_EDGE('',*,*,#4293,.F.);
#4312=EDGE_LOOP('',(#4307,#4308,#4310,#4311));
#4313=FACE_OUTER_BOUND('',#4312,.F.);
#4314=ADVANCED_FACE('',(#4313),#4306,.F.);
#4315=CARTESIAN_POINT('',(1.E1,5.E1,0.E0));
#4316=DIRECTION('',(0.E0,1.E0,0.E0));
#4317=DIRECTION('',(1.E0,0.E0,0.E0));
#4318=AXIS2_PLACEMENT_3D('',#4315,#4316,#4317);
#4319=PLANE('',#4318);
#4320=ORIENTED_EDGE('',*,*,#4295,.F.);
#4321=ORIENTED_EDGE('',*,*,#4309,.F.);
#4322=EDGE_LOOP('',(#4320,#4321));
#4323=FACE_OUTER_BOUND('',#4322,.F.);
#4324=ADVANCED_FACE('',(#4323),#4319,.T.);
#4325=CARTESIAN_POINT('',(-9.25E1,1.5E2,-1.E1));
#4326=DIRECTION('',(0.E0,1.E0,0.E0));
#4327=DIRECTION('',(1.E0,0.E0,0.E0));
#4328=AXIS2_PLACEMENT_3D('',#4325,#4326,#4327);
#4329=CYLINDRICAL_SURFACE('',#4328,3.5E0);
#4330=ORIENTED_EDGE('',*,*,#3732,.F.);
#4332=ORIENTED_EDGE('',*,*,#4331,.T.);
#4334=ORIENTED_EDGE('',*,*,#4333,.T.);
#4336=ORIENTED_EDGE('',*,*,#4335,.F.);
#4337=EDGE_LOOP('',(#4330,#4332,#4334,#4336));
#4338=FACE_OUTER_BOUND('',#4337,.F.);
#4339=ADVANCED_FACE('',(#4338),#4329,.F.);
#4340=CARTESIAN_POINT('',(-9.25E1,1.5E2,-1.E1));
#4341=DIRECTION('',(0.E0,1.E0,0.E0));
#4342=DIRECTION('',(1.E0,0.E0,0.E0));
#4343=AXIS2_PLACEMENT_3D('',#4340,#4341,#4342);
#4344=CYLINDRICAL_SURFACE('',#4343,3.5E0);
#4345=ORIENTED_EDGE('',*,*,#3734,.F.);
#4346=ORIENTED_EDGE('',*,*,#4335,.T.);
#4348=ORIENTED_EDGE('',*,*,#4347,.T.);
#4349=ORIENTED_EDGE('',*,*,#4331,.F.);
#4350=EDGE_LOOP('',(#4345,#4346,#4348,#4349));
#4351=FACE_OUTER_BOUND('',#4350,.F.);
#4352=ADVANCED_FACE('',(#4351),#4344,.F.);
#4353=CARTESIAN_POINT('',(2.E1,5.E1,0.E0));
#4354=DIRECTION('',(0.E0,1.E0,0.E0));
#4355=DIRECTION('',(1.E0,0.E0,0.E0));
#4356=AXIS2_PLACEMENT_3D('',#4353,#4354,#4355);
#4357=PLANE('',#4356);
#4358=ORIENTED_EDGE('',*,*,#4333,.F.);
#4359=ORIENTED_EDGE('',*,*,#4347,.F.);
#4360=EDGE_LOOP('',(#4358,#4359));
#4361=FACE_OUTER_BOUND('',#4360,.F.);
#4362=ADVANCED_FACE('',(#4361),#4357,.T.);
#4363=CARTESIAN_POINT('',(-8.25E1,1.5E2,-1.E1));
#4364=DIRECTION('',(0.E0,1.E0,0.E0));
#4365=DIRECTION('',(1.E0,0.E0,0.E0));
#4366=AXIS2_PLACEMENT_3D('',#4363,#4364,#4365);
#4367=CYLINDRICAL_SURFACE('',#4366,3.5E0);
#4368=ORIENTED_EDGE('',*,*,#3738,.F.);
#4370=ORIENTED_EDGE('',*,*,#4369,.T.);
#4372=ORIENTED_EDGE('',*,*,#4371,.T.);
#4374=ORIENTED_EDGE('',*,*,#4373,.F.);
#4375=EDGE_LOOP('',(#4368,#4370,#4372,#4374));
#4376=FACE_OUTER_BOUND('',#4375,.F.);
#4377=ADVANCED_FACE('',(#4376),#4367,.F.);
#4378=CARTESIAN_POINT('',(-8.25E1,1.5E2,-1.E1));
#4379=DIRECTION('',(0.E0,1.E0,0.E0));
#4380=DIRECTION('',(1.E0,0.E0,0.E0));
#4381=AXIS2_PLACEMENT_3D('',#4378,#4379,#4380);
#4382=CYLINDRICAL_SURFACE('',#4381,3.5E0);
#4383=ORIENTED_EDGE('',*,*,#3740,.F.);
#4384=ORIENTED_EDGE('',*,*,#4373,.T.);
#4386=ORIENTED_EDGE('',*,*,#4385,.T.);
#4387=ORIENTED_EDGE('',*,*,#4369,.F.);
#4388=EDGE_LOOP('',(#4383,#4384,#4386,#4387));
#4389=FACE_OUTER_BOUND('',#4388,.F.);
#4390=ADVANCED_FACE('',(#4389),#4382,.F.);
#4391=CARTESIAN_POINT('',(3.E1,5.E1,0.E0));
#4392=DIRECTION('',(0.E0,1.E0,0.E0));
#4393=DIRECTION('',(1.E0,0.E0,0.E0));
#4394=AXIS2_PLACEMENT_3D('',#4391,#4392,#4393);
#4395=PLANE('',#4394);
#4396=ORIENTED_EDGE('',*,*,#4371,.F.);
#4397=ORIENTED_EDGE('',*,*,#4385,.F.);
#4398=EDGE_LOOP('',(#4396,#4397));
#4399=FACE_OUTER_BOUND('',#4398,.F.);
#4400=ADVANCED_FACE('',(#4399),#4395,.T.);
#4401=CARTESIAN_POINT('',(-7.25E1,1.5E2,-1.E1));
#4402=DIRECTION('',(0.E0,1.E0,0.E0));
#4403=DIRECTION('',(1.E0,0.E0,0.E0));
#4404=AXIS2_PLACEMENT_3D('',#4401,#4402,#4403);
#4405=CYLINDRICAL_SURFACE('',#4404,3.5E0);
#4406=ORIENTED_EDGE('',*,*,#3744,.F.);
#4408=ORIENTED_EDGE('',*,*,#4407,.T.);
#4410=ORIENTED_EDGE('',*,*,#4409,.T.);
#4412=ORIENTED_EDGE('',*,*,#4411,.F.);
#4413=EDGE_LOOP('',(#4406,#4408,#4410,#4412));
#4414=FACE_OUTER_BOUND('',#4413,.F.);
#4415=ADVANCED_FACE('',(#4414),#4405,.F.);
#4416=CARTESIAN_POINT('',(-7.25E1,1.5E2,-1.E1));
#4417=DIRECTION('',(0.E0,1.E0,0.E0));
#4418=DIRECTION('',(1.E0,0.E0,0.E0));
#4419=AXIS2_PLACEMENT_3D('',#4416,#4417,#4418);
#4420=CYLINDRICAL_SURFACE('',#4419,3.5E0);
#4421=ORIENTED_EDGE('',*,*,#3746,.F.);
#4422=ORIENTED_EDGE('',*,*,#4411,.T.);
#4424=ORIENTED_EDGE('',*,*,#4423,.T.);
#4425=ORIENTED_EDGE('',*,*,#4407,.F.);
#4426=EDGE_LOOP('',(#4421,#4422,#4424,#4425));
#4427=FACE_OUTER_BOUND('',#4426,.F.);
#4428=ADVANCED_FACE('',(#4427),#4420,.F.);
#4429=CARTESIAN_POINT('',(4.E1,5.E1,0.E0));
#4430=DIRECTION('',(0.E0,1.E0,0.E0));
#4431=DIRECTION('',(1.E0,0.E0,0.E0));
#4432=AXIS2_PLACEMENT_3D('',#4429,#4430,#4431);
#4433=PLANE('',#4432);
#4434=ORIENTED_EDGE('',*,*,#4409,.F.);
#4435=ORIENTED_EDGE('',*,*,#4423,.F.);
#4436=EDGE_LOOP('',(#4434,#4435));
#4437=FACE_OUTER_BOUND('',#4436,.F.);
#4438=ADVANCED_FACE('',(#4437),#4433,.T.);
#4439=CARTESIAN_POINT('',(-6.25E1,1.5E2,-1.E1));
#4440=DIRECTION('',(0.E0,1.E0,0.E0));
#4441=DIRECTION('',(1.E0,0.E0,0.E0));
#4442=AXIS2_PLACEMENT_3D('',#4439,#4440,#4441);
#4443=CYLINDRICAL_SURFACE('',#4442,3.5E0);
#4444=ORIENTED_EDGE('',*,*,#3750,.F.);
#4446=ORIENTED_EDGE('',*,*,#4445,.T.);
#4448=ORIENTED_EDGE('',*,*,#4447,.T.);
#4450=ORIENTED_EDGE('',*,*,#4449,.F.);
#4451=EDGE_LOOP('',(#4444,#4446,#4448,#4450));
#4452=FACE_OUTER_BOUND('',#4451,.F.);
#4453=ADVANCED_FACE('',(#4452),#4443,.F.);
#4454=CARTESIAN_POINT('',(-6.25E1,1.5E2,-1.E1));
#4455=DIRECTION('',(0.E0,1.E0,0.E0));
#4456=DIRECTION('',(1.E0,0.E0,0.E0));
#4457=AXIS2_PLACEMENT_3D('',#4454,#4455,#4456);
#4458=CYLINDRICAL_SURFACE('',#4457,3.5E0);
#4459=ORIENTED_EDGE('',*,*,#3752,.F.);
#4460=ORIENTED_EDGE('',*,*,#4449,.T.);
#4462=ORIENTED_EDGE('',*,*,#4461,.T.);
#4463=ORIENTED_EDGE('',*,*,#4445,.F.);
#4464=EDGE_LOOP('',(#4459,#4460,#4462,#4463));
#4465=FACE_OUTER_BOUND('',#4464,.F.);
#4466=ADVANCED_FACE('',(#4465),#4458,.F.);
#4467=CARTESIAN_POINT('',(5.E1,5.E1,0.E0));
#4468=DIRECTION('',(0.E0,1.E0,0.E0));
#4469=DIRECTION('',(1.E0,0.E0,0.E0));
#4470=AXIS2_PLACEMENT_3D('',#4467,#4468,#4469);
#4471=PLANE('',#4470);
#4472=ORIENTED_EDGE('',*,*,#4447,.F.);
#4473=ORIENTED_EDGE('',*,*,#4461,.F.);
#4474=EDGE_LOOP('',(#4472,#4473));
#4475=FACE_OUTER_BOUND('',#4474,.F.);
#4476=ADVANCED_FACE('',(#4475),#4471,.T.);
#4477=CARTESIAN_POINT('',(-5.25E1,1.5E2,-1.E1));
#4478=DIRECTION('',(0.E0,1.E0,0.E0));
#4479=DIRECTION('',(1.E0,0.E0,0.E0));
#4480=AXIS2_PLACEMENT_3D('',#4477,#4478,#4479);
#4481=CYLINDRICAL_SURFACE('',#4480,3.5E0);
#4482=ORIENTED_EDGE('',*,*,#3756,.F.);
#4484=ORIENTED_EDGE('',*,*,#4483,.T.);
#4486=ORIENTED_EDGE('',*,*,#4485,.T.);
#4488=ORIENTED_EDGE('',*,*,#4487,.F.);
#4489=EDGE_LOOP('',(#4482,#4484,#4486,#4488));
#4490=FACE_OUTER_BOUND('',#4489,.F.);
#4491=ADVANCED_FACE('',(#4490),#4481,.F.);
#4492=CARTESIAN_POINT('',(-5.25E1,1.5E2,-1.E1));
#4493=DIRECTION('',(0.E0,1.E0,0.E0));
#4494=DIRECTION('',(1.E0,0.E0,0.E0));
#4495=AXIS2_PLACEMENT_3D('',#4492,#4493,#4494);
#4496=CYLINDRICAL_SURFACE('',#4495,3.5E0);
#4497=ORIENTED_EDGE('',*,*,#3758,.F.);
#4498=ORIENTED_EDGE('',*,*,#4487,.T.);
#4500=ORIENTED_EDGE('',*,*,#4499,.T.);
#4501=ORIENTED_EDGE('',*,*,#4483,.F.);
#4502=EDGE_LOOP('',(#4497,#4498,#4500,#4501));
#4503=FACE_OUTER_BOUND('',#4502,.F.);
#4504=ADVANCED_FACE('',(#4503),#4496,.F.);
#4505=CARTESIAN_POINT('',(6.E1,5.E1,0.E0));
#4506=DIRECTION('',(0.E0,1.E0,0.E0));
#4507=DIRECTION('',(1.E0,0.E0,0.E0));
#4508=AXIS2_PLACEMENT_3D('',#4505,#4506,#4507);
#4509=PLANE('',#4508);
#4510=ORIENTED_EDGE('',*,*,#4485,.F.);
#4511=ORIENTED_EDGE('',*,*,#4499,.F.);
#4512=EDGE_LOOP('',(#4510,#4511));
#4513=FACE_OUTER_BOUND('',#4512,.F.);
#4514=ADVANCED_FACE('',(#4513),#4509,.T.);
#4515=CARTESIAN_POINT('',(-4.25E1,1.5E2,-1.E1));
#4516=DIRECTION('',(0.E0,1.E0,0.E0));
#4517=DIRECTION('',(1.E0,0.E0,0.E0));
#4518=AXIS2_PLACEMENT_3D('',#4515,#4516,#4517);
#4519=CYLINDRICAL_SURFACE('',#4518,3.5E0);
#4520=ORIENTED_EDGE('',*,*,#3762,.F.);
#4522=ORIENTED_EDGE('',*,*,#4521,.T.);
#4524=ORIENTED_EDGE('',*,*,#4523,.T.);
#4526=ORIENTED_EDGE('',*,*,#4525,.F.);
#4527=EDGE_LOOP('',(#4520,#4522,#4524,#4526));
#4528=FACE_OUTER_BOUND('',#4527,.F.);
#4529=ADVANCED_FACE('',(#4528),#4519,.F.);
#4530=CARTESIAN_POINT('',(-4.25E1,1.5E2,-1.E1));
#4531=DIRECTION('',(0.E0,1.E0,0.E0));
#4532=DIRECTION('',(1.E0,0.E0,0.E0));
#4533=AXIS2_PLACEMENT_3D('',#4530,#4531,#4532);
#4534=CYLINDRICAL_SURFACE('',#4533,3.5E0);
#4535=ORIENTED_EDGE('',*,*,#3764,.F.);
#4536=ORIENTED_EDGE('',*,*,#4525,.T.);
#4538=ORIENTED_EDGE('',*,*,#4537,.T.);
#4539=ORIENTED_EDGE('',*,*,#4521,.F.);
#4540=EDGE_LOOP('',(#4535,#4536,#4538,#4539));
#4541=FACE_OUTER_BOUND('',#4540,.F.);
#4542=ADVANCED_FACE('',(#4541),#4534,.F.);
#4543=CARTESIAN_POINT('',(7.E1,5.E1,0.E0));
#4544=DIRECTION('',(0.E0,1.E0,0.E0));
#4545=DIRECTION('',(1.E0,0.E0,0.E0));
#4546=AXIS2_PLACEMENT_3D('',#4543,#4544,#4545);
#4547=PLANE('',#4546);
#4548=ORIENTED_EDGE('',*,*,#4523,.F.);
#4549=ORIENTED_EDGE('',*,*,#4537,.F.);
#4550=EDGE_LOOP('',(#4548,#4549));
#4551=FACE_OUTER_BOUND('',#4550,.F.);
#4552=ADVANCED_FACE('',(#4551),#4547,.T.);
#4553=CARTESIAN_POINT('',(-3.25E1,1.5E2,-1.E1));
#4554=DIRECTION('',(0.E0,1.E0,0.E0));
#4555=DIRECTION('',(1.E0,0.E0,0.E0));
#4556=AXIS2_PLACEMENT_3D('',#4553,#4554,#4555);
#4557=CYLINDRICAL_SURFACE('',#4556,3.5E0);
#4558=ORIENTED_EDGE('',*,*,#3768,.F.);
#4560=ORIENTED_EDGE('',*,*,#4559,.T.);
#4562=ORIENTED_EDGE('',*,*,#4561,.T.);
#4564=ORIENTED_EDGE('',*,*,#4563,.F.);
#4565=EDGE_LOOP('',(#4558,#4560,#4562,#4564));
#4566=FACE_OUTER_BOUND('',#4565,.F.);
#4567=ADVANCED_FACE('',(#4566),#4557,.F.);
#4568=CARTESIAN_POINT('',(-3.25E1,1.5E2,-1.E1));
#4569=DIRECTION('',(0.E0,1.E0,0.E0));
#4570=DIRECTION('',(1.E0,0.E0,0.E0));
#4571=AXIS2_PLACEMENT_3D('',#4568,#4569,#4570);
#4572=CYLINDRICAL_SURFACE('',#4571,3.5E0);
#4573=ORIENTED_EDGE('',*,*,#3770,.F.);
#4574=ORIENTED_EDGE('',*,*,#4563,.T.);
#4576=ORIENTED_EDGE('',*,*,#4575,.T.);
#4577=ORIENTED_EDGE('',*,*,#4559,.F.);
#4578=EDGE_LOOP('',(#4573,#4574,#4576,#4577));
#4579=FACE_OUTER_BOUND('',#4578,.F.);
#4580=ADVANCED_FACE('',(#4579),#4572,.F.);
#4581=CARTESIAN_POINT('',(8.E1,5.E1,0.E0));
#4582=DIRECTION('',(0.E0,1.E0,0.E0));
#4583=DIRECTION('',(1.E0,0.E0,0.E0));
#4584=AXIS2_PLACEMENT_3D('',#4581,#4582,#4583);
#4585=PLANE('',#4584);
#4586=ORIENTED_EDGE('',*,*,#4561,.F.);
#4587=ORIENTED_EDGE('',*,*,#4575,.F.);
#4588=EDGE_LOOP('',(#4586,#4587));
#4589=FACE_OUTER_BOUND('',#4588,.F.);
#4590=ADVANCED_FACE('',(#4589),#4585,.T.);
#4591=CARTESIAN_POINT('',(-2.25E1,1.5E2,-1.E1));
#4592=DIRECTION('',(0.E0,1.E0,0.E0));
#4593=DIRECTION('',(1.E0,0.E0,0.E0));
#4594=AXIS2_PLACEMENT_3D('',#4591,#4592,#4593);
#4595=CYLINDRICAL_SURFACE('',#4594,3.5E0);
#4596=ORIENTED_EDGE('',*,*,#3774,.F.);
#4598=ORIENTED_EDGE('',*,*,#4597,.T.);
#4600=ORIENTED_EDGE('',*,*,#4599,.T.);
#4602=ORIENTED_EDGE('',*,*,#4601,.F.);
#4603=EDGE_LOOP('',(#4596,#4598,#4600,#4602));
#4604=FACE_OUTER_BOUND('',#4603,.F.);
#4605=ADVANCED_FACE('',(#4604),#4595,.F.);
#4606=CARTESIAN_POINT('',(-2.25E1,1.5E2,-1.E1));
#4607=DIRECTION('',(0.E0,1.E0,0.E0));
#4608=DIRECTION('',(1.E0,0.E0,0.E0));
#4609=AXIS2_PLACEMENT_3D('',#4606,#4607,#4608);
#4610=CYLINDRICAL_SURFACE('',#4609,3.5E0);
#4611=ORIENTED_EDGE('',*,*,#3776,.F.);
#4612=ORIENTED_EDGE('',*,*,#4601,.T.);
#4614=ORIENTED_EDGE('',*,*,#4613,.T.);
#4615=ORIENTED_EDGE('',*,*,#4597,.F.);
#4616=EDGE_LOOP('',(#4611,#4612,#4614,#4615));
#4617=FACE_OUTER_BOUND('',#4616,.F.);
#4618=ADVANCED_FACE('',(#4617),#4610,.F.);
#4619=CARTESIAN_POINT('',(9.E1,5.E1,0.E0));
#4620=DIRECTION('',(0.E0,1.E0,0.E0));
#4621=DIRECTION('',(1.E0,0.E0,0.E0));
#4622=AXIS2_PLACEMENT_3D('',#4619,#4620,#4621);
#4623=PLANE('',#4622);
#4624=ORIENTED_EDGE('',*,*,#4599,.F.);
#4625=ORIENTED_EDGE('',*,*,#4613,.F.);
#4626=EDGE_LOOP('',(#4624,#4625));
#4627=FACE_OUTER_BOUND('',#4626,.F.);
#4628=ADVANCED_FACE('',(#4627),#4623,.T.);
#4629=CARTESIAN_POINT('',(-1.25E1,1.5E2,-1.E1));
#4630=DIRECTION('',(0.E0,1.E0,0.E0));
#4631=DIRECTION('',(1.E0,0.E0,0.E0));
#4632=AXIS2_PLACEMENT_3D('',#4629,#4630,#4631);
#4633=CYLINDRICAL_SURFACE('',#4632,3.5E0);
#4634=ORIENTED_EDGE('',*,*,#3780,.F.);
#4636=ORIENTED_EDGE('',*,*,#4635,.T.);
#4638=ORIENTED_EDGE('',*,*,#4637,.T.);
#4640=ORIENTED_EDGE('',*,*,#4639,.F.);
#4641=EDGE_LOOP('',(#4634,#4636,#4638,#4640));
#4642=FACE_OUTER_BOUND('',#4641,.F.);
#4643=ADVANCED_FACE('',(#4642),#4633,.F.);
#4644=CARTESIAN_POINT('',(-1.25E1,1.5E2,-1.E1));
#4645=DIRECTION('',(0.E0,1.E0,0.E0));
#4646=DIRECTION('',(1.E0,0.E0,0.E0));
#4647=AXIS2_PLACEMENT_3D('',#4644,#4645,#4646);
#4648=CYLINDRICAL_SURFACE('',#4647,3.5E0);
#4649=ORIENTED_EDGE('',*,*,#3782,.F.);
#4650=ORIENTED_EDGE('',*,*,#4639,.T.);
#4652=ORIENTED_EDGE('',*,*,#4651,.T.);
#4653=ORIENTED_EDGE('',*,*,#4635,.F.);
#4654=EDGE_LOOP('',(#4649,#4650,#4652,#4653));
#4655=FACE_OUTER_BOUND('',#4654,.F.);
#4656=ADVANCED_FACE('',(#4655),#4648,.F.);
#4657=CARTESIAN_POINT('',(1.E2,5.E1,0.E0));
#4658=DIRECTION('',(0.E0,1.E0,0.E0));
#4659=DIRECTION('',(1.E0,0.E0,0.E0));
#4660=AXIS2_PLACEMENT_3D('',#4657,#4658,#4659);
#4661=PLANE('',#4660);
#4662=ORIENTED_EDGE('',*,*,#4637,.F.);
#4663=ORIENTED_EDGE('',*,*,#4651,.F.);
#4664=EDGE_LOOP('',(#4662,#4663));
#4665=FACE_OUTER_BOUND('',#4664,.F.);
#4666=ADVANCED_FACE('',(#4665),#4661,.T.);
#4667=CARTESIAN_POINT('',(-1.125E2,1.5E2,0.E0));
#4668=DIRECTION('',(0.E0,1.E0,0.E0));
#4669=DIRECTION('',(1.E0,0.E0,0.E0));
#4670=AXIS2_PLACEMENT_3D('',#4667,#4668,#4669);
#4671=CYLINDRICAL_SURFACE('',#4670,3.5E0);
#4672=ORIENTED_EDGE('',*,*,#3786,.F.);
#4674=ORIENTED_EDGE('',*,*,#4673,.T.);
#4676=ORIENTED_EDGE('',*,*,#4675,.T.);
#4678=ORIENTED_EDGE('',*,*,#4677,.F.);
#4679=EDGE_LOOP('',(#4672,#4674,#4676,#4678));
#4680=FACE_OUTER_BOUND('',#4679,.F.);
#4681=ADVANCED_FACE('',(#4680),#4671,.F.);
#4682=CARTESIAN_POINT('',(-1.125E2,1.5E2,0.E0));
#4683=DIRECTION('',(0.E0,1.E0,0.E0));
#4684=DIRECTION('',(1.E0,0.E0,0.E0));
#4685=AXIS2_PLACEMENT_3D('',#4682,#4683,#4684);
#4686=CYLINDRICAL_SURFACE('',#4685,3.5E0);
#4687=ORIENTED_EDGE('',*,*,#3788,.F.);
#4688=ORIENTED_EDGE('',*,*,#4677,.T.);
#4690=ORIENTED_EDGE('',*,*,#4689,.T.);
#4691=ORIENTED_EDGE('',*,*,#4673,.F.);
#4692=EDGE_LOOP('',(#4687,#4688,#4690,#4691));
#4693=FACE_OUTER_BOUND('',#4692,.F.);
#4694=ADVANCED_FACE('',(#4693),#4686,.F.);
#4695=CARTESIAN_POINT('',(0.E0,5.E1,1.E1));
#4696=DIRECTION('',(0.E0,1.E0,0.E0));
#4697=DIRECTION('',(1.E0,0.E0,0.E0));
#4698=AXIS2_PLACEMENT_3D('',#4695,#4696,#4697);
#4699=PLANE('',#4698);
#4700=ORIENTED_EDGE('',*,*,#4675,.F.);
#4701=ORIENTED_EDGE('',*,*,#4689,.F.);
#4702=EDGE_LOOP('',(#4700,#4701));
#4703=FACE_OUTER_BOUND('',#4702,.F.);
#4704=ADVANCED_FACE('',(#4703),#4699,.T.);
#4705=CARTESIAN_POINT('',(-1.025E2,1.5E2,0.E0));
#4706=DIRECTION('',(0.E0,1.E0,0.E0));
#4707=DIRECTION('',(1.E0,0.E0,0.E0));
#4708=AXIS2_PLACEMENT_3D('',#4705,#4706,#4707);
#4709=CYLINDRICAL_SURFACE('',#4708,3.5E0);
#4710=ORIENTED_EDGE('',*,*,#3792,.F.);
#4712=ORIENTED_EDGE('',*,*,#4711,.T.);
#4714=ORIENTED_EDGE('',*,*,#4713,.T.);
#4716=ORIENTED_EDGE('',*,*,#4715,.F.);
#4717=EDGE_LOOP('',(#4710,#4712,#4714,#4716));
#4718=FACE_OUTER_BOUND('',#4717,.F.);
#4719=ADVANCED_FACE('',(#4718),#4709,.F.);
#4720=CARTESIAN_POINT('',(-1.025E2,1.5E2,0.E0));
#4721=DIRECTION('',(0.E0,1.E0,0.E0));
#4722=DIRECTION('',(1.E0,0.E0,0.E0));
#4723=AXIS2_PLACEMENT_3D('',#4720,#4721,#4722);
#4724=CYLINDRICAL_SURFACE('',#4723,3.5E0);
#4725=ORIENTED_EDGE('',*,*,#3794,.F.);
#4726=ORIENTED_EDGE('',*,*,#4715,.T.);
#4728=ORIENTED_EDGE('',*,*,#4727,.T.);
#4729=ORIENTED_EDGE('',*,*,#4711,.F.);
#4730=EDGE_LOOP('',(#4725,#4726,#4728,#4729));
#4731=FACE_OUTER_BOUND('',#4730,.F.);
#4732=ADVANCED_FACE('',(#4731),#4724,.F.);
#4733=CARTESIAN_POINT('',(1.E1,5.E1,1.E1));
#4734=DIRECTION('',(0.E0,1.E0,0.E0));
#4735=DIRECTION('',(1.E0,0.E0,0.E0));
#4736=AXIS2_PLACEMENT_3D('',#4733,#4734,#4735);
#4737=PLANE('',#4736);
#4738=ORIENTED_EDGE('',*,*,#4713,.F.);
#4739=ORIENTED_EDGE('',*,*,#4727,.F.);
#4740=EDGE_LOOP('',(#4738,#4739));
#4741=FACE_OUTER_BOUND('',#4740,.F.);
#4742=ADVANCED_FACE('',(#4741),#4737,.T.);
#4743=CARTESIAN_POINT('',(-9.25E1,1.5E2,0.E0));
#4744=DIRECTION('',(0.E0,1.E0,0.E0));
#4745=DIRECTION('',(1.E0,0.E0,0.E0));
#4746=AXIS2_PLACEMENT_3D('',#4743,#4744,#4745);
#4747=CYLINDRICAL_SURFACE('',#4746,3.5E0);
#4748=ORIENTED_EDGE('',*,*,#3798,.F.);
#4750=ORIENTED_EDGE('',*,*,#4749,.T.);
#4752=ORIENTED_EDGE('',*,*,#4751,.T.);
#4754=ORIENTED_EDGE('',*,*,#4753,.F.);
#4755=EDGE_LOOP('',(#4748,#4750,#4752,#4754));
#4756=FACE_OUTER_BOUND('',#4755,.F.);
#4757=ADVANCED_FACE('',(#4756),#4747,.F.);
#4758=CARTESIAN_POINT('',(-9.25E1,1.5E2,0.E0));
#4759=DIRECTION('',(0.E0,1.E0,0.E0));
#4760=DIRECTION('',(1.E0,0.E0,0.E0));
#4761=AXIS2_PLACEMENT_3D('',#4758,#4759,#4760);
#4762=CYLINDRICAL_SURFACE('',#4761,3.5E0);
#4763=ORIENTED_EDGE('',*,*,#3800,.F.);
#4764=ORIENTED_EDGE('',*,*,#4753,.T.);
#4766=ORIENTED_EDGE('',*,*,#4765,.T.);
#4767=ORIENTED_EDGE('',*,*,#4749,.F.);
#4768=EDGE_LOOP('',(#4763,#4764,#4766,#4767));
#4769=FACE_OUTER_BOUND('',#4768,.F.);
#4770=ADVANCED_FACE('',(#4769),#4762,.F.);
#4771=CARTESIAN_POINT('',(2.E1,5.E1,1.E1));
#4772=DIRECTION('',(0.E0,1.E0,0.E0));
#4773=DIRECTION('',(1.E0,0.E0,0.E0));
#4774=AXIS2_PLACEMENT_3D('',#4771,#4772,#4773);
#4775=PLANE('',#4774);
#4776=ORIENTED_EDGE('',*,*,#4751,.F.);
#4777=ORIENTED_EDGE('',*,*,#4765,.F.);
#4778=EDGE_LOOP('',(#4776,#4777));
#4779=FACE_OUTER_BOUND('',#4778,.F.);
#4780=ADVANCED_FACE('',(#4779),#4775,.T.);
#4781=CARTESIAN_POINT('',(-8.25E1,1.5E2,0.E0));
#4782=DIRECTION('',(0.E0,1.E0,0.E0));
#4783=DIRECTION('',(1.E0,0.E0,0.E0));
#4784=AXIS2_PLACEMENT_3D('',#4781,#4782,#4783);
#4785=CYLINDRICAL_SURFACE('',#4784,3.5E0);
#4786=ORIENTED_EDGE('',*,*,#3804,.F.);
#4788=ORIENTED_EDGE('',*,*,#4787,.T.);
#4790=ORIENTED_EDGE('',*,*,#4789,.T.);
#4792=ORIENTED_EDGE('',*,*,#4791,.F.);
#4793=EDGE_LOOP('',(#4786,#4788,#4790,#4792));
#4794=FACE_OUTER_BOUND('',#4793,.F.);
#4795=ADVANCED_FACE('',(#4794),#4785,.F.);
#4796=CARTESIAN_POINT('',(-8.25E1,1.5E2,0.E0));
#4797=DIRECTION('',(0.E0,1.E0,0.E0));
#4798=DIRECTION('',(1.E0,0.E0,0.E0));
#4799=AXIS2_PLACEMENT_3D('',#4796,#4797,#4798);
#4800=CYLINDRICAL_SURFACE('',#4799,3.5E0);
#4801=ORIENTED_EDGE('',*,*,#3806,.F.);
#4802=ORIENTED_EDGE('',*,*,#4791,.T.);
#4804=ORIENTED_EDGE('',*,*,#4803,.T.);
#4805=ORIENTED_EDGE('',*,*,#4787,.F.);
#4806=EDGE_LOOP('',(#4801,#4802,#4804,#4805));
#4807=FACE_OUTER_BOUND('',#4806,.F.);
#4808=ADVANCED_FACE('',(#4807),#4800,.F.);
#4809=CARTESIAN_POINT('',(3.E1,5.E1,1.E1));
#4810=DIRECTION('',(0.E0,1.E0,0.E0));
#4811=DIRECTION('',(1.E0,0.E0,0.E0));
#4812=AXIS2_PLACEMENT_3D('',#4809,#4810,#4811);
#4813=PLANE('',#4812);
#4814=ORIENTED_EDGE('',*,*,#4789,.F.);
#4815=ORIENTED_EDGE('',*,*,#4803,.F.);
#4816=EDGE_LOOP('',(#4814,#4815));
#4817=FACE_OUTER_BOUND('',#4816,.F.);
#4818=ADVANCED_FACE('',(#4817),#4813,.T.);
#4819=CARTESIAN_POINT('',(-7.25E1,1.5E2,0.E0));
#4820=DIRECTION('',(0.E0,1.E0,0.E0));
#4821=DIRECTION('',(1.E0,0.E0,0.E0));
#4822=AXIS2_PLACEMENT_3D('',#4819,#4820,#4821);
#4823=CYLINDRICAL_SURFACE('',#4822,3.5E0);
#4824=ORIENTED_EDGE('',*,*,#3810,.F.);
#4826=ORIENTED_EDGE('',*,*,#4825,.T.);
#4828=ORIENTED_EDGE('',*,*,#4827,.T.);
#4830=ORIENTED_EDGE('',*,*,#4829,.F.);
#4831=EDGE_LOOP('',(#4824,#4826,#4828,#4830));
#4832=FACE_OUTER_BOUND('',#4831,.F.);
#4833=ADVANCED_FACE('',(#4832),#4823,.F.);
#4834=CARTESIAN_POINT('',(-7.25E1,1.5E2,0.E0));
#4835=DIRECTION('',(0.E0,1.E0,0.E0));
#4836=DIRECTION('',(1.E0,0.E0,0.E0));
#4837=AXIS2_PLACEMENT_3D('',#4834,#4835,#4836);
#4838=CYLINDRICAL_SURFACE('',#4837,3.5E0);
#4839=ORIENTED_EDGE('',*,*,#3812,.F.);
#4840=ORIENTED_EDGE('',*,*,#4829,.T.);
#4842=ORIENTED_EDGE('',*,*,#4841,.T.);
#4843=ORIENTED_EDGE('',*,*,#4825,.F.);
#4844=EDGE_LOOP('',(#4839,#4840,#4842,#4843));
#4845=FACE_OUTER_BOUND('',#4844,.F.);
#4846=ADVANCED_FACE('',(#4845),#4838,.F.);
#4847=CARTESIAN_POINT('',(4.E1,5.E1,1.E1));
#4848=DIRECTION('',(0.E0,1.E0,0.E0));
#4849=DIRECTION('',(1.E0,0.E0,0.E0));
#4850=AXIS2_PLACEMENT_3D('',#4847,#4848,#4849);
#4851=PLANE('',#4850);
#4852=ORIENTED_EDGE('',*,*,#4827,.F.);
#4853=ORIENTED_EDGE('',*,*,#4841,.F.);
#4854=EDGE_LOOP('',(#4852,#4853));
#4855=FACE_OUTER_BOUND('',#4854,.F.);
#4856=ADVANCED_FACE('',(#4855),#4851,.T.);
#4857=CARTESIAN_POINT('',(-6.25E1,1.5E2,0.E0));
#4858=DIRECTION('',(0.E0,1.E0,0.E0));
#4859=DIRECTION('',(1.E0,0.E0,0.E0));
#4860=AXIS2_PLACEMENT_3D('',#4857,#4858,#4859);
#4861=CYLINDRICAL_SURFACE('',#4860,3.5E0);
#4862=ORIENTED_EDGE('',*,*,#3816,.F.);
#4864=ORIENTED_EDGE('',*,*,#4863,.T.);
#4866=ORIENTED_EDGE('',*,*,#4865,.T.);
#4868=ORIENTED_EDGE('',*,*,#4867,.F.);
#4869=EDGE_LOOP('',(#4862,#4864,#4866,#4868));
#4870=FACE_OUTER_BOUND('',#4869,.F.);
#4871=ADVANCED_FACE('',(#4870),#4861,.F.);
#4872=CARTESIAN_POINT('',(-6.25E1,1.5E2,0.E0));
#4873=DIRECTION('',(0.E0,1.E0,0.E0));
#4874=DIRECTION('',(1.E0,0.E0,0.E0));
#4875=AXIS2_PLACEMENT_3D('',#4872,#4873,#4874);
#4876=CYLINDRICAL_SURFACE('',#4875,3.5E0);
#4877=ORIENTED_EDGE('',*,*,#3818,.F.);
#4878=ORIENTED_EDGE('',*,*,#4867,.T.);
#4880=ORIENTED_EDGE('',*,*,#4879,.T.);
#4881=ORIENTED_EDGE('',*,*,#4863,.F.);
#4882=EDGE_LOOP('',(#4877,#4878,#4880,#4881));
#4883=FACE_OUTER_BOUND('',#4882,.F.);
#4884=ADVANCED_FACE('',(#4883),#4876,.F.);
#4885=CARTESIAN_POINT('',(5.E1,5.E1,1.E1));
#4886=DIRECTION('',(0.E0,1.E0,0.E0));
#4887=DIRECTION('',(1.E0,0.E0,0.E0));
#4888=AXIS2_PLACEMENT_3D('',#4885,#4886,#4887);
#4889=PLANE('',#4888);
#4890=ORIENTED_EDGE('',*,*,#4865,.F.);
#4891=ORIENTED_EDGE('',*,*,#4879,.F.);
#4892=EDGE_LOOP('',(#4890,#4891));
#4893=FACE_OUTER_BOUND('',#4892,.F.);
#4894=ADVANCED_FACE('',(#4893),#4889,.T.);
#4895=CARTESIAN_POINT('',(-5.25E1,1.5E2,0.E0));
#4896=DIRECTION('',(0.E0,1.E0,0.E0));
#4897=DIRECTION('',(1.E0,0.E0,0.E0));
#4898=AXIS2_PLACEMENT_3D('',#4895,#4896,#4897);
#4899=CYLINDRICAL_SURFACE('',#4898,3.5E0);
#4900=ORIENTED_EDGE('',*,*,#3822,.F.);
#4902=ORIENTED_EDGE('',*,*,#4901,.T.);
#4904=ORIENTED_EDGE('',*,*,#4903,.T.);
#4906=ORIENTED_EDGE('',*,*,#4905,.F.);
#4907=EDGE_LOOP('',(#4900,#4902,#4904,#4906));
#4908=FACE_OUTER_BOUND('',#4907,.F.);
#4909=ADVANCED_FACE('',(#4908),#4899,.F.);
#4910=CARTESIAN_POINT('',(-5.25E1,1.5E2,0.E0));
#4911=DIRECTION('',(0.E0,1.E0,0.E0));
#4912=DIRECTION('',(1.E0,0.E0,0.E0));
#4913=AXIS2_PLACEMENT_3D('',#4910,#4911,#4912);
#4914=CYLINDRICAL_SURFACE('',#4913,3.5E0);
#4915=ORIENTED_EDGE('',*,*,#3824,.F.);
#4916=ORIENTED_EDGE('',*,*,#4905,.T.);
#4918=ORIENTED_EDGE('',*,*,#4917,.T.);
#4919=ORIENTED_EDGE('',*,*,#4901,.F.);
#4920=EDGE_LOOP('',(#4915,#4916,#4918,#4919));
#4921=FACE_OUTER_BOUND('',#4920,.F.);
#4922=ADVANCED_FACE('',(#4921),#4914,.F.);
#4923=CARTESIAN_POINT('',(6.E1,5.E1,1.E1));
#4924=DIRECTION('',(0.E0,1.E0,0.E0));
#4925=DIRECTION('',(1.E0,0.E0,0.E0));
#4926=AXIS2_PLACEMENT_3D('',#4923,#4924,#4925);
#4927=PLANE('',#4926);
#4928=ORIENTED_EDGE('',*,*,#4903,.F.);
#4929=ORIENTED_EDGE('',*,*,#4917,.F.);
#4930=EDGE_LOOP('',(#4928,#4929));
#4931=FACE_OUTER_BOUND('',#4930,.F.);
#4932=ADVANCED_FACE('',(#4931),#4927,.T.);
#4933=CARTESIAN_POINT('',(-4.25E1,1.5E2,0.E0));
#4934=DIRECTION('',(0.E0,1.E0,0.E0));
#4935=DIRECTION('',(1.E0,0.E0,0.E0));
#4936=AXIS2_PLACEMENT_3D('',#4933,#4934,#4935);
#4937=CYLINDRICAL_SURFACE('',#4936,3.5E0);
#4938=ORIENTED_EDGE('',*,*,#3828,.F.);
#4940=ORIENTED_EDGE('',*,*,#4939,.T.);
#4942=ORIENTED_EDGE('',*,*,#4941,.T.);
#4944=ORIENTED_EDGE('',*,*,#4943,.F.);
#4945=EDGE_LOOP('',(#4938,#4940,#4942,#4944));
#4946=FACE_OUTER_BOUND('',#4945,.F.);
#4947=ADVANCED_FACE('',(#4946),#4937,.F.);
#4948=CARTESIAN_POINT('',(-4.25E1,1.5E2,0.E0));
#4949=DIRECTION('',(0.E0,1.E0,0.E0));
#4950=DIRECTION('',(1.E0,0.E0,0.E0));
#4951=AXIS2_PLACEMENT_3D('',#4948,#4949,#4950);
#4952=CYLINDRICAL_SURFACE('',#4951,3.5E0);
#4953=ORIENTED_EDGE('',*,*,#3830,.F.);
#4954=ORIENTED_EDGE('',*,*,#4943,.T.);
#4956=ORIENTED_EDGE('',*,*,#4955,.T.);
#4957=ORIENTED_EDGE('',*,*,#4939,.F.);
#4958=EDGE_LOOP('',(#4953,#4954,#4956,#4957));
#4959=FACE_OUTER_BOUND('',#4958,.F.);
#4960=ADVANCED_FACE('',(#4959),#4952,.F.);
#4961=CARTESIAN_POINT('',(7.E1,5.E1,1.E1));
#4962=DIRECTION('',(0.E0,1.E0,0.E0));
#4963=DIRECTION('',(1.E0,0.E0,0.E0));
#4964=AXIS2_PLACEMENT_3D('',#4961,#4962,#4963);
#4965=PLANE('',#4964);
#4966=ORIENTED_EDGE('',*,*,#4941,.F.);
#4967=ORIENTED_EDGE('',*,*,#4955,.F.);
#4968=EDGE_LOOP('',(#4966,#4967));
#4969=FACE_OUTER_BOUND('',#4968,.F.);
#4970=ADVANCED_FACE('',(#4969),#4965,.T.);
#4971=CARTESIAN_POINT('',(-3.25E1,1.5E2,0.E0));
#4972=DIRECTION('',(0.E0,1.E0,0.E0));
#4973=DIRECTION('',(1.E0,0.E0,0.E0));
#4974=AXIS2_PLACEMENT_3D('',#4971,#4972,#4973);
#4975=CYLINDRICAL_SURFACE('',#4974,3.5E0);
#4976=ORIENTED_EDGE('',*,*,#3834,.F.);
#4978=ORIENTED_EDGE('',*,*,#4977,.T.);
#4980=ORIENTED_EDGE('',*,*,#4979,.T.);
#4982=ORIENTED_EDGE('',*,*,#4981,.F.);
#4983=EDGE_LOOP('',(#4976,#4978,#4980,#4982));
#4984=FACE_OUTER_BOUND('',#4983,.F.);
#4985=ADVANCED_FACE('',(#4984),#4975,.F.);
#4986=CARTESIAN_POINT('',(-3.25E1,1.5E2,0.E0));
#4987=DIRECTION('',(0.E0,1.E0,0.E0));
#4988=DIRECTION('',(1.E0,0.E0,0.E0));
#4989=AXIS2_PLACEMENT_3D('',#4986,#4987,#4988);
#4990=CYLINDRICAL_SURFACE('',#4989,3.5E0);
#4991=ORIENTED_EDGE('',*,*,#3836,.F.);
#4992=ORIENTED_EDGE('',*,*,#4981,.T.);
#4994=ORIENTED_EDGE('',*,*,#4993,.T.);
#4995=ORIENTED_EDGE('',*,*,#4977,.F.);
#4996=EDGE_LOOP('',(#4991,#4992,#4994,#4995));
#4997=FACE_OUTER_BOUND('',#4996,.F.);
#4998=ADVANCED_FACE('',(#4997),#4990,.F.);
#4999=CARTESIAN_POINT('',(8.E1,5.E1,1.E1));
#5000=DIRECTION('',(0.E0,1.E0,0.E0));
#5001=DIRECTION('',(1.E0,0.E0,0.E0));
#5002=AXIS2_PLACEMENT_3D('',#4999,#5000,#5001);
#5003=PLANE('',#5002);
#5004=ORIENTED_EDGE('',*,*,#4979,.F.);
#5005=ORIENTED_EDGE('',*,*,#4993,.F.);
#5006=EDGE_LOOP('',(#5004,#5005));
#5007=FACE_OUTER_BOUND('',#5006,.F.);
#5008=ADVANCED_FACE('',(#5007),#5003,.T.);
#5009=CARTESIAN_POINT('',(-2.25E1,1.5E2,0.E0));
#5010=DIRECTION('',(0.E0,1.E0,0.E0));
#5011=DIRECTION('',(1.E0,0.E0,0.E0));
#5012=AXIS2_PLACEMENT_3D('',#5009,#5010,#5011);
#5013=CYLINDRICAL_SURFACE('',#5012,3.5E0);
#5014=ORIENTED_EDGE('',*,*,#3840,.F.);
#5016=ORIENTED_EDGE('',*,*,#5015,.T.);
#5018=ORIENTED_EDGE('',*,*,#5017,.T.);
#5020=ORIENTED_EDGE('',*,*,#5019,.F.);
#5021=EDGE_LOOP('',(#5014,#5016,#5018,#5020));
#5022=FACE_OUTER_BOUND('',#5021,.F.);
#5023=ADVANCED_FACE('',(#5022),#5013,.F.);
#5024=CARTESIAN_POINT('',(-2.25E1,1.5E2,0.E0));
#5025=DIRECTION('',(0.E0,1.E0,0.E0));
#5026=DIRECTION('',(1.E0,0.E0,0.E0));
#5027=AXIS2_PLACEMENT_3D('',#5024,#5025,#5026);
#5028=CYLINDRICAL_SURFACE('',#5027,3.5E0);
#5029=ORIENTED_EDGE('',*,*,#3842,.F.);
#5030=ORIENTED_EDGE('',*,*,#5019,.T.);
#5032=ORIENTED_EDGE('',*,*,#5031,.T.);
#5033=ORIENTED_EDGE('',*,*,#5015,.F.);
#5034=EDGE_LOOP('',(#5029,#5030,#5032,#5033));
#5035=FACE_OUTER_BOUND('',#5034,.F.);
#5036=ADVANCED_FACE('',(#5035),#5028,.F.);
#5037=CARTESIAN_POINT('',(9.E1,5.E1,1.E1));
#5038=DIRECTION('',(0.E0,1.E0,0.E0));
#5039=DIRECTION('',(1.E0,0.E0,0.E0));
#5040=AXIS2_PLACEMENT_3D('',#5037,#5038,#5039);
#5041=PLANE('',#5040);
#5042=ORIENTED_EDGE('',*,*,#5017,.F.);
#5043=ORIENTED_EDGE('',*,*,#5031,.F.);
#5044=EDGE_LOOP('',(#5042,#5043));
#5045=FACE_OUTER_BOUND('',#5044,.F.);
#5046=ADVANCED_FACE('',(#5045),#5041,.T.);
#5047=CARTESIAN_POINT('',(-1.25E1,1.5E2,0.E0));
#5048=DIRECTION('',(0.E0,1.E0,0.E0));
#5049=DIRECTION('',(1.E0,0.E0,0.E0));
#5050=AXIS2_PLACEMENT_3D('',#5047,#5048,#5049);
#5051=CYLINDRICAL_SURFACE('',#5050,3.5E0);
#5052=ORIENTED_EDGE('',*,*,#3846,.F.);
#5054=ORIENTED_EDGE('',*,*,#5053,.T.);
#5056=ORIENTED_EDGE('',*,*,#5055,.T.);
#5058=ORIENTED_EDGE('',*,*,#5057,.F.);
#5059=EDGE_LOOP('',(#5052,#5054,#5056,#5058));
#5060=FACE_OUTER_BOUND('',#5059,.F.);
#5061=ADVANCED_FACE('',(#5060),#5051,.F.);
#5062=CARTESIAN_POINT('',(-1.25E1,1.5E2,0.E0));
#5063=DIRECTION('',(0.E0,1.E0,0.E0));
#5064=DIRECTION('',(1.E0,0.E0,0.E0));
#5065=AXIS2_PLACEMENT_3D('',#5062,#5063,#5064);
#5066=CYLINDRICAL_SURFACE('',#5065,3.5E0);
#5067=ORIENTED_EDGE('',*,*,#3848,.F.);
#5068=ORIENTED_EDGE('',*,*,#5057,.T.);
#5070=ORIENTED_EDGE('',*,*,#5069,.T.);
#5071=ORIENTED_EDGE('',*,*,#5053,.F.);
#5072=EDGE_LOOP('',(#5067,#5068,#5070,#5071));
#5073=FACE_OUTER_BOUND('',#5072,.F.);
#5074=ADVANCED_FACE('',(#5073),#5066,.F.);
#5075=CARTESIAN_POINT('',(1.E2,5.E1,1.E1));
#5076=DIRECTION('',(0.E0,1.E0,0.E0));
#5077=DIRECTION('',(1.E0,0.E0,0.E0));
#5078=AXIS2_PLACEMENT_3D('',#5075,#5076,#5077);
#5079=PLANE('',#5078);
#5080=ORIENTED_EDGE('',*,*,#5055,.F.);
#5081=ORIENTED_EDGE('',*,*,#5069,.F.);
#5082=EDGE_LOOP('',(#5080,#5081));
#5083=FACE_OUTER_BOUND('',#5082,.F.);
#5084=ADVANCED_FACE('',(#5083),#5079,.T.);
#5085=CARTESIAN_POINT('',(-1.125E2,1.5E2,1.E1));
#5086=DIRECTION('',(0.E0,1.E0,0.E0));
#5087=DIRECTION('',(1.E0,0.E0,0.E0));
#5088=AXIS2_PLACEMENT_3D('',#5085,#5086,#5087);
#5089=CYLINDRICAL_SURFACE('',#5088,3.5E0);
#5090=ORIENTED_EDGE('',*,*,#3852,.F.);
#5092=ORIENTED_EDGE('',*,*,#5091,.T.);
#5094=ORIENTED_EDGE('',*,*,#5093,.T.);
#5096=ORIENTED_EDGE('',*,*,#5095,.F.);
#5097=EDGE_LOOP('',(#5090,#5092,#5094,#5096));
#5098=FACE_OUTER_BOUND('',#5097,.F.);
#5099=ADVANCED_FACE('',(#5098),#5089,.F.);
#5100=CARTESIAN_POINT('',(-1.125E2,1.5E2,1.E1));
#5101=DIRECTION('',(0.E0,1.E0,0.E0));
#5102=DIRECTION('',(1.E0,0.E0,0.E0));
#5103=AXIS2_PLACEMENT_3D('',#5100,#5101,#5102);
#5104=CYLINDRICAL_SURFACE('',#5103,3.5E0);
#5105=ORIENTED_EDGE('',*,*,#3854,.F.);
#5106=ORIENTED_EDGE('',*,*,#5095,.T.);
#5108=ORIENTED_EDGE('',*,*,#5107,.T.);
#5109=ORIENTED_EDGE('',*,*,#5091,.F.);
#5110=EDGE_LOOP('',(#5105,#5106,#5108,#5109));
#5111=FACE_OUTER_BOUND('',#5110,.F.);
#5112=ADVANCED_FACE('',(#5111),#5104,.F.);
#5113=CARTESIAN_POINT('',(0.E0,5.E1,2.E1));
#5114=DIRECTION('',(0.E0,1.E0,0.E0));
#5115=DIRECTION('',(1.E0,0.E0,0.E0));
#5116=AXIS2_PLACEMENT_3D('',#5113,#5114,#5115);
#5117=PLANE('',#5116);
#5118=ORIENTED_EDGE('',*,*,#5093,.F.);
#5119=ORIENTED_EDGE('',*,*,#5107,.F.);
#5120=EDGE_LOOP('',(#5118,#5119));
#5121=FACE_OUTER_BOUND('',#5120,.F.);
#5122=ADVANCED_FACE('',(#5121),#5117,.T.);
#5123=CARTESIAN_POINT('',(-1.025E2,1.5E2,1.E1));
#5124=DIRECTION('',(0.E0,1.E0,0.E0));
#5125=DIRECTION('',(1.E0,0.E0,0.E0));
#5126=AXIS2_PLACEMENT_3D('',#5123,#5124,#5125);
#5127=CYLINDRICAL_SURFACE('',#5126,3.5E0);
#5128=ORIENTED_EDGE('',*,*,#3858,.F.);
#5130=ORIENTED_EDGE('',*,*,#5129,.T.);
#5132=ORIENTED_EDGE('',*,*,#5131,.T.);
#5134=ORIENTED_EDGE('',*,*,#5133,.F.);
#5135=EDGE_LOOP('',(#5128,#5130,#5132,#5134));
#5136=FACE_OUTER_BOUND('',#5135,.F.);
#5137=ADVANCED_FACE('',(#5136),#5127,.F.);
#5138=CARTESIAN_POINT('',(-1.025E2,1.5E2,1.E1));
#5139=DIRECTION('',(0.E0,1.E0,0.E0));
#5140=DIRECTION('',(1.E0,0.E0,0.E0));
#5141=AXIS2_PLACEMENT_3D('',#5138,#5139,#5140);
#5142=CYLINDRICAL_SURFACE('',#5141,3.5E0);
#5143=ORIENTED_EDGE('',*,*,#3860,.F.);
#5144=ORIENTED_EDGE('',*,*,#5133,.T.);
#5146=ORIENTED_EDGE('',*,*,#5145,.T.);
#5147=ORIENTED_EDGE('',*,*,#5129,.F.);
#5148=EDGE_LOOP('',(#5143,#5144,#5146,#5147));
#5149=FACE_OUTER_BOUND('',#5148,.F.);
#5150=ADVANCED_FACE('',(#5149),#5142,.F.);
#5151=CARTESIAN_POINT('',(1.E1,5.E1,2.E1));
#5152=DIRECTION('',(0.E0,1.E0,0.E0));
#5153=DIRECTION('',(1.E0,0.E0,0.E0));
#5154=AXIS2_PLACEMENT_3D('',#5151,#5152,#5153);
#5155=PLANE('',#5154);
#5156=ORIENTED_EDGE('',*,*,#5131,.F.);
#5157=ORIENTED_EDGE('',*,*,#5145,.F.);
#5158=EDGE_LOOP('',(#5156,#5157));
#5159=FACE_OUTER_BOUND('',#5158,.F.);
#5160=ADVANCED_FACE('',(#5159),#5155,.T.);
#5161=CARTESIAN_POINT('',(-9.25E1,1.5E2,1.E1));
#5162=DIRECTION('',(0.E0,1.E0,0.E0));
#5163=DIRECTION('',(1.E0,0.E0,0.E0));
#5164=AXIS2_PLACEMENT_3D('',#5161,#5162,#5163);
#5165=CYLINDRICAL_SURFACE('',#5164,3.5E0);
#5166=ORIENTED_EDGE('',*,*,#3864,.F.);
#5168=ORIENTED_EDGE('',*,*,#5167,.T.);
#5170=ORIENTED_EDGE('',*,*,#5169,.T.);
#5172=ORIENTED_EDGE('',*,*,#5171,.F.);
#5173=EDGE_LOOP('',(#5166,#5168,#5170,#5172));
#5174=FACE_OUTER_BOUND('',#5173,.F.);
#5175=ADVANCED_FACE('',(#5174),#5165,.F.);
#5176=CARTESIAN_POINT('',(-9.25E1,1.5E2,1.E1));
#5177=DIRECTION('',(0.E0,1.E0,0.E0));
#5178=DIRECTION('',(1.E0,0.E0,0.E0));
#5179=AXIS2_PLACEMENT_3D('',#5176,#5177,#5178);
#5180=CYLINDRICAL_SURFACE('',#5179,3.5E0);
#5181=ORIENTED_EDGE('',*,*,#3866,.F.);
#5182=ORIENTED_EDGE('',*,*,#5171,.T.);
#5184=ORIENTED_EDGE('',*,*,#5183,.T.);
#5185=ORIENTED_EDGE('',*,*,#5167,.F.);
#5186=EDGE_LOOP('',(#5181,#5182,#5184,#5185));
#5187=FACE_OUTER_BOUND('',#5186,.F.);
#5188=ADVANCED_FACE('',(#5187),#5180,.F.);
#5189=CARTESIAN_POINT('',(2.E1,5.E1,2.E1));
#5190=DIRECTION('',(0.E0,1.E0,0.E0));
#5191=DIRECTION('',(1.E0,0.E0,0.E0));
#5192=AXIS2_PLACEMENT_3D('',#5189,#5190,#5191);
#5193=PLANE('',#5192);
#5194=ORIENTED_EDGE('',*,*,#5169,.F.);
#5195=ORIENTED_EDGE('',*,*,#5183,.F.);
#5196=EDGE_LOOP('',(#5194,#5195));
#5197=FACE_OUTER_BOUND('',#5196,.F.);
#5198=ADVANCED_FACE('',(#5197),#5193,.T.);
#5199=CARTESIAN_POINT('',(-8.25E1,1.5E2,1.E1));
#5200=DIRECTION('',(0.E0,1.E0,0.E0));
#5201=DIRECTION('',(1.E0,0.E0,0.E0));
#5202=AXIS2_PLACEMENT_3D('',#5199,#5200,#5201);
#5203=CYLINDRICAL_SURFACE('',#5202,3.5E0);
#5204=ORIENTED_EDGE('',*,*,#3870,.F.);
#5206=ORIENTED_EDGE('',*,*,#5205,.T.);
#5208=ORIENTED_EDGE('',*,*,#5207,.T.);
#5210=ORIENTED_EDGE('',*,*,#5209,.F.);
#5211=EDGE_LOOP('',(#5204,#5206,#5208,#5210));
#5212=FACE_OUTER_BOUND('',#5211,.F.);
#5213=ADVANCED_FACE('',(#5212),#5203,.F.);
#5214=CARTESIAN_POINT('',(-8.25E1,1.5E2,1.E1));
#5215=DIRECTION('',(0.E0,1.E0,0.E0));
#5216=DIRECTION('',(1.E0,0.E0,0.E0));
#5217=AXIS2_PLACEMENT_3D('',#5214,#5215,#5216);
#5218=CYLINDRICAL_SURFACE('',#5217,3.5E0);
#5219=ORIENTED_EDGE('',*,*,#3872,.F.);
#5220=ORIENTED_EDGE('',*,*,#5209,.T.);
#5222=ORIENTED_EDGE('',*,*,#5221,.T.);
#5223=ORIENTED_EDGE('',*,*,#5205,.F.);
#5224=EDGE_LOOP('',(#5219,#5220,#5222,#5223));
#5225=FACE_OUTER_BOUND('',#5224,.F.);
#5226=ADVANCED_FACE('',(#5225),#5218,.F.);
#5227=CARTESIAN_POINT('',(3.E1,5.E1,2.E1));
#5228=DIRECTION('',(0.E0,1.E0,0.E0));
#5229=DIRECTION('',(1.E0,0.E0,0.E0));
#5230=AXIS2_PLACEMENT_3D('',#5227,#5228,#5229);
#5231=PLANE('',#5230);
#5232=ORIENTED_EDGE('',*,*,#5207,.F.);
#5233=ORIENTED_EDGE('',*,*,#5221,.F.);
#5234=EDGE_LOOP('',(#5232,#5233));
#5235=FACE_OUTER_BOUND('',#5234,.F.);
#5236=ADVANCED_FACE('',(#5235),#5231,.T.);
#5237=CARTESIAN_POINT('',(-7.25E1,1.5E2,1.E1));
#5238=DIRECTION('',(0.E0,1.E0,0.E0));
#5239=DIRECTION('',(1.E0,0.E0,0.E0));
#5240=AXIS2_PLACEMENT_3D('',#5237,#5238,#5239);
#5241=CYLINDRICAL_SURFACE('',#5240,3.5E0);
#5242=ORIENTED_EDGE('',*,*,#3876,.F.);
#5244=ORIENTED_EDGE('',*,*,#5243,.T.);
#5246=ORIENTED_EDGE('',*,*,#5245,.T.);
#5248=ORIENTED_EDGE('',*,*,#5247,.F.);
#5249=EDGE_LOOP('',(#5242,#5244,#5246,#5248));
#5250=FACE_OUTER_BOUND('',#5249,.F.);
#5251=ADVANCED_FACE('',(#5250),#5241,.F.);
#5252=CARTESIAN_POINT('',(-7.25E1,1.5E2,1.E1));
#5253=DIRECTION('',(0.E0,1.E0,0.E0));
#5254=DIRECTION('',(1.E0,0.E0,0.E0));
#5255=AXIS2_PLACEMENT_3D('',#5252,#5253,#5254);
#5256=CYLINDRICAL_SURFACE('',#5255,3.5E0);
#5257=ORIENTED_EDGE('',*,*,#3878,.F.);
#5258=ORIENTED_EDGE('',*,*,#5247,.T.);
#5260=ORIENTED_EDGE('',*,*,#5259,.T.);
#5261=ORIENTED_EDGE('',*,*,#5243,.F.);
#5262=EDGE_LOOP('',(#5257,#5258,#5260,#5261));
#5263=FACE_OUTER_BOUND('',#5262,.F.);
#5264=ADVANCED_FACE('',(#5263),#5256,.F.);
#5265=CARTESIAN_POINT('',(4.E1,5.E1,2.E1));
#5266=DIRECTION('',(0.E0,1.E0,0.E0));
#5267=DIRECTION('',(1.E0,0.E0,0.E0));
#5268=AXIS2_PLACEMENT_3D('',#5265,#5266,#5267);
#5269=PLANE('',#5268);
#5270=ORIENTED_EDGE('',*,*,#5245,.F.);
#5271=ORIENTED_EDGE('',*,*,#5259,.F.);
#5272=EDGE_LOOP('',(#5270,#5271));
#5273=FACE_OUTER_BOUND('',#5272,.F.);
#5274=ADVANCED_FACE('',(#5273),#5269,.T.);
#5275=CARTESIAN_POINT('',(-6.25E1,1.5E2,1.E1));
#5276=DIRECTION('',(0.E0,1.E0,0.E0));
#5277=DIRECTION('',(1.E0,0.E0,0.E0));
#5278=AXIS2_PLACEMENT_3D('',#5275,#5276,#5277);
#5279=CYLINDRICAL_SURFACE('',#5278,3.5E0);
#5280=ORIENTED_EDGE('',*,*,#3882,.F.);
#5282=ORIENTED_EDGE('',*,*,#5281,.T.);
#5284=ORIENTED_EDGE('',*,*,#5283,.T.);
#5286=ORIENTED_EDGE('',*,*,#5285,.F.);
#5287=EDGE_LOOP('',(#5280,#5282,#5284,#5286));
#5288=FACE_OUTER_BOUND('',#5287,.F.);
#5289=ADVANCED_FACE('',(#5288),#5279,.F.);
#5290=CARTESIAN_POINT('',(-6.25E1,1.5E2,1.E1));
#5291=DIRECTION('',(0.E0,1.E0,0.E0));
#5292=DIRECTION('',(1.E0,0.E0,0.E0));
#5293=AXIS2_PLACEMENT_3D('',#5290,#5291,#5292);
#5294=CYLINDRICAL_SURFACE('',#5293,3.5E0);
#5295=ORIENTED_EDGE('',*,*,#3884,.F.);
#5296=ORIENTED_EDGE('',*,*,#5285,.T.);
#5298=ORIENTED_EDGE('',*,*,#5297,.T.);
#5299=ORIENTED_EDGE('',*,*,#5281,.F.);
#5300=EDGE_LOOP('',(#5295,#5296,#5298,#5299));
#5301=FACE_OUTER_BOUND('',#5300,.F.);
#5302=ADVANCED_FACE('',(#5301),#5294,.F.);
#5303=CARTESIAN_POINT('',(5.E1,5.E1,2.E1));
#5304=DIRECTION('',(0.E0,1.E0,0.E0));
#5305=DIRECTION('',(1.E0,0.E0,0.E0));
#5306=AXIS2_PLACEMENT_3D('',#5303,#5304,#5305);
#5307=PLANE('',#5306);
#5308=ORIENTED_EDGE('',*,*,#5283,.F.);
#5309=ORIENTED_EDGE('',*,*,#5297,.F.);
#5310=EDGE_LOOP('',(#5308,#5309));
#5311=FACE_OUTER_BOUND('',#5310,.F.);
#5312=ADVANCED_FACE('',(#5311),#5307,.T.);
#5313=CARTESIAN_POINT('',(-5.25E1,1.5E2,1.E1));
#5314=DIRECTION('',(0.E0,1.E0,0.E0));
#5315=DIRECTION('',(1.E0,0.E0,0.E0));
#5316=AXIS2_PLACEMENT_3D('',#5313,#5314,#5315);
#5317=CYLINDRICAL_SURFACE('',#5316,3.5E0);
#5318=ORIENTED_EDGE('',*,*,#3888,.F.);
#5320=ORIENTED_EDGE('',*,*,#5319,.T.);
#5322=ORIENTED_EDGE('',*,*,#5321,.T.);
#5324=ORIENTED_EDGE('',*,*,#5323,.F.);
#5325=EDGE_LOOP('',(#5318,#5320,#5322,#5324));
#5326=FACE_OUTER_BOUND('',#5325,.F.);
#5327=ADVANCED_FACE('',(#5326),#5317,.F.);
#5328=CARTESIAN_POINT('',(-5.25E1,1.5E2,1.E1));
#5329=DIRECTION('',(0.E0,1.E0,0.E0));
#5330=DIRECTION('',(1.E0,0.E0,0.E0));
#5331=AXIS2_PLACEMENT_3D('',#5328,#5329,#5330);
#5332=CYLINDRICAL_SURFACE('',#5331,3.5E0);
#5333=ORIENTED_EDGE('',*,*,#3890,.F.);
#5334=ORIENTED_EDGE('',*,*,#5323,.T.);
#5336=ORIENTED_EDGE('',*,*,#5335,.T.);
#5337=ORIENTED_EDGE('',*,*,#5319,.F.);
#5338=EDGE_LOOP('',(#5333,#5334,#5336,#5337));
#5339=FACE_OUTER_BOUND('',#5338,.F.);
#5340=ADVANCED_FACE('',(#5339),#5332,.F.);
#5341=CARTESIAN_POINT('',(6.E1,5.E1,2.E1));
#5342=DIRECTION('',(0.E0,1.E0,0.E0));
#5343=DIRECTION('',(1.E0,0.E0,0.E0));
#5344=AXIS2_PLACEMENT_3D('',#5341,#5342,#5343);
#5345=PLANE('',#5344);
#5346=ORIENTED_EDGE('',*,*,#5321,.F.);
#5347=ORIENTED_EDGE('',*,*,#5335,.F.);
#5348=EDGE_LOOP('',(#5346,#5347));
#5349=FACE_OUTER_BOUND('',#5348,.F.);
#5350=ADVANCED_FACE('',(#5349),#5345,.T.);
#5351=CARTESIAN_POINT('',(-4.25E1,1.5E2,1.E1));
#5352=DIRECTION('',(0.E0,1.E0,0.E0));
#5353=DIRECTION('',(1.E0,0.E0,0.E0));
#5354=AXIS2_PLACEMENT_3D('',#5351,#5352,#5353);
#5355=CYLINDRICAL_SURFACE('',#5354,3.5E0);
#5356=ORIENTED_EDGE('',*,*,#3894,.F.);
#5358=ORIENTED_EDGE('',*,*,#5357,.T.);
#5360=ORIENTED_EDGE('',*,*,#5359,.T.);
#5362=ORIENTED_EDGE('',*,*,#5361,.F.);
#5363=EDGE_LOOP('',(#5356,#5358,#5360,#5362));
#5364=FACE_OUTER_BOUND('',#5363,.F.);
#5365=ADVANCED_FACE('',(#5364),#5355,.F.);
#5366=CARTESIAN_POINT('',(-4.25E1,1.5E2,1.E1));
#5367=DIRECTION('',(0.E0,1.E0,0.E0));
#5368=DIRECTION('',(1.E0,0.E0,0.E0));
#5369=AXIS2_PLACEMENT_3D('',#5366,#5367,#5368);
#5370=CYLINDRICAL_SURFACE('',#5369,3.5E0);
#5371=ORIENTED_EDGE('',*,*,#3896,.F.);
#5372=ORIENTED_EDGE('',*,*,#5361,.T.);
#5374=ORIENTED_EDGE('',*,*,#5373,.T.);
#5375=ORIENTED_EDGE('',*,*,#5357,.F.);
#5376=EDGE_LOOP('',(#5371,#5372,#5374,#5375));
#5377=FACE_OUTER_BOUND('',#5376,.F.);
#5378=ADVANCED_FACE('',(#5377),#5370,.F.);
#5379=CARTESIAN_POINT('',(7.E1,5.E1,2.E1));
#5380=DIRECTION('',(0.E0,1.E0,0.E0));
#5381=DIRECTION('',(1.E0,0.E0,0.E0));
#5382=AXIS2_PLACEMENT_3D('',#5379,#5380,#5381);
#5383=PLANE('',#5382);
#5384=ORIENTED_EDGE('',*,*,#5359,.F.);
#5385=ORIENTED_EDGE('',*,*,#5373,.F.);
#5386=EDGE_LOOP('',(#5384,#5385));
#5387=FACE_OUTER_BOUND('',#5386,.F.);
#5388=ADVANCED_FACE('',(#5387),#5383,.T.);
#5389=CARTESIAN_POINT('',(-3.25E1,1.5E2,1.E1));
#5390=DIRECTION('',(0.E0,1.E0,0.E0));
#5391=DIRECTION('',(1.E0,0.E0,0.E0));
#5392=AXIS2_PLACEMENT_3D('',#5389,#5390,#5391);
#5393=CYLINDRICAL_SURFACE('',#5392,3.5E0);
#5394=ORIENTED_EDGE('',*,*,#3900,.F.);
#5396=ORIENTED_EDGE('',*,*,#5395,.T.);
#5398=ORIENTED_EDGE('',*,*,#5397,.T.);
#5400=ORIENTED_EDGE('',*,*,#5399,.F.);
#5401=EDGE_LOOP('',(#5394,#5396,#5398,#5400));
#5402=FACE_OUTER_BOUND('',#5401,.F.);
#5403=ADVANCED_FACE('',(#5402),#5393,.F.);
#5404=CARTESIAN_POINT('',(-3.25E1,1.5E2,1.E1));
#5405=DIRECTION('',(0.E0,1.E0,0.E0));
#5406=DIRECTION('',(1.E0,0.E0,0.E0));
#5407=AXIS2_PLACEMENT_3D('',#5404,#5405,#5406);
#5408=CYLINDRICAL_SURFACE('',#5407,3.5E0);
#5409=ORIENTED_EDGE('',*,*,#3902,.F.);
#5410=ORIENTED_EDGE('',*,*,#5399,.T.);
#5412=ORIENTED_EDGE('',*,*,#5411,.T.);
#5413=ORIENTED_EDGE('',*,*,#5395,.F.);
#5414=EDGE_LOOP('',(#5409,#5410,#5412,#5413));
#5415=FACE_OUTER_BOUND('',#5414,.F.);
#5416=ADVANCED_FACE('',(#5415),#5408,.F.);
#5417=CARTESIAN_POINT('',(8.E1,5.E1,2.E1));
#5418=DIRECTION('',(0.E0,1.E0,0.E0));
#5419=DIRECTION('',(1.E0,0.E0,0.E0));
#5420=AXIS2_PLACEMENT_3D('',#5417,#5418,#5419);
#5421=PLANE('',#5420);
#5422=ORIENTED_EDGE('',*,*,#5397,.F.);
#5423=ORIENTED_EDGE('',*,*,#5411,.F.);
#5424=EDGE_LOOP('',(#5422,#5423));
#5425=FACE_OUTER_BOUND('',#5424,.F.);
#5426=ADVANCED_FACE('',(#5425),#5421,.T.);
#5427=CARTESIAN_POINT('',(-2.25E1,1.5E2,1.E1));
#5428=DIRECTION('',(0.E0,1.E0,0.E0));
#5429=DIRECTION('',(1.E0,0.E0,0.E0));
#5430=AXIS2_PLACEMENT_3D('',#5427,#5428,#5429);
#5431=CYLINDRICAL_SURFACE('',#5430,3.5E0);
#5432=ORIENTED_EDGE('',*,*,#3906,.F.);
#5434=ORIENTED_EDGE('',*,*,#5433,.T.);
#5436=ORIENTED_EDGE('',*,*,#5435,.T.);
#5438=ORIENTED_EDGE('',*,*,#5437,.F.);
#5439=EDGE_LOOP('',(#5432,#5434,#5436,#5438));
#5440=FACE_OUTER_BOUND('',#5439,.F.);
#5441=ADVANCED_FACE('',(#5440),#5431,.F.);
#5442=CARTESIAN_POINT('',(-2.25E1,1.5E2,1.E1));
#5443=DIRECTION('',(0.E0,1.E0,0.E0));
#5444=DIRECTION('',(1.E0,0.E0,0.E0));
#5445=AXIS2_PLACEMENT_3D('',#5442,#5443,#5444);
#5446=CYLINDRICAL_SURFACE('',#5445,3.5E0);
#5447=ORIENTED_EDGE('',*,*,#3908,.F.);
#5448=ORIENTED_EDGE('',*,*,#5437,.T.);
#5450=ORIENTED_EDGE('',*,*,#5449,.T.);
#5451=ORIENTED_EDGE('',*,*,#5433,.F.);
#5452=EDGE_LOOP('',(#5447,#5448,#5450,#5451));
#5453=FACE_OUTER_BOUND('',#5452,.F.);
#5454=ADVANCED_FACE('',(#5453),#5446,.F.);
#5455=CARTESIAN_POINT('',(9.E1,5.E1,2.E1));
#5456=DIRECTION('',(0.E0,1.E0,0.E0));
#5457=DIRECTION('',(1.E0,0.E0,0.E0));
#5458=AXIS2_PLACEMENT_3D('',#5455,#5456,#5457);
#5459=PLANE('',#5458);
#5460=ORIENTED_EDGE('',*,*,#5435,.F.);
#5461=ORIENTED_EDGE('',*,*,#5449,.F.);
#5462=EDGE_LOOP('',(#5460,#5461));
#5463=FACE_OUTER_BOUND('',#5462,.F.);
#5464=ADVANCED_FACE('',(#5463),#5459,.T.);
#5465=CARTESIAN_POINT('',(-1.25E1,1.5E2,1.E1));
#5466=DIRECTION('',(0.E0,1.E0,0.E0));
#5467=DIRECTION('',(1.E0,0.E0,0.E0));
#5468=AXIS2_PLACEMENT_3D('',#5465,#5466,#5467);
#5469=CYLINDRICAL_SURFACE('',#5468,3.5E0);
#5470=ORIENTED_EDGE('',*,*,#3912,.F.);
#5472=ORIENTED_EDGE('',*,*,#5471,.T.);
#5474=ORIENTED_EDGE('',*,*,#5473,.T.);
#5476=ORIENTED_EDGE('',*,*,#5475,.F.);
#5477=EDGE_LOOP('',(#5470,#5472,#5474,#5476));
#5478=FACE_OUTER_BOUND('',#5477,.F.);
#5479=ADVANCED_FACE('',(#5478),#5469,.F.);
#5480=CARTESIAN_POINT('',(-1.25E1,1.5E2,1.E1));
#5481=DIRECTION('',(0.E0,1.E0,0.E0));
#5482=DIRECTION('',(1.E0,0.E0,0.E0));
#5483=AXIS2_PLACEMENT_3D('',#5480,#5481,#5482);
#5484=CYLINDRICAL_SURFACE('',#5483,3.5E0);
#5485=ORIENTED_EDGE('',*,*,#3914,.F.);
#5486=ORIENTED_EDGE('',*,*,#5475,.T.);
#5488=ORIENTED_EDGE('',*,*,#5487,.T.);
#5489=ORIENTED_EDGE('',*,*,#5471,.F.);
#5490=EDGE_LOOP('',(#5485,#5486,#5488,#5489));
#5491=FACE_OUTER_BOUND('',#5490,.F.);
#5492=ADVANCED_FACE('',(#5491),#5484,.F.);
#5493=CARTESIAN_POINT('',(1.E2,5.E1,2.E1));
#5494=DIRECTION('',(0.E0,1.E0,0.E0));
#5495=DIRECTION('',(1.E0,0.E0,0.E0));
#5496=AXIS2_PLACEMENT_3D('',#5493,#5494,#5495);
#5497=PLANE('',#5496);
#5498=ORIENTED_EDGE('',*,*,#5473,.F.);
#5499=ORIENTED_EDGE('',*,*,#5487,.F.);
#5500=EDGE_LOOP('',(#5498,#5499));
#5501=FACE_OUTER_BOUND('',#5500,.F.);
#5502=ADVANCED_FACE('',(#5501),#5497,.T.);
#5503=CARTESIAN_POINT('',(-1.125E2,1.5E2,2.E1));
#5504=DIRECTION('',(0.E0,1.E0,0.E0));
#5505=DIRECTION('',(1.E0,0.E0,0.E0));
#5506=AXIS2_PLACEMENT_3D('',#5503,#5504,#5505);
#5507=CYLINDRICAL_SURFACE('',#5506,3.5E0);
#5508=ORIENTED_EDGE('',*,*,#3918,.F.);
#5510=ORIENTED_EDGE('',*,*,#5509,.T.);
#5512=ORIENTED_EDGE('',*,*,#5511,.T.);
#5514=ORIENTED_EDGE('',*,*,#5513,.F.);
#5515=EDGE_LOOP('',(#5508,#5510,#5512,#5514));
#5516=FACE_OUTER_BOUND('',#5515,.F.);
#5517=ADVANCED_FACE('',(#5516),#5507,.F.);
#5518=CARTESIAN_POINT('',(-1.125E2,1.5E2,2.E1));
#5519=DIRECTION('',(0.E0,1.E0,0.E0));
#5520=DIRECTION('',(1.E0,0.E0,0.E0));
#5521=AXIS2_PLACEMENT_3D('',#5518,#5519,#5520);
#5522=CYLINDRICAL_SURFACE('',#5521,3.5E0);
#5523=ORIENTED_EDGE('',*,*,#3920,.F.);
#5524=ORIENTED_EDGE('',*,*,#5513,.T.);
#5526=ORIENTED_EDGE('',*,*,#5525,.T.);
#5527=ORIENTED_EDGE('',*,*,#5509,.F.);
#5528=EDGE_LOOP('',(#5523,#5524,#5526,#5527));
#5529=FACE_OUTER_BOUND('',#5528,.F.);
#5530=ADVANCED_FACE('',(#5529),#5522,.F.);
#5531=CARTESIAN_POINT('',(0.E0,5.E1,3.E1));
#5532=DIRECTION('',(0.E0,1.E0,0.E0));
#5533=DIRECTION('',(1.E0,0.E0,0.E0));
#5534=AXIS2_PLACEMENT_3D('',#5531,#5532,#5533);
#5535=PLANE('',#5534);
#5536=ORIENTED_EDGE('',*,*,#5511,.F.);
#5537=ORIENTED_EDGE('',*,*,#5525,.F.);
#5538=EDGE_LOOP('',(#5536,#5537));
#5539=FACE_OUTER_BOUND('',#5538,.F.);
#5540=ADVANCED_FACE('',(#5539),#5535,.T.);
#5541=CARTESIAN_POINT('',(-1.025E2,1.5E2,2.E1));
#5542=DIRECTION('',(0.E0,1.E0,0.E0));
#5543=DIRECTION('',(1.E0,0.E0,0.E0));
#5544=AXIS2_PLACEMENT_3D('',#5541,#5542,#5543);
#5545=CYLINDRICAL_SURFACE('',#5544,3.5E0);
#5546=ORIENTED_EDGE('',*,*,#3924,.F.);
#5548=ORIENTED_EDGE('',*,*,#5547,.T.);
#5550=ORIENTED_EDGE('',*,*,#5549,.T.);
#5552=ORIENTED_EDGE('',*,*,#5551,.F.);
#5553=EDGE_LOOP('',(#5546,#5548,#5550,#5552));
#5554=FACE_OUTER_BOUND('',#5553,.F.);
#5555=ADVANCED_FACE('',(#5554),#5545,.F.);
#5556=CARTESIAN_POINT('',(-1.025E2,1.5E2,2.E1));
#5557=DIRECTION('',(0.E0,1.E0,0.E0));
#5558=DIRECTION('',(1.E0,0.E0,0.E0));
#5559=AXIS2_PLACEMENT_3D('',#5556,#5557,#5558);
#5560=CYLINDRICAL_SURFACE('',#5559,3.5E0);
#5561=ORIENTED_EDGE('',*,*,#3926,.F.);
#5562=ORIENTED_EDGE('',*,*,#5551,.T.);
#5564=ORIENTED_EDGE('',*,*,#5563,.T.);
#5565=ORIENTED_EDGE('',*,*,#5547,.F.);
#5566=EDGE_LOOP('',(#5561,#5562,#5564,#5565));
#5567=FACE_OUTER_BOUND('',#5566,.F.);
#5568=ADVANCED_FACE('',(#5567),#5560,.F.);
#5569=CARTESIAN_POINT('',(1.E1,5.E1,3.E1));
#5570=DIRECTION('',(0.E0,1.E0,0.E0));
#5571=DIRECTION('',(1.E0,0.E0,0.E0));
#5572=AXIS2_PLACEMENT_3D('',#5569,#5570,#5571);
#5573=PLANE('',#5572);
#5574=ORIENTED_EDGE('',*,*,#5549,.F.);
#5575=ORIENTED_EDGE('',*,*,#5563,.F.);
#5576=EDGE_LOOP('',(#5574,#5575));
#5577=FACE_OUTER_BOUND('',#5576,.F.);
#5578=ADVANCED_FACE('',(#5577),#5573,.T.);
#5579=CARTESIAN_POINT('',(-9.25E1,1.5E2,2.E1));
#5580=DIRECTION('',(0.E0,1.E0,0.E0));
#5581=DIRECTION('',(1.E0,0.E0,0.E0));
#5582=AXIS2_PLACEMENT_3D('',#5579,#5580,#5581);
#5583=CYLINDRICAL_SURFACE('',#5582,3.5E0);
#5584=ORIENTED_EDGE('',*,*,#3930,.F.);
#5586=ORIENTED_EDGE('',*,*,#5585,.T.);
#5588=ORIENTED_EDGE('',*,*,#5587,.T.);
#5590=ORIENTED_EDGE('',*,*,#5589,.F.);
#5591=EDGE_LOOP('',(#5584,#5586,#5588,#5590));
#5592=FACE_OUTER_BOUND('',#5591,.F.);
#5593=ADVANCED_FACE('',(#5592),#5583,.F.);
#5594=CARTESIAN_POINT('',(-9.25E1,1.5E2,2.E1));
#5595=DIRECTION('',(0.E0,1.E0,0.E0));
#5596=DIRECTION('',(1.E0,0.E0,0.E0));
#5597=AXIS2_PLACEMENT_3D('',#5594,#5595,#5596);
#5598=CYLINDRICAL_SURFACE('',#5597,3.5E0);
#5599=ORIENTED_EDGE('',*,*,#3932,.F.);
#5600=ORIENTED_EDGE('',*,*,#5589,.T.);
#5602=ORIENTED_EDGE('',*,*,#5601,.T.);
#5603=ORIENTED_EDGE('',*,*,#5585,.F.);
#5604=EDGE_LOOP('',(#5599,#5600,#5602,#5603));
#5605=FACE_OUTER_BOUND('',#5604,.F.);
#5606=ADVANCED_FACE('',(#5605),#5598,.F.);
#5607=CARTESIAN_POINT('',(2.E1,5.E1,3.E1));
#5608=DIRECTION('',(0.E0,1.E0,0.E0));
#5609=DIRECTION('',(1.E0,0.E0,0.E0));
#5610=AXIS2_PLACEMENT_3D('',#5607,#5608,#5609);
#5611=PLANE('',#5610);
#5612=ORIENTED_EDGE('',*,*,#5587,.F.);
#5613=ORIENTED_EDGE('',*,*,#5601,.F.);
#5614=EDGE_LOOP('',(#5612,#5613));
#5615=FACE_OUTER_BOUND('',#5614,.F.);
#5616=ADVANCED_FACE('',(#5615),#5611,.T.);
#5617=CARTESIAN_POINT('',(-8.25E1,1.5E2,2.E1));
#5618=DIRECTION('',(0.E0,1.E0,0.E0));
#5619=DIRECTION('',(1.E0,0.E0,0.E0));
#5620=AXIS2_PLACEMENT_3D('',#5617,#5618,#5619);
#5621=CYLINDRICAL_SURFACE('',#5620,3.5E0);
#5622=ORIENTED_EDGE('',*,*,#3936,.F.);
#5624=ORIENTED_EDGE('',*,*,#5623,.T.);
#5626=ORIENTED_EDGE('',*,*,#5625,.T.);
#5628=ORIENTED_EDGE('',*,*,#5627,.F.);
#5629=EDGE_LOOP('',(#5622,#5624,#5626,#5628));
#5630=FACE_OUTER_BOUND('',#5629,.F.);
#5631=ADVANCED_FACE('',(#5630),#5621,.F.);
#5632=CARTESIAN_POINT('',(-8.25E1,1.5E2,2.E1));
#5633=DIRECTION('',(0.E0,1.E0,0.E0));
#5634=DIRECTION('',(1.E0,0.E0,0.E0));
#5635=AXIS2_PLACEMENT_3D('',#5632,#5633,#5634);
#5636=CYLINDRICAL_SURFACE('',#5635,3.5E0);
#5637=ORIENTED_EDGE('',*,*,#3938,.F.);
#5638=ORIENTED_EDGE('',*,*,#5627,.T.);
#5640=ORIENTED_EDGE('',*,*,#5639,.T.);
#5641=ORIENTED_EDGE('',*,*,#5623,.F.);
#5642=EDGE_LOOP('',(#5637,#5638,#5640,#5641));
#5643=FACE_OUTER_BOUND('',#5642,.F.);
#5644=ADVANCED_FACE('',(#5643),#5636,.F.);
#5645=CARTESIAN_POINT('',(3.E1,5.E1,3.E1));
#5646=DIRECTION('',(0.E0,1.E0,0.E0));
#5647=DIRECTION('',(1.E0,0.E0,0.E0));
#5648=AXIS2_PLACEMENT_3D('',#5645,#5646,#5647);
#5649=PLANE('',#5648);
#5650=ORIENTED_EDGE('',*,*,#5625,.F.);
#5651=ORIENTED_EDGE('',*,*,#5639,.F.);
#5652=EDGE_LOOP('',(#5650,#5651));
#5653=FACE_OUTER_BOUND('',#5652,.F.);
#5654=ADVANCED_FACE('',(#5653),#5649,.T.);
#5655=CARTESIAN_POINT('',(-7.25E1,1.5E2,2.E1));
#5656=DIRECTION('',(0.E0,1.E0,0.E0));
#5657=DIRECTION('',(1.E0,0.E0,0.E0));
#5658=AXIS2_PLACEMENT_3D('',#5655,#5656,#5657);
#5659=CYLINDRICAL_SURFACE('',#5658,3.5E0);
#5660=ORIENTED_EDGE('',*,*,#3942,.F.);
#5662=ORIENTED_EDGE('',*,*,#5661,.T.);
#5664=ORIENTED_EDGE('',*,*,#5663,.T.);
#5666=ORIENTED_EDGE('',*,*,#5665,.F.);
#5667=EDGE_LOOP('',(#5660,#5662,#5664,#5666));
#5668=FACE_OUTER_BOUND('',#5667,.F.);
#5669=ADVANCED_FACE('',(#5668),#5659,.F.);
#5670=CARTESIAN_POINT('',(-7.25E1,1.5E2,2.E1));
#5671=DIRECTION('',(0.E0,1.E0,0.E0));
#5672=DIRECTION('',(1.E0,0.E0,0.E0));
#5673=AXIS2_PLACEMENT_3D('',#5670,#5671,#5672);
#5674=CYLINDRICAL_SURFACE('',#5673,3.5E0);
#5675=ORIENTED_EDGE('',*,*,#3944,.F.);
#5676=ORIENTED_EDGE('',*,*,#5665,.T.);
#5678=ORIENTED_EDGE('',*,*,#5677,.T.);
#5679=ORIENTED_EDGE('',*,*,#5661,.F.);
#5680=EDGE_LOOP('',(#5675,#5676,#5678,#5679));
#5681=FACE_OUTER_BOUND('',#5680,.F.);
#5682=ADVANCED_FACE('',(#5681),#5674,.F.);
#5683=CARTESIAN_POINT('',(4.E1,5.E1,3.E1));
#5684=DIRECTION('',(0.E0,1.E0,0.E0));
#5685=DIRECTION('',(1.E0,0.E0,0.E0));
#5686=AXIS2_PLACEMENT_3D('',#5683,#5684,#5685);
#5687=PLANE('',#5686);
#5688=ORIENTED_EDGE('',*,*,#5663,.F.);
#5689=ORIENTED_EDGE('',*,*,#5677,.F.);
#5690=EDGE_LOOP('',(#5688,#5689));
#5691=FACE_OUTER_BOUND('',#5690,.F.);
#5692=ADVANCED_FACE('',(#5691),#5687,.T.);
#5693=CARTESIAN_POINT('',(-6.25E1,1.5E2,2.E1));
#5694=DIRECTION('',(0.E0,1.E0,0.E0));
#5695=DIRECTION('',(1.E0,0.E0,0.E0));
#5696=AXIS2_PLACEMENT_3D('',#5693,#5694,#5695);
#5697=CYLINDRICAL_SURFACE('',#5696,3.5E0);
#5698=ORIENTED_EDGE('',*,*,#3948,.F.);
#5700=ORIENTED_EDGE('',*,*,#5699,.T.);
#5702=ORIENTED_EDGE('',*,*,#5701,.T.);
#5704=ORIENTED_EDGE('',*,*,#5703,.F.);
#5705=EDGE_LOOP('',(#5698,#5700,#5702,#5704));
#5706=FACE_OUTER_BOUND('',#5705,.F.);
#5707=ADVANCED_FACE('',(#5706),#5697,.F.);
#5708=CARTESIAN_POINT('',(-6.25E1,1.5E2,2.E1));
#5709=DIRECTION('',(0.E0,1.E0,0.E0));
#5710=DIRECTION('',(1.E0,0.E0,0.E0));
#5711=AXIS2_PLACEMENT_3D('',#5708,#5709,#5710);
#5712=CYLINDRICAL_SURFACE('',#5711,3.5E0);
#5713=ORIENTED_EDGE('',*,*,#3950,.F.);
#5714=ORIENTED_EDGE('',*,*,#5703,.T.);
#5716=ORIENTED_EDGE('',*,*,#5715,.T.);
#5717=ORIENTED_EDGE('',*,*,#5699,.F.);
#5718=EDGE_LOOP('',(#5713,#5714,#5716,#5717));
#5719=FACE_OUTER_BOUND('',#5718,.F.);
#5720=ADVANCED_FACE('',(#5719),#5712,.F.);
#5721=CARTESIAN_POINT('',(5.E1,5.E1,3.E1));
#5722=DIRECTION('',(0.E0,1.E0,0.E0));
#5723=DIRECTION('',(1.E0,0.E0,0.E0));
#5724=AXIS2_PLACEMENT_3D('',#5721,#5722,#5723);
#5725=PLANE('',#5724);
#5726=ORIENTED_EDGE('',*,*,#5701,.F.);
#5727=ORIENTED_EDGE('',*,*,#5715,.F.);
#5728=EDGE_LOOP('',(#5726,#5727));
#5729=FACE_OUTER_BOUND('',#5728,.F.);
#5730=ADVANCED_FACE('',(#5729),#5725,.T.);
#5731=CARTESIAN_POINT('',(-5.25E1,1.5E2,2.E1));
#5732=DIRECTION('',(0.E0,1.E0,0.E0));
#5733=DIRECTION('',(1.E0,0.E0,0.E0));
#5734=AXIS2_PLACEMENT_3D('',#5731,#5732,#5733);
#5735=CYLINDRICAL_SURFACE('',#5734,3.5E0);
#5736=ORIENTED_EDGE('',*,*,#3954,.F.);
#5738=ORIENTED_EDGE('',*,*,#5737,.T.);
#5740=ORIENTED_EDGE('',*,*,#5739,.T.);
#5742=ORIENTED_EDGE('',*,*,#5741,.F.);
#5743=EDGE_LOOP('',(#5736,#5738,#5740,#5742));
#5744=FACE_OUTER_BOUND('',#5743,.F.);
#5745=ADVANCED_FACE('',(#5744),#5735,.F.);
#5746=CARTESIAN_POINT('',(-5.25E1,1.5E2,2.E1));
#5747=DIRECTION('',(0.E0,1.E0,0.E0));
#5748=DIRECTION('',(1.E0,0.E0,0.E0));
#5749=AXIS2_PLACEMENT_3D('',#5746,#5747,#5748);
#5750=CYLINDRICAL_SURFACE('',#5749,3.5E0);
#5751=ORIENTED_EDGE('',*,*,#3956,.F.);
#5752=ORIENTED_EDGE('',*,*,#5741,.T.);
#5754=ORIENTED_EDGE('',*,*,#5753,.T.);
#5755=ORIENTED_EDGE('',*,*,#5737,.F.);
#5756=EDGE_LOOP('',(#5751,#5752,#5754,#5755));
#5757=FACE_OUTER_BOUND('',#5756,.F.);
#5758=ADVANCED_FACE('',(#5757),#5750,.F.);
#5759=CARTESIAN_POINT('',(6.E1,5.E1,3.E1));
#5760=DIRECTION('',(0.E0,1.E0,0.E0));
#5761=DIRECTION('',(1.E0,0.E0,0.E0));
#5762=AXIS2_PLACEMENT_3D('',#5759,#5760,#5761);
#5763=PLANE('',#5762);
#5764=ORIENTED_EDGE('',*,*,#5739,.F.);
#5765=ORIENTED_EDGE('',*,*,#5753,.F.);
#5766=EDGE_LOOP('',(#5764,#5765));
#5767=FACE_OUTER_BOUND('',#5766,.F.);
#5768=ADVANCED_FACE('',(#5767),#5763,.T.);
#5769=CARTESIAN_POINT('',(-4.25E1,1.5E2,2.E1));
#5770=DIRECTION('',(0.E0,1.E0,0.E0));
#5771=DIRECTION('',(1.E0,0.E0,0.E0));
#5772=AXIS2_PLACEMENT_3D('',#5769,#5770,#5771);
#5773=CYLINDRICAL_SURFACE('',#5772,3.5E0);
#5774=ORIENTED_EDGE('',*,*,#3960,.F.);
#5776=ORIENTED_EDGE('',*,*,#5775,.T.);
#5778=ORIENTED_EDGE('',*,*,#5777,.T.);
#5780=ORIENTED_EDGE('',*,*,#5779,.F.);
#5781=EDGE_LOOP('',(#5774,#5776,#5778,#5780));
#5782=FACE_OUTER_BOUND('',#5781,.F.);
#5783=ADVANCED_FACE('',(#5782),#5773,.F.);
#5784=CARTESIAN_POINT('',(-4.25E1,1.5E2,2.E1));
#5785=DIRECTION('',(0.E0,1.E0,0.E0));
#5786=DIRECTION('',(1.E0,0.E0,0.E0));
#5787=AXIS2_PLACEMENT_3D('',#5784,#5785,#5786);
#5788=CYLINDRICAL_SURFACE('',#5787,3.5E0);
#5789=ORIENTED_EDGE('',*,*,#3962,.F.);
#5790=ORIENTED_EDGE('',*,*,#5779,.T.);
#5792=ORIENTED_EDGE('',*,*,#5791,.T.);
#5793=ORIENTED_EDGE('',*,*,#5775,.F.);
#5794=EDGE_LOOP('',(#5789,#5790,#5792,#5793));
#5795=FACE_OUTER_BOUND('',#5794,.F.);
#5796=ADVANCED_FACE('',(#5795),#5788,.F.);
#5797=CARTESIAN_POINT('',(7.E1,5.E1,3.E1));
#5798=DIRECTION('',(0.E0,1.E0,0.E0));
#5799=DIRECTION('',(1.E0,0.E0,0.E0));
#5800=AXIS2_PLACEMENT_3D('',#5797,#5798,#5799);
#5801=PLANE('',#5800);
#5802=ORIENTED_EDGE('',*,*,#5777,.F.);
#5803=ORIENTED_EDGE('',*,*,#5791,.F.);
#5804=EDGE_LOOP('',(#5802,#5803));
#5805=FACE_OUTER_BOUND('',#5804,.F.);
#5806=ADVANCED_FACE('',(#5805),#5801,.T.);
#5807=CARTESIAN_POINT('',(-3.25E1,1.5E2,2.E1));
#5808=DIRECTION('',(0.E0,1.E0,0.E0));
#5809=DIRECTION('',(1.E0,0.E0,0.E0));
#5810=AXIS2_PLACEMENT_3D('',#5807,#5808,#5809);
#5811=CYLINDRICAL_SURFACE('',#5810,3.5E0);
#5812=ORIENTED_EDGE('',*,*,#3966,.F.);
#5814=ORIENTED_EDGE('',*,*,#5813,.T.);
#5816=ORIENTED_EDGE('',*,*,#5815,.T.);
#5818=ORIENTED_EDGE('',*,*,#5817,.F.);
#5819=EDGE_LOOP('',(#5812,#5814,#5816,#5818));
#5820=FACE_OUTER_BOUND('',#5819,.F.);
#5821=ADVANCED_FACE('',(#5820),#5811,.F.);
#5822=CARTESIAN_POINT('',(-3.25E1,1.5E2,2.E1));
#5823=DIRECTION('',(0.E0,1.E0,0.E0));
#5824=DIRECTION('',(1.E0,0.E0,0.E0));
#5825=AXIS2_PLACEMENT_3D('',#5822,#5823,#5824);
#5826=CYLINDRICAL_SURFACE('',#5825,3.5E0);
#5827=ORIENTED_EDGE('',*,*,#3968,.F.);
#5828=ORIENTED_EDGE('',*,*,#5817,.T.);
#5830=ORIENTED_EDGE('',*,*,#5829,.T.);
#5831=ORIENTED_EDGE('',*,*,#5813,.F.);
#5832=EDGE_LOOP('',(#5827,#5828,#5830,#5831));
#5833=FACE_OUTER_BOUND('',#5832,.F.);
#5834=ADVANCED_FACE('',(#5833),#5826,.F.);
#5835=CARTESIAN_POINT('',(8.E1,5.E1,3.E1));
#5836=DIRECTION('',(0.E0,1.E0,0.E0));
#5837=DIRECTION('',(1.E0,0.E0,0.E0));
#5838=AXIS2_PLACEMENT_3D('',#5835,#5836,#5837);
#5839=PLANE('',#5838);
#5840=ORIENTED_EDGE('',*,*,#5815,.F.);
#5841=ORIENTED_EDGE('',*,*,#5829,.F.);
#5842=EDGE_LOOP('',(#5840,#5841));
#5843=FACE_OUTER_BOUND('',#5842,.F.);
#5844=ADVANCED_FACE('',(#5843),#5839,.T.);
#5845=CARTESIAN_POINT('',(-2.25E1,1.5E2,2.E1));
#5846=DIRECTION('',(0.E0,1.E0,0.E0));
#5847=DIRECTION('',(1.E0,0.E0,0.E0));
#5848=AXIS2_PLACEMENT_3D('',#5845,#5846,#5847);
#5849=CYLINDRICAL_SURFACE('',#5848,3.5E0);
#5850=ORIENTED_EDGE('',*,*,#3972,.F.);
#5852=ORIENTED_EDGE('',*,*,#5851,.T.);
#5854=ORIENTED_EDGE('',*,*,#5853,.T.);
#5856=ORIENTED_EDGE('',*,*,#5855,.F.);
#5857=EDGE_LOOP('',(#5850,#5852,#5854,#5856));
#5858=FACE_OUTER_BOUND('',#5857,.F.);
#5859=ADVANCED_FACE('',(#5858),#5849,.F.);
#5860=CARTESIAN_POINT('',(-2.25E1,1.5E2,2.E1));
#5861=DIRECTION('',(0.E0,1.E0,0.E0));
#5862=DIRECTION('',(1.E0,0.E0,0.E0));
#5863=AXIS2_PLACEMENT_3D('',#5860,#5861,#5862);
#5864=CYLINDRICAL_SURFACE('',#5863,3.5E0);
#5865=ORIENTED_EDGE('',*,*,#3974,.F.);
#5866=ORIENTED_EDGE('',*,*,#5855,.T.);
#5868=ORIENTED_EDGE('',*,*,#5867,.T.);
#5869=ORIENTED_EDGE('',*,*,#5851,.F.);
#5870=EDGE_LOOP('',(#5865,#5866,#5868,#5869));
#5871=FACE_OUTER_BOUND('',#5870,.F.);
#5872=ADVANCED_FACE('',(#5871),#5864,.F.);
#5873=CARTESIAN_POINT('',(9.E1,5.E1,3.E1));
#5874=DIRECTION('',(0.E0,1.E0,0.E0));
#5875=DIRECTION('',(1.E0,0.E0,0.E0));
#5876=AXIS2_PLACEMENT_3D('',#5873,#5874,#5875);
#5877=PLANE('',#5876);
#5878=ORIENTED_EDGE('',*,*,#5853,.F.);
#5879=ORIENTED_EDGE('',*,*,#5867,.F.);
#5880=EDGE_LOOP('',(#5878,#5879));
#5881=FACE_OUTER_BOUND('',#5880,.F.);
#5882=ADVANCED_FACE('',(#5881),#5877,.T.);
#5883=CARTESIAN_POINT('',(-1.25E1,1.5E2,2.E1));
#5884=DIRECTION('',(0.E0,1.E0,0.E0));
#5885=DIRECTION('',(1.E0,0.E0,0.E0));
#5886=AXIS2_PLACEMENT_3D('',#5883,#5884,#5885);
#5887=CYLINDRICAL_SURFACE('',#5886,3.5E0);
#5888=ORIENTED_EDGE('',*,*,#3978,.F.);
#5890=ORIENTED_EDGE('',*,*,#5889,.T.);
#5892=ORIENTED_EDGE('',*,*,#5891,.T.);
#5894=ORIENTED_EDGE('',*,*,#5893,.F.);
#5895=EDGE_LOOP('',(#5888,#5890,#5892,#5894));
#5896=FACE_OUTER_BOUND('',#5895,.F.);
#5897=ADVANCED_FACE('',(#5896),#5887,.F.);
#5898=CARTESIAN_POINT('',(-1.25E1,1.5E2,2.E1));
#5899=DIRECTION('',(0.E0,1.E0,0.E0));
#5900=DIRECTION('',(1.E0,0.E0,0.E0));
#5901=AXIS2_PLACEMENT_3D('',#5898,#5899,#5900);
#5902=CYLINDRICAL_SURFACE('',#5901,3.5E0);
#5903=ORIENTED_EDGE('',*,*,#3980,.F.);
#5904=ORIENTED_EDGE('',*,*,#5893,.T.);
#5906=ORIENTED_EDGE('',*,*,#5905,.T.);
#5907=ORIENTED_EDGE('',*,*,#5889,.F.);
#5908=EDGE_LOOP('',(#5903,#5904,#5906,#5907));
#5909=FACE_OUTER_BOUND('',#5908,.F.);
#5910=ADVANCED_FACE('',(#5909),#5902,.F.);
#5911=CARTESIAN_POINT('',(1.E2,5.E1,3.E1));
#5912=DIRECTION('',(0.E0,1.E0,0.E0));
#5913=DIRECTION('',(1.E0,0.E0,0.E0));
#5914=AXIS2_PLACEMENT_3D('',#5911,#5912,#5913);
#5915=PLANE('',#5914);
#5916=ORIENTED_EDGE('',*,*,#5891,.F.);
#5917=ORIENTED_EDGE('',*,*,#5905,.F.);
#5918=EDGE_LOOP('',(#5916,#5917));
#5919=FACE_OUTER_BOUND('',#5918,.F.);
#5920=ADVANCED_FACE('',(#5919),#5915,.T.);
#5921=CARTESIAN_POINT('',(-1.125E2,1.5E2,3.E1));
#5922=DIRECTION('',(0.E0,1.E0,0.E0));
#5923=DIRECTION('',(1.E0,0.E0,0.E0));
#5924=AXIS2_PLACEMENT_3D('',#5921,#5922,#5923);
#5925=CYLINDRICAL_SURFACE('',#5924,3.5E0);
#5926=ORIENTED_EDGE('',*,*,#3984,.F.);
#5928=ORIENTED_EDGE('',*,*,#5927,.T.);
#5930=ORIENTED_EDGE('',*,*,#5929,.T.);
#5932=ORIENTED_EDGE('',*,*,#5931,.F.);
#5933=EDGE_LOOP('',(#5926,#5928,#5930,#5932));
#5934=FACE_OUTER_BOUND('',#5933,.F.);
#5935=ADVANCED_FACE('',(#5934),#5925,.F.);
#5936=CARTESIAN_POINT('',(-1.125E2,1.5E2,3.E1));
#5937=DIRECTION('',(0.E0,1.E0,0.E0));
#5938=DIRECTION('',(1.E0,0.E0,0.E0));
#5939=AXIS2_PLACEMENT_3D('',#5936,#5937,#5938);
#5940=CYLINDRICAL_SURFACE('',#5939,3.5E0);
#5941=ORIENTED_EDGE('',*,*,#3986,.F.);
#5942=ORIENTED_EDGE('',*,*,#5931,.T.);
#5944=ORIENTED_EDGE('',*,*,#5943,.T.);
#5945=ORIENTED_EDGE('',*,*,#5927,.F.);
#5946=EDGE_LOOP('',(#5941,#5942,#5944,#5945));
#5947=FACE_OUTER_BOUND('',#5946,.F.);
#5948=ADVANCED_FACE('',(#5947),#5940,.F.);
#5949=CARTESIAN_POINT('',(0.E0,5.E1,4.E1));
#5950=DIRECTION('',(0.E0,1.E0,0.E0));
#5951=DIRECTION('',(1.E0,0.E0,0.E0));
#5952=AXIS2_PLACEMENT_3D('',#5949,#5950,#5951);
#5953=PLANE('',#5952);
#5954=ORIENTED_EDGE('',*,*,#5929,.F.);
#5955=ORIENTED_EDGE('',*,*,#5943,.F.);
#5956=EDGE_LOOP('',(#5954,#5955));
#5957=FACE_OUTER_BOUND('',#5956,.F.);
#5958=ADVANCED_FACE('',(#5957),#5953,.T.);
#5959=CARTESIAN_POINT('',(-1.025E2,1.5E2,3.E1));
#5960=DIRECTION('',(0.E0,1.E0,0.E0));
#5961=DIRECTION('',(1.E0,0.E0,0.E0));
#5962=AXIS2_PLACEMENT_3D('',#5959,#5960,#5961);
#5963=CYLINDRICAL_SURFACE('',#5962,3.5E0);
#5964=ORIENTED_EDGE('',*,*,#3990,.F.);
#5966=ORIENTED_EDGE('',*,*,#5965,.T.);
#5968=ORIENTED_EDGE('',*,*,#5967,.T.);
#5970=ORIENTED_EDGE('',*,*,#5969,.F.);
#5971=EDGE_LOOP('',(#5964,#5966,#5968,#5970));
#5972=FACE_OUTER_BOUND('',#5971,.F.);
#5973=ADVANCED_FACE('',(#5972),#5963,.F.);
#5974=CARTESIAN_POINT('',(-1.025E2,1.5E2,3.E1));
#5975=DIRECTION('',(0.E0,1.E0,0.E0));
#5976=DIRECTION('',(1.E0,0.E0,0.E0));
#5977=AXIS2_PLACEMENT_3D('',#5974,#5975,#5976);
#5978=CYLINDRICAL_SURFACE('',#5977,3.5E0);
#5979=ORIENTED_EDGE('',*,*,#3992,.F.);
#5980=ORIENTED_EDGE('',*,*,#5969,.T.);
#5982=ORIENTED_EDGE('',*,*,#5981,.T.);
#5983=ORIENTED_EDGE('',*,*,#5965,.F.);
#5984=EDGE_LOOP('',(#5979,#5980,#5982,#5983));
#5985=FACE_OUTER_BOUND('',#5984,.F.);
#5986=ADVANCED_FACE('',(#5985),#5978,.F.);
#5987=CARTESIAN_POINT('',(1.E1,5.E1,4.E1));
#5988=DIRECTION('',(0.E0,1.E0,0.E0));
#5989=DIRECTION('',(1.E0,0.E0,0.E0));
#5990=AXIS2_PLACEMENT_3D('',#5987,#5988,#5989);
#5991=PLANE('',#5990);
#5992=ORIENTED_EDGE('',*,*,#5967,.F.);
#5993=ORIENTED_EDGE('',*,*,#5981,.F.);
#5994=EDGE_LOOP('',(#5992,#5993));
#5995=FACE_OUTER_BOUND('',#5994,.F.);
#5996=ADVANCED_FACE('',(#5995),#5991,.T.);
#5997=CARTESIAN_POINT('',(-9.25E1,1.5E2,3.E1));
#5998=DIRECTION('',(0.E0,1.E0,0.E0));
#5999=DIRECTION('',(1.E0,0.E0,0.E0));
#6000=AXIS2_PLACEMENT_3D('',#5997,#5998,#5999);
#6001=CYLINDRICAL_SURFACE('',#6000,3.5E0);
#6002=ORIENTED_EDGE('',*,*,#3996,.F.);
#6004=ORIENTED_EDGE('',*,*,#6003,.T.);
#6006=ORIENTED_EDGE('',*,*,#6005,.T.);
#6008=ORIENTED_EDGE('',*,*,#6007,.F.);
#6009=EDGE_LOOP('',(#6002,#6004,#6006,#6008));
#6010=FACE_OUTER_BOUND('',#6009,.F.);
#6011=ADVANCED_FACE('',(#6010),#6001,.F.);
#6012=CARTESIAN_POINT('',(-9.25E1,1.5E2,3.E1));
#6013=DIRECTION('',(0.E0,1.E0,0.E0));
#6014=DIRECTION('',(1.E0,0.E0,0.E0));
#6015=AXIS2_PLACEMENT_3D('',#6012,#6013,#6014);
#6016=CYLINDRICAL_SURFACE('',#6015,3.5E0);
#6017=ORIENTED_EDGE('',*,*,#3998,.F.);
#6018=ORIENTED_EDGE('',*,*,#6007,.T.);
#6020=ORIENTED_EDGE('',*,*,#6019,.T.);
#6021=ORIENTED_EDGE('',*,*,#6003,.F.);
#6022=EDGE_LOOP('',(#6017,#6018,#6020,#6021));
#6023=FACE_OUTER_BOUND('',#6022,.F.);
#6024=ADVANCED_FACE('',(#6023),#6016,.F.);
#6025=CARTESIAN_POINT('',(2.E1,5.E1,4.E1));
#6026=DIRECTION('',(0.E0,1.E0,0.E0));
#6027=DIRECTION('',(1.E0,0.E0,0.E0));
#6028=AXIS2_PLACEMENT_3D('',#6025,#6026,#6027);
#6029=PLANE('',#6028);
#6030=ORIENTED_EDGE('',*,*,#6005,.F.);
#6031=ORIENTED_EDGE('',*,*,#6019,.F.);
#6032=EDGE_LOOP('',(#6030,#6031));
#6033=FACE_OUTER_BOUND('',#6032,.F.);
#6034=ADVANCED_FACE('',(#6033),#6029,.T.);
#6035=CARTESIAN_POINT('',(-8.25E1,1.5E2,3.E1));
#6036=DIRECTION('',(0.E0,1.E0,0.E0));
#6037=DIRECTION('',(1.E0,0.E0,0.E0));
#6038=AXIS2_PLACEMENT_3D('',#6035,#6036,#6037);
#6039=CYLINDRICAL_SURFACE('',#6038,3.5E0);
#6040=ORIENTED_EDGE('',*,*,#4002,.F.);
#6042=ORIENTED_EDGE('',*,*,#6041,.T.);
#6044=ORIENTED_EDGE('',*,*,#6043,.T.);
#6046=ORIENTED_EDGE('',*,*,#6045,.F.);
#6047=EDGE_LOOP('',(#6040,#6042,#6044,#6046));
#6048=FACE_OUTER_BOUND('',#6047,.F.);
#6049=ADVANCED_FACE('',(#6048),#6039,.F.);
#6050=CARTESIAN_POINT('',(-8.25E1,1.5E2,3.E1));
#6051=DIRECTION('',(0.E0,1.E0,0.E0));
#6052=DIRECTION('',(1.E0,0.E0,0.E0));
#6053=AXIS2_PLACEMENT_3D('',#6050,#6051,#6052);
#6054=CYLINDRICAL_SURFACE('',#6053,3.5E0);
#6055=ORIENTED_EDGE('',*,*,#4004,.F.);
#6056=ORIENTED_EDGE('',*,*,#6045,.T.);
#6058=ORIENTED_EDGE('',*,*,#6057,.T.);
#6059=ORIENTED_EDGE('',*,*,#6041,.F.);
#6060=EDGE_LOOP('',(#6055,#6056,#6058,#6059));
#6061=FACE_OUTER_BOUND('',#6060,.F.);
#6062=ADVANCED_FACE('',(#6061),#6054,.F.);
#6063=CARTESIAN_POINT('',(3.E1,5.E1,4.E1));
#6064=DIRECTION('',(0.E0,1.E0,0.E0));
#6065=DIRECTION('',(1.E0,0.E0,0.E0));
#6066=AXIS2_PLACEMENT_3D('',#6063,#6064,#6065);
#6067=PLANE('',#6066);
#6068=ORIENTED_EDGE('',*,*,#6043,.F.);
#6069=ORIENTED_EDGE('',*,*,#6057,.F.);
#6070=EDGE_LOOP('',(#6068,#6069));
#6071=FACE_OUTER_BOUND('',#6070,.F.);
#6072=ADVANCED_FACE('',(#6071),#6067,.T.);
#6073=CARTESIAN_POINT('',(-7.25E1,1.5E2,3.E1));
#6074=DIRECTION('',(0.E0,1.E0,0.E0));
#6075=DIRECTION('',(1.E0,0.E0,0.E0));
#6076=AXIS2_PLACEMENT_3D('',#6073,#6074,#6075);
#6077=CYLINDRICAL_SURFACE('',#6076,3.5E0);
#6078=ORIENTED_EDGE('',*,*,#4008,.F.);
#6080=ORIENTED_EDGE('',*,*,#6079,.T.);
#6082=ORIENTED_EDGE('',*,*,#6081,.T.);
#6084=ORIENTED_EDGE('',*,*,#6083,.F.);
#6085=EDGE_LOOP('',(#6078,#6080,#6082,#6084));
#6086=FACE_OUTER_BOUND('',#6085,.F.);
#6087=ADVANCED_FACE('',(#6086),#6077,.F.);
#6088=CARTESIAN_POINT('',(-7.25E1,1.5E2,3.E1));
#6089=DIRECTION('',(0.E0,1.E0,0.E0));
#6090=DIRECTION('',(1.E0,0.E0,0.E0));
#6091=AXIS2_PLACEMENT_3D('',#6088,#6089,#6090);
#6092=CYLINDRICAL_SURFACE('',#6091,3.5E0);
#6093=ORIENTED_EDGE('',*,*,#4010,.F.);
#6094=ORIENTED_EDGE('',*,*,#6083,.T.);
#6096=ORIENTED_EDGE('',*,*,#6095,.T.);
#6097=ORIENTED_EDGE('',*,*,#6079,.F.);
#6098=EDGE_LOOP('',(#6093,#6094,#6096,#6097));
#6099=FACE_OUTER_BOUND('',#6098,.F.);
#6100=ADVANCED_FACE('',(#6099),#6092,.F.);
#6101=CARTESIAN_POINT('',(4.E1,5.E1,4.E1));
#6102=DIRECTION('',(0.E0,1.E0,0.E0));
#6103=DIRECTION('',(1.E0,0.E0,0.E0));
#6104=AXIS2_PLACEMENT_3D('',#6101,#6102,#6103);
#6105=PLANE('',#6104);
#6106=ORIENTED_EDGE('',*,*,#6081,.F.);
#6107=ORIENTED_EDGE('',*,*,#6095,.F.);
#6108=EDGE_LOOP('',(#6106,#6107));
#6109=FACE_OUTER_BOUND('',#6108,.F.);
#6110=ADVANCED_FACE('',(#6109),#6105,.T.);
#6111=CARTESIAN_POINT('',(-6.25E1,1.5E2,3.E1));
#6112=DIRECTION('',(0.E0,1.E0,0.E0));
#6113=DIRECTION('',(1.E0,0.E0,0.E0));
#6114=AXIS2_PLACEMENT_3D('',#6111,#6112,#6113);
#6115=CYLINDRICAL_SURFACE('',#6114,3.5E0);
#6116=ORIENTED_EDGE('',*,*,#4014,.F.);
#6118=ORIENTED_EDGE('',*,*,#6117,.T.);
#6120=ORIENTED_EDGE('',*,*,#6119,.T.);
#6122=ORIENTED_EDGE('',*,*,#6121,.F.);
#6123=EDGE_LOOP('',(#6116,#6118,#6120,#6122));
#6124=FACE_OUTER_BOUND('',#6123,.F.);
#6125=ADVANCED_FACE('',(#6124),#6115,.F.);
#6126=CARTESIAN_POINT('',(-6.25E1,1.5E2,3.E1));
#6127=DIRECTION('',(0.E0,1.E0,0.E0));
#6128=DIRECTION('',(1.E0,0.E0,0.E0));
#6129=AXIS2_PLACEMENT_3D('',#6126,#6127,#6128);
#6130=CYLINDRICAL_SURFACE('',#6129,3.5E0);
#6131=ORIENTED_EDGE('',*,*,#4016,.F.);
#6132=ORIENTED_EDGE('',*,*,#6121,.T.);
#6134=ORIENTED_EDGE('',*,*,#6133,.T.);
#6135=ORIENTED_EDGE('',*,*,#6117,.F.);
#6136=EDGE_LOOP('',(#6131,#6132,#6134,#6135));
#6137=FACE_OUTER_BOUND('',#6136,.F.);
#6138=ADVANCED_FACE('',(#6137),#6130,.F.);
#6139=CARTESIAN_POINT('',(5.E1,5.E1,4.E1));
#6140=DIRECTION('',(0.E0,1.E0,0.E0));
#6141=DIRECTION('',(1.E0,0.E0,0.E0));
#6142=AXIS2_PLACEMENT_3D('',#6139,#6140,#6141);
#6143=PLANE('',#6142);
#6144=ORIENTED_EDGE('',*,*,#6119,.F.);
#6145=ORIENTED_EDGE('',*,*,#6133,.F.);
#6146=EDGE_LOOP('',(#6144,#6145));
#6147=FACE_OUTER_BOUND('',#6146,.F.);
#6148=ADVANCED_FACE('',(#6147),#6143,.T.);
#6149=CARTESIAN_POINT('',(-5.25E1,1.5E2,3.E1));
#6150=DIRECTION('',(0.E0,1.E0,0.E0));
#6151=DIRECTION('',(1.E0,0.E0,0.E0));
#6152=AXIS2_PLACEMENT_3D('',#6149,#6150,#6151);
#6153=CYLINDRICAL_SURFACE('',#6152,3.5E0);
#6154=ORIENTED_EDGE('',*,*,#4020,.F.);
#6156=ORIENTED_EDGE('',*,*,#6155,.T.);
#6158=ORIENTED_EDGE('',*,*,#6157,.T.);
#6160=ORIENTED_EDGE('',*,*,#6159,.F.);
#6161=EDGE_LOOP('',(#6154,#6156,#6158,#6160));
#6162=FACE_OUTER_BOUND('',#6161,.F.);
#6163=ADVANCED_FACE('',(#6162),#6153,.F.);
#6164=CARTESIAN_POINT('',(-5.25E1,1.5E2,3.E1));
#6165=DIRECTION('',(0.E0,1.E0,0.E0));
#6166=DIRECTION('',(1.E0,0.E0,0.E0));
#6167=AXIS2_PLACEMENT_3D('',#6164,#6165,#6166);
#6168=CYLINDRICAL_SURFACE('',#6167,3.5E0);
#6169=ORIENTED_EDGE('',*,*,#4022,.F.);
#6170=ORIENTED_EDGE('',*,*,#6159,.T.);
#6172=ORIENTED_EDGE('',*,*,#6171,.T.);
#6173=ORIENTED_EDGE('',*,*,#6155,.F.);
#6174=EDGE_LOOP('',(#6169,#6170,#6172,#6173));
#6175=FACE_OUTER_BOUND('',#6174,.F.);
#6176=ADVANCED_FACE('',(#6175),#6168,.F.);
#6177=CARTESIAN_POINT('',(6.E1,5.E1,4.E1));
#6178=DIRECTION('',(0.E0,1.E0,0.E0));
#6179=DIRECTION('',(1.E0,0.E0,0.E0));
#6180=AXIS2_PLACEMENT_3D('',#6177,#6178,#6179);
#6181=PLANE('',#6180);
#6182=ORIENTED_EDGE('',*,*,#6157,.F.);
#6183=ORIENTED_EDGE('',*,*,#6171,.F.);
#6184=EDGE_LOOP('',(#6182,#6183));
#6185=FACE_OUTER_BOUND('',#6184,.F.);
#6186=ADVANCED_FACE('',(#6185),#6181,.T.);
#6187=CARTESIAN_POINT('',(-4.25E1,1.5E2,3.E1));
#6188=DIRECTION('',(0.E0,1.E0,0.E0));
#6189=DIRECTION('',(1.E0,0.E0,0.E0));
#6190=AXIS2_PLACEMENT_3D('',#6187,#6188,#6189);
#6191=CYLINDRICAL_SURFACE('',#6190,3.5E0);
#6192=ORIENTED_EDGE('',*,*,#4026,.F.);
#6194=ORIENTED_EDGE('',*,*,#6193,.T.);
#6196=ORIENTED_EDGE('',*,*,#6195,.T.);
#6198=ORIENTED_EDGE('',*,*,#6197,.F.);
#6199=EDGE_LOOP('',(#6192,#6194,#6196,#6198));
#6200=FACE_OUTER_BOUND('',#6199,.F.);
#6201=ADVANCED_FACE('',(#6200),#6191,.F.);
#6202=CARTESIAN_POINT('',(-4.25E1,1.5E2,3.E1));
#6203=DIRECTION('',(0.E0,1.E0,0.E0));
#6204=DIRECTION('',(1.E0,0.E0,0.E0));
#6205=AXIS2_PLACEMENT_3D('',#6202,#6203,#6204);
#6206=CYLINDRICAL_SURFACE('',#6205,3.5E0);
#6207=ORIENTED_EDGE('',*,*,#4028,.F.);
#6208=ORIENTED_EDGE('',*,*,#6197,.T.);
#6210=ORIENTED_EDGE('',*,*,#6209,.T.);
#6211=ORIENTED_EDGE('',*,*,#6193,.F.);
#6212=EDGE_LOOP('',(#6207,#6208,#6210,#6211));
#6213=FACE_OUTER_BOUND('',#6212,.F.);
#6214=ADVANCED_FACE('',(#6213),#6206,.F.);
#6215=CARTESIAN_POINT('',(7.E1,5.E1,4.E1));
#6216=DIRECTION('',(0.E0,1.E0,0.E0));
#6217=DIRECTION('',(1.E0,0.E0,0.E0));
#6218=AXIS2_PLACEMENT_3D('',#6215,#6216,#6217);
#6219=PLANE('',#6218);
#6220=ORIENTED_EDGE('',*,*,#6195,.F.);
#6221=ORIENTED_EDGE('',*,*,#6209,.F.);
#6222=EDGE_LOOP('',(#6220,#6221));
#6223=FACE_OUTER_BOUND('',#6222,.F.);
#6224=ADVANCED_FACE('',(#6223),#6219,.T.);
#6225=CARTESIAN_POINT('',(-3.25E1,1.5E2,3.E1));
#6226=DIRECTION('',(0.E0,1.E0,0.E0));
#6227=DIRECTION('',(1.E0,0.E0,0.E0));
#6228=AXIS2_PLACEMENT_3D('',#6225,#6226,#6227);
#6229=CYLINDRICAL_SURFACE('',#6228,3.5E0);
#6230=ORIENTED_EDGE('',*,*,#4032,.F.);
#6232=ORIENTED_EDGE('',*,*,#6231,.T.);
#6234=ORIENTED_EDGE('',*,*,#6233,.T.);
#6236=ORIENTED_EDGE('',*,*,#6235,.F.);
#6237=EDGE_LOOP('',(#6230,#6232,#6234,#6236));
#6238=FACE_OUTER_BOUND('',#6237,.F.);
#6239=ADVANCED_FACE('',(#6238),#6229,.F.);
#6240=CARTESIAN_POINT('',(-3.25E1,1.5E2,3.E1));
#6241=DIRECTION('',(0.E0,1.E0,0.E0));
#6242=DIRECTION('',(1.E0,0.E0,0.E0));
#6243=AXIS2_PLACEMENT_3D('',#6240,#6241,#6242);
#6244=CYLINDRICAL_SURFACE('',#6243,3.5E0);
#6245=ORIENTED_EDGE('',*,*,#4034,.F.);
#6246=ORIENTED_EDGE('',*,*,#6235,.T.);
#6248=ORIENTED_EDGE('',*,*,#6247,.T.);
#6249=ORIENTED_EDGE('',*,*,#6231,.F.);
#6250=EDGE_LOOP('',(#6245,#6246,#6248,#6249));
#6251=FACE_OUTER_BOUND('',#6250,.F.);
#6252=ADVANCED_FACE('',(#6251),#6244,.F.);
#6253=CARTESIAN_POINT('',(8.E1,5.E1,4.E1));
#6254=DIRECTION('',(0.E0,1.E0,0.E0));
#6255=DIRECTION('',(1.E0,0.E0,0.E0));
#6256=AXIS2_PLACEMENT_3D('',#6253,#6254,#6255);
#6257=PLANE('',#6256);
#6258=ORIENTED_EDGE('',*,*,#6233,.F.);
#6259=ORIENTED_EDGE('',*,*,#6247,.F.);
#6260=EDGE_LOOP('',(#6258,#6259));
#6261=FACE_OUTER_BOUND('',#6260,.F.);
#6262=ADVANCED_FACE('',(#6261),#6257,.T.);
#6263=CARTESIAN_POINT('',(-2.25E1,1.5E2,3.E1));
#6264=DIRECTION('',(0.E0,1.E0,0.E0));
#6265=DIRECTION('',(1.E0,0.E0,0.E0));
#6266=AXIS2_PLACEMENT_3D('',#6263,#6264,#6265);
#6267=CYLINDRICAL_SURFACE('',#6266,3.5E0);
#6268=ORIENTED_EDGE('',*,*,#4038,.F.);
#6270=ORIENTED_EDGE('',*,*,#6269,.T.);
#6272=ORIENTED_EDGE('',*,*,#6271,.T.);
#6274=ORIENTED_EDGE('',*,*,#6273,.F.);
#6275=EDGE_LOOP('',(#6268,#6270,#6272,#6274));
#6276=FACE_OUTER_BOUND('',#6275,.F.);
#6277=ADVANCED_FACE('',(#6276),#6267,.F.);
#6278=CARTESIAN_POINT('',(-2.25E1,1.5E2,3.E1));
#6279=DIRECTION('',(0.E0,1.E0,0.E0));
#6280=DIRECTION('',(1.E0,0.E0,0.E0));
#6281=AXIS2_PLACEMENT_3D('',#6278,#6279,#6280);
#6282=CYLINDRICAL_SURFACE('',#6281,3.5E0);
#6283=ORIENTED_EDGE('',*,*,#4040,.F.);
#6284=ORIENTED_EDGE('',*,*,#6273,.T.);
#6286=ORIENTED_EDGE('',*,*,#6285,.T.);
#6287=ORIENTED_EDGE('',*,*,#6269,.F.);
#6288=EDGE_LOOP('',(#6283,#6284,#6286,#6287));
#6289=FACE_OUTER_BOUND('',#6288,.F.);
#6290=ADVANCED_FACE('',(#6289),#6282,.F.);
#6291=CARTESIAN_POINT('',(9.E1,5.E1,4.E1));
#6292=DIRECTION('',(0.E0,1.E0,0.E0));
#6293=DIRECTION('',(1.E0,0.E0,0.E0));
#6294=AXIS2_PLACEMENT_3D('',#6291,#6292,#6293);
#6295=PLANE('',#6294);
#6296=ORIENTED_EDGE('',*,*,#6271,.F.);
#6297=ORIENTED_EDGE('',*,*,#6285,.F.);
#6298=EDGE_LOOP('',(#6296,#6297));
#6299=FACE_OUTER_BOUND('',#6298,.F.);
#6300=ADVANCED_FACE('',(#6299),#6295,.T.);
#6301=CARTESIAN_POINT('',(-1.25E1,1.5E2,3.E1));
#6302=DIRECTION('',(0.E0,1.E0,0.E0));
#6303=DIRECTION('',(1.E0,0.E0,0.E0));
#6304=AXIS2_PLACEMENT_3D('',#6301,#6302,#6303);
#6305=CYLINDRICAL_SURFACE('',#6304,3.5E0);
#6306=ORIENTED_EDGE('',*,*,#4044,.F.);
#6308=ORIENTED_EDGE('',*,*,#6307,.T.);
#6310=ORIENTED_EDGE('',*,*,#6309,.T.);
#6312=ORIENTED_EDGE('',*,*,#6311,.F.);
#6313=EDGE_LOOP('',(#6306,#6308,#6310,#6312));
#6314=FACE_OUTER_BOUND('',#6313,.F.);
#6315=ADVANCED_FACE('',(#6314),#6305,.F.);
#6316=CARTESIAN_POINT('',(-1.25E1,1.5E2,3.E1));
#6317=DIRECTION('',(0.E0,1.E0,0.E0));
#6318=DIRECTION('',(1.E0,0.E0,0.E0));
#6319=AXIS2_PLACEMENT_3D('',#6316,#6317,#6318);
#6320=CYLINDRICAL_SURFACE('',#6319,3.5E0);
#6321=ORIENTED_EDGE('',*,*,#4046,.F.);
#6322=ORIENTED_EDGE('',*,*,#6311,.T.);
#6324=ORIENTED_EDGE('',*,*,#6323,.T.);
#6325=ORIENTED_EDGE('',*,*,#6307,.F.);
#6326=EDGE_LOOP('',(#6321,#6322,#6324,#6325));
#6327=FACE_OUTER_BOUND('',#6326,.F.);
#6328=ADVANCED_FACE('',(#6327),#6320,.F.);
#6329=CARTESIAN_POINT('',(1.E2,5.E1,4.E1));
#6330=DIRECTION('',(0.E0,1.E0,0.E0));
#6331=DIRECTION('',(1.E0,0.E0,0.E0));
#6332=AXIS2_PLACEMENT_3D('',#6329,#6330,#6331);
#6333=PLANE('',#6332);
#6334=ORIENTED_EDGE('',*,*,#6309,.F.);
#6335=ORIENTED_EDGE('',*,*,#6323,.F.);
#6336=EDGE_LOOP('',(#6334,#6335));
#6337=FACE_OUTER_BOUND('',#6336,.F.);
#6338=ADVANCED_FACE('',(#6337),#6333,.T.);
#6339=CARTESIAN_POINT('',(-1.125E2,1.5E2,4.E1));
#6340=DIRECTION('',(0.E0,1.E0,0.E0));
#6341=DIRECTION('',(1.E0,0.E0,0.E0));
#6342=AXIS2_PLACEMENT_3D('',#6339,#6340,#6341);
#6343=CYLINDRICAL_SURFACE('',#6342,3.5E0);
#6344=ORIENTED_EDGE('',*,*,#4050,.F.);
#6346=ORIENTED_EDGE('',*,*,#6345,.T.);
#6348=ORIENTED_EDGE('',*,*,#6347,.T.);
#6350=ORIENTED_EDGE('',*,*,#6349,.F.);
#6351=EDGE_LOOP('',(#6344,#6346,#6348,#6350));
#6352=FACE_OUTER_BOUND('',#6351,.F.);
#6353=ADVANCED_FACE('',(#6352),#6343,.F.);
#6354=CARTESIAN_POINT('',(-1.125E2,1.5E2,4.E1));
#6355=DIRECTION('',(0.E0,1.E0,0.E0));
#6356=DIRECTION('',(1.E0,0.E0,0.E0));
#6357=AXIS2_PLACEMENT_3D('',#6354,#6355,#6356);
#6358=CYLINDRICAL_SURFACE('',#6357,3.5E0);
#6359=ORIENTED_EDGE('',*,*,#4052,.F.);
#6360=ORIENTED_EDGE('',*,*,#6349,.T.);
#6362=ORIENTED_EDGE('',*,*,#6361,.T.);
#6363=ORIENTED_EDGE('',*,*,#6345,.F.);
#6364=EDGE_LOOP('',(#6359,#6360,#6362,#6363));
#6365=FACE_OUTER_BOUND('',#6364,.F.);
#6366=ADVANCED_FACE('',(#6365),#6358,.F.);
#6367=CARTESIAN_POINT('',(0.E0,5.E1,5.E1));
#6368=DIRECTION('',(0.E0,1.E0,0.E0));
#6369=DIRECTION('',(1.E0,0.E0,0.E0));
#6370=AXIS2_PLACEMENT_3D('',#6367,#6368,#6369);
#6371=PLANE('',#6370);
#6372=ORIENTED_EDGE('',*,*,#6347,.F.);
#6373=ORIENTED_EDGE('',*,*,#6361,.F.);
#6374=EDGE_LOOP('',(#6372,#6373));
#6375=FACE_OUTER_BOUND('',#6374,.F.);
#6376=ADVANCED_FACE('',(#6375),#6371,.T.);
#6377=CARTESIAN_POINT('',(-1.025E2,1.5E2,4.E1));
#6378=DIRECTION('',(0.E0,1.E0,0.E0));
#6379=DIRECTION('',(1.E0,0.E0,0.E0));
#6380=AXIS2_PLACEMENT_3D('',#6377,#6378,#6379);
#6381=CYLINDRICAL_SURFACE('',#6380,3.5E0);
#6382=ORIENTED_EDGE('',*,*,#4056,.F.);
#6384=ORIENTED_EDGE('',*,*,#6383,.T.);
#6386=ORIENTED_EDGE('',*,*,#6385,.T.);
#6388=ORIENTED_EDGE('',*,*,#6387,.F.);
#6389=EDGE_LOOP('',(#6382,#6384,#6386,#6388));
#6390=FACE_OUTER_BOUND('',#6389,.F.);
#6391=ADVANCED_FACE('',(#6390),#6381,.F.);
#6392=CARTESIAN_POINT('',(-1.025E2,1.5E2,4.E1));
#6393=DIRECTION('',(0.E0,1.E0,0.E0));
#6394=DIRECTION('',(1.E0,0.E0,0.E0));
#6395=AXIS2_PLACEMENT_3D('',#6392,#6393,#6394);
#6396=CYLINDRICAL_SURFACE('',#6395,3.5E0);
#6397=ORIENTED_EDGE('',*,*,#4058,.F.);
#6398=ORIENTED_EDGE('',*,*,#6387,.T.);
#6400=ORIENTED_EDGE('',*,*,#6399,.T.);
#6401=ORIENTED_EDGE('',*,*,#6383,.F.);
#6402=EDGE_LOOP('',(#6397,#6398,#6400,#6401));
#6403=FACE_OUTER_BOUND('',#6402,.F.);
#6404=ADVANCED_FACE('',(#6403),#6396,.F.);
#6405=CARTESIAN_POINT('',(1.E1,5.E1,5.E1));
#6406=DIRECTION('',(0.E0,1.E0,0.E0));
#6407=DIRECTION('',(1.E0,0.E0,0.E0));
#6408=AXIS2_PLACEMENT_3D('',#6405,#6406,#6407);
#6409=PLANE('',#6408);
#6410=ORIENTED_EDGE('',*,*,#6385,.F.);
#6411=ORIENTED_EDGE('',*,*,#6399,.F.);
#6412=EDGE_LOOP('',(#6410,#6411));
#6413=FACE_OUTER_BOUND('',#6412,.F.);
#6414=ADVANCED_FACE('',(#6413),#6409,.T.);
#6415=CARTESIAN_POINT('',(-9.25E1,1.5E2,4.E1));
#6416=DIRECTION('',(0.E0,1.E0,0.E0));
#6417=DIRECTION('',(1.E0,0.E0,0.E0));
#6418=AXIS2_PLACEMENT_3D('',#6415,#6416,#6417);
#6419=CYLINDRICAL_SURFACE('',#6418,3.5E0);
#6420=ORIENTED_EDGE('',*,*,#4062,.F.);
#6422=ORIENTED_EDGE('',*,*,#6421,.T.);
#6424=ORIENTED_EDGE('',*,*,#6423,.T.);
#6426=ORIENTED_EDGE('',*,*,#6425,.F.);
#6427=EDGE_LOOP('',(#6420,#6422,#6424,#6426));
#6428=FACE_OUTER_BOUND('',#6427,.F.);
#6429=ADVANCED_FACE('',(#6428),#6419,.F.);
#6430=CARTESIAN_POINT('',(-9.25E1,1.5E2,4.E1));
#6431=DIRECTION('',(0.E0,1.E0,0.E0));
#6432=DIRECTION('',(1.E0,0.E0,0.E0));
#6433=AXIS2_PLACEMENT_3D('',#6430,#6431,#6432);
#6434=CYLINDRICAL_SURFACE('',#6433,3.5E0);
#6435=ORIENTED_EDGE('',*,*,#4064,.F.);
#6436=ORIENTED_EDGE('',*,*,#6425,.T.);
#6438=ORIENTED_EDGE('',*,*,#6437,.T.);
#6439=ORIENTED_EDGE('',*,*,#6421,.F.);
#6440=EDGE_LOOP('',(#6435,#6436,#6438,#6439));
#6441=FACE_OUTER_BOUND('',#6440,.F.);
#6442=ADVANCED_FACE('',(#6441),#6434,.F.);
#6443=CARTESIAN_POINT('',(2.E1,5.E1,5.E1));
#6444=DIRECTION('',(0.E0,1.E0,0.E0));
#6445=DIRECTION('',(1.E0,0.E0,0.E0));
#6446=AXIS2_PLACEMENT_3D('',#6443,#6444,#6445);
#6447=PLANE('',#6446);
#6448=ORIENTED_EDGE('',*,*,#6423,.F.);
#6449=ORIENTED_EDGE('',*,*,#6437,.F.);
#6450=EDGE_LOOP('',(#6448,#6449));
#6451=FACE_OUTER_BOUND('',#6450,.F.);
#6452=ADVANCED_FACE('',(#6451),#6447,.T.);
#6453=CARTESIAN_POINT('',(-8.25E1,1.5E2,4.E1));
#6454=DIRECTION('',(0.E0,1.E0,0.E0));
#6455=DIRECTION('',(1.E0,0.E0,0.E0));
#6456=AXIS2_PLACEMENT_3D('',#6453,#6454,#6455);
#6457=CYLINDRICAL_SURFACE('',#6456,3.5E0);
#6458=ORIENTED_EDGE('',*,*,#4068,.F.);
#6460=ORIENTED_EDGE('',*,*,#6459,.T.);
#6462=ORIENTED_EDGE('',*,*,#6461,.T.);
#6464=ORIENTED_EDGE('',*,*,#6463,.F.);
#6465=EDGE_LOOP('',(#6458,#6460,#6462,#6464));
#6466=FACE_OUTER_BOUND('',#6465,.F.);
#6467=ADVANCED_FACE('',(#6466),#6457,.F.);
#6468=CARTESIAN_POINT('',(-8.25E1,1.5E2,4.E1));
#6469=DIRECTION('',(0.E0,1.E0,0.E0));
#6470=DIRECTION('',(1.E0,0.E0,0.E0));
#6471=AXIS2_PLACEMENT_3D('',#6468,#6469,#6470);
#6472=CYLINDRICAL_SURFACE('',#6471,3.5E0);
#6473=ORIENTED_EDGE('',*,*,#4070,.F.);
#6474=ORIENTED_EDGE('',*,*,#6463,.T.);
#6476=ORIENTED_EDGE('',*,*,#6475,.T.);
#6477=ORIENTED_EDGE('',*,*,#6459,.F.);
#6478=EDGE_LOOP('',(#6473,#6474,#6476,#6477));
#6479=FACE_OUTER_BOUND('',#6478,.F.);
#6480=ADVANCED_FACE('',(#6479),#6472,.F.);
#6481=CARTESIAN_POINT('',(3.E1,5.E1,5.E1));
#6482=DIRECTION('',(0.E0,1.E0,0.E0));
#6483=DIRECTION('',(1.E0,0.E0,0.E0));
#6484=AXIS2_PLACEMENT_3D('',#6481,#6482,#6483);
#6485=PLANE('',#6484);
#6486=ORIENTED_EDGE('',*,*,#6461,.F.);
#6487=ORIENTED_EDGE('',*,*,#6475,.F.);
#6488=EDGE_LOOP('',(#6486,#6487));
#6489=FACE_OUTER_BOUND('',#6488,.F.);
#6490=ADVANCED_FACE('',(#6489),#6485,.T.);
#6491=CARTESIAN_POINT('',(-7.25E1,1.5E2,4.E1));
#6492=DIRECTION('',(0.E0,1.E0,0.E0));
#6493=DIRECTION('',(1.E0,0.E0,0.E0));
#6494=AXIS2_PLACEMENT_3D('',#6491,#6492,#6493);
#6495=CYLINDRICAL_SURFACE('',#6494,3.5E0);
#6496=ORIENTED_EDGE('',*,*,#4074,.F.);
#6498=ORIENTED_EDGE('',*,*,#6497,.T.);
#6500=ORIENTED_EDGE('',*,*,#6499,.T.);
#6502=ORIENTED_EDGE('',*,*,#6501,.F.);
#6503=EDGE_LOOP('',(#6496,#6498,#6500,#6502));
#6504=FACE_OUTER_BOUND('',#6503,.F.);
#6505=ADVANCED_FACE('',(#6504),#6495,.F.);
#6506=CARTESIAN_POINT('',(-7.25E1,1.5E2,4.E1));
#6507=DIRECTION('',(0.E0,1.E0,0.E0));
#6508=DIRECTION('',(1.E0,0.E0,0.E0));
#6509=AXIS2_PLACEMENT_3D('',#6506,#6507,#6508);
#6510=CYLINDRICAL_SURFACE('',#6509,3.5E0);
#6511=ORIENTED_EDGE('',*,*,#4076,.F.);
#6512=ORIENTED_EDGE('',*,*,#6501,.T.);
#6514=ORIENTED_EDGE('',*,*,#6513,.T.);
#6515=ORIENTED_EDGE('',*,*,#6497,.F.);
#6516=EDGE_LOOP('',(#6511,#6512,#6514,#6515));
#6517=FACE_OUTER_BOUND('',#6516,.F.);
#6518=ADVANCED_FACE('',(#6517),#6510,.F.);
#6519=CARTESIAN_POINT('',(4.E1,5.E1,5.E1));
#6520=DIRECTION('',(0.E0,1.E0,0.E0));
#6521=DIRECTION('',(1.E0,0.E0,0.E0));
#6522=AXIS2_PLACEMENT_3D('',#6519,#6520,#6521);
#6523=PLANE('',#6522);
#6524=ORIENTED_EDGE('',*,*,#6499,.F.);
#6525=ORIENTED_EDGE('',*,*,#6513,.F.);
#6526=EDGE_LOOP('',(#6524,#6525));
#6527=FACE_OUTER_BOUND('',#6526,.F.);
#6528=ADVANCED_FACE('',(#6527),#6523,.T.);
#6529=CARTESIAN_POINT('',(-6.25E1,1.5E2,4.E1));
#6530=DIRECTION('',(0.E0,1.E0,0.E0));
#6531=DIRECTION('',(1.E0,0.E0,0.E0));
#6532=AXIS2_PLACEMENT_3D('',#6529,#6530,#6531);
#6533=CYLINDRICAL_SURFACE('',#6532,3.5E0);
#6534=ORIENTED_EDGE('',*,*,#4080,.F.);
#6536=ORIENTED_EDGE('',*,*,#6535,.T.);
#6538=ORIENTED_EDGE('',*,*,#6537,.T.);
#6540=ORIENTED_EDGE('',*,*,#6539,.F.);
#6541=EDGE_LOOP('',(#6534,#6536,#6538,#6540));
#6542=FACE_OUTER_BOUND('',#6541,.F.);
#6543=ADVANCED_FACE('',(#6542),#6533,.F.);
#6544=CARTESIAN_POINT('',(-6.25E1,1.5E2,4.E1));
#6545=DIRECTION('',(0.E0,1.E0,0.E0));
#6546=DIRECTION('',(1.E0,0.E0,0.E0));
#6547=AXIS2_PLACEMENT_3D('',#6544,#6545,#6546);
#6548=CYLINDRICAL_SURFACE('',#6547,3.5E0);
#6549=ORIENTED_EDGE('',*,*,#4082,.F.);
#6550=ORIENTED_EDGE('',*,*,#6539,.T.);
#6552=ORIENTED_EDGE('',*,*,#6551,.T.);
#6553=ORIENTED_EDGE('',*,*,#6535,.F.);
#6554=EDGE_LOOP('',(#6549,#6550,#6552,#6553));
#6555=FACE_OUTER_BOUND('',#6554,.F.);
#6556=ADVANCED_FACE('',(#6555),#6548,.F.);
#6557=CARTESIAN_POINT('',(5.E1,5.E1,5.E1));
#6558=DIRECTION('',(0.E0,1.E0,0.E0));
#6559=DIRECTION('',(1.E0,0.E0,0.E0));
#6560=AXIS2_PLACEMENT_3D('',#6557,#6558,#6559);
#6561=PLANE('',#6560);
#6562=ORIENTED_EDGE('',*,*,#6537,.F.);
#6563=ORIENTED_EDGE('',*,*,#6551,.F.);
#6564=EDGE_LOOP('',(#6562,#6563));
#6565=FACE_OUTER_BOUND('',#6564,.F.);
#6566=ADVANCED_FACE('',(#6565),#6561,.T.);
#6567=CARTESIAN_POINT('',(-5.25E1,1.5E2,4.E1));
#6568=DIRECTION('',(0.E0,1.E0,0.E0));
#6569=DIRECTION('',(1.E0,0.E0,0.E0));
#6570=AXIS2_PLACEMENT_3D('',#6567,#6568,#6569);
#6571=CYLINDRICAL_SURFACE('',#6570,3.5E0);
#6572=ORIENTED_EDGE('',*,*,#4086,.F.);
#6574=ORIENTED_EDGE('',*,*,#6573,.T.);
#6576=ORIENTED_EDGE('',*,*,#6575,.T.);
#6578=ORIENTED_EDGE('',*,*,#6577,.F.);
#6579=EDGE_LOOP('',(#6572,#6574,#6576,#6578));
#6580=FACE_OUTER_BOUND('',#6579,.F.);
#6581=ADVANCED_FACE('',(#6580),#6571,.F.);
#6582=CARTESIAN_POINT('',(-5.25E1,1.5E2,4.E1));
#6583=DIRECTION('',(0.E0,1.E0,0.E0));
#6584=DIRECTION('',(1.E0,0.E0,0.E0));
#6585=AXIS2_PLACEMENT_3D('',#6582,#6583,#6584);
#6586=CYLINDRICAL_SURFACE('',#6585,3.5E0);
#6587=ORIENTED_EDGE('',*,*,#4088,.F.);
#6588=ORIENTED_EDGE('',*,*,#6577,.T.);
#6590=ORIENTED_EDGE('',*,*,#6589,.T.);
#6591=ORIENTED_EDGE('',*,*,#6573,.F.);
#6592=EDGE_LOOP('',(#6587,#6588,#6590,#6591));
#6593=FACE_OUTER_BOUND('',#6592,.F.);
#6594=ADVANCED_FACE('',(#6593),#6586,.F.);
#6595=CARTESIAN_POINT('',(6.E1,5.E1,5.E1));
#6596=DIRECTION('',(0.E0,1.E0,0.E0));
#6597=DIRECTION('',(1.E0,0.E0,0.E0));
#6598=AXIS2_PLACEMENT_3D('',#6595,#6596,#6597);
#6599=PLANE('',#6598);
#6600=ORIENTED_EDGE('',*,*,#6575,.F.);
#6601=ORIENTED_EDGE('',*,*,#6589,.F.);
#6602=EDGE_LOOP('',(#6600,#6601));
#6603=FACE_OUTER_BOUND('',#6602,.F.);
#6604=ADVANCED_FACE('',(#6603),#6599,.T.);
#6605=CARTESIAN_POINT('',(-4.25E1,1.5E2,4.E1));
#6606=DIRECTION('',(0.E0,1.E0,0.E0));
#6607=DIRECTION('',(1.E0,0.E0,0.E0));
#6608=AXIS2_PLACEMENT_3D('',#6605,#6606,#6607);
#6609=CYLINDRICAL_SURFACE('',#6608,3.5E0);
#6610=ORIENTED_EDGE('',*,*,#4092,.F.);
#6612=ORIENTED_EDGE('',*,*,#6611,.T.);
#6614=ORIENTED_EDGE('',*,*,#6613,.T.);
#6616=ORIENTED_EDGE('',*,*,#6615,.F.);
#6617=EDGE_LOOP('',(#6610,#6612,#6614,#6616));
#6618=FACE_OUTER_BOUND('',#6617,.F.);
#6619=ADVANCED_FACE('',(#6618),#6609,.F.);
#6620=CARTESIAN_POINT('',(-4.25E1,1.5E2,4.E1));
#6621=DIRECTION('',(0.E0,1.E0,0.E0));
#6622=DIRECTION('',(1.E0,0.E0,0.E0));
#6623=AXIS2_PLACEMENT_3D('',#6620,#6621,#6622);
#6624=CYLINDRICAL_SURFACE('',#6623,3.5E0);
#6625=ORIENTED_EDGE('',*,*,#4094,.F.);
#6626=ORIENTED_EDGE('',*,*,#6615,.T.);
#6628=ORIENTED_EDGE('',*,*,#6627,.T.);
#6629=ORIENTED_EDGE('',*,*,#6611,.F.);
#6630=EDGE_LOOP('',(#6625,#6626,#6628,#6629));
#6631=FACE_OUTER_BOUND('',#6630,.F.);
#6632=ADVANCED_FACE('',(#6631),#6624,.F.);
#6633=CARTESIAN_POINT('',(7.E1,5.E1,5.E1));
#6634=DIRECTION('',(0.E0,1.E0,0.E0));
#6635=DIRECTION('',(1.E0,0.E0,0.E0));
#6636=AXIS2_PLACEMENT_3D('',#6633,#6634,#6635);
#6637=PLANE('',#6636);
#6638=ORIENTED_EDGE('',*,*,#6613,.F.);
#6639=ORIENTED_EDGE('',*,*,#6627,.F.);
#6640=EDGE_LOOP('',(#6638,#6639));
#6641=FACE_OUTER_BOUND('',#6640,.F.);
#6642=ADVANCED_FACE('',(#6641),#6637,.T.);
#6643=CARTESIAN_POINT('',(-3.25E1,1.5E2,4.E1));
#6644=DIRECTION('',(0.E0,1.E0,0.E0));
#6645=DIRECTION('',(1.E0,0.E0,0.E0));
#6646=AXIS2_PLACEMENT_3D('',#6643,#6644,#6645);
#6647=CYLINDRICAL_SURFACE('',#6646,3.5E0);
#6648=ORIENTED_EDGE('',*,*,#4098,.F.);
#6650=ORIENTED_EDGE('',*,*,#6649,.T.);
#6652=ORIENTED_EDGE('',*,*,#6651,.T.);
#6654=ORIENTED_EDGE('',*,*,#6653,.F.);
#6655=EDGE_LOOP('',(#6648,#6650,#6652,#6654));
#6656=FACE_OUTER_BOUND('',#6655,.F.);
#6657=ADVANCED_FACE('',(#6656),#6647,.F.);
#6658=CARTESIAN_POINT('',(-3.25E1,1.5E2,4.E1));
#6659=DIRECTION('',(0.E0,1.E0,0.E0));
#6660=DIRECTION('',(1.E0,0.E0,0.E0));
#6661=AXIS2_PLACEMENT_3D('',#6658,#6659,#6660);
#6662=CYLINDRICAL_SURFACE('',#6661,3.5E0);
#6663=ORIENTED_EDGE('',*,*,#4100,.F.);
#6664=ORIENTED_EDGE('',*,*,#6653,.T.);
#6666=ORIENTED_EDGE('',*,*,#6665,.T.);
#6667=ORIENTED_EDGE('',*,*,#6649,.F.);
#6668=EDGE_LOOP('',(#6663,#6664,#6666,#6667));
#6669=FACE_OUTER_BOUND('',#6668,.F.);
#6670=ADVANCED_FACE('',(#6669),#6662,.F.);
#6671=CARTESIAN_POINT('',(8.E1,5.E1,5.E1));
#6672=DIRECTION('',(0.E0,1.E0,0.E0));
#6673=DIRECTION('',(1.E0,0.E0,0.E0));
#6674=AXIS2_PLACEMENT_3D('',#6671,#6672,#6673);
#6675=PLANE('',#6674);
#6676=ORIENTED_EDGE('',*,*,#6651,.F.);
#6677=ORIENTED_EDGE('',*,*,#6665,.F.);
#6678=EDGE_LOOP('',(#6676,#6677));
#6679=FACE_OUTER_BOUND('',#6678,.F.);
#6680=ADVANCED_FACE('',(#6679),#6675,.T.);
#6681=CARTESIAN_POINT('',(-2.25E1,1.5E2,4.E1));
#6682=DIRECTION('',(0.E0,1.E0,0.E0));
#6683=DIRECTION('',(1.E0,0.E0,0.E0));
#6684=AXIS2_PLACEMENT_3D('',#6681,#6682,#6683);
#6685=CYLINDRICAL_SURFACE('',#6684,3.5E0);
#6686=ORIENTED_EDGE('',*,*,#4104,.F.);
#6688=ORIENTED_EDGE('',*,*,#6687,.T.);
#6690=ORIENTED_EDGE('',*,*,#6689,.T.);
#6692=ORIENTED_EDGE('',*,*,#6691,.F.);
#6693=EDGE_LOOP('',(#6686,#6688,#6690,#6692));
#6694=FACE_OUTER_BOUND('',#6693,.F.);
#6695=ADVANCED_FACE('',(#6694),#6685,.F.);
#6696=CARTESIAN_POINT('',(-2.25E1,1.5E2,4.E1));
#6697=DIRECTION('',(0.E0,1.E0,0.E0));
#6698=DIRECTION('',(1.E0,0.E0,0.E0));
#6699=AXIS2_PLACEMENT_3D('',#6696,#6697,#6698);
#6700=CYLINDRICAL_SURFACE('',#6699,3.5E0);
#6701=ORIENTED_EDGE('',*,*,#4106,.F.);
#6702=ORIENTED_EDGE('',*,*,#6691,.T.);
#6704=ORIENTED_EDGE('',*,*,#6703,.T.);
#6705=ORIENTED_EDGE('',*,*,#6687,.F.);
#6706=EDGE_LOOP('',(#6701,#6702,#6704,#6705));
#6707=FACE_OUTER_BOUND('',#6706,.F.);
#6708=ADVANCED_FACE('',(#6707),#6700,.F.);
#6709=CARTESIAN_POINT('',(9.E1,5.E1,5.E1));
#6710=DIRECTION('',(0.E0,1.E0,0.E0));
#6711=DIRECTION('',(1.E0,0.E0,0.E0));
#6712=AXIS2_PLACEMENT_3D('',#6709,#6710,#6711);
#6713=PLANE('',#6712);
#6714=ORIENTED_EDGE('',*,*,#6689,.F.);
#6715=ORIENTED_EDGE('',*,*,#6703,.F.);
#6716=EDGE_LOOP('',(#6714,#6715));
#6717=FACE_OUTER_BOUND('',#6716,.F.);
#6718=ADVANCED_FACE('',(#6717),#6713,.T.);
#6719=CARTESIAN_POINT('',(-1.25E1,1.5E2,4.E1));
#6720=DIRECTION('',(0.E0,1.E0,0.E0));
#6721=DIRECTION('',(1.E0,0.E0,0.E0));
#6722=AXIS2_PLACEMENT_3D('',#6719,#6720,#6721);
#6723=CYLINDRICAL_SURFACE('',#6722,3.5E0);
#6724=ORIENTED_EDGE('',*,*,#4110,.F.);
#6726=ORIENTED_EDGE('',*,*,#6725,.T.);
#6728=ORIENTED_EDGE('',*,*,#6727,.T.);
#6730=ORIENTED_EDGE('',*,*,#6729,.F.);
#6731=EDGE_LOOP('',(#6724,#6726,#6728,#6730));
#6732=FACE_OUTER_BOUND('',#6731,.F.);
#6733=ADVANCED_FACE('',(#6732),#6723,.F.);
#6734=CARTESIAN_POINT('',(-1.25E1,1.5E2,4.E1));
#6735=DIRECTION('',(0.E0,1.E0,0.E0));
#6736=DIRECTION('',(1.E0,0.E0,0.E0));
#6737=AXIS2_PLACEMENT_3D('',#6734,#6735,#6736);
#6738=CYLINDRICAL_SURFACE('',#6737,3.5E0);
#6739=ORIENTED_EDGE('',*,*,#4112,.F.);
#6740=ORIENTED_EDGE('',*,*,#6729,.T.);
#6742=ORIENTED_EDGE('',*,*,#6741,.T.);
#6743=ORIENTED_EDGE('',*,*,#6725,.F.);
#6744=EDGE_LOOP('',(#6739,#6740,#6742,#6743));
#6745=FACE_OUTER_BOUND('',#6744,.F.);
#6746=ADVANCED_FACE('',(#6745),#6738,.F.);
#6747=CARTESIAN_POINT('',(1.E2,5.E1,5.E1));
#6748=DIRECTION('',(0.E0,1.E0,0.E0));
#6749=DIRECTION('',(1.E0,0.E0,0.E0));
#6750=AXIS2_PLACEMENT_3D('',#6747,#6748,#6749);
#6751=PLANE('',#6750);
#6752=ORIENTED_EDGE('',*,*,#6727,.F.);
#6753=ORIENTED_EDGE('',*,*,#6741,.F.);
#6754=EDGE_LOOP('',(#6752,#6753));
#6755=FACE_OUTER_BOUND('',#6754,.F.);
#6756=ADVANCED_FACE('',(#6755),#6751,.T.);
#6757=CARTESIAN_POINT('',(-1.125E2,1.5E2,5.E1));
#6758=DIRECTION('',(0.E0,1.E0,0.E0));
#6759=DIRECTION('',(1.E0,0.E0,0.E0));
#6760=AXIS2_PLACEMENT_3D('',#6757,#6758,#6759);
#6761=CYLINDRICAL_SURFACE('',#6760,3.5E0);
#6762=ORIENTED_EDGE('',*,*,#4116,.F.);
#6764=ORIENTED_EDGE('',*,*,#6763,.T.);
#6766=ORIENTED_EDGE('',*,*,#6765,.T.);
#6768=ORIENTED_EDGE('',*,*,#6767,.F.);
#6769=EDGE_LOOP('',(#6762,#6764,#6766,#6768));
#6770=FACE_OUTER_BOUND('',#6769,.F.);
#6771=ADVANCED_FACE('',(#6770),#6761,.F.);
#6772=CARTESIAN_POINT('',(-1.125E2,1.5E2,5.E1));
#6773=DIRECTION('',(0.E0,1.E0,0.E0));
#6774=DIRECTION('',(1.E0,0.E0,0.E0));
#6775=AXIS2_PLACEMENT_3D('',#6772,#6773,#6774);
#6776=CYLINDRICAL_SURFACE('',#6775,3.5E0);
#6777=ORIENTED_EDGE('',*,*,#4118,.F.);
#6778=ORIENTED_EDGE('',*,*,#6767,.T.);
#6780=ORIENTED_EDGE('',*,*,#6779,.T.);
#6781=ORIENTED_EDGE('',*,*,#6763,.F.);
#6782=EDGE_LOOP('',(#6777,#6778,#6780,#6781));
#6783=FACE_OUTER_BOUND('',#6782,.F.);
#6784=ADVANCED_FACE('',(#6783),#6776,.F.);
#6785=CARTESIAN_POINT('',(0.E0,5.E1,6.E1));
#6786=DIRECTION('',(0.E0,1.E0,0.E0));
#6787=DIRECTION('',(1.E0,0.E0,0.E0));
#6788=AXIS2_PLACEMENT_3D('',#6785,#6786,#6787);
#6789=PLANE('',#6788);
#6790=ORIENTED_EDGE('',*,*,#6765,.F.);
#6791=ORIENTED_EDGE('',*,*,#6779,.F.);
#6792=EDGE_LOOP('',(#6790,#6791));
#6793=FACE_OUTER_BOUND('',#6792,.F.);
#6794=ADVANCED_FACE('',(#6793),#6789,.T.);
#6795=CARTESIAN_POINT('',(-1.025E2,1.5E2,5.E1));
#6796=DIRECTION('',(0.E0,1.E0,0.E0));
#6797=DIRECTION('',(1.E0,0.E0,0.E0));
#6798=AXIS2_PLACEMENT_3D('',#6795,#6796,#6797);
#6799=CYLINDRICAL_SURFACE('',#6798,3.5E0);
#6800=ORIENTED_EDGE('',*,*,#4122,.F.);
#6802=ORIENTED_EDGE('',*,*,#6801,.T.);
#6804=ORIENTED_EDGE('',*,*,#6803,.T.);
#6806=ORIENTED_EDGE('',*,*,#6805,.F.);
#6807=EDGE_LOOP('',(#6800,#6802,#6804,#6806));
#6808=FACE_OUTER_BOUND('',#6807,.F.);
#6809=ADVANCED_FACE('',(#6808),#6799,.F.);
#6810=CARTESIAN_POINT('',(-1.025E2,1.5E2,5.E1));
#6811=DIRECTION('',(0.E0,1.E0,0.E0));
#6812=DIRECTION('',(1.E0,0.E0,0.E0));
#6813=AXIS2_PLACEMENT_3D('',#6810,#6811,#6812);
#6814=CYLINDRICAL_SURFACE('',#6813,3.5E0);
#6815=ORIENTED_EDGE('',*,*,#4124,.F.);
#6816=ORIENTED_EDGE('',*,*,#6805,.T.);
#6818=ORIENTED_EDGE('',*,*,#6817,.T.);
#6819=ORIENTED_EDGE('',*,*,#6801,.F.);
#6820=EDGE_LOOP('',(#6815,#6816,#6818,#6819));
#6821=FACE_OUTER_BOUND('',#6820,.F.);
#6822=ADVANCED_FACE('',(#6821),#6814,.F.);
#6823=CARTESIAN_POINT('',(1.E1,5.E1,6.E1));
#6824=DIRECTION('',(0.E0,1.E0,0.E0));
#6825=DIRECTION('',(1.E0,0.E0,0.E0));
#6826=AXIS2_PLACEMENT_3D('',#6823,#6824,#6825);
#6827=PLANE('',#6826);
#6828=ORIENTED_EDGE('',*,*,#6803,.F.);
#6829=ORIENTED_EDGE('',*,*,#6817,.F.);
#6830=EDGE_LOOP('',(#6828,#6829));
#6831=FACE_OUTER_BOUND('',#6830,.F.);
#6832=ADVANCED_FACE('',(#6831),#6827,.T.);
#6833=CARTESIAN_POINT('',(-9.25E1,1.5E2,5.E1));
#6834=DIRECTION('',(0.E0,1.E0,0.E0));
#6835=DIRECTION('',(1.E0,0.E0,0.E0));
#6836=AXIS2_PLACEMENT_3D('',#6833,#6834,#6835);
#6837=CYLINDRICAL_SURFACE('',#6836,3.5E0);
#6838=ORIENTED_EDGE('',*,*,#4128,.F.);
#6840=ORIENTED_EDGE('',*,*,#6839,.T.);
#6842=ORIENTED_EDGE('',*,*,#6841,.T.);
#6844=ORIENTED_EDGE('',*,*,#6843,.F.);
#6845=EDGE_LOOP('',(#6838,#6840,#6842,#6844));
#6846=FACE_OUTER_BOUND('',#6845,.F.);
#6847=ADVANCED_FACE('',(#6846),#6837,.F.);
#6848=CARTESIAN_POINT('',(-9.25E1,1.5E2,5.E1));
#6849=DIRECTION('',(0.E0,1.E0,0.E0));
#6850=DIRECTION('',(1.E0,0.E0,0.E0));
#6851=AXIS2_PLACEMENT_3D('',#6848,#6849,#6850);
#6852=CYLINDRICAL_SURFACE('',#6851,3.5E0);
#6853=ORIENTED_EDGE('',*,*,#4130,.F.);
#6854=ORIENTED_EDGE('',*,*,#6843,.T.);
#6856=ORIENTED_EDGE('',*,*,#6855,.T.);
#6857=ORIENTED_EDGE('',*,*,#6839,.F.);
#6858=EDGE_LOOP('',(#6853,#6854,#6856,#6857));
#6859=FACE_OUTER_BOUND('',#6858,.F.);
#6860=ADVANCED_FACE('',(#6859),#6852,.F.);
#6861=CARTESIAN_POINT('',(2.E1,5.E1,6.E1));
#6862=DIRECTION('',(0.E0,1.E0,0.E0));
#6863=DIRECTION('',(1.E0,0.E0,0.E0));
#6864=AXIS2_PLACEMENT_3D('',#6861,#6862,#6863);
#6865=PLANE('',#6864);
#6866=ORIENTED_EDGE('',*,*,#6841,.F.);
#6867=ORIENTED_EDGE('',*,*,#6855,.F.);
#6868=EDGE_LOOP('',(#6866,#6867));
#6869=FACE_OUTER_BOUND('',#6868,.F.);
#6870=ADVANCED_FACE('',(#6869),#6865,.T.);
#6871=CARTESIAN_POINT('',(-8.25E1,1.5E2,5.E1));
#6872=DIRECTION('',(0.E0,1.E0,0.E0));
#6873=DIRECTION('',(1.E0,0.E0,0.E0));
#6874=AXIS2_PLACEMENT_3D('',#6871,#6872,#6873);
#6875=CYLINDRICAL_SURFACE('',#6874,3.5E0);
#6876=ORIENTED_EDGE('',*,*,#4134,.F.);
#6878=ORIENTED_EDGE('',*,*,#6877,.T.);
#6880=ORIENTED_EDGE('',*,*,#6879,.T.);
#6882=ORIENTED_EDGE('',*,*,#6881,.F.);
#6883=EDGE_LOOP('',(#6876,#6878,#6880,#6882));
#6884=FACE_OUTER_BOUND('',#6883,.F.);
#6885=ADVANCED_FACE('',(#6884),#6875,.F.);
#6886=CARTESIAN_POINT('',(-8.25E1,1.5E2,5.E1));
#6887=DIRECTION('',(0.E0,1.E0,0.E0));
#6888=DIRECTION('',(1.E0,0.E0,0.E0));
#6889=AXIS2_PLACEMENT_3D('',#6886,#6887,#6888);
#6890=CYLINDRICAL_SURFACE('',#6889,3.5E0);
#6891=ORIENTED_EDGE('',*,*,#4136,.F.);
#6892=ORIENTED_EDGE('',*,*,#6881,.T.);
#6894=ORIENTED_EDGE('',*,*,#6893,.T.);
#6895=ORIENTED_EDGE('',*,*,#6877,.F.);
#6896=EDGE_LOOP('',(#6891,#6892,#6894,#6895));
#6897=FACE_OUTER_BOUND('',#6896,.F.);
#6898=ADVANCED_FACE('',(#6897),#6890,.F.);
#6899=CARTESIAN_POINT('',(3.E1,5.E1,6.E1));
#6900=DIRECTION('',(0.E0,1.E0,0.E0));
#6901=DIRECTION('',(1.E0,0.E0,0.E0));
#6902=AXIS2_PLACEMENT_3D('',#6899,#6900,#6901);
#6903=PLANE('',#6902);
#6904=ORIENTED_EDGE('',*,*,#6879,.F.);
#6905=ORIENTED_EDGE('',*,*,#6893,.F.);
#6906=EDGE_LOOP('',(#6904,#6905));
#6907=FACE_OUTER_BOUND('',#6906,.F.);
#6908=ADVANCED_FACE('',(#6907),#6903,.T.);
#6909=CARTESIAN_POINT('',(-7.25E1,1.5E2,5.E1));
#6910=DIRECTION('',(0.E0,1.E0,0.E0));
#6911=DIRECTION('',(1.E0,0.E0,0.E0));
#6912=AXIS2_PLACEMENT_3D('',#6909,#6910,#6911);
#6913=CYLINDRICAL_SURFACE('',#6912,3.5E0);
#6914=ORIENTED_EDGE('',*,*,#4140,.F.);
#6916=ORIENTED_EDGE('',*,*,#6915,.T.);
#6918=ORIENTED_EDGE('',*,*,#6917,.T.);
#6920=ORIENTED_EDGE('',*,*,#6919,.F.);
#6921=EDGE_LOOP('',(#6914,#6916,#6918,#6920));
#6922=FACE_OUTER_BOUND('',#6921,.F.);
#6923=ADVANCED_FACE('',(#6922),#6913,.F.);
#6924=CARTESIAN_POINT('',(-7.25E1,1.5E2,5.E1));
#6925=DIRECTION('',(0.E0,1.E0,0.E0));
#6926=DIRECTION('',(1.E0,0.E0,0.E0));
#6927=AXIS2_PLACEMENT_3D('',#6924,#6925,#6926);
#6928=CYLINDRICAL_SURFACE('',#6927,3.5E0);
#6929=ORIENTED_EDGE('',*,*,#4142,.F.);
#6930=ORIENTED_EDGE('',*,*,#6919,.T.);
#6932=ORIENTED_EDGE('',*,*,#6931,.T.);
#6933=ORIENTED_EDGE('',*,*,#6915,.F.);
#6934=EDGE_LOOP('',(#6929,#6930,#6932,#6933));
#6935=FACE_OUTER_BOUND('',#6934,.F.);
#6936=ADVANCED_FACE('',(#6935),#6928,.F.);
#6937=CARTESIAN_POINT('',(4.E1,5.E1,6.E1));
#6938=DIRECTION('',(0.E0,1.E0,0.E0));
#6939=DIRECTION('',(1.E0,0.E0,0.E0));
#6940=AXIS2_PLACEMENT_3D('',#6937,#6938,#6939);
#6941=PLANE('',#6940);
#6942=ORIENTED_EDGE('',*,*,#6917,.F.);
#6943=ORIENTED_EDGE('',*,*,#6931,.F.);
#6944=EDGE_LOOP('',(#6942,#6943));
#6945=FACE_OUTER_BOUND('',#6944,.F.);
#6946=ADVANCED_FACE('',(#6945),#6941,.T.);
#6947=CARTESIAN_POINT('',(-6.25E1,1.5E2,5.E1));
#6948=DIRECTION('',(0.E0,1.E0,0.E0));
#6949=DIRECTION('',(1.E0,0.E0,0.E0));
#6950=AXIS2_PLACEMENT_3D('',#6947,#6948,#6949);
#6951=CYLINDRICAL_SURFACE('',#6950,3.5E0);
#6952=ORIENTED_EDGE('',*,*,#4146,.F.);
#6954=ORIENTED_EDGE('',*,*,#6953,.T.);
#6956=ORIENTED_EDGE('',*,*,#6955,.T.);
#6958=ORIENTED_EDGE('',*,*,#6957,.F.);
#6959=EDGE_LOOP('',(#6952,#6954,#6956,#6958));
#6960=FACE_OUTER_BOUND('',#6959,.F.);
#6961=ADVANCED_FACE('',(#6960),#6951,.F.);
#6962=CARTESIAN_POINT('',(-6.25E1,1.5E2,5.E1));
#6963=DIRECTION('',(0.E0,1.E0,0.E0));
#6964=DIRECTION('',(1.E0,0.E0,0.E0));
#6965=AXIS2_PLACEMENT_3D('',#6962,#6963,#6964);
#6966=CYLINDRICAL_SURFACE('',#6965,3.5E0);
#6967=ORIENTED_EDGE('',*,*,#4148,.F.);
#6968=ORIENTED_EDGE('',*,*,#6957,.T.);
#6970=ORIENTED_EDGE('',*,*,#6969,.T.);
#6971=ORIENTED_EDGE('',*,*,#6953,.F.);
#6972=EDGE_LOOP('',(#6967,#6968,#6970,#6971));
#6973=FACE_OUTER_BOUND('',#6972,.F.);
#6974=ADVANCED_FACE('',(#6973),#6966,.F.);
#6975=CARTESIAN_POINT('',(5.E1,5.E1,6.E1));
#6976=DIRECTION('',(0.E0,1.E0,0.E0));
#6977=DIRECTION('',(1.E0,0.E0,0.E0));
#6978=AXIS2_PLACEMENT_3D('',#6975,#6976,#6977);
#6979=PLANE('',#6978);
#6980=ORIENTED_EDGE('',*,*,#6955,.F.);
#6981=ORIENTED_EDGE('',*,*,#6969,.F.);
#6982=EDGE_LOOP('',(#6980,#6981));
#6983=FACE_OUTER_BOUND('',#6982,.F.);
#6984=ADVANCED_FACE('',(#6983),#6979,.T.);
#6985=CARTESIAN_POINT('',(-5.25E1,1.5E2,5.E1));
#6986=DIRECTION('',(0.E0,1.E0,0.E0));
#6987=DIRECTION('',(1.E0,0.E0,0.E0));
#6988=AXIS2_PLACEMENT_3D('',#6985,#6986,#6987);
#6989=CYLINDRICAL_SURFACE('',#6988,3.5E0);
#6990=ORIENTED_EDGE('',*,*,#4152,.F.);
#6992=ORIENTED_EDGE('',*,*,#6991,.T.);
#6994=ORIENTED_EDGE('',*,*,#6993,.T.);
#6996=ORIENTED_EDGE('',*,*,#6995,.F.);
#6997=EDGE_LOOP('',(#6990,#6992,#6994,#6996));
#6998=FACE_OUTER_BOUND('',#6997,.F.);
#6999=ADVANCED_FACE('',(#6998),#6989,.F.);
#7000=CARTESIAN_POINT('',(-5.25E1,1.5E2,5.E1));
#7001=DIRECTION('',(0.E0,1.E0,0.E0));
#7002=DIRECTION('',(1.E0,0.E0,0.E0));
#7003=AXIS2_PLACEMENT_3D('',#7000,#7001,#7002);
#7004=CYLINDRICAL_SURFACE('',#7003,3.5E0);
#7005=ORIENTED_EDGE('',*,*,#4154,.F.);
#7006=ORIENTED_EDGE('',*,*,#6995,.T.);
#7008=ORIENTED_EDGE('',*,*,#7007,.T.);
#7009=ORIENTED_EDGE('',*,*,#6991,.F.);
#7010=EDGE_LOOP('',(#7005,#7006,#7008,#7009));
#7011=FACE_OUTER_BOUND('',#7010,.F.);
#7012=ADVANCED_FACE('',(#7011),#7004,.F.);
#7013=CARTESIAN_POINT('',(6.E1,5.E1,6.E1));
#7014=DIRECTION('',(0.E0,1.E0,0.E0));
#7015=DIRECTION('',(1.E0,0.E0,0.E0));
#7016=AXIS2_PLACEMENT_3D('',#7013,#7014,#7015);
#7017=PLANE('',#7016);
#7018=ORIENTED_EDGE('',*,*,#6993,.F.);
#7019=ORIENTED_EDGE('',*,*,#7007,.F.);
#7020=EDGE_LOOP('',(#7018,#7019));
#7021=FACE_OUTER_BOUND('',#7020,.F.);
#7022=ADVANCED_FACE('',(#7021),#7017,.T.);
#7023=CARTESIAN_POINT('',(-4.25E1,1.5E2,5.E1));
#7024=DIRECTION('',(0.E0,1.E0,0.E0));
#7025=DIRECTION('',(1.E0,0.E0,0.E0));
#7026=AXIS2_PLACEMENT_3D('',#7023,#7024,#7025);
#7027=CYLINDRICAL_SURFACE('',#7026,3.5E0);
#7028=ORIENTED_EDGE('',*,*,#4158,.F.);
#7030=ORIENTED_EDGE('',*,*,#7029,.T.);
#7032=ORIENTED_EDGE('',*,*,#7031,.T.);
#7034=ORIENTED_EDGE('',*,*,#7033,.F.);
#7035=EDGE_LOOP('',(#7028,#7030,#7032,#7034));
#7036=FACE_OUTER_BOUND('',#7035,.F.);
#7037=ADVANCED_FACE('',(#7036),#7027,.F.);
#7038=CARTESIAN_POINT('',(-4.25E1,1.5E2,5.E1));
#7039=DIRECTION('',(0.E0,1.E0,0.E0));
#7040=DIRECTION('',(1.E0,0.E0,0.E0));
#7041=AXIS2_PLACEMENT_3D('',#7038,#7039,#7040);
#7042=CYLINDRICAL_SURFACE('',#7041,3.5E0);
#7043=ORIENTED_EDGE('',*,*,#4160,.F.);
#7044=ORIENTED_EDGE('',*,*,#7033,.T.);
#7046=ORIENTED_EDGE('',*,*,#7045,.T.);
#7047=ORIENTED_EDGE('',*,*,#7029,.F.);
#7048=EDGE_LOOP('',(#7043,#7044,#7046,#7047));
#7049=FACE_OUTER_BOUND('',#7048,.F.);
#7050=ADVANCED_FACE('',(#7049),#7042,.F.);
#7051=CARTESIAN_POINT('',(7.E1,5.E1,6.E1));
#7052=DIRECTION('',(0.E0,1.E0,0.E0));
#7053=DIRECTION('',(1.E0,0.E0,0.E0));
#7054=AXIS2_PLACEMENT_3D('',#7051,#7052,#7053);
#7055=PLANE('',#7054);
#7056=ORIENTED_EDGE('',*,*,#7031,.F.);
#7057=ORIENTED_EDGE('',*,*,#7045,.F.);
#7058=EDGE_LOOP('',(#7056,#7057));
#7059=FACE_OUTER_BOUND('',#7058,.F.);
#7060=ADVANCED_FACE('',(#7059),#7055,.T.);
#7061=CARTESIAN_POINT('',(-3.25E1,1.5E2,5.E1));
#7062=DIRECTION('',(0.E0,1.E0,0.E0));
#7063=DIRECTION('',(1.E0,0.E0,0.E0));
#7064=AXIS2_PLACEMENT_3D('',#7061,#7062,#7063);
#7065=CYLINDRICAL_SURFACE('',#7064,3.5E0);
#7066=ORIENTED_EDGE('',*,*,#4164,.F.);
#7068=ORIENTED_EDGE('',*,*,#7067,.T.);
#7070=ORIENTED_EDGE('',*,*,#7069,.T.);
#7072=ORIENTED_EDGE('',*,*,#7071,.F.);
#7073=EDGE_LOOP('',(#7066,#7068,#7070,#7072));
#7074=FACE_OUTER_BOUND('',#7073,.F.);
#7075=ADVANCED_FACE('',(#7074),#7065,.F.);
#7076=CARTESIAN_POINT('',(-3.25E1,1.5E2,5.E1));
#7077=DIRECTION('',(0.E0,1.E0,0.E0));
#7078=DIRECTION('',(1.E0,0.E0,0.E0));
#7079=AXIS2_PLACEMENT_3D('',#7076,#7077,#7078);
#7080=CYLINDRICAL_SURFACE('',#7079,3.5E0);
#7081=ORIENTED_EDGE('',*,*,#4166,.F.);
#7082=ORIENTED_EDGE('',*,*,#7071,.T.);
#7084=ORIENTED_EDGE('',*,*,#7083,.T.);
#7085=ORIENTED_EDGE('',*,*,#7067,.F.);
#7086=EDGE_LOOP('',(#7081,#7082,#7084,#7085));
#7087=FACE_OUTER_BOUND('',#7086,.F.);
#7088=ADVANCED_FACE('',(#7087),#7080,.F.);
#7089=CARTESIAN_POINT('',(8.E1,5.E1,6.E1));
#7090=DIRECTION('',(0.E0,1.E0,0.E0));
#7091=DIRECTION('',(1.E0,0.E0,0.E0));
#7092=AXIS2_PLACEMENT_3D('',#7089,#7090,#7091);
#7093=PLANE('',#7092);
#7094=ORIENTED_EDGE('',*,*,#7069,.F.);
#7095=ORIENTED_EDGE('',*,*,#7083,.F.);
#7096=EDGE_LOOP('',(#7094,#7095));
#7097=FACE_OUTER_BOUND('',#7096,.F.);
#7098=ADVANCED_FACE('',(#7097),#7093,.T.);
#7099=CARTESIAN_POINT('',(-2.25E1,1.5E2,5.E1));
#7100=DIRECTION('',(0.E0,1.E0,0.E0));
#7101=DIRECTION('',(1.E0,0.E0,0.E0));
#7102=AXIS2_PLACEMENT_3D('',#7099,#7100,#7101);
#7103=CYLINDRICAL_SURFACE('',#7102,3.5E0);
#7104=ORIENTED_EDGE('',*,*,#4170,.F.);
#7106=ORIENTED_EDGE('',*,*,#7105,.T.);
#7108=ORIENTED_EDGE('',*,*,#7107,.T.);
#7110=ORIENTED_EDGE('',*,*,#7109,.F.);
#7111=EDGE_LOOP('',(#7104,#7106,#7108,#7110));
#7112=FACE_OUTER_BOUND('',#7111,.F.);
#7113=ADVANCED_FACE('',(#7112),#7103,.F.);
#7114=CARTESIAN_POINT('',(-2.25E1,1.5E2,5.E1));
#7115=DIRECTION('',(0.E0,1.E0,0.E0));
#7116=DIRECTION('',(1.E0,0.E0,0.E0));
#7117=AXIS2_PLACEMENT_3D('',#7114,#7115,#7116);
#7118=CYLINDRICAL_SURFACE('',#7117,3.5E0);
#7119=ORIENTED_EDGE('',*,*,#4172,.F.);
#7120=ORIENTED_EDGE('',*,*,#7109,.T.);
#7122=ORIENTED_EDGE('',*,*,#7121,.T.);
#7123=ORIENTED_EDGE('',*,*,#7105,.F.);
#7124=EDGE_LOOP('',(#7119,#7120,#7122,#7123));
#7125=FACE_OUTER_BOUND('',#7124,.F.);
#7126=ADVANCED_FACE('',(#7125),#7118,.F.);
#7127=CARTESIAN_POINT('',(9.E1,5.E1,6.E1));
#7128=DIRECTION('',(0.E0,1.E0,0.E0));
#7129=DIRECTION('',(1.E0,0.E0,0.E0));
#7130=AXIS2_PLACEMENT_3D('',#7127,#7128,#7129);
#7131=PLANE('',#7130);
#7132=ORIENTED_EDGE('',*,*,#7107,.F.);
#7133=ORIENTED_EDGE('',*,*,#7121,.F.);
#7134=EDGE_LOOP('',(#7132,#7133));
#7135=FACE_OUTER_BOUND('',#7134,.F.);
#7136=ADVANCED_FACE('',(#7135),#7131,.T.);
#7137=CARTESIAN_POINT('',(-1.25E1,1.5E2,5.E1));
#7138=DIRECTION('',(0.E0,1.E0,0.E0));
#7139=DIRECTION('',(1.E0,0.E0,0.E0));
#7140=AXIS2_PLACEMENT_3D('',#7137,#7138,#7139);
#7141=CYLINDRICAL_SURFACE('',#7140,3.5E0);
#7142=ORIENTED_EDGE('',*,*,#4176,.F.);
#7144=ORIENTED_EDGE('',*,*,#7143,.T.);
#7146=ORIENTED_EDGE('',*,*,#7145,.T.);
#7148=ORIENTED_EDGE('',*,*,#7147,.F.);
#7149=EDGE_LOOP('',(#7142,#7144,#7146,#7148));
#7150=FACE_OUTER_BOUND('',#7149,.F.);
#7151=ADVANCED_FACE('',(#7150),#7141,.F.);
#7152=CARTESIAN_POINT('',(-1.25E1,1.5E2,5.E1));
#7153=DIRECTION('',(0.E0,1.E0,0.E0));
#7154=DIRECTION('',(1.E0,0.E0,0.E0));
#7155=AXIS2_PLACEMENT_3D('',#7152,#7153,#7154);
#7156=CYLINDRICAL_SURFACE('',#7155,3.5E0);
#7157=ORIENTED_EDGE('',*,*,#4178,.F.);
#7158=ORIENTED_EDGE('',*,*,#7147,.T.);
#7160=ORIENTED_EDGE('',*,*,#7159,.T.);
#7161=ORIENTED_EDGE('',*,*,#7143,.F.);
#7162=EDGE_LOOP('',(#7157,#7158,#7160,#7161));
#7163=FACE_OUTER_BOUND('',#7162,.F.);
#7164=ADVANCED_FACE('',(#7163),#7156,.F.);
#7165=CARTESIAN_POINT('',(1.E2,5.E1,6.E1));
#7166=DIRECTION('',(0.E0,1.E0,0.E0));
#7167=DIRECTION('',(1.E0,0.E0,0.E0));
#7168=AXIS2_PLACEMENT_3D('',#7165,#7166,#7167);
#7169=PLANE('',#7168);
#7170=ORIENTED_EDGE('',*,*,#7145,.F.);
#7171=ORIENTED_EDGE('',*,*,#7159,.F.);
#7172=EDGE_LOOP('',(#7170,#7171));
#7173=FACE_OUTER_BOUND('',#7172,.F.);
#7174=ADVANCED_FACE('',(#7173),#7169,.T.);
#7175=CARTESIAN_POINT('',(-1.125E2,1.5E2,6.E1));
#7176=DIRECTION('',(0.E0,1.E0,0.E0));
#7177=DIRECTION('',(1.E0,0.E0,0.E0));
#7178=AXIS2_PLACEMENT_3D('',#7175,#7176,#7177);
#7179=CYLINDRICAL_SURFACE('',#7178,3.5E0);
#7180=ORIENTED_EDGE('',*,*,#4182,.F.);
#7182=ORIENTED_EDGE('',*,*,#7181,.T.);
#7184=ORIENTED_EDGE('',*,*,#7183,.T.);
#7186=ORIENTED_EDGE('',*,*,#7185,.F.);
#7187=EDGE_LOOP('',(#7180,#7182,#7184,#7186));
#7188=FACE_OUTER_BOUND('',#7187,.F.);
#7189=ADVANCED_FACE('',(#7188),#7179,.F.);
#7190=CARTESIAN_POINT('',(-1.125E2,1.5E2,6.E1));
#7191=DIRECTION('',(0.E0,1.E0,0.E0));
#7192=DIRECTION('',(1.E0,0.E0,0.E0));
#7193=AXIS2_PLACEMENT_3D('',#7190,#7191,#7192);
#7194=CYLINDRICAL_SURFACE('',#7193,3.5E0);
#7195=ORIENTED_EDGE('',*,*,#4184,.F.);
#7196=ORIENTED_EDGE('',*,*,#7185,.T.);
#7198=ORIENTED_EDGE('',*,*,#7197,.T.);
#7199=ORIENTED_EDGE('',*,*,#7181,.F.);
#7200=EDGE_LOOP('',(#7195,#7196,#7198,#7199));
#7201=FACE_OUTER_BOUND('',#7200,.F.);
#7202=ADVANCED_FACE('',(#7201),#7194,.F.);
#7203=CARTESIAN_POINT('',(0.E0,5.E1,7.E1));
#7204=DIRECTION('',(0.E0,1.E0,0.E0));
#7205=DIRECTION('',(1.E0,0.E0,0.E0));
#7206=AXIS2_PLACEMENT_3D('',#7203,#7204,#7205);
#7207=PLANE('',#7206);
#7208=ORIENTED_EDGE('',*,*,#7183,.F.);
#7209=ORIENTED_EDGE('',*,*,#7197,.F.);
#7210=EDGE_LOOP('',(#7208,#7209));
#7211=FACE_OUTER_BOUND('',#7210,.F.);
#7212=ADVANCED_FACE('',(#7211),#7207,.T.);
#7213=CARTESIAN_POINT('',(-1.025E2,1.5E2,6.E1));
#7214=DIRECTION('',(0.E0,1.E0,0.E0));
#7215=DIRECTION('',(1.E0,0.E0,0.E0));
#7216=AXIS2_PLACEMENT_3D('',#7213,#7214,#7215);
#7217=CYLINDRICAL_SURFACE('',#7216,3.5E0);
#7218=ORIENTED_EDGE('',*,*,#4188,.F.);
#7220=ORIENTED_EDGE('',*,*,#7219,.T.);
#7222=ORIENTED_EDGE('',*,*,#7221,.T.);
#7224=ORIENTED_EDGE('',*,*,#7223,.F.);
#7225=EDGE_LOOP('',(#7218,#7220,#7222,#7224));
#7226=FACE_OUTER_BOUND('',#7225,.F.);
#7227=ADVANCED_FACE('',(#7226),#7217,.F.);
#7228=CARTESIAN_POINT('',(-1.025E2,1.5E2,6.E1));
#7229=DIRECTION('',(0.E0,1.E0,0.E0));
#7230=DIRECTION('',(1.E0,0.E0,0.E0));
#7231=AXIS2_PLACEMENT_3D('',#7228,#7229,#7230);
#7232=CYLINDRICAL_SURFACE('',#7231,3.5E0);
#7233=ORIENTED_EDGE('',*,*,#4190,.F.);
#7234=ORIENTED_EDGE('',*,*,#7223,.T.);
#7236=ORIENTED_EDGE('',*,*,#7235,.T.);
#7237=ORIENTED_EDGE('',*,*,#7219,.F.);
#7238=EDGE_LOOP('',(#7233,#7234,#7236,#7237));
#7239=FACE_OUTER_BOUND('',#7238,.F.);
#7240=ADVANCED_FACE('',(#7239),#7232,.F.);
#7241=CARTESIAN_POINT('',(1.E1,5.E1,7.E1));
#7242=DIRECTION('',(0.E0,1.E0,0.E0));
#7243=DIRECTION('',(1.E0,0.E0,0.E0));
#7244=AXIS2_PLACEMENT_3D('',#7241,#7242,#7243);
#7245=PLANE('',#7244);
#7246=ORIENTED_EDGE('',*,*,#7221,.F.);
#7247=ORIENTED_EDGE('',*,*,#7235,.F.);
#7248=EDGE_LOOP('',(#7246,#7247));
#7249=FACE_OUTER_BOUND('',#7248,.F.);
#7250=ADVANCED_FACE('',(#7249),#7245,.T.);
#7251=CARTESIAN_POINT('',(-9.25E1,1.5E2,6.E1));
#7252=DIRECTION('',(0.E0,1.E0,0.E0));
#7253=DIRECTION('',(1.E0,0.E0,0.E0));
#7254=AXIS2_PLACEMENT_3D('',#7251,#7252,#7253);
#7255=CYLINDRICAL_SURFACE('',#7254,3.5E0);
#7256=ORIENTED_EDGE('',*,*,#4194,.F.);
#7258=ORIENTED_EDGE('',*,*,#7257,.T.);
#7260=ORIENTED_EDGE('',*,*,#7259,.T.);
#7262=ORIENTED_EDGE('',*,*,#7261,.F.);
#7263=EDGE_LOOP('',(#7256,#7258,#7260,#7262));
#7264=FACE_OUTER_BOUND('',#7263,.F.);
#7265=ADVANCED_FACE('',(#7264),#7255,.F.);
#7266=CARTESIAN_POINT('',(-9.25E1,1.5E2,6.E1));
#7267=DIRECTION('',(0.E0,1.E0,0.E0));
#7268=DIRECTION('',(1.E0,0.E0,0.E0));
#7269=AXIS2_PLACEMENT_3D('',#7266,#7267,#7268);
#7270=CYLINDRICAL_SURFACE('',#7269,3.5E0);
#7271=ORIENTED_EDGE('',*,*,#4196,.F.);
#7272=ORIENTED_EDGE('',*,*,#7261,.T.);
#7274=ORIENTED_EDGE('',*,*,#7273,.T.);
#7275=ORIENTED_EDGE('',*,*,#7257,.F.);
#7276=EDGE_LOOP('',(#7271,#7272,#7274,#7275));
#7277=FACE_OUTER_BOUND('',#7276,.F.);
#7278=ADVANCED_FACE('',(#7277),#7270,.F.);
#7279=CARTESIAN_POINT('',(2.E1,5.E1,7.E1));
#7280=DIRECTION('',(0.E0,1.E0,0.E0));
#7281=DIRECTION('',(1.E0,0.E0,0.E0));
#7282=AXIS2_PLACEMENT_3D('',#7279,#7280,#7281);
#7283=PLANE('',#7282);
#7284=ORIENTED_EDGE('',*,*,#7259,.F.);
#7285=ORIENTED_EDGE('',*,*,#7273,.F.);
#7286=EDGE_LOOP('',(#7284,#7285));
#7287=FACE_OUTER_BOUND('',#7286,.F.);
#7288=ADVANCED_FACE('',(#7287),#7283,.T.);
#7289=CARTESIAN_POINT('',(-8.25E1,1.5E2,6.E1));
#7290=DIRECTION('',(0.E0,1.E0,0.E0));
#7291=DIRECTION('',(1.E0,0.E0,0.E0));
#7292=AXIS2_PLACEMENT_3D('',#7289,#7290,#7291);
#7293=CYLINDRICAL_SURFACE('',#7292,3.5E0);
#7294=ORIENTED_EDGE('',*,*,#4200,.F.);
#7296=ORIENTED_EDGE('',*,*,#7295,.T.);
#7298=ORIENTED_EDGE('',*,*,#7297,.T.);
#7300=ORIENTED_EDGE('',*,*,#7299,.F.);
#7301=EDGE_LOOP('',(#7294,#7296,#7298,#7300));
#7302=FACE_OUTER_BOUND('',#7301,.F.);
#7303=ADVANCED_FACE('',(#7302),#7293,.F.);
#7304=CARTESIAN_POINT('',(-8.25E1,1.5E2,6.E1));
#7305=DIRECTION('',(0.E0,1.E0,0.E0));
#7306=DIRECTION('',(1.E0,0.E0,0.E0));
#7307=AXIS2_PLACEMENT_3D('',#7304,#7305,#7306);
#7308=CYLINDRICAL_SURFACE('',#7307,3.5E0);
#7309=ORIENTED_EDGE('',*,*,#4202,.F.);
#7310=ORIENTED_EDGE('',*,*,#7299,.T.);
#7312=ORIENTED_EDGE('',*,*,#7311,.T.);
#7313=ORIENTED_EDGE('',*,*,#7295,.F.);
#7314=EDGE_LOOP('',(#7309,#7310,#7312,#7313));
#7315=FACE_OUTER_BOUND('',#7314,.F.);
#7316=ADVANCED_FACE('',(#7315),#7308,.F.);
#7317=CARTESIAN_POINT('',(3.E1,5.E1,7.E1));
#7318=DIRECTION('',(0.E0,1.E0,0.E0));
#7319=DIRECTION('',(1.E0,0.E0,0.E0));
#7320=AXIS2_PLACEMENT_3D('',#7317,#7318,#7319);
#7321=PLANE('',#7320);
#7322=ORIENTED_EDGE('',*,*,#7297,.F.);
#7323=ORIENTED_EDGE('',*,*,#7311,.F.);
#7324=EDGE_LOOP('',(#7322,#7323));
#7325=FACE_OUTER_BOUND('',#7324,.F.);
#7326=ADVANCED_FACE('',(#7325),#7321,.T.);
#7327=CARTESIAN_POINT('',(-7.25E1,1.5E2,6.E1));
#7328=DIRECTION('',(0.E0,1.E0,0.E0));
#7329=DIRECTION('',(1.E0,0.E0,0.E0));
#7330=AXIS2_PLACEMENT_3D('',#7327,#7328,#7329);
#7331=CYLINDRICAL_SURFACE('',#7330,3.5E0);
#7332=ORIENTED_EDGE('',*,*,#4206,.F.);
#7334=ORIENTED_EDGE('',*,*,#7333,.T.);
#7336=ORIENTED_EDGE('',*,*,#7335,.T.);
#7338=ORIENTED_EDGE('',*,*,#7337,.F.);
#7339=EDGE_LOOP('',(#7332,#7334,#7336,#7338));
#7340=FACE_OUTER_BOUND('',#7339,.F.);
#7341=ADVANCED_FACE('',(#7340),#7331,.F.);
#7342=CARTESIAN_POINT('',(-7.25E1,1.5E2,6.E1));
#7343=DIRECTION('',(0.E0,1.E0,0.E0));
#7344=DIRECTION('',(1.E0,0.E0,0.E0));
#7345=AXIS2_PLACEMENT_3D('',#7342,#7343,#7344);
#7346=CYLINDRICAL_SURFACE('',#7345,3.5E0);
#7347=ORIENTED_EDGE('',*,*,#4208,.F.);
#7348=ORIENTED_EDGE('',*,*,#7337,.T.);
#7350=ORIENTED_EDGE('',*,*,#7349,.T.);
#7351=ORIENTED_EDGE('',*,*,#7333,.F.);
#7352=EDGE_LOOP('',(#7347,#7348,#7350,#7351));
#7353=FACE_OUTER_BOUND('',#7352,.F.);
#7354=ADVANCED_FACE('',(#7353),#7346,.F.);
#7355=CARTESIAN_POINT('',(4.E1,5.E1,7.E1));
#7356=DIRECTION('',(0.E0,1.E0,0.E0));
#7357=DIRECTION('',(1.E0,0.E0,0.E0));
#7358=AXIS2_PLACEMENT_3D('',#7355,#7356,#7357);
#7359=PLANE('',#7358);
#7360=ORIENTED_EDGE('',*,*,#7335,.F.);
#7361=ORIENTED_EDGE('',*,*,#7349,.F.);
#7362=EDGE_LOOP('',(#7360,#7361));
#7363=FACE_OUTER_BOUND('',#7362,.F.);
#7364=ADVANCED_FACE('',(#7363),#7359,.T.);
#7365=CARTESIAN_POINT('',(-6.25E1,1.5E2,6.E1));
#7366=DIRECTION('',(0.E0,1.E0,0.E0));
#7367=DIRECTION('',(1.E0,0.E0,0.E0));
#7368=AXIS2_PLACEMENT_3D('',#7365,#7366,#7367);
#7369=CYLINDRICAL_SURFACE('',#7368,3.5E0);
#7370=ORIENTED_EDGE('',*,*,#4212,.F.);
#7372=ORIENTED_EDGE('',*,*,#7371,.T.);
#7374=ORIENTED_EDGE('',*,*,#7373,.T.);
#7376=ORIENTED_EDGE('',*,*,#7375,.F.);
#7377=EDGE_LOOP('',(#7370,#7372,#7374,#7376));
#7378=FACE_OUTER_BOUND('',#7377,.F.);
#7379=ADVANCED_FACE('',(#7378),#7369,.F.);
#7380=CARTESIAN_POINT('',(-6.25E1,1.5E2,6.E1));
#7381=DIRECTION('',(0.E0,1.E0,0.E0));
#7382=DIRECTION('',(1.E0,0.E0,0.E0));
#7383=AXIS2_PLACEMENT_3D('',#7380,#7381,#7382);
#7384=CYLINDRICAL_SURFACE('',#7383,3.5E0);
#7385=ORIENTED_EDGE('',*,*,#4214,.F.);
#7386=ORIENTED_EDGE('',*,*,#7375,.T.);
#7388=ORIENTED_EDGE('',*,*,#7387,.T.);
#7389=ORIENTED_EDGE('',*,*,#7371,.F.);
#7390=EDGE_LOOP('',(#7385,#7386,#7388,#7389));
#7391=FACE_OUTER_BOUND('',#7390,.F.);
#7392=ADVANCED_FACE('',(#7391),#7384,.F.);
#7393=CARTESIAN_POINT('',(5.E1,5.E1,7.E1));
#7394=DIRECTION('',(0.E0,1.E0,0.E0));
#7395=DIRECTION('',(1.E0,0.E0,0.E0));
#7396=AXIS2_PLACEMENT_3D('',#7393,#7394,#7395);
#7397=PLANE('',#7396);
#7398=ORIENTED_EDGE('',*,*,#7373,.F.);
#7399=ORIENTED_EDGE('',*,*,#7387,.F.);
#7400=EDGE_LOOP('',(#7398,#7399));
#7401=FACE_OUTER_BOUND('',#7400,.F.);
#7402=ADVANCED_FACE('',(#7401),#7397,.T.);
#7403=CARTESIAN_POINT('',(-5.25E1,1.5E2,6.E1));
#7404=DIRECTION('',(0.E0,1.E0,0.E0));
#7405=DIRECTION('',(1.E0,0.E0,0.E0));
#7406=AXIS2_PLACEMENT_3D('',#7403,#7404,#7405);
#7407=CYLINDRICAL_SURFACE('',#7406,3.5E0);
#7408=ORIENTED_EDGE('',*,*,#4218,.F.);
#7410=ORIENTED_EDGE('',*,*,#7409,.T.);
#7412=ORIENTED_EDGE('',*,*,#7411,.T.);
#7414=ORIENTED_EDGE('',*,*,#7413,.F.);
#7415=EDGE_LOOP('',(#7408,#7410,#7412,#7414));
#7416=FACE_OUTER_BOUND('',#7415,.F.);
#7417=ADVANCED_FACE('',(#7416),#7407,.F.);
#7418=CARTESIAN_POINT('',(-5.25E1,1.5E2,6.E1));
#7419=DIRECTION('',(0.E0,1.E0,0.E0));
#7420=DIRECTION('',(1.E0,0.E0,0.E0));
#7421=AXIS2_PLACEMENT_3D('',#7418,#7419,#7420);
#7422=CYLINDRICAL_SURFACE('',#7421,3.5E0);
#7423=ORIENTED_EDGE('',*,*,#4220,.F.);
#7424=ORIENTED_EDGE('',*,*,#7413,.T.);
#7426=ORIENTED_EDGE('',*,*,#7425,.T.);
#7427=ORIENTED_EDGE('',*,*,#7409,.F.);
#7428=EDGE_LOOP('',(#7423,#7424,#7426,#7427));
#7429=FACE_OUTER_BOUND('',#7428,.F.);
#7430=ADVANCED_FACE('',(#7429),#7422,.F.);
#7431=CARTESIAN_POINT('',(6.E1,5.E1,7.E1));
#7432=DIRECTION('',(0.E0,1.E0,0.E0));
#7433=DIRECTION('',(1.E0,0.E0,0.E0));
#7434=AXIS2_PLACEMENT_3D('',#7431,#7432,#7433);
#7435=PLANE('',#7434);
#7436=ORIENTED_EDGE('',*,*,#7411,.F.);
#7437=ORIENTED_EDGE('',*,*,#7425,.F.);
#7438=EDGE_LOOP('',(#7436,#7437));
#7439=FACE_OUTER_BOUND('',#7438,.F.);
#7440=ADVANCED_FACE('',(#7439),#7435,.T.);
#7441=CARTESIAN_POINT('',(-4.25E1,1.5E2,6.E1));
#7442=DIRECTION('',(0.E0,1.E0,0.E0));
#7443=DIRECTION('',(1.E0,0.E0,0.E0));
#7444=AXIS2_PLACEMENT_3D('',#7441,#7442,#7443);
#7445=CYLINDRICAL_SURFACE('',#7444,3.5E0);
#7446=ORIENTED_EDGE('',*,*,#4224,.F.);
#7448=ORIENTED_EDGE('',*,*,#7447,.T.);
#7450=ORIENTED_EDGE('',*,*,#7449,.T.);
#7452=ORIENTED_EDGE('',*,*,#7451,.F.);
#7453=EDGE_LOOP('',(#7446,#7448,#7450,#7452));
#7454=FACE_OUTER_BOUND('',#7453,.F.);
#7455=ADVANCED_FACE('',(#7454),#7445,.F.);
#7456=CARTESIAN_POINT('',(-4.25E1,1.5E2,6.E1));
#7457=DIRECTION('',(0.E0,1.E0,0.E0));
#7458=DIRECTION('',(1.E0,0.E0,0.E0));
#7459=AXIS2_PLACEMENT_3D('',#7456,#7457,#7458);
#7460=CYLINDRICAL_SURFACE('',#7459,3.5E0);
#7461=ORIENTED_EDGE('',*,*,#4226,.F.);
#7462=ORIENTED_EDGE('',*,*,#7451,.T.);
#7464=ORIENTED_EDGE('',*,*,#7463,.T.);
#7465=ORIENTED_EDGE('',*,*,#7447,.F.);
#7466=EDGE_LOOP('',(#7461,#7462,#7464,#7465));
#7467=FACE_OUTER_BOUND('',#7466,.F.);
#7468=ADVANCED_FACE('',(#7467),#7460,.F.);
#7469=CARTESIAN_POINT('',(7.E1,5.E1,7.E1));
#7470=DIRECTION('',(0.E0,1.E0,0.E0));
#7471=DIRECTION('',(1.E0,0.E0,0.E0));
#7472=AXIS2_PLACEMENT_3D('',#7469,#7470,#7471);
#7473=PLANE('',#7472);
#7474=ORIENTED_EDGE('',*,*,#7449,.F.);
#7475=ORIENTED_EDGE('',*,*,#7463,.F.);
#7476=EDGE_LOOP('',(#7474,#7475));
#7477=FACE_OUTER_BOUND('',#7476,.F.);
#7478=ADVANCED_FACE('',(#7477),#7473,.T.);
#7479=CARTESIAN_POINT('',(-3.25E1,1.5E2,6.E1));
#7480=DIRECTION('',(0.E0,1.E0,0.E0));
#7481=DIRECTION('',(1.E0,0.E0,0.E0));
#7482=AXIS2_PLACEMENT_3D('',#7479,#7480,#7481);
#7483=CYLINDRICAL_SURFACE('',#7482,3.5E0);
#7484=ORIENTED_EDGE('',*,*,#4230,.F.);
#7486=ORIENTED_EDGE('',*,*,#7485,.T.);
#7488=ORIENTED_EDGE('',*,*,#7487,.T.);
#7490=ORIENTED_EDGE('',*,*,#7489,.F.);
#7491=EDGE_LOOP('',(#7484,#7486,#7488,#7490));
#7492=FACE_OUTER_BOUND('',#7491,.F.);
#7493=ADVANCED_FACE('',(#7492),#7483,.F.);
#7494=CARTESIAN_POINT('',(-3.25E1,1.5E2,6.E1));
#7495=DIRECTION('',(0.E0,1.E0,0.E0));
#7496=DIRECTION('',(1.E0,0.E0,0.E0));
#7497=AXIS2_PLACEMENT_3D('',#7494,#7495,#7496);
#7498=CYLINDRICAL_SURFACE('',#7497,3.5E0);
#7499=ORIENTED_EDGE('',*,*,#4232,.F.);
#7500=ORIENTED_EDGE('',*,*,#7489,.T.);
#7502=ORIENTED_EDGE('',*,*,#7501,.T.);
#7503=ORIENTED_EDGE('',*,*,#7485,.F.);
#7504=EDGE_LOOP('',(#7499,#7500,#7502,#7503));
#7505=FACE_OUTER_BOUND('',#7504,.F.);
#7506=ADVANCED_FACE('',(#7505),#7498,.F.);
#7507=CARTESIAN_POINT('',(8.E1,5.E1,7.E1));
#7508=DIRECTION('',(0.E0,1.E0,0.E0));
#7509=DIRECTION('',(1.E0,0.E0,0.E0));
#7510=AXIS2_PLACEMENT_3D('',#7507,#7508,#7509);
#7511=PLANE('',#7510);
#7512=ORIENTED_EDGE('',*,*,#7487,.F.);
#7513=ORIENTED_EDGE('',*,*,#7501,.F.);
#7514=EDGE_LOOP('',(#7512,#7513));
#7515=FACE_OUTER_BOUND('',#7514,.F.);
#7516=ADVANCED_FACE('',(#7515),#7511,.T.);
#7517=CARTESIAN_POINT('',(-2.25E1,1.5E2,6.E1));
#7518=DIRECTION('',(0.E0,1.E0,0.E0));
#7519=DIRECTION('',(1.E0,0.E0,0.E0));
#7520=AXIS2_PLACEMENT_3D('',#7517,#7518,#7519);
#7521=CYLINDRICAL_SURFACE('',#7520,3.5E0);
#7522=ORIENTED_EDGE('',*,*,#4236,.F.);
#7524=ORIENTED_EDGE('',*,*,#7523,.T.);
#7526=ORIENTED_EDGE('',*,*,#7525,.T.);
#7528=ORIENTED_EDGE('',*,*,#7527,.F.);
#7529=EDGE_LOOP('',(#7522,#7524,#7526,#7528));
#7530=FACE_OUTER_BOUND('',#7529,.F.);
#7531=ADVANCED_FACE('',(#7530),#7521,.F.);
#7532=CARTESIAN_POINT('',(-2.25E1,1.5E2,6.E1));
#7533=DIRECTION('',(0.E0,1.E0,0.E0));
#7534=DIRECTION('',(1.E0,0.E0,0.E0));
#7535=AXIS2_PLACEMENT_3D('',#7532,#7533,#7534);
#7536=CYLINDRICAL_SURFACE('',#7535,3.5E0);
#7537=ORIENTED_EDGE('',*,*,#4238,.F.);
#7538=ORIENTED_EDGE('',*,*,#7527,.T.);
#7540=ORIENTED_EDGE('',*,*,#7539,.T.);
#7541=ORIENTED_EDGE('',*,*,#7523,.F.);
#7542=EDGE_LOOP('',(#7537,#7538,#7540,#7541));
#7543=FACE_OUTER_BOUND('',#7542,.F.);
#7544=ADVANCED_FACE('',(#7543),#7536,.F.);
#7545=CARTESIAN_POINT('',(9.E1,5.E1,7.E1));
#7546=DIRECTION('',(0.E0,1.E0,0.E0));
#7547=DIRECTION('',(1.E0,0.E0,0.E0));
#7548=AXIS2_PLACEMENT_3D('',#7545,#7546,#7547);
#7549=PLANE('',#7548);
#7550=ORIENTED_EDGE('',*,*,#7525,.F.);
#7551=ORIENTED_EDGE('',*,*,#7539,.F.);
#7552=EDGE_LOOP('',(#7550,#7551));
#7553=FACE_OUTER_BOUND('',#7552,.F.);
#7554=ADVANCED_FACE('',(#7553),#7549,.T.);
#7555=CARTESIAN_POINT('',(-1.25E1,1.5E2,6.E1));
#7556=DIRECTION('',(0.E0,1.E0,0.E0));
#7557=DIRECTION('',(1.E0,0.E0,0.E0));
#7558=AXIS2_PLACEMENT_3D('',#7555,#7556,#7557);
#7559=CYLINDRICAL_SURFACE('',#7558,3.5E0);
#7560=ORIENTED_EDGE('',*,*,#4242,.F.);
#7562=ORIENTED_EDGE('',*,*,#7561,.T.);
#7564=ORIENTED_EDGE('',*,*,#7563,.T.);
#7566=ORIENTED_EDGE('',*,*,#7565,.F.);
#7567=EDGE_LOOP('',(#7560,#7562,#7564,#7566));
#7568=FACE_OUTER_BOUND('',#7567,.F.);
#7569=ADVANCED_FACE('',(#7568),#7559,.F.);
#7570=CARTESIAN_POINT('',(-1.25E1,1.5E2,6.E1));
#7571=DIRECTION('',(0.E0,1.E0,0.E0));
#7572=DIRECTION('',(1.E0,0.E0,0.E0));
#7573=AXIS2_PLACEMENT_3D('',#7570,#7571,#7572);
#7574=CYLINDRICAL_SURFACE('',#7573,3.5E0);
#7575=ORIENTED_EDGE('',*,*,#4244,.F.);
#7576=ORIENTED_EDGE('',*,*,#7565,.T.);
#7578=ORIENTED_EDGE('',*,*,#7577,.T.);
#7579=ORIENTED_EDGE('',*,*,#7561,.F.);
#7580=EDGE_LOOP('',(#7575,#7576,#7578,#7579));
#7581=FACE_OUTER_BOUND('',#7580,.F.);
#7582=ADVANCED_FACE('',(#7581),#7574,.F.);
#7583=CARTESIAN_POINT('',(1.E2,5.E1,7.E1));
#7584=DIRECTION('',(0.E0,1.E0,0.E0));
#7585=DIRECTION('',(1.E0,0.E0,0.E0));
#7586=AXIS2_PLACEMENT_3D('',#7583,#7584,#7585);
#7587=PLANE('',#7586);
#7588=ORIENTED_EDGE('',*,*,#7563,.F.);
#7589=ORIENTED_EDGE('',*,*,#7577,.F.);
#7590=EDGE_LOOP('',(#7588,#7589));
#7591=FACE_OUTER_BOUND('',#7590,.F.);
#7592=ADVANCED_FACE('',(#7591),#7587,.T.);
#7593=CARTESIAN_POINT('',(7.5E0,0.E0,6.5E1));
#7594=DIRECTION('',(1.E0,0.E0,0.E0));
#7595=DIRECTION('',(0.E0,0.E0,-1.E0));
#7596=AXIS2_PLACEMENT_3D('',#7593,#7594,#7595);
#7597=PLANE('',#7596);
#7598=ORIENTED_EDGE('',*,*,#3450,.F.);
#7599=ORIENTED_EDGE('',*,*,#3701,.T.);
#7600=ORIENTED_EDGE('',*,*,#3546,.T.);
#7601=ORIENTED_EDGE('',*,*,#3671,.F.);
#7602=EDGE_LOOP('',(#7598,#7599,#7600,#7601));
#7603=FACE_OUTER_BOUND('',#7602,.F.);
#7604=ADVANCED_FACE('',(#7603),#7597,.T.);
#7605=CARTESIAN_POINT('',(-1.325E2,0.E0,-1.5E1));
#7606=DIRECTION('',(-1.E0,0.E0,0.E0));
#7607=DIRECTION('',(0.E0,0.E0,1.E0));
#7608=AXIS2_PLACEMENT_3D('',#7605,#7606,#7607);
#7609=PLANE('',#7608);
#7610=ORIENTED_EDGE('',*,*,#3446,.F.);
#7611=ORIENTED_EDGE('',*,*,#3668,.T.);
#7612=ORIENTED_EDGE('',*,*,#3518,.T.);
#7613=ORIENTED_EDGE('',*,*,#3704,.F.);
#7614=EDGE_LOOP('',(#7610,#7611,#7612,#7613));
#7615=FACE_OUTER_BOUND('',#7614,.F.);
#7616=ADVANCED_FACE('',(#7615),#7609,.T.);
#7620=DIMENSIONAL_EXPONENTS(0.E0,0.E0,0.E0,0.E0,0.E0,0.E0,0.E0);
#7622=PLANE_ANGLE_MEASURE_WITH_UNIT(PLANE_ANGLE_MEASURE(1.745329251994E-2),
#7621);
#7623=(CONVERSION_BASED_UNIT('DEGREE',#7622)NAMED_UNIT(*)PLANE_ANGLE_UNIT());
#7625=UNCERTAINTY_MEASURE_WITH_UNIT(LENGTH_MEASURE(9.906E-3),#7619,'closure',
'Maximum model space distance between geometric entities at asserted connectivities');
#7626=(GEOMETRIC_REPRESENTATION_CONTEXT(3)GLOBAL_UNCERTAINTY_ASSIGNED_CONTEXT((
#7625))GLOBAL_UNIT_ASSIGNED_CONTEXT((#7619,#7623,#7624))REPRESENTATION_CONTEXT(
'ID1','3'));
#7628=APPLICATION_CONTEXT(
'CONFIGURATION CONTROLLED 3D DESIGNS OF MECHANICAL PARTS AND ASSEMBLIES');
#7629=APPLICATION_PROTOCOL_DEFINITION('international standard',
'config_control_design',1994,#7628);
#7630=DESIGN_CONTEXT('',#7628,'design');
#7631=MECHANICAL_CONTEXT('',#7628,'mechanical');
#7632=PRODUCT('PIPETTIPRACK','PIPETTIPRACK','NOT SPECIFIED',(#7631));
#7633=PRODUCT_DEFINITION_FORMATION_WITH_SPECIFIED_SOURCE('3','LAST_VERSION',
#7632,.MADE.);
#7637=PRODUCT_CATEGORY('part','');
#7638=PRODUCT_RELATED_PRODUCT_CATEGORY('detail','',(#7632));
#7639=PRODUCT_CATEGORY_RELATIONSHIP('','',#7637,#7638);
#7640=SECURITY_CLASSIFICATION_LEVEL('unclassified');
#7641=SECURITY_CLASSIFICATION('','',#7640);
#7642=CC_DESIGN_SECURITY_CLASSIFICATION(#7641,(#7633));
#7643=APPROVAL_STATUS('approved');
#7644=APPROVAL(#7643,'');
#7645=CC_DESIGN_APPROVAL(#7644,(#7641,#7633,#7634));
#7646=CALENDAR_DATE(126,4,6);
#7647=COORDINATED_UNIVERSAL_TIME_OFFSET(9,0,.AHEAD.);
#7648=LOCAL_TIME(13,37,4.7E1,#7647);
#7649=DATE_AND_TIME(#7646,#7648);
#7650=APPROVAL_DATE_TIME(#7649,#7644);
#7651=DATE_TIME_ROLE('creation_date');
#7652=CC_DESIGN_DATE_AND_TIME_ASSIGNMENT(#7649,#7651,(#7634));
#7653=DATE_TIME_ROLE('classification_date');
#7654=CC_DESIGN_DATE_AND_TIME_ASSIGNMENT(#7649,#7653,(#7641));
#7655=PERSON('UNSPECIFIED','UNSPECIFIED',$,$,$,$);
#7656=ORGANIZATION('UNSPECIFIED','UNSPECIFIED','UNSPECIFIED');
#7657=PERSON_AND_ORGANIZATION(#7655,#7656);
#7658=APPROVAL_ROLE('approver');
#7659=APPROVAL_PERSON_ORGANIZATION(#7657,#7644,#7658);
#7660=PERSON_AND_ORGANIZATION_ROLE('creator');
#7661=CC_DESIGN_PERSON_AND_ORGANIZATION_ASSIGNMENT(#7657,#7660,(#7633,#7634));
#7662=PERSON_AND_ORGANIZATION_ROLE('design_supplier');
#7663=CC_DESIGN_PERSON_AND_ORGANIZATION_ASSIGNMENT(#7657,#7662,(#7633));
#7664=PERSON_AND_ORGANIZATION_ROLE('classification_officer');
#7665=CC_DESIGN_PERSON_AND_ORGANIZATION_ASSIGNMENT(#7657,#7664,(#7641));
#7666=PERSON_AND_ORGANIZATION_ROLE('design_owner');
#7667=CC_DESIGN_PERSON_AND_ORGANIZATION_ASSIGNMENT(#7657,#7666,(#7632));
#5=CIRCLE('',#4,3.5E0);
#10=CIRCLE('',#9,3.5E0);
#15=CIRCLE('',#14,3.5E0);
#20=CIRCLE('',#19,3.5E0);
#25=CIRCLE('',#24,3.5E0);
#30=CIRCLE('',#29,3.5E0);
#35=CIRCLE('',#34,3.5E0);
#40=CIRCLE('',#39,3.5E0);
#69=CIRCLE('',#68,3.5E0);
#74=CIRCLE('',#73,3.5E0);
#79=CIRCLE('',#78,3.5E0);
#84=CIRCLE('',#83,3.5E0);
#89=CIRCLE('',#88,3.5E0);
#94=CIRCLE('',#93,3.5E0);
#99=CIRCLE('',#98,3.5E0);
#104=CIRCLE('',#103,3.5E0);
#205=CIRCLE('',#204,3.5E0);
#210=CIRCLE('',#209,3.5E0);
#215=CIRCLE('',#214,3.5E0);
#220=CIRCLE('',#219,3.5E0);
#225=CIRCLE('',#224,3.5E0);
#230=CIRCLE('',#229,3.5E0);
#235=CIRCLE('',#234,3.5E0);
#240=CIRCLE('',#239,3.5E0);
#245=CIRCLE('',#244,3.5E0);
#250=CIRCLE('',#249,3.5E0);
#255=CIRCLE('',#254,3.5E0);
#260=CIRCLE('',#259,3.5E0);
#265=CIRCLE('',#264,3.5E0);
#270=CIRCLE('',#269,3.5E0);
#275=CIRCLE('',#274,3.5E0);
#280=CIRCLE('',#279,3.5E0);
#285=CIRCLE('',#284,3.5E0);
#290=CIRCLE('',#289,3.5E0);
#295=CIRCLE('',#294,3.5E0);
#300=CIRCLE('',#299,3.5E0);
#305=CIRCLE('',#304,3.5E0);
#310=CIRCLE('',#309,3.5E0);
#315=CIRCLE('',#314,3.5E0);
#320=CIRCLE('',#319,3.5E0);
#325=CIRCLE('',#324,3.5E0);
#330=CIRCLE('',#329,3.5E0);
#335=CIRCLE('',#334,3.5E0);
#340=CIRCLE('',#339,3.5E0);
#345=CIRCLE('',#344,3.5E0);
#350=CIRCLE('',#349,3.5E0);
#355=CIRCLE('',#354,3.5E0);
#360=CIRCLE('',#359,3.5E0);
#365=CIRCLE('',#364,3.5E0);
#370=CIRCLE('',#369,3.5E0);
#375=CIRCLE('',#374,3.5E0);
#380=CIRCLE('',#379,3.5E0);
#385=CIRCLE('',#384,3.5E0);
#390=CIRCLE('',#389,3.5E0);
#395=CIRCLE('',#394,3.5E0);
#400=CIRCLE('',#399,3.5E0);
#405=CIRCLE('',#404,3.5E0);
#410=CIRCLE('',#409,3.5E0);
#415=CIRCLE('',#414,3.5E0);
#420=CIRCLE('',#419,3.5E0);
#425=CIRCLE('',#424,3.5E0);
#430=CIRCLE('',#429,3.5E0);
#435=CIRCLE('',#434,3.5E0);
#440=CIRCLE('',#439,3.5E0);
#445=CIRCLE('',#444,3.5E0);
#450=CIRCLE('',#449,3.5E0);
#455=CIRCLE('',#454,3.5E0);
#460=CIRCLE('',#459,3.5E0);
#465=CIRCLE('',#464,3.5E0);
#470=CIRCLE('',#469,3.5E0);
#475=CIRCLE('',#474,3.5E0);
#480=CIRCLE('',#479,3.5E0);
#485=CIRCLE('',#484,3.5E0);
#490=CIRCLE('',#489,3.5E0);
#495=CIRCLE('',#494,3.5E0);
#500=CIRCLE('',#499,3.5E0);
#505=CIRCLE('',#504,3.5E0);
#510=CIRCLE('',#509,3.5E0);
#515=CIRCLE('',#514,3.5E0);
#520=CIRCLE('',#519,3.5E0);
#525=CIRCLE('',#524,3.5E0);
#530=CIRCLE('',#529,3.5E0);
#535=CIRCLE('',#534,3.5E0);
#540=CIRCLE('',#539,3.5E0);
#545=CIRCLE('',#544,3.5E0);
#550=CIRCLE('',#549,3.5E0);
#555=CIRCLE('',#554,3.5E0);
#560=CIRCLE('',#559,3.5E0);
#565=CIRCLE('',#564,3.5E0);
#570=CIRCLE('',#569,3.5E0);
#575=CIRCLE('',#574,3.5E0);
#580=CIRCLE('',#579,3.5E0);
#585=CIRCLE('',#584,3.5E0);
#590=CIRCLE('',#589,3.5E0);
#595=CIRCLE('',#594,3.5E0);
#600=CIRCLE('',#599,3.5E0);
#605=CIRCLE('',#604,3.5E0);
#610=CIRCLE('',#609,3.5E0);
#615=CIRCLE('',#614,3.5E0);
#620=CIRCLE('',#619,3.5E0);
#625=CIRCLE('',#624,3.5E0);
#630=CIRCLE('',#629,3.5E0);
#635=CIRCLE('',#634,3.5E0);
#640=CIRCLE('',#639,3.5E0);
#645=CIRCLE('',#644,3.5E0);
#650=CIRCLE('',#649,3.5E0);
#655=CIRCLE('',#654,3.5E0);
#660=CIRCLE('',#659,3.5E0);
#665=CIRCLE('',#664,3.5E0);
#670=CIRCLE('',#669,3.5E0);
#675=CIRCLE('',#674,3.5E0);
#680=CIRCLE('',#679,3.5E0);
#685=CIRCLE('',#684,3.5E0);
#690=CIRCLE('',#689,3.5E0);
#695=CIRCLE('',#694,3.5E0);
#700=CIRCLE('',#699,3.5E0);
#705=CIRCLE('',#704,3.5E0);
#710=CIRCLE('',#709,3.5E0);
#715=CIRCLE('',#714,3.5E0);
#720=CIRCLE('',#719,3.5E0);
#725=CIRCLE('',#724,3.5E0);
#730=CIRCLE('',#729,3.5E0);
#735=CIRCLE('',#734,3.5E0);
#740=CIRCLE('',#739,3.5E0);
#745=CIRCLE('',#744,3.5E0);
#750=CIRCLE('',#749,3.5E0);
#755=CIRCLE('',#754,3.5E0);
#760=CIRCLE('',#759,3.5E0);
#765=CIRCLE('',#764,3.5E0);
#770=CIRCLE('',#769,3.5E0);
#775=CIRCLE('',#774,3.5E0);
#780=CIRCLE('',#779,3.5E0);
#785=CIRCLE('',#784,3.5E0);
#790=CIRCLE('',#789,3.5E0);
#795=CIRCLE('',#794,3.5E0);
#800=CIRCLE('',#799,3.5E0);
#805=CIRCLE('',#804,3.5E0);
#810=CIRCLE('',#809,3.5E0);
#815=CIRCLE('',#814,3.5E0);
#820=CIRCLE('',#819,3.5E0);
#825=CIRCLE('',#824,3.5E0);
#830=CIRCLE('',#829,3.5E0);
#835=CIRCLE('',#834,3.5E0);
#840=CIRCLE('',#839,3.5E0);
#845=CIRCLE('',#844,3.5E0);
#850=CIRCLE('',#849,3.5E0);
#855=CIRCLE('',#854,3.5E0);
#860=CIRCLE('',#859,3.5E0);
#865=CIRCLE('',#864,3.5E0);
#870=CIRCLE('',#869,3.5E0);
#875=CIRCLE('',#874,3.5E0);
#880=CIRCLE('',#879,3.5E0);
#885=CIRCLE('',#884,3.5E0);
#890=CIRCLE('',#889,3.5E0);
#895=CIRCLE('',#894,3.5E0);
#900=CIRCLE('',#899,3.5E0);
#905=CIRCLE('',#904,3.5E0);
#910=CIRCLE('',#909,3.5E0);
#915=CIRCLE('',#914,3.5E0);
#920=CIRCLE('',#919,3.5E0);
#925=CIRCLE('',#924,3.5E0);
#930=CIRCLE('',#929,3.5E0);
#935=CIRCLE('',#934,3.5E0);
#940=CIRCLE('',#939,3.5E0);
#945=CIRCLE('',#944,3.5E0);
#950=CIRCLE('',#949,3.5E0);
#955=CIRCLE('',#954,3.5E0);
#960=CIRCLE('',#959,3.5E0);
#965=CIRCLE('',#964,3.5E0);
#970=CIRCLE('',#969,3.5E0);
#975=CIRCLE('',#974,3.5E0);
#980=CIRCLE('',#979,3.5E0);
#985=CIRCLE('',#984,3.5E0);
#990=CIRCLE('',#989,3.5E0);
#995=CIRCLE('',#994,3.5E0);
#1000=CIRCLE('',#999,3.5E0);
#1005=CIRCLE('',#1004,3.5E0);
#1010=CIRCLE('',#1009,3.5E0);
#1015=CIRCLE('',#1014,3.5E0);
#1020=CIRCLE('',#1019,3.5E0);
#1025=CIRCLE('',#1024,3.5E0);
#1030=CIRCLE('',#1029,3.5E0);
#1035=CIRCLE('',#1034,3.5E0);
#1040=CIRCLE('',#1039,3.5E0);
#1045=CIRCLE('',#1044,3.5E0);
#1050=CIRCLE('',#1049,3.5E0);
#1055=CIRCLE('',#1054,3.5E0);
#1060=CIRCLE('',#1059,3.5E0);
#1065=CIRCLE('',#1064,3.5E0);
#1070=CIRCLE('',#1069,3.5E0);
#1075=CIRCLE('',#1074,3.5E0);
#1080=CIRCLE('',#1079,3.5E0);
#1093=CIRCLE('',#1092,3.5E0);
#1098=CIRCLE('',#1097,3.5E0);
#1111=CIRCLE('',#1110,3.5E0);
#1116=CIRCLE('',#1115,3.5E0);
#1129=CIRCLE('',#1128,3.5E0);
#1134=CIRCLE('',#1133,3.5E0);
#1147=CIRCLE('',#1146,3.5E0);
#1152=CIRCLE('',#1151,3.5E0);
#1165=CIRCLE('',#1164,3.5E0);
#1170=CIRCLE('',#1169,3.5E0);
#1183=CIRCLE('',#1182,3.5E0);
#1188=CIRCLE('',#1187,3.5E0);
#1201=CIRCLE('',#1200,3.5E0);
#1206=CIRCLE('',#1205,3.5E0);
#1219=CIRCLE('',#1218,3.5E0);
#1224=CIRCLE('',#1223,3.5E0);
#1237=CIRCLE('',#1236,3.5E0);
#1242=CIRCLE('',#1241,3.5E0);
#1255=CIRCLE('',#1254,3.5E0);
#1260=CIRCLE('',#1259,3.5E0);
#1273=CIRCLE('',#1272,3.5E0);
#1278=CIRCLE('',#1277,3.5E0);
#1291=CIRCLE('',#1290,3.5E0);
#1296=CIRCLE('',#1295,3.5E0);
#1309=CIRCLE('',#1308,3.5E0);
#1314=CIRCLE('',#1313,3.5E0);
#1327=CIRCLE('',#1326,3.5E0);
#1332=CIRCLE('',#1331,3.5E0);
#1345=CIRCLE('',#1344,3.5E0);
#1350=CIRCLE('',#1349,3.5E0);
#1363=CIRCLE('',#1362,3.5E0);
#1368=CIRCLE('',#1367,3.5E0);
#1381=CIRCLE('',#1380,3.5E0);
#1386=CIRCLE('',#1385,3.5E0);
#1399=CIRCLE('',#1398,3.5E0);
#1404=CIRCLE('',#1403,3.5E0);
#1417=CIRCLE('',#1416,3.5E0);
#1422=CIRCLE('',#1421,3.5E0);
#1435=CIRCLE('',#1434,3.5E0);
#1440=CIRCLE('',#1439,3.5E0);
#1453=CIRCLE('',#1452,3.5E0);
#1458=CIRCLE('',#1457,3.5E0);
#1471=CIRCLE('',#1470,3.5E0);
#1476=CIRCLE('',#1475,3.5E0);
#1489=CIRCLE('',#1488,3.5E0);
#1494=CIRCLE('',#1493,3.5E0);
#1507=CIRCLE('',#1506,3.5E0);
#1512=CIRCLE('',#1511,3.5E0);
#1525=CIRCLE('',#1524,3.5E0);
#1530=CIRCLE('',#1529,3.5E0);
#1543=CIRCLE('',#1542,3.5E0);
#1548=CIRCLE('',#1547,3.5E0);
#1561=CIRCLE('',#1560,3.5E0);
#1566=CIRCLE('',#1565,3.5E0);
#1579=CIRCLE('',#1578,3.5E0);
#1584=CIRCLE('',#1583,3.5E0);
#1597=CIRCLE('',#1596,3.5E0);
#1602=CIRCLE('',#1601,3.5E0);
#1615=CIRCLE('',#1614,3.5E0);
#1620=CIRCLE('',#1619,3.5E0);
#1633=CIRCLE('',#1632,3.5E0);
#1638=CIRCLE('',#1637,3.5E0);
#1651=CIRCLE('',#1650,3.5E0);
#1656=CIRCLE('',#1655,3.5E0);
#1669=CIRCLE('',#1668,3.5E0);
#1674=CIRCLE('',#1673,3.5E0);
#1687=CIRCLE('',#1686,3.5E0);
#1692=CIRCLE('',#1691,3.5E0);
#1705=CIRCLE('',#1704,3.5E0);
#1710=CIRCLE('',#1709,3.5E0);
#1723=CIRCLE('',#1722,3.5E0);
#1728=CIRCLE('',#1727,3.5E0);
#1741=CIRCLE('',#1740,3.5E0);
#1746=CIRCLE('',#1745,3.5E0);
#1759=CIRCLE('',#1758,3.5E0);
#1764=CIRCLE('',#1763,3.5E0);
#1777=CIRCLE('',#1776,3.5E0);
#1782=CIRCLE('',#1781,3.5E0);
#1795=CIRCLE('',#1794,3.5E0);
#1800=CIRCLE('',#1799,3.5E0);
#1813=CIRCLE('',#1812,3.5E0);
#1818=CIRCLE('',#1817,3.5E0);
#1831=CIRCLE('',#1830,3.5E0);
#1836=CIRCLE('',#1835,3.5E0);
#1849=CIRCLE('',#1848,3.5E0);
#1854=CIRCLE('',#1853,3.5E0);
#1867=CIRCLE('',#1866,3.5E0);
#1872=CIRCLE('',#1871,3.5E0);
#1885=CIRCLE('',#1884,3.5E0);
#1890=CIRCLE('',#1889,3.5E0);
#1903=CIRCLE('',#1902,3.5E0);
#1908=CIRCLE('',#1907,3.5E0);
#1921=CIRCLE('',#1920,3.5E0);
#1926=CIRCLE('',#1925,3.5E0);
#1939=CIRCLE('',#1938,3.5E0);
#1944=CIRCLE('',#1943,3.5E0);
#1957=CIRCLE('',#1956,3.5E0);
#1962=CIRCLE('',#1961,3.5E0);
#1975=CIRCLE('',#1974,3.5E0);
#1980=CIRCLE('',#1979,3.5E0);
#1993=CIRCLE('',#1992,3.5E0);
#1998=CIRCLE('',#1997,3.5E0);
#2011=CIRCLE('',#2010,3.5E0);
#2016=CIRCLE('',#2015,3.5E0);
#2029=CIRCLE('',#2028,3.5E0);
#2034=CIRCLE('',#2033,3.5E0);
#2047=CIRCLE('',#2046,3.5E0);
#2052=CIRCLE('',#2051,3.5E0);
#2065=CIRCLE('',#2064,3.5E0);
#2070=CIRCLE('',#2069,3.5E0);
#2083=CIRCLE('',#2082,3.5E0);
#2088=CIRCLE('',#2087,3.5E0);
#2101=CIRCLE('',#2100,3.5E0);
#2106=CIRCLE('',#2105,3.5E0);
#2119=CIRCLE('',#2118,3.5E0);
#2124=CIRCLE('',#2123,3.5E0);
#2137=CIRCLE('',#2136,3.5E0);
#2142=CIRCLE('',#2141,3.5E0);
#2155=CIRCLE('',#2154,3.5E0);
#2160=CIRCLE('',#2159,3.5E0);
#2173=CIRCLE('',#2172,3.5E0);
#2178=CIRCLE('',#2177,3.5E0);
#2191=CIRCLE('',#2190,3.5E0);
#2196=CIRCLE('',#2195,3.5E0);
#2209=CIRCLE('',#2208,3.5E0);
#2214=CIRCLE('',#2213,3.5E0);
#2227=CIRCLE('',#2226,3.5E0);
#2232=CIRCLE('',#2231,3.5E0);
#2245=CIRCLE('',#2244,3.5E0);
#2250=CIRCLE('',#2249,3.5E0);
#2263=CIRCLE('',#2262,3.5E0);
#2268=CIRCLE('',#2267,3.5E0);
#2281=CIRCLE('',#2280,3.5E0);
#2286=CIRCLE('',#2285,3.5E0);
#2299=CIRCLE('',#2298,3.5E0);
#2304=CIRCLE('',#2303,3.5E0);
#2317=CIRCLE('',#2316,3.5E0);
#2322=CIRCLE('',#2321,3.5E0);
#2335=CIRCLE('',#2334,3.5E0);
#2340=CIRCLE('',#2339,3.5E0);
#2353=CIRCLE('',#2352,3.5E0);
#2358=CIRCLE('',#2357,3.5E0);
#2371=CIRCLE('',#2370,3.5E0);
#2376=CIRCLE('',#2375,3.5E0);
#2389=CIRCLE('',#2388,3.5E0);
#2394=CIRCLE('',#2393,3.5E0);
#2407=CIRCLE('',#2406,3.5E0);
#2412=CIRCLE('',#2411,3.5E0);
#2425=CIRCLE('',#2424,3.5E0);
#2430=CIRCLE('',#2429,3.5E0);
#2443=CIRCLE('',#2442,3.5E0);
#2448=CIRCLE('',#2447,3.5E0);
#2461=CIRCLE('',#2460,3.5E0);
#2466=CIRCLE('',#2465,3.5E0);
#2479=CIRCLE('',#2478,3.5E0);
#2484=CIRCLE('',#2483,3.5E0);
#2497=CIRCLE('',#2496,3.5E0);
#2502=CIRCLE('',#2501,3.5E0);
#2515=CIRCLE('',#2514,3.5E0);
#2520=CIRCLE('',#2519,3.5E0);
#2533=CIRCLE('',#2532,3.5E0);
#2538=CIRCLE('',#2537,3.5E0);
#2551=CIRCLE('',#2550,3.5E0);
#2556=CIRCLE('',#2555,3.5E0);
#2569=CIRCLE('',#2568,3.5E0);
#2574=CIRCLE('',#2573,3.5E0);
#2587=CIRCLE('',#2586,3.5E0);
#2592=CIRCLE('',#2591,3.5E0);
#2605=CIRCLE('',#2604,3.5E0);
#2610=CIRCLE('',#2609,3.5E0);
#2623=CIRCLE('',#2622,3.5E0);
#2628=CIRCLE('',#2627,3.5E0);
#2641=CIRCLE('',#2640,3.5E0);
#2646=CIRCLE('',#2645,3.5E0);
#2659=CIRCLE('',#2658,3.5E0);
#2664=CIRCLE('',#2663,3.5E0);
#3446=EDGE_CURVE('',#2691,#2692,#44,.T.);
#3448=EDGE_CURVE('',#2692,#2694,#48,.T.);
#3450=EDGE_CURVE('',#2694,#2696,#52,.T.);
#3452=EDGE_CURVE('',#2696,#2691,#56,.T.);
#3456=EDGE_CURVE('',#2679,#2680,#15,.T.);
#3458=EDGE_CURVE('',#2680,#2679,#20,.T.);
#3462=EDGE_CURVE('',#2683,#2684,#25,.T.);
#3464=EDGE_CURVE('',#2684,#2683,#30,.T.);
#3468=EDGE_CURVE('',#2687,#2688,#35,.T.);
#3470=EDGE_CURVE('',#2688,#2687,#40,.T.);
#3474=EDGE_CURVE('',#2675,#2676,#5,.T.);
#3476=EDGE_CURVE('',#2676,#2675,#10,.T.);
#3487=EDGE_CURVE('',#2675,#2699,#60,.T.);
#3489=EDGE_CURVE('',#2699,#2700,#69,.T.);
#3491=EDGE_CURVE('',#2676,#2700,#64,.T.);
#3503=EDGE_CURVE('',#2700,#2699,#74,.T.);
#3514=EDGE_CURVE('',#2731,#2732,#108,.T.);
#3516=EDGE_CURVE('',#2716,#2732,#112,.T.);
#3518=EDGE_CURVE('',#2715,#2716,#116,.T.);
#3520=EDGE_CURVE('',#2731,#2715,#120,.T.);
#3524=EDGE_CURVE('',#2703,#2704,#79,.T.);
#3526=EDGE_CURVE('',#2704,#2703,#84,.T.);
#3530=EDGE_CURVE('',#2711,#2712,#99,.T.);
#3532=EDGE_CURVE('',#2712,#2711,#104,.T.);
#3542=EDGE_CURVE('',#2735,#2736,#124,.T.);
#3544=EDGE_CURVE('',#2720,#2736,#128,.T.);
#3546=EDGE_CURVE('',#2719,#2720,#132,.T.);
#3548=EDGE_CURVE('',#2735,#2719,#136,.T.);
#3556=EDGE_CURVE('',#2707,#2708,#89,.T.);
#3558=EDGE_CURVE('',#2708,#2707,#94,.T.);
#3569=EDGE_CURVE('',#2679,#2703,#140,.T.);
#3572=EDGE_CURVE('',#2680,#2704,#144,.T.);
#3595=EDGE_CURVE('',#2683,#2707,#148,.T.);
#3598=EDGE_CURVE('',#2684,#2708,#152,.T.);
#3621=EDGE_CURVE('',#2687,#2711,#156,.T.);
#3624=EDGE_CURVE('',#2688,#2712,#160,.T.);
#3647=EDGE_CURVE('',#2731,#2723,#164,.T.);
#3649=EDGE_CURVE('',#2723,#2724,#188,.T.);
#3651=EDGE_CURVE('',#2732,#2724,#180,.T.);
#3662=EDGE_CURVE('',#2736,#2728,#168,.T.);
#3664=EDGE_CURVE('',#2728,#2723,#192,.T.);
#3668=EDGE_CURVE('',#2691,#2715,#2672,.T.);
#3671=EDGE_CURVE('',#2696,#2720,#172,.T.);
#3682=EDGE_CURVE('',#2735,#2726,#176,.T.);
#3684=EDGE_CURVE('',#2726,#2728,#196,.T.);
#3697=EDGE_CURVE('',#2724,#2726,#200,.T.);
#3701=EDGE_CURVE('',#2694,#2719,#2668,.T.);
#3704=EDGE_CURVE('',#2692,#2716,#184,.T.);
#3720=EDGE_CURVE('',#2743,#2744,#205,.T.);
#3722=EDGE_CURVE('',#2744,#2743,#210,.T.);
#3726=EDGE_CURVE('',#2751,#2752,#215,.T.);
#3728=EDGE_CURVE('',#2752,#2751,#220,.T.);
#3732=EDGE_CURVE('',#2759,#2760,#225,.T.);
#3734=EDGE_CURVE('',#2760,#2759,#230,.T.);
#3738=EDGE_CURVE('',#2767,#2768,#235,.T.);
#3740=EDGE_CURVE('',#2768,#2767,#240,.T.);
#3744=EDGE_CURVE('',#2775,#2776,#245,.T.);
#3746=EDGE_CURVE('',#2776,#2775,#250,.T.);
#3750=EDGE_CURVE('',#2783,#2784,#255,.T.);
#3752=EDGE_CURVE('',#2784,#2783,#260,.T.);
#3756=EDGE_CURVE('',#2791,#2792,#265,.T.);
#3758=EDGE_CURVE('',#2792,#2791,#270,.T.);
#3762=EDGE_CURVE('',#2799,#2800,#275,.T.);
#3764=EDGE_CURVE('',#2800,#2799,#280,.T.);
#3768=EDGE_CURVE('',#2807,#2808,#285,.T.);
#3770=EDGE_CURVE('',#2808,#2807,#290,.T.);
#3774=EDGE_CURVE('',#2815,#2816,#295,.T.);
#3776=EDGE_CURVE('',#2816,#2815,#300,.T.);
#3780=EDGE_CURVE('',#3223,#3224,#305,.T.);
#3782=EDGE_CURVE('',#3224,#3223,#310,.T.);
#3786=EDGE_CURVE('',#2823,#2824,#315,.T.);
#3788=EDGE_CURVE('',#2824,#2823,#320,.T.);
#3792=EDGE_CURVE('',#2831,#2832,#325,.T.);
#3794=EDGE_CURVE('',#2832,#2831,#330,.T.);
#3798=EDGE_CURVE('',#2839,#2840,#335,.T.);
#3800=EDGE_CURVE('',#2840,#2839,#340,.T.);
#3804=EDGE_CURVE('',#2847,#2848,#345,.T.);
#3806=EDGE_CURVE('',#2848,#2847,#350,.T.);
#3810=EDGE_CURVE('',#2855,#2856,#355,.T.);
#3812=EDGE_CURVE('',#2856,#2855,#360,.T.);
#3816=EDGE_CURVE('',#2863,#2864,#365,.T.);
#3818=EDGE_CURVE('',#2864,#2863,#370,.T.);
#3822=EDGE_CURVE('',#2871,#2872,#375,.T.);
#3824=EDGE_CURVE('',#2872,#2871,#380,.T.);
#3828=EDGE_CURVE('',#2879,#2880,#385,.T.);
#3830=EDGE_CURVE('',#2880,#2879,#390,.T.);
#3834=EDGE_CURVE('',#2887,#2888,#395,.T.);
#3836=EDGE_CURVE('',#2888,#2887,#400,.T.);
#3840=EDGE_CURVE('',#2895,#2896,#405,.T.);
#3842=EDGE_CURVE('',#2896,#2895,#410,.T.);
#3846=EDGE_CURVE('',#3231,#3232,#415,.T.);
#3848=EDGE_CURVE('',#3232,#3231,#420,.T.);
#3852=EDGE_CURVE('',#2903,#2904,#425,.T.);
#3854=EDGE_CURVE('',#2904,#2903,#430,.T.);
#3858=EDGE_CURVE('',#2911,#2912,#435,.T.);
#3860=EDGE_CURVE('',#2912,#2911,#440,.T.);
#3864=EDGE_CURVE('',#2919,#2920,#445,.T.);
#3866=EDGE_CURVE('',#2920,#2919,#450,.T.);
#3870=EDGE_CURVE('',#2927,#2928,#455,.T.);
#3872=EDGE_CURVE('',#2928,#2927,#460,.T.);
#3876=EDGE_CURVE('',#2935,#2936,#465,.T.);
#3878=EDGE_CURVE('',#2936,#2935,#470,.T.);
#3882=EDGE_CURVE('',#2943,#2944,#475,.T.);
#3884=EDGE_CURVE('',#2944,#2943,#480,.T.);
#3888=EDGE_CURVE('',#2951,#2952,#485,.T.);
#3890=EDGE_CURVE('',#2952,#2951,#490,.T.);
#3894=EDGE_CURVE('',#2959,#2960,#495,.T.);
#3896=EDGE_CURVE('',#2960,#2959,#500,.T.);
#3900=EDGE_CURVE('',#2967,#2968,#505,.T.);
#3902=EDGE_CURVE('',#2968,#2967,#510,.T.);
#3906=EDGE_CURVE('',#2975,#2976,#515,.T.);
#3908=EDGE_CURVE('',#2976,#2975,#520,.T.);
#3912=EDGE_CURVE('',#3239,#3240,#525,.T.);
#3914=EDGE_CURVE('',#3240,#3239,#530,.T.);
#3918=EDGE_CURVE('',#2983,#2984,#535,.T.);
#3920=EDGE_CURVE('',#2984,#2983,#540,.T.);
#3924=EDGE_CURVE('',#2991,#2992,#545,.T.);
#3926=EDGE_CURVE('',#2992,#2991,#550,.T.);
#3930=EDGE_CURVE('',#2999,#3000,#555,.T.);
#3932=EDGE_CURVE('',#3000,#2999,#560,.T.);
#3936=EDGE_CURVE('',#3007,#3008,#565,.T.);
#3938=EDGE_CURVE('',#3008,#3007,#570,.T.);
#3942=EDGE_CURVE('',#3015,#3016,#575,.T.);
#3944=EDGE_CURVE('',#3016,#3015,#580,.T.);
#3948=EDGE_CURVE('',#3023,#3024,#585,.T.);
#3950=EDGE_CURVE('',#3024,#3023,#590,.T.);
#3954=EDGE_CURVE('',#3031,#3032,#595,.T.);
#3956=EDGE_CURVE('',#3032,#3031,#600,.T.);
#3960=EDGE_CURVE('',#3039,#3040,#605,.T.);
#3962=EDGE_CURVE('',#3040,#3039,#610,.T.);
#3966=EDGE_CURVE('',#3047,#3048,#615,.T.);
#3968=EDGE_CURVE('',#3048,#3047,#620,.T.);
#3972=EDGE_CURVE('',#3055,#3056,#625,.T.);
#3974=EDGE_CURVE('',#3056,#3055,#630,.T.);
#3978=EDGE_CURVE('',#3247,#3248,#635,.T.);
#3980=EDGE_CURVE('',#3248,#3247,#640,.T.);
#3984=EDGE_CURVE('',#3063,#3064,#645,.T.);
#3986=EDGE_CURVE('',#3064,#3063,#650,.T.);
#3990=EDGE_CURVE('',#3071,#3072,#655,.T.);
#3992=EDGE_CURVE('',#3072,#3071,#660,.T.);
#3996=EDGE_CURVE('',#3079,#3080,#665,.T.);
#3998=EDGE_CURVE('',#3080,#3079,#670,.T.);
#4002=EDGE_CURVE('',#3087,#3088,#675,.T.);
#4004=EDGE_CURVE('',#3088,#3087,#680,.T.);
#4008=EDGE_CURVE('',#3095,#3096,#685,.T.);
#4010=EDGE_CURVE('',#3096,#3095,#690,.T.);
#4014=EDGE_CURVE('',#3103,#3104,#695,.T.);
#4016=EDGE_CURVE('',#3104,#3103,#700,.T.);
#4020=EDGE_CURVE('',#3111,#3112,#705,.T.);
#4022=EDGE_CURVE('',#3112,#3111,#710,.T.);
#4026=EDGE_CURVE('',#3119,#3120,#715,.T.);
#4028=EDGE_CURVE('',#3120,#3119,#720,.T.);
#4032=EDGE_CURVE('',#3127,#3128,#725,.T.);
#4034=EDGE_CURVE('',#3128,#3127,#730,.T.);
#4038=EDGE_CURVE('',#3135,#3136,#735,.T.);
#4040=EDGE_CURVE('',#3136,#3135,#740,.T.);
#4044=EDGE_CURVE('',#3255,#3256,#745,.T.);
#4046=EDGE_CURVE('',#3256,#3255,#750,.T.);
#4050=EDGE_CURVE('',#3143,#3144,#755,.T.);
#4052=EDGE_CURVE('',#3144,#3143,#760,.T.);
#4056=EDGE_CURVE('',#3151,#3152,#765,.T.);
#4058=EDGE_CURVE('',#3152,#3151,#770,.T.);
#4062=EDGE_CURVE('',#3159,#3160,#775,.T.);
#4064=EDGE_CURVE('',#3160,#3159,#780,.T.);
#4068=EDGE_CURVE('',#3167,#3168,#785,.T.);
#4070=EDGE_CURVE('',#3168,#3167,#790,.T.);
#4074=EDGE_CURVE('',#3175,#3176,#795,.T.);
#4076=EDGE_CURVE('',#3176,#3175,#800,.T.);
#4080=EDGE_CURVE('',#3183,#3184,#805,.T.);
#4082=EDGE_CURVE('',#3184,#3183,#810,.T.);
#4086=EDGE_CURVE('',#3191,#3192,#815,.T.);
#4088=EDGE_CURVE('',#3192,#3191,#820,.T.);
#4092=EDGE_CURVE('',#3199,#3200,#825,.T.);
#4094=EDGE_CURVE('',#3200,#3199,#830,.T.);
#4098=EDGE_CURVE('',#3207,#3208,#835,.T.);
#4100=EDGE_CURVE('',#3208,#3207,#840,.T.);
#4104=EDGE_CURVE('',#3215,#3216,#845,.T.);
#4106=EDGE_CURVE('',#3216,#3215,#850,.T.);
#4110=EDGE_CURVE('',#3263,#3264,#855,.T.);
#4112=EDGE_CURVE('',#3264,#3263,#860,.T.);
#4116=EDGE_CURVE('',#3271,#3272,#865,.T.);
#4118=EDGE_CURVE('',#3272,#3271,#870,.T.);
#4122=EDGE_CURVE('',#3279,#3280,#875,.T.);
#4124=EDGE_CURVE('',#3280,#3279,#880,.T.);
#4128=EDGE_CURVE('',#3287,#3288,#885,.T.);
#4130=EDGE_CURVE('',#3288,#3287,#890,.T.);
#4134=EDGE_CURVE('',#3295,#3296,#895,.T.);
#4136=EDGE_CURVE('',#3296,#3295,#900,.T.);
#4140=EDGE_CURVE('',#3303,#3304,#905,.T.);
#4142=EDGE_CURVE('',#3304,#3303,#910,.T.);
#4146=EDGE_CURVE('',#3311,#3312,#915,.T.);
#4148=EDGE_CURVE('',#3312,#3311,#920,.T.);
#4152=EDGE_CURVE('',#3319,#3320,#925,.T.);
#4154=EDGE_CURVE('',#3320,#3319,#930,.T.);
#4158=EDGE_CURVE('',#3327,#3328,#935,.T.);
#4160=EDGE_CURVE('',#3328,#3327,#940,.T.);
#4164=EDGE_CURVE('',#3335,#3336,#945,.T.);
#4166=EDGE_CURVE('',#3336,#3335,#950,.T.);
#4170=EDGE_CURVE('',#3343,#3344,#955,.T.);
#4172=EDGE_CURVE('',#3344,#3343,#960,.T.);
#4176=EDGE_CURVE('',#3351,#3352,#965,.T.);
#4178=EDGE_CURVE('',#3352,#3351,#970,.T.);
#4182=EDGE_CURVE('',#3359,#3360,#975,.T.);
#4184=EDGE_CURVE('',#3360,#3359,#980,.T.);
#4188=EDGE_CURVE('',#3367,#3368,#985,.T.);
#4190=EDGE_CURVE('',#3368,#3367,#990,.T.);
#4194=EDGE_CURVE('',#3375,#3376,#995,.T.);
#4196=EDGE_CURVE('',#3376,#3375,#1000,.T.);
#4200=EDGE_CURVE('',#3383,#3384,#1005,.T.);
#4202=EDGE_CURVE('',#3384,#3383,#1010,.T.);
#4206=EDGE_CURVE('',#3391,#3392,#1015,.T.);
#4208=EDGE_CURVE('',#3392,#3391,#1020,.T.);
#4212=EDGE_CURVE('',#3399,#3400,#1025,.T.);
#4214=EDGE_CURVE('',#3400,#3399,#1030,.T.);
#4218=EDGE_CURVE('',#3407,#3408,#1035,.T.);
#4220=EDGE_CURVE('',#3408,#3407,#1040,.T.);
#4224=EDGE_CURVE('',#3415,#3416,#1045,.T.);
#4226=EDGE_CURVE('',#3416,#3415,#1050,.T.);
#4230=EDGE_CURVE('',#3423,#3424,#1055,.T.);
#4232=EDGE_CURVE('',#3424,#3423,#1060,.T.);
#4236=EDGE_CURVE('',#3431,#3432,#1065,.T.);
#4238=EDGE_CURVE('',#3432,#3431,#1070,.T.);
#4242=EDGE_CURVE('',#3439,#3440,#1075,.T.);
#4244=EDGE_CURVE('',#3440,#3439,#1080,.T.);
#4255=EDGE_CURVE('',#2743,#2739,#1084,.T.);
#4257=EDGE_CURVE('',#2739,#2740,#1093,.T.);
#4259=EDGE_CURVE('',#2744,#2740,#1088,.T.);
#4271=EDGE_CURVE('',#2740,#2739,#1098,.T.);
#4293=EDGE_CURVE('',#2751,#2747,#1102,.T.);
#4295=EDGE_CURVE('',#2747,#2748,#1111,.T.);
#4297=EDGE_CURVE('',#2752,#2748,#1106,.T.);
#4309=EDGE_CURVE('',#2748,#2747,#1116,.T.);
#4331=EDGE_CURVE('',#2759,#2755,#1120,.T.);
#4333=EDGE_CURVE('',#2755,#2756,#1129,.T.);
#4335=EDGE_CURVE('',#2760,#2756,#1124,.T.);
#4347=EDGE_CURVE('',#2756,#2755,#1134,.T.);
#4369=EDGE_CURVE('',#2767,#2763,#1138,.T.);
#4371=EDGE_CURVE('',#2763,#2764,#1147,.T.);
#4373=EDGE_CURVE('',#2768,#2764,#1142,.T.);
#4385=EDGE_CURVE('',#2764,#2763,#1152,.T.);
#4407=EDGE_CURVE('',#2775,#2771,#1156,.T.);
#4409=EDGE_CURVE('',#2771,#2772,#1165,.T.);
#4411=EDGE_CURVE('',#2776,#2772,#1160,.T.);
#4423=EDGE_CURVE('',#2772,#2771,#1170,.T.);
#4445=EDGE_CURVE('',#2783,#2779,#1174,.T.);
#4447=EDGE_CURVE('',#2779,#2780,#1183,.T.);
#4449=EDGE_CURVE('',#2784,#2780,#1178,.T.);
#4461=EDGE_CURVE('',#2780,#2779,#1188,.T.);
#4483=EDGE_CURVE('',#2791,#2787,#1192,.T.);
#4485=EDGE_CURVE('',#2787,#2788,#1201,.T.);
#4487=EDGE_CURVE('',#2792,#2788,#1196,.T.);
#4499=EDGE_CURVE('',#2788,#2787,#1206,.T.);
#4521=EDGE_CURVE('',#2799,#2795,#1210,.T.);
#4523=EDGE_CURVE('',#2795,#2796,#1219,.T.);
#4525=EDGE_CURVE('',#2800,#2796,#1214,.T.);
#4537=EDGE_CURVE('',#2796,#2795,#1224,.T.);
#4559=EDGE_CURVE('',#2807,#2803,#1228,.T.);
#4561=EDGE_CURVE('',#2803,#2804,#1237,.T.);
#4563=EDGE_CURVE('',#2808,#2804,#1232,.T.);
#4575=EDGE_CURVE('',#2804,#2803,#1242,.T.);
#4597=EDGE_CURVE('',#2815,#2811,#1246,.T.);
#4599=EDGE_CURVE('',#2811,#2812,#1255,.T.);
#4601=EDGE_CURVE('',#2816,#2812,#1250,.T.);
#4613=EDGE_CURVE('',#2812,#2811,#1260,.T.);
#4635=EDGE_CURVE('',#3223,#3219,#1264,.T.);
#4637=EDGE_CURVE('',#3219,#3220,#1273,.T.);
#4639=EDGE_CURVE('',#3224,#3220,#1268,.T.);
#4651=EDGE_CURVE('',#3220,#3219,#1278,.T.);
#4673=EDGE_CURVE('',#2823,#2819,#1282,.T.);
#4675=EDGE_CURVE('',#2819,#2820,#1291,.T.);
#4677=EDGE_CURVE('',#2824,#2820,#1286,.T.);
#4689=EDGE_CURVE('',#2820,#2819,#1296,.T.);
#4711=EDGE_CURVE('',#2831,#2827,#1300,.T.);
#4713=EDGE_CURVE('',#2827,#2828,#1309,.T.);
#4715=EDGE_CURVE('',#2832,#2828,#1304,.T.);
#4727=EDGE_CURVE('',#2828,#2827,#1314,.T.);
#4749=EDGE_CURVE('',#2839,#2835,#1318,.T.);
#4751=EDGE_CURVE('',#2835,#2836,#1327,.T.);
#4753=EDGE_CURVE('',#2840,#2836,#1322,.T.);
#4765=EDGE_CURVE('',#2836,#2835,#1332,.T.);
#4787=EDGE_CURVE('',#2847,#2843,#1336,.T.);
#4789=EDGE_CURVE('',#2843,#2844,#1345,.T.);
#4791=EDGE_CURVE('',#2848,#2844,#1340,.T.);
#4803=EDGE_CURVE('',#2844,#2843,#1350,.T.);
#4825=EDGE_CURVE('',#2855,#2851,#1354,.T.);
#4827=EDGE_CURVE('',#2851,#2852,#1363,.T.);
#4829=EDGE_CURVE('',#2856,#2852,#1358,.T.);
#4841=EDGE_CURVE('',#2852,#2851,#1368,.T.);
#4863=EDGE_CURVE('',#2863,#2859,#1372,.T.);
#4865=EDGE_CURVE('',#2859,#2860,#1381,.T.);
#4867=EDGE_CURVE('',#2864,#2860,#1376,.T.);
#4879=EDGE_CURVE('',#2860,#2859,#1386,.T.);
#4901=EDGE_CURVE('',#2871,#2867,#1390,.T.);
#4903=EDGE_CURVE('',#2867,#2868,#1399,.T.);
#4905=EDGE_CURVE('',#2872,#2868,#1394,.T.);
#4917=EDGE_CURVE('',#2868,#2867,#1404,.T.);
#4939=EDGE_CURVE('',#2879,#2875,#1408,.T.);
#4941=EDGE_CURVE('',#2875,#2876,#1417,.T.);
#4943=EDGE_CURVE('',#2880,#2876,#1412,.T.);
#4955=EDGE_CURVE('',#2876,#2875,#1422,.T.);
#4977=EDGE_CURVE('',#2887,#2883,#1426,.T.);
#4979=EDGE_CURVE('',#2883,#2884,#1435,.T.);
#4981=EDGE_CURVE('',#2888,#2884,#1430,.T.);
#4993=EDGE_CURVE('',#2884,#2883,#1440,.T.);
#5015=EDGE_CURVE('',#2895,#2891,#1444,.T.);
#5017=EDGE_CURVE('',#2891,#2892,#1453,.T.);
#5019=EDGE_CURVE('',#2896,#2892,#1448,.T.);
#5031=EDGE_CURVE('',#2892,#2891,#1458,.T.);
#5053=EDGE_CURVE('',#3231,#3227,#1462,.T.);
#5055=EDGE_CURVE('',#3227,#3228,#1471,.T.);
#5057=EDGE_CURVE('',#3232,#3228,#1466,.T.);
#5069=EDGE_CURVE('',#3228,#3227,#1476,.T.);
#5091=EDGE_CURVE('',#2903,#2899,#1480,.T.);
#5093=EDGE_CURVE('',#2899,#2900,#1489,.T.);
#5095=EDGE_CURVE('',#2904,#2900,#1484,.T.);
#5107=EDGE_CURVE('',#2900,#2899,#1494,.T.);
#5129=EDGE_CURVE('',#2911,#2907,#1498,.T.);
#5131=EDGE_CURVE('',#2907,#2908,#1507,.T.);
#5133=EDGE_CURVE('',#2912,#2908,#1502,.T.);
#5145=EDGE_CURVE('',#2908,#2907,#1512,.T.);
#5167=EDGE_CURVE('',#2919,#2915,#1516,.T.);
#5169=EDGE_CURVE('',#2915,#2916,#1525,.T.);
#5171=EDGE_CURVE('',#2920,#2916,#1520,.T.);
#5183=EDGE_CURVE('',#2916,#2915,#1530,.T.);
#5205=EDGE_CURVE('',#2927,#2923,#1534,.T.);
#5207=EDGE_CURVE('',#2923,#2924,#1543,.T.);
#5209=EDGE_CURVE('',#2928,#2924,#1538,.T.);
#5221=EDGE_CURVE('',#2924,#2923,#1548,.T.);
#5243=EDGE_CURVE('',#2935,#2931,#1552,.T.);
#5245=EDGE_CURVE('',#2931,#2932,#1561,.T.);
#5247=EDGE_CURVE('',#2936,#2932,#1556,.T.);
#5259=EDGE_CURVE('',#2932,#2931,#1566,.T.);
#5281=EDGE_CURVE('',#2943,#2939,#1570,.T.);
#5283=EDGE_CURVE('',#2939,#2940,#1579,.T.);
#5285=EDGE_CURVE('',#2944,#2940,#1574,.T.);
#5297=EDGE_CURVE('',#2940,#2939,#1584,.T.);
#5319=EDGE_CURVE('',#2951,#2947,#1588,.T.);
#5321=EDGE_CURVE('',#2947,#2948,#1597,.T.);
#5323=EDGE_CURVE('',#2952,#2948,#1592,.T.);
#5335=EDGE_CURVE('',#2948,#2947,#1602,.T.);
#5357=EDGE_CURVE('',#2959,#2955,#1606,.T.);
#5359=EDGE_CURVE('',#2955,#2956,#1615,.T.);
#5361=EDGE_CURVE('',#2960,#2956,#1610,.T.);
#5373=EDGE_CURVE('',#2956,#2955,#1620,.T.);
#5395=EDGE_CURVE('',#2967,#2963,#1624,.T.);
#5397=EDGE_CURVE('',#2963,#2964,#1633,.T.);
#5399=EDGE_CURVE('',#2968,#2964,#1628,.T.);
#5411=EDGE_CURVE('',#2964,#2963,#1638,.T.);
#5433=EDGE_CURVE('',#2975,#2971,#1642,.T.);
#5435=EDGE_CURVE('',#2971,#2972,#1651,.T.);
#5437=EDGE_CURVE('',#2976,#2972,#1646,.T.);
#5449=EDGE_CURVE('',#2972,#2971,#1656,.T.);
#5471=EDGE_CURVE('',#3239,#3235,#1660,.T.);
#5473=EDGE_CURVE('',#3235,#3236,#1669,.T.);
#5475=EDGE_CURVE('',#3240,#3236,#1664,.T.);
#5487=EDGE_CURVE('',#3236,#3235,#1674,.T.);
#5509=EDGE_CURVE('',#2983,#2979,#1678,.T.);
#5511=EDGE_CURVE('',#2979,#2980,#1687,.T.);
#5513=EDGE_CURVE('',#2984,#2980,#1682,.T.);
#5525=EDGE_CURVE('',#2980,#2979,#1692,.T.);
#5547=EDGE_CURVE('',#2991,#2987,#1696,.T.);
#5549=EDGE_CURVE('',#2987,#2988,#1705,.T.);
#5551=EDGE_CURVE('',#2992,#2988,#1700,.T.);
#5563=EDGE_CURVE('',#2988,#2987,#1710,.T.);
#5585=EDGE_CURVE('',#2999,#2995,#1714,.T.);
#5587=EDGE_CURVE('',#2995,#2996,#1723,.T.);
#5589=EDGE_CURVE('',#3000,#2996,#1718,.T.);
#5601=EDGE_CURVE('',#2996,#2995,#1728,.T.);
#5623=EDGE_CURVE('',#3007,#3003,#1732,.T.);
#5625=EDGE_CURVE('',#3003,#3004,#1741,.T.);
#5627=EDGE_CURVE('',#3008,#3004,#1736,.T.);
#5639=EDGE_CURVE('',#3004,#3003,#1746,.T.);
#5661=EDGE_CURVE('',#3015,#3011,#1750,.T.);
#5663=EDGE_CURVE('',#3011,#3012,#1759,.T.);
#5665=EDGE_CURVE('',#3016,#3012,#1754,.T.);
#5677=EDGE_CURVE('',#3012,#3011,#1764,.T.);
#5699=EDGE_CURVE('',#3023,#3019,#1768,.T.);
#5701=EDGE_CURVE('',#3019,#3020,#1777,.T.);
#5703=EDGE_CURVE('',#3024,#3020,#1772,.T.);
#5715=EDGE_CURVE('',#3020,#3019,#1782,.T.);
#5737=EDGE_CURVE('',#3031,#3027,#1786,.T.);
#5739=EDGE_CURVE('',#3027,#3028,#1795,.T.);
#5741=EDGE_CURVE('',#3032,#3028,#1790,.T.);
#5753=EDGE_CURVE('',#3028,#3027,#1800,.T.);
#5775=EDGE_CURVE('',#3039,#3035,#1804,.T.);
#5777=EDGE_CURVE('',#3035,#3036,#1813,.T.);
#5779=EDGE_CURVE('',#3040,#3036,#1808,.T.);
#5791=EDGE_CURVE('',#3036,#3035,#1818,.T.);
#5813=EDGE_CURVE('',#3047,#3043,#1822,.T.);
#5815=EDGE_CURVE('',#3043,#3044,#1831,.T.);
#5817=EDGE_CURVE('',#3048,#3044,#1826,.T.);
#5829=EDGE_CURVE('',#3044,#3043,#1836,.T.);
#5851=EDGE_CURVE('',#3055,#3051,#1840,.T.);
#5853=EDGE_CURVE('',#3051,#3052,#1849,.T.);
#5855=EDGE_CURVE('',#3056,#3052,#1844,.T.);
#5867=EDGE_CURVE('',#3052,#3051,#1854,.T.);
#5889=EDGE_CURVE('',#3247,#3243,#1858,.T.);
#5891=EDGE_CURVE('',#3243,#3244,#1867,.T.);
#5893=EDGE_CURVE('',#3248,#3244,#1862,.T.);
#5905=EDGE_CURVE('',#3244,#3243,#1872,.T.);
#5927=EDGE_CURVE('',#3063,#3059,#1876,.T.);
#5929=EDGE_CURVE('',#3059,#3060,#1885,.T.);
#5931=EDGE_CURVE('',#3064,#3060,#1880,.T.);
#5943=EDGE_CURVE('',#3060,#3059,#1890,.T.);
#5965=EDGE_CURVE('',#3071,#3067,#1894,.T.);
#5967=EDGE_CURVE('',#3067,#3068,#1903,.T.);
#5969=EDGE_CURVE('',#3072,#3068,#1898,.T.);
#5981=EDGE_CURVE('',#3068,#3067,#1908,.T.);
#6003=EDGE_CURVE('',#3079,#3075,#1912,.T.);
#6005=EDGE_CURVE('',#3075,#3076,#1921,.T.);
#6007=EDGE_CURVE('',#3080,#3076,#1916,.T.);
#6019=EDGE_CURVE('',#3076,#3075,#1926,.T.);
#6041=EDGE_CURVE('',#3087,#3083,#1930,.T.);
#6043=EDGE_CURVE('',#3083,#3084,#1939,.T.);
#6045=EDGE_CURVE('',#3088,#3084,#1934,.T.);
#6057=EDGE_CURVE('',#3084,#3083,#1944,.T.);
#6079=EDGE_CURVE('',#3095,#3091,#1948,.T.);
#6081=EDGE_CURVE('',#3091,#3092,#1957,.T.);
#6083=EDGE_CURVE('',#3096,#3092,#1952,.T.);
#6095=EDGE_CURVE('',#3092,#3091,#1962,.T.);
#6117=EDGE_CURVE('',#3103,#3099,#1966,.T.);
#6119=EDGE_CURVE('',#3099,#3100,#1975,.T.);
#6121=EDGE_CURVE('',#3104,#3100,#1970,.T.);
#6133=EDGE_CURVE('',#3100,#3099,#1980,.T.);
#6155=EDGE_CURVE('',#3111,#3107,#1984,.T.);
#6157=EDGE_CURVE('',#3107,#3108,#1993,.T.);
#6159=EDGE_CURVE('',#3112,#3108,#1988,.T.);
#6171=EDGE_CURVE('',#3108,#3107,#1998,.T.);
#6193=EDGE_CURVE('',#3119,#3115,#2002,.T.);
#6195=EDGE_CURVE('',#3115,#3116,#2011,.T.);
#6197=EDGE_CURVE('',#3120,#3116,#2006,.T.);
#6209=EDGE_CURVE('',#3116,#3115,#2016,.T.);
#6231=EDGE_CURVE('',#3127,#3123,#2020,.T.);
#6233=EDGE_CURVE('',#3123,#3124,#2029,.T.);
#6235=EDGE_CURVE('',#3128,#3124,#2024,.T.);
#6247=EDGE_CURVE('',#3124,#3123,#2034,.T.);
#6269=EDGE_CURVE('',#3135,#3131,#2038,.T.);
#6271=EDGE_CURVE('',#3131,#3132,#2047,.T.);
#6273=EDGE_CURVE('',#3136,#3132,#2042,.T.);
#6285=EDGE_CURVE('',#3132,#3131,#2052,.T.);
#6307=EDGE_CURVE('',#3255,#3251,#2056,.T.);
#6309=EDGE_CURVE('',#3251,#3252,#2065,.T.);
#6311=EDGE_CURVE('',#3256,#3252,#2060,.T.);
#6323=EDGE_CURVE('',#3252,#3251,#2070,.T.);
#6345=EDGE_CURVE('',#3143,#3139,#2074,.T.);
#6347=EDGE_CURVE('',#3139,#3140,#2083,.T.);
#6349=EDGE_CURVE('',#3144,#3140,#2078,.T.);
#6361=EDGE_CURVE('',#3140,#3139,#2088,.T.);
#6383=EDGE_CURVE('',#3151,#3147,#2092,.T.);
#6385=EDGE_CURVE('',#3147,#3148,#2101,.T.);
#6387=EDGE_CURVE('',#3152,#3148,#2096,.T.);
#6399=EDGE_CURVE('',#3148,#3147,#2106,.T.);
#6421=EDGE_CURVE('',#3159,#3155,#2110,.T.);
#6423=EDGE_CURVE('',#3155,#3156,#2119,.T.);
#6425=EDGE_CURVE('',#3160,#3156,#2114,.T.);
#6437=EDGE_CURVE('',#3156,#3155,#2124,.T.);
#6459=EDGE_CURVE('',#3167,#3163,#2128,.T.);
#6461=EDGE_CURVE('',#3163,#3164,#2137,.T.);
#6463=EDGE_CURVE('',#3168,#3164,#2132,.T.);
#6475=EDGE_CURVE('',#3164,#3163,#2142,.T.);
#6497=EDGE_CURVE('',#3175,#3171,#2146,.T.);
#6499=EDGE_CURVE('',#3171,#3172,#2155,.T.);
#6501=EDGE_CURVE('',#3176,#3172,#2150,.T.);
#6513=EDGE_CURVE('',#3172,#3171,#2160,.T.);
#6535=EDGE_CURVE('',#3183,#3179,#2164,.T.);
#6537=EDGE_CURVE('',#3179,#3180,#2173,.T.);
#6539=EDGE_CURVE('',#3184,#3180,#2168,.T.);
#6551=EDGE_CURVE('',#3180,#3179,#2178,.T.);
#6573=EDGE_CURVE('',#3191,#3187,#2182,.T.);
#6575=EDGE_CURVE('',#3187,#3188,#2191,.T.);
#6577=EDGE_CURVE('',#3192,#3188,#2186,.T.);
#6589=EDGE_CURVE('',#3188,#3187,#2196,.T.);
#6611=EDGE_CURVE('',#3199,#3195,#2200,.T.);
#6613=EDGE_CURVE('',#3195,#3196,#2209,.T.);
#6615=EDGE_CURVE('',#3200,#3196,#2204,.T.);
#6627=EDGE_CURVE('',#3196,#3195,#2214,.T.);
#6649=EDGE_CURVE('',#3207,#3203,#2218,.T.);
#6651=EDGE_CURVE('',#3203,#3204,#2227,.T.);
#6653=EDGE_CURVE('',#3208,#3204,#2222,.T.);
#6665=EDGE_CURVE('',#3204,#3203,#2232,.T.);
#6687=EDGE_CURVE('',#3215,#3211,#2236,.T.);
#6689=EDGE_CURVE('',#3211,#3212,#2245,.T.);
#6691=EDGE_CURVE('',#3216,#3212,#2240,.T.);
#6703=EDGE_CURVE('',#3212,#3211,#2250,.T.);
#6725=EDGE_CURVE('',#3263,#3259,#2254,.T.);
#6727=EDGE_CURVE('',#3259,#3260,#2263,.T.);
#6729=EDGE_CURVE('',#3264,#3260,#2258,.T.);
#6741=EDGE_CURVE('',#3260,#3259,#2268,.T.);
#6763=EDGE_CURVE('',#3271,#3267,#2272,.T.);
#6765=EDGE_CURVE('',#3267,#3268,#2281,.T.);
#6767=EDGE_CURVE('',#3272,#3268,#2276,.T.);
#6779=EDGE_CURVE('',#3268,#3267,#2286,.T.);
#6801=EDGE_CURVE('',#3279,#3275,#2290,.T.);
#6803=EDGE_CURVE('',#3275,#3276,#2299,.T.);
#6805=EDGE_CURVE('',#3280,#3276,#2294,.T.);
#6817=EDGE_CURVE('',#3276,#3275,#2304,.T.);
#6839=EDGE_CURVE('',#3287,#3283,#2308,.T.);
#6841=EDGE_CURVE('',#3283,#3284,#2317,.T.);
#6843=EDGE_CURVE('',#3288,#3284,#2312,.T.);
#6855=EDGE_CURVE('',#3284,#3283,#2322,.T.);
#6877=EDGE_CURVE('',#3295,#3291,#2326,.T.);
#6879=EDGE_CURVE('',#3291,#3292,#2335,.T.);
#6881=EDGE_CURVE('',#3296,#3292,#2330,.T.);
#6893=EDGE_CURVE('',#3292,#3291,#2340,.T.);
#6915=EDGE_CURVE('',#3303,#3299,#2344,.T.);
#6917=EDGE_CURVE('',#3299,#3300,#2353,.T.);
#6919=EDGE_CURVE('',#3304,#3300,#2348,.T.);
#6931=EDGE_CURVE('',#3300,#3299,#2358,.T.);
#6953=EDGE_CURVE('',#3311,#3307,#2362,.T.);
#6955=EDGE_CURVE('',#3307,#3308,#2371,.T.);
#6957=EDGE_CURVE('',#3312,#3308,#2366,.T.);
#6969=EDGE_CURVE('',#3308,#3307,#2376,.T.);
#6991=EDGE_CURVE('',#3319,#3315,#2380,.T.);
#6993=EDGE_CURVE('',#3315,#3316,#2389,.T.);
#6995=EDGE_CURVE('',#3320,#3316,#2384,.T.);
#7007=EDGE_CURVE('',#3316,#3315,#2394,.T.);
#7029=EDGE_CURVE('',#3327,#3323,#2398,.T.);
#7031=EDGE_CURVE('',#3323,#3324,#2407,.T.);
#7033=EDGE_CURVE('',#3328,#3324,#2402,.T.);
#7045=EDGE_CURVE('',#3324,#3323,#2412,.T.);
#7067=EDGE_CURVE('',#3335,#3331,#2416,.T.);
#7069=EDGE_CURVE('',#3331,#3332,#2425,.T.);
#7071=EDGE_CURVE('',#3336,#3332,#2420,.T.);
#7083=EDGE_CURVE('',#3332,#3331,#2430,.T.);
#7105=EDGE_CURVE('',#3343,#3339,#2434,.T.);
#7107=EDGE_CURVE('',#3339,#3340,#2443,.T.);
#7109=EDGE_CURVE('',#3344,#3340,#2438,.T.);
#7121=EDGE_CURVE('',#3340,#3339,#2448,.T.);
#7143=EDGE_CURVE('',#3351,#3347,#2452,.T.);
#7145=EDGE_CURVE('',#3347,#3348,#2461,.T.);
#7147=EDGE_CURVE('',#3352,#3348,#2456,.T.);
#7159=EDGE_CURVE('',#3348,#3347,#2466,.T.);
#7181=EDGE_CURVE('',#3359,#3355,#2470,.T.);
#7183=EDGE_CURVE('',#3355,#3356,#2479,.T.);
#7185=EDGE_CURVE('',#3360,#3356,#2474,.T.);
#7197=EDGE_CURVE('',#3356,#3355,#2484,.T.);
#7219=EDGE_CURVE('',#3367,#3363,#2488,.T.);
#7221=EDGE_CURVE('',#3363,#3364,#2497,.T.);
#7223=EDGE_CURVE('',#3368,#3364,#2492,.T.);
#7235=EDGE_CURVE('',#3364,#3363,#2502,.T.);
#7257=EDGE_CURVE('',#3375,#3371,#2506,.T.);
#7259=EDGE_CURVE('',#3371,#3372,#2515,.T.);
#7261=EDGE_CURVE('',#3376,#3372,#2510,.T.);
#7273=EDGE_CURVE('',#3372,#3371,#2520,.T.);
#7295=EDGE_CURVE('',#3383,#3379,#2524,.T.);
#7297=EDGE_CURVE('',#3379,#3380,#2533,.T.);
#7299=EDGE_CURVE('',#3384,#3380,#2528,.T.);
#7311=EDGE_CURVE('',#3380,#3379,#2538,.T.);
#7333=EDGE_CURVE('',#3391,#3387,#2542,.T.);
#7335=EDGE_CURVE('',#3387,#3388,#2551,.T.);
#7337=EDGE_CURVE('',#3392,#3388,#2546,.T.);
#7349=EDGE_CURVE('',#3388,#3387,#2556,.T.);
#7371=EDGE_CURVE('',#3399,#3395,#2560,.T.);
#7373=EDGE_CURVE('',#3395,#3396,#2569,.T.);
#7375=EDGE_CURVE('',#3400,#3396,#2564,.T.);
#7387=EDGE_CURVE('',#3396,#3395,#2574,.T.);
#7409=EDGE_CURVE('',#3407,#3403,#2578,.T.);
#7411=EDGE_CURVE('',#3403,#3404,#2587,.T.);
#7413=EDGE_CURVE('',#3408,#3404,#2582,.T.);
#7425=EDGE_CURVE('',#3404,#3403,#2592,.T.);
#7447=EDGE_CURVE('',#3415,#3411,#2596,.T.);
#7449=EDGE_CURVE('',#3411,#3412,#2605,.T.);
#7451=EDGE_CURVE('',#3416,#3412,#2600,.T.);
#7463=EDGE_CURVE('',#3412,#3411,#2610,.T.);
#7485=EDGE_CURVE('',#3423,#3419,#2614,.T.);
#7487=EDGE_CURVE('',#3419,#3420,#2623,.T.);
#7489=EDGE_CURVE('',#3424,#3420,#2618,.T.);
#7501=EDGE_CURVE('',#3420,#3419,#2628,.T.);
#7523=EDGE_CURVE('',#3431,#3427,#2632,.T.);
#7525=EDGE_CURVE('',#3427,#3428,#2641,.T.);
#7527=EDGE_CURVE('',#3432,#3428,#2636,.T.);
#7539=EDGE_CURVE('',#3428,#3427,#2646,.T.);
#7561=EDGE_CURVE('',#3439,#3435,#2650,.T.);
#7563=EDGE_CURVE('',#3435,#3436,#2659,.T.);
#7565=EDGE_CURVE('',#3440,#3436,#2654,.T.);
#7577=EDGE_CURVE('',#3436,#3435,#2664,.T.);
#7617=CLOSED_SHELL('',(#3480,#3495,#3508,#3536,#3562,#3576,#3588,#3602,#3614,
#3628,#3640,#3655,#3675,#3689,#3708,#4248,#4263,#4276,#4286,#4301,#4314,#4324,
#4339,#4352,#4362,#4377,#4390,#4400,#4415,#4428,#4438,#4453,#4466,#4476,#4491,
#4504,#4514,#4529,#4542,#4552,#4567,#4580,#4590,#4605,#4618,#4628,#4643,#4656,
#4666,#4681,#4694,#4704,#4719,#4732,#4742,#4757,#4770,#4780,#4795,#4808,#4818,
#4833,#4846,#4856,#4871,#4884,#4894,#4909,#4922,#4932,#4947,#4960,#4970,#4985,
#4998,#5008,#5023,#5036,#5046,#5061,#5074,#5084,#5099,#5112,#5122,#5137,#5150,
#5160,#5175,#5188,#5198,#5213,#5226,#5236,#5251,#5264,#5274,#5289,#5302,#5312,
#5327,#5340,#5350,#5365,#5378,#5388,#5403,#5416,#5426,#5441,#5454,#5464,#5479,
#5492,#5502,#5517,#5530,#5540,#5555,#5568,#5578,#5593,#5606,#5616,#5631,#5644,
#5654,#5669,#5682,#5692,#5707,#5720,#5730,#5745,#5758,#5768,#5783,#5796,#5806,
#5821,#5834,#5844,#5859,#5872,#5882,#5897,#5910,#5920,#5935,#5948,#5958,#5973,
#5986,#5996,#6011,#6024,#6034,#6049,#6062,#6072,#6087,#6100,#6110,#6125,#6138,
#6148,#6163,#6176,#6186,#6201,#6214,#6224,#6239,#6252,#6262,#6277,#6290,#6300,
#6315,#6328,#6338,#6353,#6366,#6376,#6391,#6404,#6414,#6429,#6442,#6452,#6467,
#6480,#6490,#6505,#6518,#6528,#6543,#6556,#6566,#6581,#6594,#6604,#6619,#6632,
#6642,#6657,#6670,#6680,#6695,#6708,#6718,#6733,#6746,#6756,#6771,#6784,#6794,
#6809,#6822,#6832,#6847,#6860,#6870,#6885,#6898,#6908,#6923,#6936,#6946,#6961,
#6974,#6984,#6999,#7012,#7022,#7037,#7050,#7060,#7075,#7088,#7098,#7113,#7126,
#7136,#7151,#7164,#7174,#7189,#7202,#7212,#7227,#7240,#7250,#7265,#7278,#7288,
#7303,#7316,#7326,#7341,#7354,#7364,#7379,#7392,#7402,#7417,#7430,#7440,#7455,
#7468,#7478,#7493,#7506,#7516,#7531,#7544,#7554,#7569,#7582,#7592,#7604,#7616));
#7618=MANIFOLD_SOLID_BREP('',#7617);
#7619=(LENGTH_UNIT()NAMED_UNIT(*)SI_UNIT(.MILLI.,.METRE.));
#7621=(NAMED_UNIT(*)PLANE_ANGLE_UNIT()SI_UNIT($,.RADIAN.));
#7624=(NAMED_UNIT(*)SI_UNIT($,.STERADIAN.)SOLID_ANGLE_UNIT());
#7627=ADVANCED_BREP_SHAPE_REPRESENTATION('',(#7618),#7626);
#7634=PRODUCT_DEFINITION('design','',#7633,#7630);
#7635=PRODUCT_DEFINITION_SHAPE('','SHAPE FOR PIPETTIPRACK.',#7634);
#7636=SHAPE_DEFINITION_REPRESENTATION(#7635,#7627);
ENDSEC;
END-ISO-10303-21;
