ISO-10303-21;
HEADER;
FILE_DESCRIPTION((''),'2;1');
FILE_NAME('PIPETTIPRACCC','2026-05-20T11:02:42',('user'),(''),
'CREO PARAMETRIC BY PTC INC, 2025102','CREO PARAMETRIC BY PTC INC, 2025102','');
FILE_SCHEMA(('CONFIG_CONTROL_DESIGN'));
ENDSEC;
DATA;
#1=DIRECTION('',(1.E0,0.E0,0.E0));
#2=VECTOR('',#1,7.5E-1);
#3=CARTESIAN_POINT('',(-1.55E1,4.E0,-5.E0));
#4=LINE('',#3,#2);
#5=DIRECTION('',(0.E0,0.E0,1.E0));
#6=VECTOR('',#5,1.55E2);
#7=CARTESIAN_POINT('',(-1.55E1,4.E0,-1.6E2));
#8=LINE('',#7,#6);
#9=DIRECTION('',(0.E0,0.E0,-1.E0));
#10=VECTOR('',#9,1.55E2);
#11=CARTESIAN_POINT('',(-1.475E1,4.E0,-5.E0));
#12=LINE('',#11,#10);
#13=DIRECTION('',(1.E0,0.E0,0.E0));
#14=VECTOR('',#13,7.5E-1);
#15=CARTESIAN_POINT('',(-1.375E1,4.E0,-5.E0));
#16=LINE('',#15,#14);
#17=DIRECTION('',(0.E0,0.E0,-1.E0));
#18=VECTOR('',#17,1.55E2);
#19=CARTESIAN_POINT('',(-1.375E1,4.E0,-5.E0));
#20=LINE('',#19,#18);
#21=DIRECTION('',(0.E0,0.E0,-1.E0));
#22=VECTOR('',#21,1.55E2);
#23=CARTESIAN_POINT('',(-1.3E1,4.E0,-5.E0));
#24=LINE('',#23,#22);
#25=DIRECTION('',(-1.E0,0.E0,0.E0));
#26=VECTOR('',#25,1.E0);
#27=CARTESIAN_POINT('',(-1.375E1,1.5E1,-5.E0));
#28=LINE('',#27,#26);
#29=DIRECTION('',(-1.E0,0.E0,0.E0));
#30=VECTOR('',#29,1.E0);
#31=CARTESIAN_POINT('',(-2.255E1,1.5E1,-5.E0));
#32=LINE('',#31,#30);
#33=DIRECTION('',(-1.E0,0.E0,0.E0));
#34=VECTOR('',#33,1.E0);
#35=CARTESIAN_POINT('',(-3.135E1,1.5E1,-5.E0));
#36=LINE('',#35,#34);
#37=DIRECTION('',(-1.E0,0.E0,0.E0));
#38=VECTOR('',#37,1.E0);
#39=CARTESIAN_POINT('',(-4.015E1,1.5E1,-5.E0));
#40=LINE('',#39,#38);
#41=DIRECTION('',(-1.E0,0.E0,0.E0));
#42=VECTOR('',#41,1.E0);
#43=CARTESIAN_POINT('',(-4.895E1,1.5E1,-5.E0));
#44=LINE('',#43,#42);
#45=DIRECTION('',(-1.E0,0.E0,0.E0));
#46=VECTOR('',#45,1.E0);
#47=CARTESIAN_POINT('',(-5.775E1,1.5E1,-5.E0));
#48=LINE('',#47,#46);
#49=DIRECTION('',(-1.E0,0.E0,0.E0));
#50=VECTOR('',#49,1.E0);
#51=CARTESIAN_POINT('',(-6.655E1,1.5E1,-5.E0));
#52=LINE('',#51,#50);
#53=DIRECTION('',(-1.E0,0.E0,0.E0));
#54=VECTOR('',#53,1.E0);
#55=CARTESIAN_POINT('',(-7.535E1,1.5E1,-5.E0));
#56=LINE('',#55,#54);
#57=DIRECTION('',(-1.E0,0.E0,0.E0));
#58=VECTOR('',#57,1.E0);
#59=CARTESIAN_POINT('',(-8.415E1,1.5E1,-5.E0));
#60=LINE('',#59,#58);
#61=DIRECTION('',(-1.E0,0.E0,0.E0));
#62=VECTOR('',#61,1.E0);
#63=CARTESIAN_POINT('',(-9.295E1,1.5E1,-5.E0));
#64=LINE('',#63,#62);
#65=DIRECTION('',(-1.E0,0.E0,0.E0));
#66=VECTOR('',#65,1.E0);
#67=CARTESIAN_POINT('',(-1.0175E2,1.5E1,-5.E0));
#68=LINE('',#67,#66);
#69=DIRECTION('',(-1.E0,0.E0,0.E0));
#70=VECTOR('',#69,1.E1);
#71=CARTESIAN_POINT('',(-1.15E2,1.289684096334E1,-5.E0));
#72=LINE('',#71,#70);
#73=DIRECTION('',(-1.E0,0.E0,0.E0));
#74=VECTOR('',#73,5.E0);
#75=CARTESIAN_POINT('',(-1.1E2,1.5E1,-5.E0));
#76=LINE('',#75,#74);
#77=DIRECTION('',(-1.E0,0.E0,0.E0));
#78=VECTOR('',#77,5.95E0);
#79=CARTESIAN_POINT('',(0.E0,1.5E1,-5.E0));
#80=LINE('',#79,#78);
#81=DIRECTION('',(1.E0,0.E0,0.E0));
#82=VECTOR('',#81,1.E1);
#83=CARTESIAN_POINT('',(0.E0,1.289684096334E1,-5.E0));
#84=LINE('',#83,#82);
#85=DIRECTION('',(0.E0,0.E0,-1.E0));
#86=VECTOR('',#85,8.453202911627E1);
#87=CARTESIAN_POINT('',(0.E0,0.E0,-1.604679708837E2));
#88=LINE('',#87,#86);
#89=DIRECTION('',(0.E0,0.E0,1.E0));
#90=VECTOR('',#89,8.453202911627E1);
#91=CARTESIAN_POINT('',(-1.15E2,0.E0,-2.45E2));
#92=LINE('',#91,#90);
#93=DIRECTION('',(-1.E0,0.E0,0.E0));
#94=VECTOR('',#93,1.E1);
#95=CARTESIAN_POINT('',(-1.15E2,0.E0,-1.604679708837E2));
#96=LINE('',#95,#94);
#97=DIRECTION('',(0.E0,0.E0,1.E0));
#98=VECTOR('',#97,6.E0);
#99=CARTESIAN_POINT('',(-1.25E2,0.E0,-1.604679708837E2));
#100=LINE('',#99,#98);
#101=DIRECTION('',(0.E0,0.E0,-1.E0));
#102=VECTOR('',#101,4.532029116266E0);
#103=CARTESIAN_POINT('',(-1.15E2,0.E0,-1.499359417675E2));
#104=LINE('',#103,#102);
#105=DIRECTION('',(0.E0,0.E0,1.E0));
#106=VECTOR('',#105,6.993594176747E1);
#107=CARTESIAN_POINT('',(-1.15E2,0.E0,-1.499359417675E2));
#108=LINE('',#107,#106);
#109=DIRECTION('',(0.E0,0.E0,-1.E0));
#110=VECTOR('',#109,3.5E0);
#111=CARTESIAN_POINT('',(-1.15E2,0.E0,-7.65E1));
#112=LINE('',#111,#110);
#113=DIRECTION('',(-1.E0,0.E0,0.E0));
#114=VECTOR('',#113,1.E1);
#115=CARTESIAN_POINT('',(-1.15E2,0.E0,-7.65E1));
#116=LINE('',#115,#114);
#117=DIRECTION('',(0.E0,0.E0,1.E0));
#118=VECTOR('',#117,6.E0);
#119=CARTESIAN_POINT('',(-1.25E2,0.E0,-7.65E1));
#120=LINE('',#119,#118);
#121=DIRECTION('',(0.E0,0.E0,-1.E0));
#122=VECTOR('',#121,3.5E0);
#123=CARTESIAN_POINT('',(-1.15E2,0.E0,-6.7E1));
#124=LINE('',#123,#122);
#125=DIRECTION('',(0.E0,0.E0,1.E0));
#126=VECTOR('',#125,4.9E1);
#127=CARTESIAN_POINT('',(-1.15E2,0.E0,-6.7E1));
#128=LINE('',#127,#126);
#129=DIRECTION('',(0.E0,0.E0,-1.E0));
#130=VECTOR('',#129,1.3E1);
#131=CARTESIAN_POINT('',(-1.15E2,0.E0,-5.E0));
#132=LINE('',#131,#130);
#133=DIRECTION('',(1.E0,0.E0,0.E0));
#134=VECTOR('',#133,5.E0);
#135=CARTESIAN_POINT('',(-1.15E2,0.E0,-5.E0));
#136=LINE('',#135,#134);
#137=DIRECTION('',(0.E0,0.E0,-1.E0));
#138=VECTOR('',#137,1.55E2);
#139=CARTESIAN_POINT('',(-1.1E2,0.E0,-5.E0));
#140=LINE('',#139,#138);
#141=DIRECTION('',(1.E0,0.E0,0.E0));
#142=VECTOR('',#141,6.5E0);
#143=CARTESIAN_POINT('',(-1.1E2,0.E0,-1.6E2));
#144=LINE('',#143,#142);
#145=DIRECTION('',(0.E0,0.E0,1.E0));
#146=VECTOR('',#145,1.55E2);
#147=CARTESIAN_POINT('',(-1.035E2,0.E0,-1.6E2));
#148=LINE('',#147,#146);
#149=DIRECTION('',(1.E0,0.E0,0.E0));
#150=VECTOR('',#149,2.5E0);
#151=CARTESIAN_POINT('',(-1.035E2,0.E0,-5.E0));
#152=LINE('',#151,#150);
#153=DIRECTION('',(0.E0,0.E0,-1.E0));
#154=VECTOR('',#153,1.55E2);
#155=CARTESIAN_POINT('',(-1.01E2,0.E0,-5.E0));
#156=LINE('',#155,#154);
#157=DIRECTION('',(1.E0,0.E0,0.E0));
#158=VECTOR('',#157,6.3E0);
#159=CARTESIAN_POINT('',(-1.01E2,0.E0,-1.6E2));
#160=LINE('',#159,#158);
#161=DIRECTION('',(1.E0,0.E0,0.E0));
#162=VECTOR('',#161,2.5E0);
#163=CARTESIAN_POINT('',(-9.47E1,0.E0,-5.E0));
#164=LINE('',#163,#162);
#165=DIRECTION('',(1.E0,0.E0,0.E0));
#166=VECTOR('',#165,6.3E0);
#167=CARTESIAN_POINT('',(-9.22E1,0.E0,-1.6E2));
#168=LINE('',#167,#166);
#169=DIRECTION('',(1.E0,0.E0,0.E0));
#170=VECTOR('',#169,2.5E0);
#171=CARTESIAN_POINT('',(-8.59E1,0.E0,-5.E0));
#172=LINE('',#171,#170);
#173=DIRECTION('',(1.E0,0.E0,0.E0));
#174=VECTOR('',#173,6.3E0);
#175=CARTESIAN_POINT('',(-8.34E1,0.E0,-1.6E2));
#176=LINE('',#175,#174);
#177=DIRECTION('',(1.E0,0.E0,0.E0));
#178=VECTOR('',#177,2.5E0);
#179=CARTESIAN_POINT('',(-7.71E1,0.E0,-5.E0));
#180=LINE('',#179,#178);
#181=DIRECTION('',(1.E0,0.E0,0.E0));
#182=VECTOR('',#181,6.3E0);
#183=CARTESIAN_POINT('',(-7.46E1,0.E0,-1.6E2));
#184=LINE('',#183,#182);
#185=DIRECTION('',(1.E0,0.E0,0.E0));
#186=VECTOR('',#185,2.5E0);
#187=CARTESIAN_POINT('',(-6.83E1,0.E0,-5.E0));
#188=LINE('',#187,#186);
#189=DIRECTION('',(1.E0,0.E0,0.E0));
#190=VECTOR('',#189,6.3E0);
#191=CARTESIAN_POINT('',(-6.58E1,0.E0,-1.6E2));
#192=LINE('',#191,#190);
#193=DIRECTION('',(1.E0,0.E0,0.E0));
#194=VECTOR('',#193,2.5E0);
#195=CARTESIAN_POINT('',(-5.95E1,0.E0,-5.E0));
#196=LINE('',#195,#194);
#197=DIRECTION('',(1.E0,0.E0,0.E0));
#198=VECTOR('',#197,6.3E0);
#199=CARTESIAN_POINT('',(-5.7E1,0.E0,-1.6E2));
#200=LINE('',#199,#198);
#201=DIRECTION('',(1.E0,0.E0,0.E0));
#202=VECTOR('',#201,2.5E0);
#203=CARTESIAN_POINT('',(-5.07E1,0.E0,-5.E0));
#204=LINE('',#203,#202);
#205=DIRECTION('',(1.E0,0.E0,0.E0));
#206=VECTOR('',#205,6.3E0);
#207=CARTESIAN_POINT('',(-4.82E1,0.E0,-1.6E2));
#208=LINE('',#207,#206);
#209=DIRECTION('',(1.E0,0.E0,0.E0));
#210=VECTOR('',#209,2.5E0);
#211=CARTESIAN_POINT('',(-4.19E1,0.E0,-5.E0));
#212=LINE('',#211,#210);
#213=DIRECTION('',(1.E0,0.E0,0.E0));
#214=VECTOR('',#213,6.3E0);
#215=CARTESIAN_POINT('',(-3.94E1,0.E0,-1.6E2));
#216=LINE('',#215,#214);
#217=DIRECTION('',(1.E0,0.E0,0.E0));
#218=VECTOR('',#217,2.5E0);
#219=CARTESIAN_POINT('',(-3.31E1,0.E0,-5.E0));
#220=LINE('',#219,#218);
#221=DIRECTION('',(1.E0,0.E0,0.E0));
#222=VECTOR('',#221,6.3E0);
#223=CARTESIAN_POINT('',(-3.06E1,0.E0,-1.6E2));
#224=LINE('',#223,#222);
#225=DIRECTION('',(1.E0,0.E0,0.E0));
#226=VECTOR('',#225,2.5E0);
#227=CARTESIAN_POINT('',(-2.43E1,0.E0,-5.E0));
#228=LINE('',#227,#226);
#229=DIRECTION('',(1.E0,0.E0,0.E0));
#230=VECTOR('',#229,6.3E0);
#231=CARTESIAN_POINT('',(-2.18E1,0.E0,-1.6E2));
#232=LINE('',#231,#230);
#233=DIRECTION('',(1.E0,0.E0,0.E0));
#234=VECTOR('',#233,2.5E0);
#235=CARTESIAN_POINT('',(-1.55E1,0.E0,-5.E0));
#236=LINE('',#235,#234);
#237=DIRECTION('',(1.E0,0.E0,0.E0));
#238=VECTOR('',#237,6.3E0);
#239=CARTESIAN_POINT('',(-1.3E1,0.E0,-1.6E2));
#240=LINE('',#239,#238);
#241=DIRECTION('',(1.E0,0.E0,0.E0));
#242=VECTOR('',#241,6.7E0);
#243=CARTESIAN_POINT('',(-6.7E0,0.E0,-5.E0));
#244=LINE('',#243,#242);
#245=DIRECTION('',(0.E0,0.E0,-1.E0));
#246=VECTOR('',#245,1.3E1);
#247=CARTESIAN_POINT('',(0.E0,0.E0,-5.E0));
#248=LINE('',#247,#246);
#249=DIRECTION('',(0.E0,0.E0,-1.E0));
#250=VECTOR('',#249,4.9E1);
#251=CARTESIAN_POINT('',(0.E0,0.E0,-1.8E1));
#252=LINE('',#251,#250);
#253=DIRECTION('',(0.E0,0.E0,-1.E0));
#254=VECTOR('',#253,3.5E0);
#255=CARTESIAN_POINT('',(0.E0,0.E0,-6.7E1));
#256=LINE('',#255,#254);
#257=DIRECTION('',(0.E0,0.E0,-1.E0));
#258=VECTOR('',#257,6.E0);
#259=CARTESIAN_POINT('',(1.E1,0.E0,-7.05E1));
#260=LINE('',#259,#258);
#261=DIRECTION('',(-1.E0,0.E0,0.E0));
#262=VECTOR('',#261,1.E1);
#263=CARTESIAN_POINT('',(1.E1,0.E0,-7.65E1));
#264=LINE('',#263,#262);
#265=DIRECTION('',(0.E0,0.E0,-1.E0));
#266=VECTOR('',#265,3.5E0);
#267=CARTESIAN_POINT('',(0.E0,0.E0,-7.65E1));
#268=LINE('',#267,#266);
#269=DIRECTION('',(0.E0,0.E0,-1.E0));
#270=VECTOR('',#269,6.993594176747E1);
#271=CARTESIAN_POINT('',(0.E0,0.E0,-8.E1));
#272=LINE('',#271,#270);
#273=DIRECTION('',(0.E0,0.E0,-1.E0));
#274=VECTOR('',#273,4.532029116266E0);
#275=CARTESIAN_POINT('',(0.E0,0.E0,-1.499359417675E2));
#276=LINE('',#275,#274);
#277=DIRECTION('',(0.E0,0.E0,-1.E0));
#278=VECTOR('',#277,6.E0);
#279=CARTESIAN_POINT('',(1.E1,0.E0,-1.544679708837E2));
#280=LINE('',#279,#278);
#281=DIRECTION('',(-1.E0,0.E0,0.E0));
#282=VECTOR('',#281,1.E1);
#283=CARTESIAN_POINT('',(1.E1,0.E0,-1.604679708837E2));
#284=LINE('',#283,#282);
#285=DIRECTION('',(0.E0,0.E0,1.E0));
#286=VECTOR('',#285,4.9E1);
#287=CARTESIAN_POINT('',(0.E0,0.E0,-6.7E1));
#288=LINE('',#287,#286);
#289=DIRECTION('',(0.E0,-1.E0,0.E0));
#290=VECTOR('',#289,1.710315903666E1);
#291=CARTESIAN_POINT('',(0.E0,0.E0,-5.E0));
#292=LINE('',#291,#290);
#293=DIRECTION('',(0.E0,1.E0,0.E0));
#294=VECTOR('',#293,1.710315903666E1);
#295=CARTESIAN_POINT('',(0.E0,-1.710315903666E1,-8.E1));
#296=LINE('',#295,#294);
#297=DIRECTION('',(0.E0,-1.E0,0.E0));
#298=VECTOR('',#297,1.E1);
#299=CARTESIAN_POINT('',(0.E0,0.E0,-7.65E1));
#300=LINE('',#299,#298);
#301=DIRECTION('',(0.E0,0.E0,-1.E0));
#302=VECTOR('',#301,6.E0);
#303=CARTESIAN_POINT('',(0.E0,-1.E1,-7.05E1));
#304=LINE('',#303,#302);
#305=DIRECTION('',(0.E0,-1.E0,0.E0));
#306=VECTOR('',#305,1.E1);
#307=CARTESIAN_POINT('',(0.E0,0.E0,-7.05E1));
#308=LINE('',#307,#306);
#309=DIRECTION('',(0.E0,-1.E0,0.E0));
#310=VECTOR('',#309,1.033931380686E1);
#311=CARTESIAN_POINT('',(0.E0,1.033931380686E1,-2.45E2));
#312=LINE('',#311,#310);
#313=DIRECTION('',(0.E0,-1.E0,0.E0));
#314=VECTOR('',#313,1.E1);
#315=CARTESIAN_POINT('',(0.E0,0.E0,-1.604679708837E2));
#316=LINE('',#315,#314);
#317=DIRECTION('',(0.E0,0.E0,-1.E0));
#318=VECTOR('',#317,6.E0);
#319=CARTESIAN_POINT('',(0.E0,-1.E1,-1.544679708837E2));
#320=LINE('',#319,#318);
#321=DIRECTION('',(0.E0,-1.E0,0.E0));
#322=VECTOR('',#321,1.E1);
#323=CARTESIAN_POINT('',(0.E0,0.E0,-1.544679708837E2));
#324=LINE('',#323,#322);
#325=DIRECTION('',(0.E0,-1.E0,0.E0));
#326=VECTOR('',#325,1.710315903666E1);
#327=CARTESIAN_POINT('',(0.E0,0.E0,-1.499359417675E2));
#328=LINE('',#327,#326);
#329=DIRECTION('',(0.E0,0.E0,-1.E0));
#330=VECTOR('',#329,1.5E2);
#331=CARTESIAN_POINT('',(0.E0,-1.710315903666E1,-1.499359417675E2));
#332=LINE('',#331,#330);
#333=DIRECTION('',(0.E0,1.E0,0.E0));
#334=VECTOR('',#333,2.744247284352E1);
#335=CARTESIAN_POINT('',(0.E0,-1.710315903666E1,-2.999359417675E2));
#336=LINE('',#335,#334);
#337=DIRECTION('',(0.E0,0.E0,1.E0));
#338=VECTOR('',#337,5.493594176747E1);
#339=CARTESIAN_POINT('',(0.E0,1.033931380686E1,-2.999359417675E2));
#340=LINE('',#339,#338);
#341=DIRECTION('',(0.E0,0.E0,1.E0));
#342=VECTOR('',#341,4.9E1);
#343=CARTESIAN_POINT('',(1.E1,0.E0,-6.7E1));
#344=LINE('',#343,#342);
#345=DIRECTION('',(1.E0,0.E0,0.E0));
#346=VECTOR('',#345,1.E1);
#347=CARTESIAN_POINT('',(0.E0,0.E0,-1.8E1));
#348=LINE('',#347,#346);
#349=DIRECTION('',(0.E0,-1.E0,0.E0));
#350=VECTOR('',#349,2.744247284352E1);
#351=CARTESIAN_POINT('',(1.E1,1.033931380686E1,-1.499359417675E2));
#352=LINE('',#351,#350);
#353=DIRECTION('',(0.E0,0.E0,1.E0));
#354=VECTOR('',#353,1.5E2);
#355=CARTESIAN_POINT('',(1.E1,1.033931380686E1,-2.999359417675E2));
#356=LINE('',#355,#354);
#357=DIRECTION('',(0.E0,1.E0,0.E0));
#358=VECTOR('',#357,2.744247284352E1);
#359=CARTESIAN_POINT('',(1.E1,-1.710315903666E1,-2.999359417675E2));
#360=LINE('',#359,#358);
#361=DIRECTION('',(0.E0,0.E0,-1.E0));
#362=VECTOR('',#361,1.5E2);
#363=CARTESIAN_POINT('',(1.E1,-1.710315903666E1,-1.499359417675E2));
#364=LINE('',#363,#362);
#365=DIRECTION('',(0.E0,-1.E0,0.E0));
#366=VECTOR('',#365,1.E1);
#367=CARTESIAN_POINT('',(1.E1,0.E0,-1.544679708837E2));
#368=LINE('',#367,#366);
#369=DIRECTION('',(0.E0,0.E0,-1.E0));
#370=VECTOR('',#369,6.E0);
#371=CARTESIAN_POINT('',(1.E1,-1.E1,-1.544679708837E2));
#372=LINE('',#371,#370);
#373=DIRECTION('',(0.E0,1.E0,0.E0));
#374=VECTOR('',#373,1.E1);
#375=CARTESIAN_POINT('',(1.E1,-1.E1,-1.604679708837E2));
#376=LINE('',#375,#374);
#377=DIRECTION('',(0.E0,-1.E0,0.E0));
#378=VECTOR('',#377,1.E1);
#379=CARTESIAN_POINT('',(1.E1,0.E0,-7.05E1));
#380=LINE('',#379,#378);
#381=DIRECTION('',(0.E0,0.E0,-1.E0));
#382=VECTOR('',#381,6.E0);
#383=CARTESIAN_POINT('',(1.E1,-1.E1,-7.05E1));
#384=LINE('',#383,#382);
#385=DIRECTION('',(0.E0,1.E0,0.E0));
#386=VECTOR('',#385,1.E1);
#387=CARTESIAN_POINT('',(1.E1,-1.E1,-7.65E1));
#388=LINE('',#387,#386);
#389=DIRECTION('',(0.E0,0.E0,1.E0));
#390=VECTOR('',#389,7.5E1);
#391=CARTESIAN_POINT('',(1.E1,-1.710315903666E1,-8.E1));
#392=LINE('',#391,#390);
#393=DIRECTION('',(0.E0,-1.E0,0.E0));
#394=VECTOR('',#393,3.E1);
#395=CARTESIAN_POINT('',(1.E1,1.289684096334E1,-5.E0));
#396=LINE('',#395,#394);
#397=DIRECTION('',(0.E0,0.E0,1.E0));
#398=VECTOR('',#397,1.3E1);
#399=CARTESIAN_POINT('',(1.E1,1.289684096334E1,-1.8E1));
#400=LINE('',#399,#398);
#401=DIRECTION('',(0.E0,1.E0,0.E0));
#402=VECTOR('',#401,1.289684096334E1);
#403=CARTESIAN_POINT('',(1.E1,0.E0,-1.8E1));
#404=LINE('',#403,#402);
#405=DIRECTION('',(0.E0,-1.E0,0.E0));
#406=VECTOR('',#405,1.289684096334E1);
#407=CARTESIAN_POINT('',(1.E1,1.289684096334E1,-6.7E1));
#408=LINE('',#407,#406);
#409=DIRECTION('',(0.E0,0.E0,1.E0));
#410=VECTOR('',#409,1.3E1);
#411=CARTESIAN_POINT('',(1.E1,1.289684096334E1,-8.E1));
#412=LINE('',#411,#410);
#413=DIRECTION('',(0.E0,1.E0,0.E0));
#414=VECTOR('',#413,3.E1);
#415=CARTESIAN_POINT('',(1.E1,-1.710315903666E1,-8.E1));
#416=LINE('',#415,#414);
#417=DIRECTION('',(1.E0,0.E0,0.E0));
#418=VECTOR('',#417,1.E1);
#419=CARTESIAN_POINT('',(0.E0,1.033931380686E1,-1.499359417675E2));
#420=LINE('',#419,#418);
#421=DIRECTION('',(0.E0,0.E0,1.E0));
#422=VECTOR('',#421,9.506405823253E1);
#423=CARTESIAN_POINT('',(0.E0,1.033931380686E1,-2.45E2));
#424=LINE('',#423,#422);
#425=DIRECTION('',(0.E0,1.E0,0.E0));
#426=VECTOR('',#425,1.033931380686E1);
#427=CARTESIAN_POINT('',(0.E0,0.E0,-1.499359417675E2));
#428=LINE('',#427,#426);
#429=DIRECTION('',(0.E0,1.E0,0.E0));
#430=VECTOR('',#429,1.289684096334E1);
#431=CARTESIAN_POINT('',(0.E0,0.E0,-8.E1));
#432=LINE('',#431,#430);
#433=DIRECTION('',(0.E0,0.E0,1.E0));
#434=VECTOR('',#433,1.3E1);
#435=CARTESIAN_POINT('',(0.E0,1.289684096334E1,-8.E1));
#436=LINE('',#435,#434);
#437=DIRECTION('',(0.E0,1.E0,0.E0));
#438=VECTOR('',#437,1.289684096334E1);
#439=CARTESIAN_POINT('',(0.E0,0.E0,-6.7E1));
#440=LINE('',#439,#438);
#441=DIRECTION('',(0.E0,1.E0,0.E0));
#442=VECTOR('',#441,1.289684096334E1);
#443=CARTESIAN_POINT('',(0.E0,0.E0,-1.8E1));
#444=LINE('',#443,#442);
#445=DIRECTION('',(0.E0,0.E0,1.E0));
#446=VECTOR('',#445,1.3E1);
#447=CARTESIAN_POINT('',(0.E0,1.289684096334E1,-1.8E1));
#448=LINE('',#447,#446);
#449=DIRECTION('',(0.E0,1.E0,0.E0));
#450=VECTOR('',#449,2.103159036656E0);
#451=CARTESIAN_POINT('',(0.E0,1.289684096334E1,-5.E0));
#452=LINE('',#451,#450);
#453=DIRECTION('',(0.E0,0.E0,-1.E0));
#454=VECTOR('',#453,5.E0);
#455=CARTESIAN_POINT('',(0.E0,1.5E1,0.E0));
#456=LINE('',#455,#454);
#457=DIRECTION('',(0.E0,1.E0,0.E0));
#458=VECTOR('',#457,1.043193385692E1);
#459=CARTESIAN_POINT('',(0.E0,1.5E1,0.E0));
#460=LINE('',#459,#458);
#461=DIRECTION('',(0.E0,0.E0,1.E0));
#462=VECTOR('',#461,1.E1);
#463=CARTESIAN_POINT('',(0.E0,2.543193385692E1,0.E0));
#464=LINE('',#463,#462);
#465=DIRECTION('',(0.E0,1.E0,0.E0));
#466=VECTOR('',#465,6.369483304301E0);
#467=CARTESIAN_POINT('',(0.E0,3.863051669570E1,0.E0));
#468=LINE('',#467,#466);
#469=DIRECTION('',(1.E0,0.E0,0.E0));
#470=VECTOR('',#469,1.05E2);
#471=CARTESIAN_POINT('',(-1.1E2,4.5E1,-1.6E2));
#472=LINE('',#471,#470);
#473=DIRECTION('',(0.E0,0.E0,-1.E0));
#474=VECTOR('',#473,1.55E2);
#475=CARTESIAN_POINT('',(-1.1E2,4.5E1,-5.E0));
#476=LINE('',#475,#474);
#477=DIRECTION('',(-1.E0,0.E0,0.E0));
#478=VECTOR('',#477,1.05E2);
#479=CARTESIAN_POINT('',(-5.E0,4.5E1,-5.E0));
#480=LINE('',#479,#478);
#481=DIRECTION('',(0.E0,0.E0,1.E0));
#482=VECTOR('',#481,1.55E2);
#483=CARTESIAN_POINT('',(-5.E0,4.5E1,-1.6E2));
#484=LINE('',#483,#482);
#485=DIRECTION('',(0.E0,0.E0,-1.E0));
#486=VECTOR('',#485,2.45E2);
#487=CARTESIAN_POINT('',(-1.15E2,4.5E1,0.E0));
#488=LINE('',#487,#486);
#489=DIRECTION('',(0.E0,0.E0,1.E0));
#490=VECTOR('',#489,2.45E2);
#491=CARTESIAN_POINT('',(0.E0,4.5E1,-2.45E2));
#492=LINE('',#491,#490);
#493=DIRECTION('',(1.E0,0.E0,0.E0));
#494=VECTOR('',#493,1.15E2);
#495=CARTESIAN_POINT('',(-1.15E2,4.5E1,0.E0));
#496=LINE('',#495,#494);
#497=DIRECTION('',(1.E0,0.E0,0.E0));
#498=VECTOR('',#497,7.5E-1);
#499=CARTESIAN_POINT('',(-6.7E0,4.E0,-1.6E2));
#500=LINE('',#499,#498);
#501=DIRECTION('',(0.E0,1.E0,0.E0));
#502=VECTOR('',#501,4.E0);
#503=CARTESIAN_POINT('',(-6.7E0,0.E0,-1.6E2));
#504=LINE('',#503,#502);
#505=DIRECTION('',(0.E0,1.E0,0.E0));
#506=VECTOR('',#505,4.E0);
#507=CARTESIAN_POINT('',(-1.3E1,0.E0,-1.6E2));
#508=LINE('',#507,#506);
#509=DIRECTION('',(1.E0,0.E0,0.E0));
#510=VECTOR('',#509,7.5E-1);
#511=CARTESIAN_POINT('',(-1.375E1,4.E0,-1.6E2));
#512=LINE('',#511,#510);
#513=DIRECTION('',(0.E0,1.E0,0.E0));
#514=VECTOR('',#513,1.5E1);
#515=CARTESIAN_POINT('',(-1.375E1,4.E0,-1.6E2));
#516=LINE('',#515,#514);
#517=DIRECTION('',(1.E0,0.E0,0.E0));
#518=VECTOR('',#517,1.E0);
#519=CARTESIAN_POINT('',(-1.475E1,1.9E1,-1.6E2));
#520=LINE('',#519,#518);
#521=DIRECTION('',(0.E0,1.E0,0.E0));
#522=VECTOR('',#521,1.5E1);
#523=CARTESIAN_POINT('',(-1.475E1,4.E0,-1.6E2));
#524=LINE('',#523,#522);
#525=DIRECTION('',(1.E0,0.E0,0.E0));
#526=VECTOR('',#525,7.5E-1);
#527=CARTESIAN_POINT('',(-1.55E1,4.E0,-1.6E2));
#528=LINE('',#527,#526);
#529=DIRECTION('',(0.E0,1.E0,0.E0));
#530=VECTOR('',#529,4.E0);
#531=CARTESIAN_POINT('',(-1.55E1,0.E0,-1.6E2));
#532=LINE('',#531,#530);
#533=DIRECTION('',(0.E0,1.E0,0.E0));
#534=VECTOR('',#533,4.E0);
#535=CARTESIAN_POINT('',(-2.18E1,0.E0,-1.6E2));
#536=LINE('',#535,#534);
#537=DIRECTION('',(1.E0,0.E0,0.E0));
#538=VECTOR('',#537,7.5E-1);
#539=CARTESIAN_POINT('',(-2.255E1,4.E0,-1.6E2));
#540=LINE('',#539,#538);
#541=DIRECTION('',(0.E0,1.E0,0.E0));
#542=VECTOR('',#541,1.5E1);
#543=CARTESIAN_POINT('',(-2.255E1,4.E0,-1.6E2));
#544=LINE('',#543,#542);
#545=DIRECTION('',(1.E0,0.E0,0.E0));
#546=VECTOR('',#545,1.E0);
#547=CARTESIAN_POINT('',(-2.355E1,1.9E1,-1.6E2));
#548=LINE('',#547,#546);
#549=DIRECTION('',(0.E0,1.E0,0.E0));
#550=VECTOR('',#549,1.5E1);
#551=CARTESIAN_POINT('',(-2.355E1,4.E0,-1.6E2));
#552=LINE('',#551,#550);
#553=DIRECTION('',(1.E0,0.E0,0.E0));
#554=VECTOR('',#553,7.5E-1);
#555=CARTESIAN_POINT('',(-2.43E1,4.E0,-1.6E2));
#556=LINE('',#555,#554);
#557=DIRECTION('',(0.E0,1.E0,0.E0));
#558=VECTOR('',#557,4.E0);
#559=CARTESIAN_POINT('',(-2.43E1,0.E0,-1.6E2));
#560=LINE('',#559,#558);
#561=DIRECTION('',(0.E0,1.E0,0.E0));
#562=VECTOR('',#561,4.E0);
#563=CARTESIAN_POINT('',(-3.06E1,0.E0,-1.6E2));
#564=LINE('',#563,#562);
#565=DIRECTION('',(1.E0,0.E0,0.E0));
#566=VECTOR('',#565,7.5E-1);
#567=CARTESIAN_POINT('',(-3.135E1,4.E0,-1.6E2));
#568=LINE('',#567,#566);
#569=DIRECTION('',(0.E0,1.E0,0.E0));
#570=VECTOR('',#569,1.5E1);
#571=CARTESIAN_POINT('',(-3.135E1,4.E0,-1.6E2));
#572=LINE('',#571,#570);
#573=DIRECTION('',(1.E0,0.E0,0.E0));
#574=VECTOR('',#573,1.E0);
#575=CARTESIAN_POINT('',(-3.235E1,1.9E1,-1.6E2));
#576=LINE('',#575,#574);
#577=DIRECTION('',(0.E0,1.E0,0.E0));
#578=VECTOR('',#577,1.5E1);
#579=CARTESIAN_POINT('',(-3.235E1,4.E0,-1.6E2));
#580=LINE('',#579,#578);
#581=DIRECTION('',(1.E0,0.E0,0.E0));
#582=VECTOR('',#581,7.5E-1);
#583=CARTESIAN_POINT('',(-3.31E1,4.E0,-1.6E2));
#584=LINE('',#583,#582);
#585=DIRECTION('',(0.E0,1.E0,0.E0));
#586=VECTOR('',#585,4.E0);
#587=CARTESIAN_POINT('',(-3.31E1,0.E0,-1.6E2));
#588=LINE('',#587,#586);
#589=DIRECTION('',(0.E0,1.E0,0.E0));
#590=VECTOR('',#589,4.E0);
#591=CARTESIAN_POINT('',(-3.94E1,0.E0,-1.6E2));
#592=LINE('',#591,#590);
#593=DIRECTION('',(1.E0,0.E0,0.E0));
#594=VECTOR('',#593,7.5E-1);
#595=CARTESIAN_POINT('',(-4.015E1,4.E0,-1.6E2));
#596=LINE('',#595,#594);
#597=DIRECTION('',(0.E0,1.E0,0.E0));
#598=VECTOR('',#597,1.5E1);
#599=CARTESIAN_POINT('',(-4.015E1,4.E0,-1.6E2));
#600=LINE('',#599,#598);
#601=DIRECTION('',(1.E0,0.E0,0.E0));
#602=VECTOR('',#601,1.E0);
#603=CARTESIAN_POINT('',(-4.115E1,1.9E1,-1.6E2));
#604=LINE('',#603,#602);
#605=DIRECTION('',(0.E0,1.E0,0.E0));
#606=VECTOR('',#605,1.5E1);
#607=CARTESIAN_POINT('',(-4.115E1,4.E0,-1.6E2));
#608=LINE('',#607,#606);
#609=DIRECTION('',(1.E0,0.E0,0.E0));
#610=VECTOR('',#609,7.5E-1);
#611=CARTESIAN_POINT('',(-4.19E1,4.E0,-1.6E2));
#612=LINE('',#611,#610);
#613=DIRECTION('',(0.E0,1.E0,0.E0));
#614=VECTOR('',#613,4.E0);
#615=CARTESIAN_POINT('',(-4.19E1,0.E0,-1.6E2));
#616=LINE('',#615,#614);
#617=DIRECTION('',(0.E0,1.E0,0.E0));
#618=VECTOR('',#617,4.E0);
#619=CARTESIAN_POINT('',(-4.82E1,0.E0,-1.6E2));
#620=LINE('',#619,#618);
#621=DIRECTION('',(1.E0,0.E0,0.E0));
#622=VECTOR('',#621,7.5E-1);
#623=CARTESIAN_POINT('',(-4.895E1,4.E0,-1.6E2));
#624=LINE('',#623,#622);
#625=DIRECTION('',(0.E0,1.E0,0.E0));
#626=VECTOR('',#625,1.5E1);
#627=CARTESIAN_POINT('',(-4.895E1,4.E0,-1.6E2));
#628=LINE('',#627,#626);
#629=DIRECTION('',(1.E0,0.E0,0.E0));
#630=VECTOR('',#629,1.E0);
#631=CARTESIAN_POINT('',(-4.995E1,1.9E1,-1.6E2));
#632=LINE('',#631,#630);
#633=DIRECTION('',(0.E0,1.E0,0.E0));
#634=VECTOR('',#633,1.5E1);
#635=CARTESIAN_POINT('',(-4.995E1,4.E0,-1.6E2));
#636=LINE('',#635,#634);
#637=DIRECTION('',(1.E0,0.E0,0.E0));
#638=VECTOR('',#637,7.5E-1);
#639=CARTESIAN_POINT('',(-5.07E1,4.E0,-1.6E2));
#640=LINE('',#639,#638);
#641=DIRECTION('',(0.E0,1.E0,0.E0));
#642=VECTOR('',#641,4.E0);
#643=CARTESIAN_POINT('',(-5.07E1,0.E0,-1.6E2));
#644=LINE('',#643,#642);
#645=DIRECTION('',(0.E0,1.E0,0.E0));
#646=VECTOR('',#645,4.E0);
#647=CARTESIAN_POINT('',(-5.7E1,0.E0,-1.6E2));
#648=LINE('',#647,#646);
#649=DIRECTION('',(1.E0,0.E0,0.E0));
#650=VECTOR('',#649,7.5E-1);
#651=CARTESIAN_POINT('',(-5.775E1,4.E0,-1.6E2));
#652=LINE('',#651,#650);
#653=DIRECTION('',(0.E0,1.E0,0.E0));
#654=VECTOR('',#653,1.5E1);
#655=CARTESIAN_POINT('',(-5.775E1,4.E0,-1.6E2));
#656=LINE('',#655,#654);
#657=DIRECTION('',(1.E0,0.E0,0.E0));
#658=VECTOR('',#657,1.E0);
#659=CARTESIAN_POINT('',(-5.875E1,1.9E1,-1.6E2));
#660=LINE('',#659,#658);
#661=DIRECTION('',(0.E0,1.E0,0.E0));
#662=VECTOR('',#661,1.5E1);
#663=CARTESIAN_POINT('',(-5.875E1,4.E0,-1.6E2));
#664=LINE('',#663,#662);
#665=DIRECTION('',(1.E0,0.E0,0.E0));
#666=VECTOR('',#665,7.5E-1);
#667=CARTESIAN_POINT('',(-5.95E1,4.E0,-1.6E2));
#668=LINE('',#667,#666);
#669=DIRECTION('',(0.E0,1.E0,0.E0));
#670=VECTOR('',#669,4.E0);
#671=CARTESIAN_POINT('',(-5.95E1,0.E0,-1.6E2));
#672=LINE('',#671,#670);
#673=DIRECTION('',(0.E0,1.E0,0.E0));
#674=VECTOR('',#673,4.E0);
#675=CARTESIAN_POINT('',(-6.58E1,0.E0,-1.6E2));
#676=LINE('',#675,#674);
#677=DIRECTION('',(1.E0,0.E0,0.E0));
#678=VECTOR('',#677,7.5E-1);
#679=CARTESIAN_POINT('',(-6.655E1,4.E0,-1.6E2));
#680=LINE('',#679,#678);
#681=DIRECTION('',(0.E0,1.E0,0.E0));
#682=VECTOR('',#681,1.5E1);
#683=CARTESIAN_POINT('',(-6.655E1,4.E0,-1.6E2));
#684=LINE('',#683,#682);
#685=DIRECTION('',(1.E0,0.E0,0.E0));
#686=VECTOR('',#685,1.E0);
#687=CARTESIAN_POINT('',(-6.755E1,1.9E1,-1.6E2));
#688=LINE('',#687,#686);
#689=DIRECTION('',(0.E0,1.E0,0.E0));
#690=VECTOR('',#689,1.5E1);
#691=CARTESIAN_POINT('',(-6.755E1,4.E0,-1.6E2));
#692=LINE('',#691,#690);
#693=DIRECTION('',(1.E0,0.E0,0.E0));
#694=VECTOR('',#693,7.5E-1);
#695=CARTESIAN_POINT('',(-6.83E1,4.E0,-1.6E2));
#696=LINE('',#695,#694);
#697=DIRECTION('',(0.E0,1.E0,0.E0));
#698=VECTOR('',#697,4.E0);
#699=CARTESIAN_POINT('',(-6.83E1,0.E0,-1.6E2));
#700=LINE('',#699,#698);
#701=DIRECTION('',(0.E0,1.E0,0.E0));
#702=VECTOR('',#701,4.E0);
#703=CARTESIAN_POINT('',(-7.46E1,0.E0,-1.6E2));
#704=LINE('',#703,#702);
#705=DIRECTION('',(1.E0,0.E0,0.E0));
#706=VECTOR('',#705,7.5E-1);
#707=CARTESIAN_POINT('',(-7.535E1,4.E0,-1.6E2));
#708=LINE('',#707,#706);
#709=DIRECTION('',(0.E0,1.E0,0.E0));
#710=VECTOR('',#709,1.5E1);
#711=CARTESIAN_POINT('',(-7.535E1,4.E0,-1.6E2));
#712=LINE('',#711,#710);
#713=DIRECTION('',(1.E0,0.E0,0.E0));
#714=VECTOR('',#713,1.E0);
#715=CARTESIAN_POINT('',(-7.635E1,1.9E1,-1.6E2));
#716=LINE('',#715,#714);
#717=DIRECTION('',(0.E0,1.E0,0.E0));
#718=VECTOR('',#717,1.5E1);
#719=CARTESIAN_POINT('',(-7.635E1,4.E0,-1.6E2));
#720=LINE('',#719,#718);
#721=DIRECTION('',(1.E0,0.E0,0.E0));
#722=VECTOR('',#721,7.5E-1);
#723=CARTESIAN_POINT('',(-7.71E1,4.E0,-1.6E2));
#724=LINE('',#723,#722);
#725=DIRECTION('',(0.E0,1.E0,0.E0));
#726=VECTOR('',#725,4.E0);
#727=CARTESIAN_POINT('',(-7.71E1,0.E0,-1.6E2));
#728=LINE('',#727,#726);
#729=DIRECTION('',(0.E0,1.E0,0.E0));
#730=VECTOR('',#729,4.E0);
#731=CARTESIAN_POINT('',(-8.34E1,0.E0,-1.6E2));
#732=LINE('',#731,#730);
#733=DIRECTION('',(1.E0,0.E0,0.E0));
#734=VECTOR('',#733,7.5E-1);
#735=CARTESIAN_POINT('',(-8.415E1,4.E0,-1.6E2));
#736=LINE('',#735,#734);
#737=DIRECTION('',(0.E0,1.E0,0.E0));
#738=VECTOR('',#737,1.5E1);
#739=CARTESIAN_POINT('',(-8.415E1,4.E0,-1.6E2));
#740=LINE('',#739,#738);
#741=DIRECTION('',(1.E0,0.E0,0.E0));
#742=VECTOR('',#741,1.E0);
#743=CARTESIAN_POINT('',(-8.515E1,1.9E1,-1.6E2));
#744=LINE('',#743,#742);
#745=DIRECTION('',(0.E0,1.E0,0.E0));
#746=VECTOR('',#745,1.5E1);
#747=CARTESIAN_POINT('',(-8.515E1,4.E0,-1.6E2));
#748=LINE('',#747,#746);
#749=DIRECTION('',(1.E0,0.E0,0.E0));
#750=VECTOR('',#749,7.5E-1);
#751=CARTESIAN_POINT('',(-8.59E1,4.E0,-1.6E2));
#752=LINE('',#751,#750);
#753=DIRECTION('',(0.E0,1.E0,0.E0));
#754=VECTOR('',#753,4.E0);
#755=CARTESIAN_POINT('',(-8.59E1,0.E0,-1.6E2));
#756=LINE('',#755,#754);
#757=DIRECTION('',(0.E0,1.E0,0.E0));
#758=VECTOR('',#757,4.E0);
#759=CARTESIAN_POINT('',(-9.22E1,0.E0,-1.6E2));
#760=LINE('',#759,#758);
#761=DIRECTION('',(1.E0,0.E0,0.E0));
#762=VECTOR('',#761,7.5E-1);
#763=CARTESIAN_POINT('',(-9.295E1,4.E0,-1.6E2));
#764=LINE('',#763,#762);
#765=DIRECTION('',(0.E0,1.E0,0.E0));
#766=VECTOR('',#765,1.5E1);
#767=CARTESIAN_POINT('',(-9.295E1,4.E0,-1.6E2));
#768=LINE('',#767,#766);
#769=DIRECTION('',(1.E0,0.E0,0.E0));
#770=VECTOR('',#769,1.E0);
#771=CARTESIAN_POINT('',(-9.395E1,1.9E1,-1.6E2));
#772=LINE('',#771,#770);
#773=DIRECTION('',(0.E0,1.E0,0.E0));
#774=VECTOR('',#773,1.5E1);
#775=CARTESIAN_POINT('',(-9.395E1,4.E0,-1.6E2));
#776=LINE('',#775,#774);
#777=DIRECTION('',(1.E0,0.E0,0.E0));
#778=VECTOR('',#777,7.5E-1);
#779=CARTESIAN_POINT('',(-9.47E1,4.E0,-1.6E2));
#780=LINE('',#779,#778);
#781=DIRECTION('',(0.E0,1.E0,0.E0));
#782=VECTOR('',#781,4.E0);
#783=CARTESIAN_POINT('',(-9.47E1,0.E0,-1.6E2));
#784=LINE('',#783,#782);
#785=DIRECTION('',(0.E0,1.E0,0.E0));
#786=VECTOR('',#785,4.E0);
#787=CARTESIAN_POINT('',(-1.01E2,0.E0,-1.6E2));
#788=LINE('',#787,#786);
#789=DIRECTION('',(1.E0,0.E0,0.E0));
#790=VECTOR('',#789,7.5E-1);
#791=CARTESIAN_POINT('',(-1.0175E2,4.E0,-1.6E2));
#792=LINE('',#791,#790);
#793=DIRECTION('',(0.E0,1.E0,0.E0));
#794=VECTOR('',#793,1.5E1);
#795=CARTESIAN_POINT('',(-1.0175E2,4.E0,-1.6E2));
#796=LINE('',#795,#794);
#797=DIRECTION('',(-1.E0,0.E0,0.E0));
#798=VECTOR('',#797,1.E0);
#799=CARTESIAN_POINT('',(-1.0175E2,1.9E1,-1.6E2));
#800=LINE('',#799,#798);
#801=DIRECTION('',(0.E0,1.E0,0.E0));
#802=VECTOR('',#801,1.5E1);
#803=CARTESIAN_POINT('',(-1.0275E2,4.E0,-1.6E2));
#804=LINE('',#803,#802);
#805=DIRECTION('',(1.E0,0.E0,0.E0));
#806=VECTOR('',#805,7.5E-1);
#807=CARTESIAN_POINT('',(-1.035E2,4.E0,-1.6E2));
#808=LINE('',#807,#806);
#809=DIRECTION('',(0.E0,1.E0,0.E0));
#810=VECTOR('',#809,4.E0);
#811=CARTESIAN_POINT('',(-1.035E2,0.E0,-1.6E2));
#812=LINE('',#811,#810);
#813=DIRECTION('',(0.E0,1.E0,0.E0));
#814=VECTOR('',#813,4.5E1);
#815=CARTESIAN_POINT('',(-1.1E2,0.E0,-1.6E2));
#816=LINE('',#815,#814);
#817=DIRECTION('',(1.E0,0.E0,0.E0));
#818=VECTOR('',#817,9.5E-1);
#819=CARTESIAN_POINT('',(-5.95E0,1.9E1,-1.6E2));
#820=LINE('',#819,#818);
#821=DIRECTION('',(0.E0,1.E0,0.E0));
#822=VECTOR('',#821,1.5E1);
#823=CARTESIAN_POINT('',(-5.95E0,4.E0,-1.6E2));
#824=LINE('',#823,#822);
#825=DIRECTION('',(1.E0,0.E0,0.E0));
#826=VECTOR('',#825,7.5E-1);
#827=CARTESIAN_POINT('',(-6.7E0,4.E0,-5.E0));
#828=LINE('',#827,#826);
#829=DIRECTION('',(0.E0,0.E0,1.E0));
#830=VECTOR('',#829,1.55E2);
#831=CARTESIAN_POINT('',(-6.7E0,4.E0,-1.6E2));
#832=LINE('',#831,#830);
#833=DIRECTION('',(0.E0,0.E0,-1.E0));
#834=VECTOR('',#833,1.55E2);
#835=CARTESIAN_POINT('',(-5.95E0,4.E0,-5.E0));
#836=LINE('',#835,#834);
#837=DIRECTION('',(0.E0,1.E0,0.E0));
#838=VECTOR('',#837,4.E0);
#839=CARTESIAN_POINT('',(-6.7E0,0.E0,-5.E0));
#840=LINE('',#839,#838);
#841=DIRECTION('',(0.E0,0.E0,1.E0));
#842=VECTOR('',#841,1.55E2);
#843=CARTESIAN_POINT('',(-6.7E0,0.E0,-1.6E2));
#844=LINE('',#843,#842);
#845=DIRECTION('',(0.E0,1.E0,0.E0));
#846=VECTOR('',#845,1.1E1);
#847=CARTESIAN_POINT('',(-5.95E0,4.E0,-5.E0));
#848=LINE('',#847,#846);
#849=DIRECTION('',(0.E0,0.E0,1.E0));
#850=VECTOR('',#849,1.55E2);
#851=CARTESIAN_POINT('',(-5.95E0,1.9E1,-1.6E2));
#852=LINE('',#851,#850);
#853=DIRECTION('',(0.E0,0.E0,1.E0));
#854=VECTOR('',#853,1.55E2);
#855=CARTESIAN_POINT('',(-5.E0,1.9E1,-1.6E2));
#856=LINE('',#855,#854);
#857=DIRECTION('',(0.E0,1.E0,0.E0));
#858=VECTOR('',#857,2.6E1);
#859=CARTESIAN_POINT('',(-5.E0,1.9E1,-1.6E2));
#860=LINE('',#859,#858);
#861=DIRECTION('',(-1.E0,0.E0,0.E0));
#862=VECTOR('',#861,7.8E0);
#863=CARTESIAN_POINT('',(-5.95E0,1.5E1,-5.E0));
#864=LINE('',#863,#862);
#865=DIRECTION('',(0.E0,1.E0,0.E0));
#866=VECTOR('',#865,4.E0);
#867=CARTESIAN_POINT('',(-5.95E0,1.5E1,-5.E0));
#868=LINE('',#867,#866);
#869=DIRECTION('',(1.E0,0.E0,0.E0));
#870=VECTOR('',#869,9.5E-1);
#871=CARTESIAN_POINT('',(-5.95E0,1.9E1,-5.E0));
#872=LINE('',#871,#870);
#873=DIRECTION('',(0.E0,1.E0,0.E0));
#874=VECTOR('',#873,2.6E1);
#875=CARTESIAN_POINT('',(-5.E0,1.9E1,-5.E0));
#876=LINE('',#875,#874);
#877=DIRECTION('',(-1.E0,0.E0,0.E0));
#878=VECTOR('',#877,7.25E0);
#879=CARTESIAN_POINT('',(-1.0275E2,1.5E1,-5.E0));
#880=LINE('',#879,#878);
#881=DIRECTION('',(0.E0,1.E0,0.E0));
#882=VECTOR('',#881,4.E0);
#883=CARTESIAN_POINT('',(-1.0275E2,1.5E1,-5.E0));
#884=LINE('',#883,#882);
#885=DIRECTION('',(1.E0,0.E0,0.E0));
#886=VECTOR('',#885,1.E0);
#887=CARTESIAN_POINT('',(-1.0275E2,1.9E1,-5.E0));
#888=LINE('',#887,#886);
#889=DIRECTION('',(0.E0,1.E0,0.E0));
#890=VECTOR('',#889,4.E0);
#891=CARTESIAN_POINT('',(-1.0175E2,1.5E1,-5.E0));
#892=LINE('',#891,#890);
#893=DIRECTION('',(-1.E0,0.E0,0.E0));
#894=VECTOR('',#893,7.8E0);
#895=CARTESIAN_POINT('',(-9.395E1,1.5E1,-5.E0));
#896=LINE('',#895,#894);
#897=DIRECTION('',(0.E0,1.E0,0.E0));
#898=VECTOR('',#897,4.E0);
#899=CARTESIAN_POINT('',(-9.395E1,1.5E1,-5.E0));
#900=LINE('',#899,#898);
#901=DIRECTION('',(1.E0,0.E0,0.E0));
#902=VECTOR('',#901,1.E0);
#903=CARTESIAN_POINT('',(-9.395E1,1.9E1,-5.E0));
#904=LINE('',#903,#902);
#905=DIRECTION('',(0.E0,1.E0,0.E0));
#906=VECTOR('',#905,4.E0);
#907=CARTESIAN_POINT('',(-9.295E1,1.5E1,-5.E0));
#908=LINE('',#907,#906);
#909=DIRECTION('',(-1.E0,0.E0,0.E0));
#910=VECTOR('',#909,7.8E0);
#911=CARTESIAN_POINT('',(-8.515E1,1.5E1,-5.E0));
#912=LINE('',#911,#910);
#913=DIRECTION('',(0.E0,1.E0,0.E0));
#914=VECTOR('',#913,4.E0);
#915=CARTESIAN_POINT('',(-8.515E1,1.5E1,-5.E0));
#916=LINE('',#915,#914);
#917=DIRECTION('',(1.E0,0.E0,0.E0));
#918=VECTOR('',#917,1.E0);
#919=CARTESIAN_POINT('',(-8.515E1,1.9E1,-5.E0));
#920=LINE('',#919,#918);
#921=DIRECTION('',(0.E0,1.E0,0.E0));
#922=VECTOR('',#921,4.E0);
#923=CARTESIAN_POINT('',(-8.415E1,1.5E1,-5.E0));
#924=LINE('',#923,#922);
#925=DIRECTION('',(-1.E0,0.E0,0.E0));
#926=VECTOR('',#925,7.8E0);
#927=CARTESIAN_POINT('',(-7.635E1,1.5E1,-5.E0));
#928=LINE('',#927,#926);
#929=DIRECTION('',(0.E0,1.E0,0.E0));
#930=VECTOR('',#929,4.E0);
#931=CARTESIAN_POINT('',(-7.635E1,1.5E1,-5.E0));
#932=LINE('',#931,#930);
#933=DIRECTION('',(1.E0,0.E0,0.E0));
#934=VECTOR('',#933,1.E0);
#935=CARTESIAN_POINT('',(-7.635E1,1.9E1,-5.E0));
#936=LINE('',#935,#934);
#937=DIRECTION('',(0.E0,1.E0,0.E0));
#938=VECTOR('',#937,4.E0);
#939=CARTESIAN_POINT('',(-7.535E1,1.5E1,-5.E0));
#940=LINE('',#939,#938);
#941=DIRECTION('',(-1.E0,0.E0,0.E0));
#942=VECTOR('',#941,7.8E0);
#943=CARTESIAN_POINT('',(-6.755E1,1.5E1,-5.E0));
#944=LINE('',#943,#942);
#945=DIRECTION('',(0.E0,1.E0,0.E0));
#946=VECTOR('',#945,4.E0);
#947=CARTESIAN_POINT('',(-6.755E1,1.5E1,-5.E0));
#948=LINE('',#947,#946);
#949=DIRECTION('',(1.E0,0.E0,0.E0));
#950=VECTOR('',#949,1.E0);
#951=CARTESIAN_POINT('',(-6.755E1,1.9E1,-5.E0));
#952=LINE('',#951,#950);
#953=DIRECTION('',(0.E0,1.E0,0.E0));
#954=VECTOR('',#953,4.E0);
#955=CARTESIAN_POINT('',(-6.655E1,1.5E1,-5.E0));
#956=LINE('',#955,#954);
#957=DIRECTION('',(-1.E0,0.E0,0.E0));
#958=VECTOR('',#957,7.8E0);
#959=CARTESIAN_POINT('',(-5.875E1,1.5E1,-5.E0));
#960=LINE('',#959,#958);
#961=DIRECTION('',(0.E0,1.E0,0.E0));
#962=VECTOR('',#961,4.E0);
#963=CARTESIAN_POINT('',(-5.875E1,1.5E1,-5.E0));
#964=LINE('',#963,#962);
#965=DIRECTION('',(1.E0,0.E0,0.E0));
#966=VECTOR('',#965,1.E0);
#967=CARTESIAN_POINT('',(-5.875E1,1.9E1,-5.E0));
#968=LINE('',#967,#966);
#969=DIRECTION('',(0.E0,1.E0,0.E0));
#970=VECTOR('',#969,4.E0);
#971=CARTESIAN_POINT('',(-5.775E1,1.5E1,-5.E0));
#972=LINE('',#971,#970);
#973=DIRECTION('',(-1.E0,0.E0,0.E0));
#974=VECTOR('',#973,7.8E0);
#975=CARTESIAN_POINT('',(-4.995E1,1.5E1,-5.E0));
#976=LINE('',#975,#974);
#977=DIRECTION('',(0.E0,1.E0,0.E0));
#978=VECTOR('',#977,4.E0);
#979=CARTESIAN_POINT('',(-4.995E1,1.5E1,-5.E0));
#980=LINE('',#979,#978);
#981=DIRECTION('',(1.E0,0.E0,0.E0));
#982=VECTOR('',#981,1.E0);
#983=CARTESIAN_POINT('',(-4.995E1,1.9E1,-5.E0));
#984=LINE('',#983,#982);
#985=DIRECTION('',(0.E0,1.E0,0.E0));
#986=VECTOR('',#985,4.E0);
#987=CARTESIAN_POINT('',(-4.895E1,1.5E1,-5.E0));
#988=LINE('',#987,#986);
#989=DIRECTION('',(-1.E0,0.E0,0.E0));
#990=VECTOR('',#989,7.8E0);
#991=CARTESIAN_POINT('',(-4.115E1,1.5E1,-5.E0));
#992=LINE('',#991,#990);
#993=DIRECTION('',(0.E0,1.E0,0.E0));
#994=VECTOR('',#993,4.E0);
#995=CARTESIAN_POINT('',(-4.115E1,1.5E1,-5.E0));
#996=LINE('',#995,#994);
#997=DIRECTION('',(1.E0,0.E0,0.E0));
#998=VECTOR('',#997,1.E0);
#999=CARTESIAN_POINT('',(-4.115E1,1.9E1,-5.E0));
#1000=LINE('',#999,#998);
#1001=DIRECTION('',(0.E0,1.E0,0.E0));
#1002=VECTOR('',#1001,4.E0);
#1003=CARTESIAN_POINT('',(-4.015E1,1.5E1,-5.E0));
#1004=LINE('',#1003,#1002);
#1005=DIRECTION('',(-1.E0,0.E0,0.E0));
#1006=VECTOR('',#1005,7.8E0);
#1007=CARTESIAN_POINT('',(-3.235E1,1.5E1,-5.E0));
#1008=LINE('',#1007,#1006);
#1009=DIRECTION('',(0.E0,1.E0,0.E0));
#1010=VECTOR('',#1009,4.E0);
#1011=CARTESIAN_POINT('',(-3.235E1,1.5E1,-5.E0));
#1012=LINE('',#1011,#1010);
#1013=DIRECTION('',(1.E0,0.E0,0.E0));
#1014=VECTOR('',#1013,1.E0);
#1015=CARTESIAN_POINT('',(-3.235E1,1.9E1,-5.E0));
#1016=LINE('',#1015,#1014);
#1017=DIRECTION('',(0.E0,1.E0,0.E0));
#1018=VECTOR('',#1017,4.E0);
#1019=CARTESIAN_POINT('',(-3.135E1,1.5E1,-5.E0));
#1020=LINE('',#1019,#1018);
#1021=DIRECTION('',(-1.E0,0.E0,0.E0));
#1022=VECTOR('',#1021,7.8E0);
#1023=CARTESIAN_POINT('',(-2.355E1,1.5E1,-5.E0));
#1024=LINE('',#1023,#1022);
#1025=DIRECTION('',(0.E0,1.E0,0.E0));
#1026=VECTOR('',#1025,4.E0);
#1027=CARTESIAN_POINT('',(-2.355E1,1.5E1,-5.E0));
#1028=LINE('',#1027,#1026);
#1029=DIRECTION('',(1.E0,0.E0,0.E0));
#1030=VECTOR('',#1029,1.E0);
#1031=CARTESIAN_POINT('',(-2.355E1,1.9E1,-5.E0));
#1032=LINE('',#1031,#1030);
#1033=DIRECTION('',(0.E0,1.E0,0.E0));
#1034=VECTOR('',#1033,4.E0);
#1035=CARTESIAN_POINT('',(-2.255E1,1.5E1,-5.E0));
#1036=LINE('',#1035,#1034);
#1037=DIRECTION('',(-1.E0,0.E0,0.E0));
#1038=VECTOR('',#1037,7.8E0);
#1039=CARTESIAN_POINT('',(-1.475E1,1.5E1,-5.E0));
#1040=LINE('',#1039,#1038);
#1041=DIRECTION('',(0.E0,1.E0,0.E0));
#1042=VECTOR('',#1041,4.E0);
#1043=CARTESIAN_POINT('',(-1.475E1,1.5E1,-5.E0));
#1044=LINE('',#1043,#1042);
#1045=DIRECTION('',(1.E0,0.E0,0.E0));
#1046=VECTOR('',#1045,1.E0);
#1047=CARTESIAN_POINT('',(-1.475E1,1.9E1,-5.E0));
#1048=LINE('',#1047,#1046);
#1049=DIRECTION('',(0.E0,1.E0,0.E0));
#1050=VECTOR('',#1049,4.E0);
#1051=CARTESIAN_POINT('',(-1.375E1,1.5E1,-5.E0));
#1052=LINE('',#1051,#1050);
#1053=DIRECTION('',(0.E0,0.E0,-1.E0));
#1054=VECTOR('',#1053,9.506405823253E1);
#1055=CARTESIAN_POINT('',(-1.15E2,1.033931380686E1,-1.499359417675E2));
#1056=LINE('',#1055,#1054);
#1057=DIRECTION('',(0.E0,0.E0,1.E0));
#1058=VECTOR('',#1057,1.E1);
#1059=CARTESIAN_POINT('',(-1.15E2,3.863051669570E1,0.E0));
#1060=LINE('',#1059,#1058);
#1061=DIRECTION('',(0.E0,0.E0,-1.E0));
#1062=VECTOR('',#1061,5.E0);
#1063=CARTESIAN_POINT('',(-1.15E2,1.5E1,0.E0));
#1064=LINE('',#1063,#1062);
#1065=DIRECTION('',(0.E0,1.E0,0.E0));
#1066=VECTOR('',#1065,2.103159036656E0);
#1067=CARTESIAN_POINT('',(-1.15E2,1.289684096334E1,-5.E0));
#1068=LINE('',#1067,#1066);
#1069=DIRECTION('',(0.E0,0.E0,1.E0));
#1070=VECTOR('',#1069,1.3E1);
#1071=CARTESIAN_POINT('',(-1.15E2,1.289684096334E1,-1.8E1));
#1072=LINE('',#1071,#1070);
#1073=DIRECTION('',(0.E0,1.E0,0.E0));
#1074=VECTOR('',#1073,1.289684096334E1);
#1075=CARTESIAN_POINT('',(-1.15E2,0.E0,-1.8E1));
#1076=LINE('',#1075,#1074);
#1077=DIRECTION('',(0.E0,1.E0,0.E0));
#1078=VECTOR('',#1077,1.289684096334E1);
#1079=CARTESIAN_POINT('',(-1.15E2,0.E0,-6.7E1));
#1080=LINE('',#1079,#1078);
#1081=DIRECTION('',(0.E0,0.E0,1.E0));
#1082=VECTOR('',#1081,1.3E1);
#1083=CARTESIAN_POINT('',(-1.15E2,1.289684096334E1,-8.E1));
#1084=LINE('',#1083,#1082);
#1085=DIRECTION('',(0.E0,1.E0,0.E0));
#1086=VECTOR('',#1085,1.289684096334E1);
#1087=CARTESIAN_POINT('',(-1.15E2,0.E0,-8.E1));
#1088=LINE('',#1087,#1086);
#1089=DIRECTION('',(0.E0,1.E0,0.E0));
#1090=VECTOR('',#1089,1.033931380686E1);
#1091=CARTESIAN_POINT('',(-1.15E2,0.E0,-1.499359417675E2));
#1092=LINE('',#1091,#1090);
#1093=DIRECTION('',(-1.E0,0.E0,0.E0));
#1094=VECTOR('',#1093,1.E1);
#1095=CARTESIAN_POINT('',(-1.15E2,1.033931380686E1,-2.999359417675E2));
#1096=LINE('',#1095,#1094);
#1097=DIRECTION('',(-1.E0,0.E0,0.E0));
#1098=VECTOR('',#1097,1.E1);
#1099=CARTESIAN_POINT('',(-1.15E2,1.033931380686E1,-1.499359417675E2));
#1100=LINE('',#1099,#1098);
#1101=DIRECTION('',(0.E0,0.E0,1.E0));
#1102=VECTOR('',#1101,7.5E1);
#1103=CARTESIAN_POINT('',(-1.15E2,-1.710315903666E1,-8.E1));
#1104=LINE('',#1103,#1102);
#1105=DIRECTION('',(0.E0,-1.E0,0.E0));
#1106=VECTOR('',#1105,1.710315903666E1);
#1107=CARTESIAN_POINT('',(-1.15E2,0.E0,-5.E0));
#1108=LINE('',#1107,#1106);
#1109=DIRECTION('',(0.E0,-1.E0,0.E0));
#1110=VECTOR('',#1109,1.E1);
#1111=CARTESIAN_POINT('',(-1.15E2,0.E0,-7.05E1));
#1112=LINE('',#1111,#1110);
#1113=DIRECTION('',(0.E0,0.E0,-1.E0));
#1114=VECTOR('',#1113,6.E0);
#1115=CARTESIAN_POINT('',(-1.15E2,-1.E1,-7.05E1));
#1116=LINE('',#1115,#1114);
#1117=DIRECTION('',(0.E0,-1.E0,0.E0));
#1118=VECTOR('',#1117,1.E1);
#1119=CARTESIAN_POINT('',(-1.15E2,0.E0,-7.65E1));
#1120=LINE('',#1119,#1118);
#1121=DIRECTION('',(0.E0,1.E0,0.E0));
#1122=VECTOR('',#1121,1.710315903666E1);
#1123=CARTESIAN_POINT('',(-1.15E2,-1.710315903666E1,-8.E1));
#1124=LINE('',#1123,#1122);
#1125=DIRECTION('',(0.E0,-1.E0,0.E0));
#1126=VECTOR('',#1125,1.033931380686E1);
#1127=CARTESIAN_POINT('',(-1.15E2,1.033931380686E1,-2.45E2));
#1128=LINE('',#1127,#1126);
#1129=DIRECTION('',(0.E0,0.E0,1.E0));
#1130=VECTOR('',#1129,5.493594176747E1);
#1131=CARTESIAN_POINT('',(-1.15E2,1.033931380686E1,-2.999359417675E2));
#1132=LINE('',#1131,#1130);
#1133=DIRECTION('',(0.E0,1.E0,0.E0));
#1134=VECTOR('',#1133,2.744247284352E1);
#1135=CARTESIAN_POINT('',(-1.15E2,-1.710315903666E1,-2.999359417675E2));
#1136=LINE('',#1135,#1134);
#1137=DIRECTION('',(0.E0,0.E0,-1.E0));
#1138=VECTOR('',#1137,1.5E2);
#1139=CARTESIAN_POINT('',(-1.15E2,-1.710315903666E1,-1.499359417675E2));
#1140=LINE('',#1139,#1138);
#1141=DIRECTION('',(0.E0,-1.E0,0.E0));
#1142=VECTOR('',#1141,1.710315903666E1);
#1143=CARTESIAN_POINT('',(-1.15E2,0.E0,-1.499359417675E2));
#1144=LINE('',#1143,#1142);
#1145=DIRECTION('',(0.E0,-1.E0,0.E0));
#1146=VECTOR('',#1145,1.E1);
#1147=CARTESIAN_POINT('',(-1.15E2,0.E0,-1.544679708837E2));
#1148=LINE('',#1147,#1146);
#1149=DIRECTION('',(0.E0,0.E0,-1.E0));
#1150=VECTOR('',#1149,6.E0);
#1151=CARTESIAN_POINT('',(-1.15E2,-1.E1,-1.544679708837E2));
#1152=LINE('',#1151,#1150);
#1153=DIRECTION('',(0.E0,-1.E0,0.E0));
#1154=VECTOR('',#1153,1.E1);
#1155=CARTESIAN_POINT('',(-1.15E2,0.E0,-1.604679708837E2));
#1156=LINE('',#1155,#1154);
#1157=DIRECTION('',(0.E0,0.E0,1.E0));
#1158=VECTOR('',#1157,7.5E1);
#1159=CARTESIAN_POINT('',(-1.25E2,-1.710315903666E1,-8.E1));
#1160=LINE('',#1159,#1158);
#1161=DIRECTION('',(-1.E0,0.E0,0.E0));
#1162=VECTOR('',#1161,1.E1);
#1163=CARTESIAN_POINT('',(-1.15E2,-1.710315903666E1,-5.E0));
#1164=LINE('',#1163,#1162);
#1165=DIRECTION('',(-1.E0,0.E0,0.E0));
#1166=VECTOR('',#1165,1.E1);
#1167=CARTESIAN_POINT('',(-1.15E2,-1.710315903666E1,-8.E1));
#1168=LINE('',#1167,#1166);
#1169=DIRECTION('',(-1.E0,0.E0,0.E0));
#1170=VECTOR('',#1169,1.E1);
#1171=CARTESIAN_POINT('',(-1.15E2,1.289684096334E1,-8.E1));
#1172=LINE('',#1171,#1170);
#1173=DIRECTION('',(-1.E0,0.E0,0.E0));
#1174=VECTOR('',#1173,1.E1);
#1175=CARTESIAN_POINT('',(-1.15E2,0.E0,-6.7E1));
#1176=LINE('',#1175,#1174);
#1177=DIRECTION('',(-1.E0,0.E0,0.E0));
#1178=VECTOR('',#1177,1.E1);
#1179=CARTESIAN_POINT('',(-1.15E2,1.289684096334E1,-6.7E1));
#1180=LINE('',#1179,#1178);
#1181=DIRECTION('',(0.E0,0.E0,1.E0));
#1182=VECTOR('',#1181,4.9E1);
#1183=CARTESIAN_POINT('',(-1.15E2,0.E0,-6.7E1));
#1184=LINE('',#1183,#1182);
#1185=DIRECTION('',(-1.E0,0.E0,0.E0));
#1186=VECTOR('',#1185,1.E1);
#1187=CARTESIAN_POINT('',(-1.15E2,0.E0,-1.8E1));
#1188=LINE('',#1187,#1186);
#1189=DIRECTION('',(-1.E0,0.E0,0.E0));
#1190=VECTOR('',#1189,1.E1);
#1191=CARTESIAN_POINT('',(-1.15E2,1.289684096334E1,-1.8E1));
#1192=LINE('',#1191,#1190);
#1193=DIRECTION('',(0.E0,-1.E0,0.E0));
#1194=VECTOR('',#1193,2.744247284352E1);
#1195=CARTESIAN_POINT('',(-1.25E2,1.033931380686E1,-1.499359417675E2));
#1196=LINE('',#1195,#1194);
#1197=DIRECTION('',(0.E0,0.E0,-1.E0));
#1198=VECTOR('',#1197,1.5E2);
#1199=CARTESIAN_POINT('',(-1.25E2,-1.710315903666E1,-1.499359417675E2));
#1200=LINE('',#1199,#1198);
#1201=DIRECTION('',(0.E0,1.E0,0.E0));
#1202=VECTOR('',#1201,2.744247284352E1);
#1203=CARTESIAN_POINT('',(-1.25E2,-1.710315903666E1,-2.999359417675E2));
#1204=LINE('',#1203,#1202);
#1205=DIRECTION('',(0.E0,0.E0,1.E0));
#1206=VECTOR('',#1205,1.5E2);
#1207=CARTESIAN_POINT('',(-1.25E2,1.033931380686E1,-2.999359417675E2));
#1208=LINE('',#1207,#1206);
#1209=DIRECTION('',(0.E0,1.E0,0.E0));
#1210=VECTOR('',#1209,1.E1);
#1211=CARTESIAN_POINT('',(-1.25E2,-1.E1,-1.604679708837E2));
#1212=LINE('',#1211,#1210);
#1213=DIRECTION('',(0.E0,0.E0,-1.E0));
#1214=VECTOR('',#1213,6.E0);
#1215=CARTESIAN_POINT('',(-1.25E2,-1.E1,-1.544679708837E2));
#1216=LINE('',#1215,#1214);
#1217=DIRECTION('',(0.E0,-1.E0,0.E0));
#1218=VECTOR('',#1217,1.E1);
#1219=CARTESIAN_POINT('',(-1.25E2,0.E0,-1.544679708837E2));
#1220=LINE('',#1219,#1218);
#1221=DIRECTION('',(0.E0,1.E0,0.E0));
#1222=VECTOR('',#1221,1.E1);
#1223=CARTESIAN_POINT('',(-1.25E2,-1.E1,-7.65E1));
#1224=LINE('',#1223,#1222);
#1225=DIRECTION('',(0.E0,0.E0,-1.E0));
#1226=VECTOR('',#1225,6.E0);
#1227=CARTESIAN_POINT('',(-1.25E2,-1.E1,-7.05E1));
#1228=LINE('',#1227,#1226);
#1229=DIRECTION('',(0.E0,-1.E0,0.E0));
#1230=VECTOR('',#1229,1.E1);
#1231=CARTESIAN_POINT('',(-1.25E2,0.E0,-7.05E1));
#1232=LINE('',#1231,#1230);
#1233=DIRECTION('',(0.E0,-1.E0,0.E0));
#1234=VECTOR('',#1233,1.289684096334E1);
#1235=CARTESIAN_POINT('',(-1.25E2,1.289684096334E1,-6.7E1));
#1236=LINE('',#1235,#1234);
#1237=DIRECTION('',(0.E0,0.E0,1.E0));
#1238=VECTOR('',#1237,4.9E1);
#1239=CARTESIAN_POINT('',(-1.25E2,0.E0,-6.7E1));
#1240=LINE('',#1239,#1238);
#1241=DIRECTION('',(0.E0,1.E0,0.E0));
#1242=VECTOR('',#1241,1.289684096334E1);
#1243=CARTESIAN_POINT('',(-1.25E2,0.E0,-1.8E1));
#1244=LINE('',#1243,#1242);
#1245=DIRECTION('',(0.E0,0.E0,1.E0));
#1246=VECTOR('',#1245,1.3E1);
#1247=CARTESIAN_POINT('',(-1.25E2,1.289684096334E1,-1.8E1));
#1248=LINE('',#1247,#1246);
#1249=DIRECTION('',(0.E0,-1.E0,0.E0));
#1250=VECTOR('',#1249,3.E1);
#1251=CARTESIAN_POINT('',(-1.25E2,1.289684096334E1,-5.E0));
#1252=LINE('',#1251,#1250);
#1253=DIRECTION('',(0.E0,1.E0,0.E0));
#1254=VECTOR('',#1253,3.E1);
#1255=CARTESIAN_POINT('',(-1.25E2,-1.710315903666E1,-8.E1));
#1256=LINE('',#1255,#1254);
#1257=DIRECTION('',(0.E0,0.E0,1.E0));
#1258=VECTOR('',#1257,1.3E1);
#1259=CARTESIAN_POINT('',(-1.25E2,1.289684096334E1,-8.E1));
#1260=LINE('',#1259,#1258);
#1261=DIRECTION('',(-1.E0,0.E0,0.E0));
#1262=VECTOR('',#1261,1.E1);
#1263=CARTESIAN_POINT('',(-1.15E2,-1.710315903666E1,-1.499359417675E2));
#1264=LINE('',#1263,#1262);
#1265=DIRECTION('',(-1.E0,0.E0,0.E0));
#1266=VECTOR('',#1265,1.E1);
#1267=CARTESIAN_POINT('',(-1.15E2,-1.710315903666E1,-2.999359417675E2));
#1268=LINE('',#1267,#1266);
#1269=DIRECTION('',(-1.E0,0.E0,0.E0));
#1270=VECTOR('',#1269,1.E1);
#1271=CARTESIAN_POINT('',(1.E1,-1.E1,-1.604679708837E2));
#1272=LINE('',#1271,#1270);
#1273=DIRECTION('',(-1.E0,0.E0,0.E0));
#1274=VECTOR('',#1273,1.E1);
#1275=CARTESIAN_POINT('',(-1.15E2,-1.E1,-1.604679708837E2));
#1276=LINE('',#1275,#1274);
#1277=DIRECTION('',(-1.E0,0.E0,0.E0));
#1278=VECTOR('',#1277,1.E1);
#1279=CARTESIAN_POINT('',(1.E1,-1.E1,-1.544679708837E2));
#1280=LINE('',#1279,#1278);
#1281=DIRECTION('',(-1.E0,0.E0,0.E0));
#1282=VECTOR('',#1281,1.E1);
#1283=CARTESIAN_POINT('',(-1.15E2,-1.E1,-1.544679708837E2));
#1284=LINE('',#1283,#1282);
#1285=DIRECTION('',(-1.E0,0.E0,0.E0));
#1286=VECTOR('',#1285,1.E1);
#1287=CARTESIAN_POINT('',(1.E1,0.E0,-1.544679708837E2));
#1288=LINE('',#1287,#1286);
#1289=DIRECTION('',(-1.E0,0.E0,0.E0));
#1290=VECTOR('',#1289,1.E1);
#1291=CARTESIAN_POINT('',(-1.15E2,0.E0,-1.544679708837E2));
#1292=LINE('',#1291,#1290);
#1293=DIRECTION('',(-1.E0,0.E0,0.E0));
#1294=VECTOR('',#1293,1.E1);
#1295=CARTESIAN_POINT('',(1.E1,-1.E1,-7.65E1));
#1296=LINE('',#1295,#1294);
#1297=DIRECTION('',(-1.E0,0.E0,0.E0));
#1298=VECTOR('',#1297,1.E1);
#1299=CARTESIAN_POINT('',(-1.15E2,-1.E1,-7.65E1));
#1300=LINE('',#1299,#1298);
#1301=DIRECTION('',(-1.E0,0.E0,0.E0));
#1302=VECTOR('',#1301,1.E1);
#1303=CARTESIAN_POINT('',(1.E1,-1.E1,-7.05E1));
#1304=LINE('',#1303,#1302);
#1305=DIRECTION('',(-1.E0,0.E0,0.E0));
#1306=VECTOR('',#1305,1.E1);
#1307=CARTESIAN_POINT('',(-1.15E2,-1.E1,-7.05E1));
#1308=LINE('',#1307,#1306);
#1309=DIRECTION('',(-1.E0,0.E0,0.E0));
#1310=VECTOR('',#1309,1.E1);
#1311=CARTESIAN_POINT('',(1.E1,0.E0,-7.05E1));
#1312=LINE('',#1311,#1310);
#1313=DIRECTION('',(-1.E0,0.E0,0.E0));
#1314=VECTOR('',#1313,1.E1);
#1315=CARTESIAN_POINT('',(-1.15E2,0.E0,-7.05E1));
#1316=LINE('',#1315,#1314);
#1317=DIRECTION('',(0.E0,-1.E0,0.E0));
#1318=VECTOR('',#1317,3.466068619314E1);
#1319=CARTESIAN_POINT('',(0.E0,4.5E1,-2.45E2));
#1320=LINE('',#1319,#1318);
#1321=DIRECTION('',(1.E0,0.E0,0.E0));
#1322=VECTOR('',#1321,1.15E2);
#1323=CARTESIAN_POINT('',(-1.15E2,4.5E1,-2.45E2));
#1324=LINE('',#1323,#1322);
#1325=DIRECTION('',(0.E0,1.E0,0.E0));
#1326=VECTOR('',#1325,3.466068619314E1);
#1327=CARTESIAN_POINT('',(-1.15E2,1.033931380686E1,-2.45E2));
#1328=LINE('',#1327,#1326);
#1329=DIRECTION('',(-1.E0,0.E0,0.E0));
#1330=VECTOR('',#1329,1.15E2);
#1331=CARTESIAN_POINT('',(0.E0,0.E0,-2.45E2));
#1332=LINE('',#1331,#1330);
#1333=DIRECTION('',(1.E0,0.E0,0.E0));
#1334=VECTOR('',#1333,1.15E2);
#1335=CARTESIAN_POINT('',(-1.15E2,2.543193385692E1,0.E0));
#1336=LINE('',#1335,#1334);
#1337=DIRECTION('',(1.E0,0.E0,0.E0));
#1338=VECTOR('',#1337,1.15E2);
#1339=CARTESIAN_POINT('',(-1.15E2,1.5E1,0.E0));
#1340=LINE('',#1339,#1338);
#1341=DIRECTION('',(0.E0,1.E0,0.E0));
#1342=VECTOR('',#1341,1.043193385692E1);
#1343=CARTESIAN_POINT('',(-1.15E2,1.5E1,0.E0));
#1344=LINE('',#1343,#1342);
#1345=DIRECTION('',(1.E0,0.E0,0.E0));
#1346=VECTOR('',#1345,1.15E2);
#1347=CARTESIAN_POINT('',(-1.15E2,3.863051669570E1,0.E0));
#1348=LINE('',#1347,#1346);
#1349=DIRECTION('',(0.E0,1.E0,0.E0));
#1350=VECTOR('',#1349,6.369483304301E0);
#1351=CARTESIAN_POINT('',(-1.15E2,3.863051669570E1,0.E0));
#1352=LINE('',#1351,#1350);
#1353=DIRECTION('',(0.E0,0.E0,1.E0));
#1354=VECTOR('',#1353,1.E1);
#1355=CARTESIAN_POINT('',(-1.15E2,2.543193385692E1,0.E0));
#1356=LINE('',#1355,#1354);
#1357=DIRECTION('',(0.E0,0.E0,1.E0));
#1358=VECTOR('',#1357,4.5E0);
#1359=CARTESIAN_POINT('',(-1.123307111974E2,2.543193385692E1,1.823611743639E0));
#1360=LINE('',#1359,#1358);
#1361=DIRECTION('',(-1.E0,0.E0,0.E0));
#1362=VECTOR('',#1361,1.1E2);
#1363=CARTESIAN_POINT('',(-2.330711197411E0,2.543193385692E1,1.823611743639E0));
#1364=LINE('',#1363,#1362);
#1365=DIRECTION('',(0.E0,0.E0,-1.E0));
#1366=VECTOR('',#1365,4.5E0);
#1367=CARTESIAN_POINT('',(-2.330711197411E0,2.543193385692E1,6.323611743639E0));
#1368=LINE('',#1367,#1366);
#1369=DIRECTION('',(1.E0,0.E0,0.E0));
#1370=VECTOR('',#1369,1.1E2);
#1371=CARTESIAN_POINT('',(-1.123307111974E2,2.543193385692E1,6.323611743639E0));
#1372=LINE('',#1371,#1370);
#1373=DIRECTION('',(0.E0,-1.E0,0.E0));
#1374=VECTOR('',#1373,1.319858283878E1);
#1375=CARTESIAN_POINT('',(-1.15E2,3.863051669570E1,1.E1));
#1376=LINE('',#1375,#1374);
#1377=DIRECTION('',(-1.E0,0.E0,0.E0));
#1378=VECTOR('',#1377,1.15E2);
#1379=CARTESIAN_POINT('',(0.E0,3.863051669570E1,1.E1));
#1380=LINE('',#1379,#1378);
#1381=DIRECTION('',(0.E0,1.E0,0.E0));
#1382=VECTOR('',#1381,1.319858283878E1);
#1383=CARTESIAN_POINT('',(0.E0,2.543193385692E1,1.E1));
#1384=LINE('',#1383,#1382);
#1385=DIRECTION('',(1.E0,0.E0,0.E0));
#1386=VECTOR('',#1385,1.15E2);
#1387=CARTESIAN_POINT('',(-1.15E2,2.543193385692E1,1.E1));
#1388=LINE('',#1387,#1386);
#1389=DIRECTION('',(0.E0,0.E0,1.E0));
#1390=VECTOR('',#1389,1.E1);
#1391=CARTESIAN_POINT('',(0.E0,3.863051669570E1,0.E0));
#1392=LINE('',#1391,#1390);
#1393=DIRECTION('',(0.E0,0.E0,1.E0));
#1394=VECTOR('',#1393,4.5E0);
#1395=CARTESIAN_POINT('',(-1.123307111974E2,3.863051669570E1,1.823611743639E0));
#1396=LINE('',#1395,#1394);
#1397=DIRECTION('',(1.E0,0.E0,0.E0));
#1398=VECTOR('',#1397,1.1E2);
#1399=CARTESIAN_POINT('',(-1.123307111974E2,3.863051669570E1,6.323611743639E0));
#1400=LINE('',#1399,#1398);
#1401=DIRECTION('',(0.E0,0.E0,-1.E0));
#1402=VECTOR('',#1401,4.5E0);
#1403=CARTESIAN_POINT('',(-2.330711197411E0,3.863051669570E1,6.323611743639E0));
#1404=LINE('',#1403,#1402);
#1405=DIRECTION('',(-1.E0,0.E0,0.E0));
#1406=VECTOR('',#1405,1.1E2);
#1407=CARTESIAN_POINT('',(-2.330711197411E0,3.863051669570E1,1.823611743639E0));
#1408=LINE('',#1407,#1406);
#1409=DIRECTION('',(0.E0,-1.E0,0.E0));
#1410=VECTOR('',#1409,1.319858283878E1);
#1411=CARTESIAN_POINT('',(-1.123307111974E2,3.863051669570E1,1.823611743639E0));
#1412=LINE('',#1411,#1410);
#1413=DIRECTION('',(0.E0,-1.E0,0.E0));
#1414=VECTOR('',#1413,1.319858283878E1);
#1415=CARTESIAN_POINT('',(-1.123307111974E2,3.863051669570E1,6.323611743639E0));
#1416=LINE('',#1415,#1414);
#1417=DIRECTION('',(0.E0,-1.E0,0.E0));
#1418=VECTOR('',#1417,1.319858283878E1);
#1419=CARTESIAN_POINT('',(-2.330711197411E0,3.863051669570E1,6.323611743639E0));
#1420=LINE('',#1419,#1418);
#1421=DIRECTION('',(0.E0,-1.E0,0.E0));
#1422=VECTOR('',#1421,1.319858283878E1);
#1423=CARTESIAN_POINT('',(-2.330711197411E0,3.863051669570E1,1.823611743639E0));
#1424=LINE('',#1423,#1422);
#1425=DIRECTION('',(0.E0,1.E0,0.E0));
#1426=VECTOR('',#1425,1.5E1);
#1427=CARTESIAN_POINT('',(-1.1E2,0.E0,-5.E0));
#1428=LINE('',#1427,#1426);
#1429=DIRECTION('',(0.E0,1.E0,0.E0));
#1430=VECTOR('',#1429,3.E1);
#1431=CARTESIAN_POINT('',(-1.1E2,1.5E1,-5.E0));
#1432=LINE('',#1431,#1430);
#1433=DIRECTION('',(0.E0,1.E0,0.E0));
#1434=VECTOR('',#1433,1.1E1);
#1435=CARTESIAN_POINT('',(-1.0275E2,4.E0,-5.E0));
#1436=LINE('',#1435,#1434);
#1437=DIRECTION('',(1.E0,0.E0,0.E0));
#1438=VECTOR('',#1437,7.5E-1);
#1439=CARTESIAN_POINT('',(-1.035E2,4.E0,-5.E0));
#1440=LINE('',#1439,#1438);
#1441=DIRECTION('',(0.E0,0.E0,1.E0));
#1442=VECTOR('',#1441,1.55E2);
#1443=CARTESIAN_POINT('',(-1.035E2,4.E0,-1.6E2));
#1444=LINE('',#1443,#1442);
#1445=DIRECTION('',(0.E0,0.E0,-1.E0));
#1446=VECTOR('',#1445,1.55E2);
#1447=CARTESIAN_POINT('',(-1.0275E2,4.E0,-5.E0));
#1448=LINE('',#1447,#1446);
#1449=DIRECTION('',(1.E0,0.E0,0.E0));
#1450=VECTOR('',#1449,7.5E-1);
#1451=CARTESIAN_POINT('',(-1.0175E2,4.E0,-5.E0));
#1452=LINE('',#1451,#1450);
#1453=DIRECTION('',(0.E0,0.E0,-1.E0));
#1454=VECTOR('',#1453,1.55E2);
#1455=CARTESIAN_POINT('',(-1.0175E2,4.E0,-5.E0));
#1456=LINE('',#1455,#1454);
#1457=DIRECTION('',(0.E0,0.E0,-1.E0));
#1458=VECTOR('',#1457,1.55E2);
#1459=CARTESIAN_POINT('',(-1.01E2,4.E0,-5.E0));
#1460=LINE('',#1459,#1458);
#1461=DIRECTION('',(0.E0,1.E0,0.E0));
#1462=VECTOR('',#1461,4.E0);
#1463=CARTESIAN_POINT('',(-1.035E2,0.E0,-5.E0));
#1464=LINE('',#1463,#1462);
#1465=DIRECTION('',(0.E0,1.E0,0.E0));
#1466=VECTOR('',#1465,1.1E1);
#1467=CARTESIAN_POINT('',(-1.0175E2,4.E0,-5.E0));
#1468=LINE('',#1467,#1466);
#1469=DIRECTION('',(0.E0,0.E0,-1.E0));
#1470=VECTOR('',#1469,1.55E2);
#1471=CARTESIAN_POINT('',(-1.0175E2,1.9E1,-5.E0));
#1472=LINE('',#1471,#1470);
#1473=DIRECTION('',(0.E0,0.E0,1.E0));
#1474=VECTOR('',#1473,1.55E2);
#1475=CARTESIAN_POINT('',(-1.0275E2,1.9E1,-1.6E2));
#1476=LINE('',#1475,#1474);
#1477=DIRECTION('',(0.E0,1.E0,0.E0));
#1478=VECTOR('',#1477,4.E0);
#1479=CARTESIAN_POINT('',(-1.01E2,0.E0,-5.E0));
#1480=LINE('',#1479,#1478);
#1481=DIRECTION('',(0.E0,1.E0,0.E0));
#1482=VECTOR('',#1481,1.1E1);
#1483=CARTESIAN_POINT('',(-9.395E1,4.E0,-5.E0));
#1484=LINE('',#1483,#1482);
#1485=DIRECTION('',(1.E0,0.E0,0.E0));
#1486=VECTOR('',#1485,7.5E-1);
#1487=CARTESIAN_POINT('',(-9.47E1,4.E0,-5.E0));
#1488=LINE('',#1487,#1486);
#1489=DIRECTION('',(0.E0,0.E0,1.E0));
#1490=VECTOR('',#1489,1.55E2);
#1491=CARTESIAN_POINT('',(-9.47E1,4.E0,-1.6E2));
#1492=LINE('',#1491,#1490);
#1493=DIRECTION('',(0.E0,0.E0,-1.E0));
#1494=VECTOR('',#1493,1.55E2);
#1495=CARTESIAN_POINT('',(-9.395E1,4.E0,-5.E0));
#1496=LINE('',#1495,#1494);
#1497=DIRECTION('',(1.E0,0.E0,0.E0));
#1498=VECTOR('',#1497,7.5E-1);
#1499=CARTESIAN_POINT('',(-9.295E1,4.E0,-5.E0));
#1500=LINE('',#1499,#1498);
#1501=DIRECTION('',(0.E0,0.E0,-1.E0));
#1502=VECTOR('',#1501,1.55E2);
#1503=CARTESIAN_POINT('',(-9.295E1,4.E0,-5.E0));
#1504=LINE('',#1503,#1502);
#1505=DIRECTION('',(0.E0,0.E0,-1.E0));
#1506=VECTOR('',#1505,1.55E2);
#1507=CARTESIAN_POINT('',(-9.22E1,4.E0,-5.E0));
#1508=LINE('',#1507,#1506);
#1509=DIRECTION('',(0.E0,1.E0,0.E0));
#1510=VECTOR('',#1509,4.E0);
#1511=CARTESIAN_POINT('',(-9.47E1,0.E0,-5.E0));
#1512=LINE('',#1511,#1510);
#1513=DIRECTION('',(0.E0,0.E0,1.E0));
#1514=VECTOR('',#1513,1.55E2);
#1515=CARTESIAN_POINT('',(-9.47E1,0.E0,-1.6E2));
#1516=LINE('',#1515,#1514);
#1517=DIRECTION('',(0.E0,1.E0,0.E0));
#1518=VECTOR('',#1517,1.1E1);
#1519=CARTESIAN_POINT('',(-9.295E1,4.E0,-5.E0));
#1520=LINE('',#1519,#1518);
#1521=DIRECTION('',(0.E0,0.E0,-1.E0));
#1522=VECTOR('',#1521,1.55E2);
#1523=CARTESIAN_POINT('',(-9.295E1,1.9E1,-5.E0));
#1524=LINE('',#1523,#1522);
#1525=DIRECTION('',(0.E0,0.E0,1.E0));
#1526=VECTOR('',#1525,1.55E2);
#1527=CARTESIAN_POINT('',(-9.395E1,1.9E1,-1.6E2));
#1528=LINE('',#1527,#1526);
#1529=DIRECTION('',(0.E0,1.E0,0.E0));
#1530=VECTOR('',#1529,4.E0);
#1531=CARTESIAN_POINT('',(-9.22E1,0.E0,-5.E0));
#1532=LINE('',#1531,#1530);
#1533=DIRECTION('',(0.E0,0.E0,-1.E0));
#1534=VECTOR('',#1533,1.55E2);
#1535=CARTESIAN_POINT('',(-9.22E1,0.E0,-5.E0));
#1536=LINE('',#1535,#1534);
#1537=DIRECTION('',(0.E0,1.E0,0.E0));
#1538=VECTOR('',#1537,1.1E1);
#1539=CARTESIAN_POINT('',(-8.515E1,4.E0,-5.E0));
#1540=LINE('',#1539,#1538);
#1541=DIRECTION('',(1.E0,0.E0,0.E0));
#1542=VECTOR('',#1541,7.5E-1);
#1543=CARTESIAN_POINT('',(-8.59E1,4.E0,-5.E0));
#1544=LINE('',#1543,#1542);
#1545=DIRECTION('',(0.E0,0.E0,1.E0));
#1546=VECTOR('',#1545,1.55E2);
#1547=CARTESIAN_POINT('',(-8.59E1,4.E0,-1.6E2));
#1548=LINE('',#1547,#1546);
#1549=DIRECTION('',(0.E0,0.E0,-1.E0));
#1550=VECTOR('',#1549,1.55E2);
#1551=CARTESIAN_POINT('',(-8.515E1,4.E0,-5.E0));
#1552=LINE('',#1551,#1550);
#1553=DIRECTION('',(1.E0,0.E0,0.E0));
#1554=VECTOR('',#1553,7.5E-1);
#1555=CARTESIAN_POINT('',(-8.415E1,4.E0,-5.E0));
#1556=LINE('',#1555,#1554);
#1557=DIRECTION('',(0.E0,0.E0,-1.E0));
#1558=VECTOR('',#1557,1.55E2);
#1559=CARTESIAN_POINT('',(-8.415E1,4.E0,-5.E0));
#1560=LINE('',#1559,#1558);
#1561=DIRECTION('',(0.E0,0.E0,-1.E0));
#1562=VECTOR('',#1561,1.55E2);
#1563=CARTESIAN_POINT('',(-8.34E1,4.E0,-5.E0));
#1564=LINE('',#1563,#1562);
#1565=DIRECTION('',(0.E0,1.E0,0.E0));
#1566=VECTOR('',#1565,4.E0);
#1567=CARTESIAN_POINT('',(-8.59E1,0.E0,-5.E0));
#1568=LINE('',#1567,#1566);
#1569=DIRECTION('',(0.E0,0.E0,1.E0));
#1570=VECTOR('',#1569,1.55E2);
#1571=CARTESIAN_POINT('',(-8.59E1,0.E0,-1.6E2));
#1572=LINE('',#1571,#1570);
#1573=DIRECTION('',(0.E0,1.E0,0.E0));
#1574=VECTOR('',#1573,1.1E1);
#1575=CARTESIAN_POINT('',(-8.415E1,4.E0,-5.E0));
#1576=LINE('',#1575,#1574);
#1577=DIRECTION('',(0.E0,0.E0,-1.E0));
#1578=VECTOR('',#1577,1.55E2);
#1579=CARTESIAN_POINT('',(-8.415E1,1.9E1,-5.E0));
#1580=LINE('',#1579,#1578);
#1581=DIRECTION('',(0.E0,0.E0,1.E0));
#1582=VECTOR('',#1581,1.55E2);
#1583=CARTESIAN_POINT('',(-8.515E1,1.9E1,-1.6E2));
#1584=LINE('',#1583,#1582);
#1585=DIRECTION('',(0.E0,1.E0,0.E0));
#1586=VECTOR('',#1585,4.E0);
#1587=CARTESIAN_POINT('',(-8.34E1,0.E0,-5.E0));
#1588=LINE('',#1587,#1586);
#1589=DIRECTION('',(0.E0,0.E0,-1.E0));
#1590=VECTOR('',#1589,1.55E2);
#1591=CARTESIAN_POINT('',(-8.34E1,0.E0,-5.E0));
#1592=LINE('',#1591,#1590);
#1593=DIRECTION('',(0.E0,1.E0,0.E0));
#1594=VECTOR('',#1593,1.1E1);
#1595=CARTESIAN_POINT('',(-7.635E1,4.E0,-5.E0));
#1596=LINE('',#1595,#1594);
#1597=DIRECTION('',(1.E0,0.E0,0.E0));
#1598=VECTOR('',#1597,7.5E-1);
#1599=CARTESIAN_POINT('',(-7.71E1,4.E0,-5.E0));
#1600=LINE('',#1599,#1598);
#1601=DIRECTION('',(0.E0,0.E0,1.E0));
#1602=VECTOR('',#1601,1.55E2);
#1603=CARTESIAN_POINT('',(-7.71E1,4.E0,-1.6E2));
#1604=LINE('',#1603,#1602);
#1605=DIRECTION('',(0.E0,0.E0,-1.E0));
#1606=VECTOR('',#1605,1.55E2);
#1607=CARTESIAN_POINT('',(-7.635E1,4.E0,-5.E0));
#1608=LINE('',#1607,#1606);
#1609=DIRECTION('',(1.E0,0.E0,0.E0));
#1610=VECTOR('',#1609,7.5E-1);
#1611=CARTESIAN_POINT('',(-7.535E1,4.E0,-5.E0));
#1612=LINE('',#1611,#1610);
#1613=DIRECTION('',(0.E0,0.E0,-1.E0));
#1614=VECTOR('',#1613,1.55E2);
#1615=CARTESIAN_POINT('',(-7.535E1,4.E0,-5.E0));
#1616=LINE('',#1615,#1614);
#1617=DIRECTION('',(0.E0,0.E0,-1.E0));
#1618=VECTOR('',#1617,1.55E2);
#1619=CARTESIAN_POINT('',(-7.46E1,4.E0,-5.E0));
#1620=LINE('',#1619,#1618);
#1621=DIRECTION('',(0.E0,1.E0,0.E0));
#1622=VECTOR('',#1621,4.E0);
#1623=CARTESIAN_POINT('',(-7.71E1,0.E0,-5.E0));
#1624=LINE('',#1623,#1622);
#1625=DIRECTION('',(0.E0,0.E0,1.E0));
#1626=VECTOR('',#1625,1.55E2);
#1627=CARTESIAN_POINT('',(-7.71E1,0.E0,-1.6E2));
#1628=LINE('',#1627,#1626);
#1629=DIRECTION('',(0.E0,1.E0,0.E0));
#1630=VECTOR('',#1629,1.1E1);
#1631=CARTESIAN_POINT('',(-7.535E1,4.E0,-5.E0));
#1632=LINE('',#1631,#1630);
#1633=DIRECTION('',(0.E0,0.E0,-1.E0));
#1634=VECTOR('',#1633,1.55E2);
#1635=CARTESIAN_POINT('',(-7.535E1,1.9E1,-5.E0));
#1636=LINE('',#1635,#1634);
#1637=DIRECTION('',(0.E0,0.E0,1.E0));
#1638=VECTOR('',#1637,1.55E2);
#1639=CARTESIAN_POINT('',(-7.635E1,1.9E1,-1.6E2));
#1640=LINE('',#1639,#1638);
#1641=DIRECTION('',(0.E0,1.E0,0.E0));
#1642=VECTOR('',#1641,4.E0);
#1643=CARTESIAN_POINT('',(-7.46E1,0.E0,-5.E0));
#1644=LINE('',#1643,#1642);
#1645=DIRECTION('',(0.E0,0.E0,-1.E0));
#1646=VECTOR('',#1645,1.55E2);
#1647=CARTESIAN_POINT('',(-7.46E1,0.E0,-5.E0));
#1648=LINE('',#1647,#1646);
#1649=DIRECTION('',(0.E0,1.E0,0.E0));
#1650=VECTOR('',#1649,1.1E1);
#1651=CARTESIAN_POINT('',(-6.755E1,4.E0,-5.E0));
#1652=LINE('',#1651,#1650);
#1653=DIRECTION('',(1.E0,0.E0,0.E0));
#1654=VECTOR('',#1653,7.5E-1);
#1655=CARTESIAN_POINT('',(-6.83E1,4.E0,-5.E0));
#1656=LINE('',#1655,#1654);
#1657=DIRECTION('',(0.E0,0.E0,1.E0));
#1658=VECTOR('',#1657,1.55E2);
#1659=CARTESIAN_POINT('',(-6.83E1,4.E0,-1.6E2));
#1660=LINE('',#1659,#1658);
#1661=DIRECTION('',(0.E0,0.E0,-1.E0));
#1662=VECTOR('',#1661,1.55E2);
#1663=CARTESIAN_POINT('',(-6.755E1,4.E0,-5.E0));
#1664=LINE('',#1663,#1662);
#1665=DIRECTION('',(1.E0,0.E0,0.E0));
#1666=VECTOR('',#1665,7.5E-1);
#1667=CARTESIAN_POINT('',(-6.655E1,4.E0,-5.E0));
#1668=LINE('',#1667,#1666);
#1669=DIRECTION('',(0.E0,0.E0,-1.E0));
#1670=VECTOR('',#1669,1.55E2);
#1671=CARTESIAN_POINT('',(-6.655E1,4.E0,-5.E0));
#1672=LINE('',#1671,#1670);
#1673=DIRECTION('',(0.E0,0.E0,-1.E0));
#1674=VECTOR('',#1673,1.55E2);
#1675=CARTESIAN_POINT('',(-6.58E1,4.E0,-5.E0));
#1676=LINE('',#1675,#1674);
#1677=DIRECTION('',(0.E0,1.E0,0.E0));
#1678=VECTOR('',#1677,4.E0);
#1679=CARTESIAN_POINT('',(-6.83E1,0.E0,-5.E0));
#1680=LINE('',#1679,#1678);
#1681=DIRECTION('',(0.E0,0.E0,1.E0));
#1682=VECTOR('',#1681,1.55E2);
#1683=CARTESIAN_POINT('',(-6.83E1,0.E0,-1.6E2));
#1684=LINE('',#1683,#1682);
#1685=DIRECTION('',(0.E0,1.E0,0.E0));
#1686=VECTOR('',#1685,1.1E1);
#1687=CARTESIAN_POINT('',(-6.655E1,4.E0,-5.E0));
#1688=LINE('',#1687,#1686);
#1689=DIRECTION('',(0.E0,0.E0,-1.E0));
#1690=VECTOR('',#1689,1.55E2);
#1691=CARTESIAN_POINT('',(-6.655E1,1.9E1,-5.E0));
#1692=LINE('',#1691,#1690);
#1693=DIRECTION('',(0.E0,0.E0,1.E0));
#1694=VECTOR('',#1693,1.55E2);
#1695=CARTESIAN_POINT('',(-6.755E1,1.9E1,-1.6E2));
#1696=LINE('',#1695,#1694);
#1697=DIRECTION('',(0.E0,1.E0,0.E0));
#1698=VECTOR('',#1697,4.E0);
#1699=CARTESIAN_POINT('',(-6.58E1,0.E0,-5.E0));
#1700=LINE('',#1699,#1698);
#1701=DIRECTION('',(0.E0,0.E0,-1.E0));
#1702=VECTOR('',#1701,1.55E2);
#1703=CARTESIAN_POINT('',(-6.58E1,0.E0,-5.E0));
#1704=LINE('',#1703,#1702);
#1705=DIRECTION('',(0.E0,1.E0,0.E0));
#1706=VECTOR('',#1705,1.1E1);
#1707=CARTESIAN_POINT('',(-5.875E1,4.E0,-5.E0));
#1708=LINE('',#1707,#1706);
#1709=DIRECTION('',(1.E0,0.E0,0.E0));
#1710=VECTOR('',#1709,7.5E-1);
#1711=CARTESIAN_POINT('',(-5.95E1,4.E0,-5.E0));
#1712=LINE('',#1711,#1710);
#1713=DIRECTION('',(0.E0,0.E0,1.E0));
#1714=VECTOR('',#1713,1.55E2);
#1715=CARTESIAN_POINT('',(-5.95E1,4.E0,-1.6E2));
#1716=LINE('',#1715,#1714);
#1717=DIRECTION('',(0.E0,0.E0,-1.E0));
#1718=VECTOR('',#1717,1.55E2);
#1719=CARTESIAN_POINT('',(-5.875E1,4.E0,-5.E0));
#1720=LINE('',#1719,#1718);
#1721=DIRECTION('',(1.E0,0.E0,0.E0));
#1722=VECTOR('',#1721,7.5E-1);
#1723=CARTESIAN_POINT('',(-5.775E1,4.E0,-5.E0));
#1724=LINE('',#1723,#1722);
#1725=DIRECTION('',(0.E0,0.E0,-1.E0));
#1726=VECTOR('',#1725,1.55E2);
#1727=CARTESIAN_POINT('',(-5.775E1,4.E0,-5.E0));
#1728=LINE('',#1727,#1726);
#1729=DIRECTION('',(0.E0,0.E0,-1.E0));
#1730=VECTOR('',#1729,1.55E2);
#1731=CARTESIAN_POINT('',(-5.7E1,4.E0,-5.E0));
#1732=LINE('',#1731,#1730);
#1733=DIRECTION('',(0.E0,1.E0,0.E0));
#1734=VECTOR('',#1733,4.E0);
#1735=CARTESIAN_POINT('',(-5.95E1,0.E0,-5.E0));
#1736=LINE('',#1735,#1734);
#1737=DIRECTION('',(0.E0,0.E0,1.E0));
#1738=VECTOR('',#1737,1.55E2);
#1739=CARTESIAN_POINT('',(-5.95E1,0.E0,-1.6E2));
#1740=LINE('',#1739,#1738);
#1741=DIRECTION('',(0.E0,1.E0,0.E0));
#1742=VECTOR('',#1741,1.1E1);
#1743=CARTESIAN_POINT('',(-5.775E1,4.E0,-5.E0));
#1744=LINE('',#1743,#1742);
#1745=DIRECTION('',(0.E0,0.E0,-1.E0));
#1746=VECTOR('',#1745,1.55E2);
#1747=CARTESIAN_POINT('',(-5.775E1,1.9E1,-5.E0));
#1748=LINE('',#1747,#1746);
#1749=DIRECTION('',(0.E0,0.E0,1.E0));
#1750=VECTOR('',#1749,1.55E2);
#1751=CARTESIAN_POINT('',(-5.875E1,1.9E1,-1.6E2));
#1752=LINE('',#1751,#1750);
#1753=DIRECTION('',(0.E0,1.E0,0.E0));
#1754=VECTOR('',#1753,4.E0);
#1755=CARTESIAN_POINT('',(-5.7E1,0.E0,-5.E0));
#1756=LINE('',#1755,#1754);
#1757=DIRECTION('',(0.E0,0.E0,-1.E0));
#1758=VECTOR('',#1757,1.55E2);
#1759=CARTESIAN_POINT('',(-5.7E1,0.E0,-5.E0));
#1760=LINE('',#1759,#1758);
#1761=DIRECTION('',(0.E0,1.E0,0.E0));
#1762=VECTOR('',#1761,1.1E1);
#1763=CARTESIAN_POINT('',(-4.995E1,4.E0,-5.E0));
#1764=LINE('',#1763,#1762);
#1765=DIRECTION('',(1.E0,0.E0,0.E0));
#1766=VECTOR('',#1765,7.5E-1);
#1767=CARTESIAN_POINT('',(-5.07E1,4.E0,-5.E0));
#1768=LINE('',#1767,#1766);
#1769=DIRECTION('',(0.E0,0.E0,1.E0));
#1770=VECTOR('',#1769,1.55E2);
#1771=CARTESIAN_POINT('',(-5.07E1,4.E0,-1.6E2));
#1772=LINE('',#1771,#1770);
#1773=DIRECTION('',(0.E0,0.E0,-1.E0));
#1774=VECTOR('',#1773,1.55E2);
#1775=CARTESIAN_POINT('',(-4.995E1,4.E0,-5.E0));
#1776=LINE('',#1775,#1774);
#1777=DIRECTION('',(1.E0,0.E0,0.E0));
#1778=VECTOR('',#1777,7.5E-1);
#1779=CARTESIAN_POINT('',(-4.895E1,4.E0,-5.E0));
#1780=LINE('',#1779,#1778);
#1781=DIRECTION('',(0.E0,0.E0,-1.E0));
#1782=VECTOR('',#1781,1.55E2);
#1783=CARTESIAN_POINT('',(-4.895E1,4.E0,-5.E0));
#1784=LINE('',#1783,#1782);
#1785=DIRECTION('',(0.E0,0.E0,-1.E0));
#1786=VECTOR('',#1785,1.55E2);
#1787=CARTESIAN_POINT('',(-4.82E1,4.E0,-5.E0));
#1788=LINE('',#1787,#1786);
#1789=DIRECTION('',(0.E0,1.E0,0.E0));
#1790=VECTOR('',#1789,4.E0);
#1791=CARTESIAN_POINT('',(-5.07E1,0.E0,-5.E0));
#1792=LINE('',#1791,#1790);
#1793=DIRECTION('',(0.E0,0.E0,1.E0));
#1794=VECTOR('',#1793,1.55E2);
#1795=CARTESIAN_POINT('',(-5.07E1,0.E0,-1.6E2));
#1796=LINE('',#1795,#1794);
#1797=DIRECTION('',(0.E0,1.E0,0.E0));
#1798=VECTOR('',#1797,1.1E1);
#1799=CARTESIAN_POINT('',(-4.895E1,4.E0,-5.E0));
#1800=LINE('',#1799,#1798);
#1801=DIRECTION('',(0.E0,0.E0,-1.E0));
#1802=VECTOR('',#1801,1.55E2);
#1803=CARTESIAN_POINT('',(-4.895E1,1.9E1,-5.E0));
#1804=LINE('',#1803,#1802);
#1805=DIRECTION('',(0.E0,0.E0,1.E0));
#1806=VECTOR('',#1805,1.55E2);
#1807=CARTESIAN_POINT('',(-4.995E1,1.9E1,-1.6E2));
#1808=LINE('',#1807,#1806);
#1809=DIRECTION('',(0.E0,1.E0,0.E0));
#1810=VECTOR('',#1809,4.E0);
#1811=CARTESIAN_POINT('',(-4.82E1,0.E0,-5.E0));
#1812=LINE('',#1811,#1810);
#1813=DIRECTION('',(0.E0,0.E0,-1.E0));
#1814=VECTOR('',#1813,1.55E2);
#1815=CARTESIAN_POINT('',(-4.82E1,0.E0,-5.E0));
#1816=LINE('',#1815,#1814);
#1817=DIRECTION('',(0.E0,1.E0,0.E0));
#1818=VECTOR('',#1817,1.1E1);
#1819=CARTESIAN_POINT('',(-4.115E1,4.E0,-5.E0));
#1820=LINE('',#1819,#1818);
#1821=DIRECTION('',(1.E0,0.E0,0.E0));
#1822=VECTOR('',#1821,7.5E-1);
#1823=CARTESIAN_POINT('',(-4.19E1,4.E0,-5.E0));
#1824=LINE('',#1823,#1822);
#1825=DIRECTION('',(0.E0,0.E0,1.E0));
#1826=VECTOR('',#1825,1.55E2);
#1827=CARTESIAN_POINT('',(-4.19E1,4.E0,-1.6E2));
#1828=LINE('',#1827,#1826);
#1829=DIRECTION('',(0.E0,0.E0,-1.E0));
#1830=VECTOR('',#1829,1.55E2);
#1831=CARTESIAN_POINT('',(-4.115E1,4.E0,-5.E0));
#1832=LINE('',#1831,#1830);
#1833=DIRECTION('',(1.E0,0.E0,0.E0));
#1834=VECTOR('',#1833,7.5E-1);
#1835=CARTESIAN_POINT('',(-4.015E1,4.E0,-5.E0));
#1836=LINE('',#1835,#1834);
#1837=DIRECTION('',(0.E0,0.E0,-1.E0));
#1838=VECTOR('',#1837,1.55E2);
#1839=CARTESIAN_POINT('',(-4.015E1,4.E0,-5.E0));
#1840=LINE('',#1839,#1838);
#1841=DIRECTION('',(0.E0,0.E0,-1.E0));
#1842=VECTOR('',#1841,1.55E2);
#1843=CARTESIAN_POINT('',(-3.94E1,4.E0,-5.E0));
#1844=LINE('',#1843,#1842);
#1845=DIRECTION('',(0.E0,1.E0,0.E0));
#1846=VECTOR('',#1845,4.E0);
#1847=CARTESIAN_POINT('',(-4.19E1,0.E0,-5.E0));
#1848=LINE('',#1847,#1846);
#1849=DIRECTION('',(0.E0,0.E0,1.E0));
#1850=VECTOR('',#1849,1.55E2);
#1851=CARTESIAN_POINT('',(-4.19E1,0.E0,-1.6E2));
#1852=LINE('',#1851,#1850);
#1853=DIRECTION('',(0.E0,1.E0,0.E0));
#1854=VECTOR('',#1853,1.1E1);
#1855=CARTESIAN_POINT('',(-4.015E1,4.E0,-5.E0));
#1856=LINE('',#1855,#1854);
#1857=DIRECTION('',(0.E0,0.E0,-1.E0));
#1858=VECTOR('',#1857,1.55E2);
#1859=CARTESIAN_POINT('',(-4.015E1,1.9E1,-5.E0));
#1860=LINE('',#1859,#1858);
#1861=DIRECTION('',(0.E0,0.E0,1.E0));
#1862=VECTOR('',#1861,1.55E2);
#1863=CARTESIAN_POINT('',(-4.115E1,1.9E1,-1.6E2));
#1864=LINE('',#1863,#1862);
#1865=DIRECTION('',(0.E0,1.E0,0.E0));
#1866=VECTOR('',#1865,4.E0);
#1867=CARTESIAN_POINT('',(-3.94E1,0.E0,-5.E0));
#1868=LINE('',#1867,#1866);
#1869=DIRECTION('',(0.E0,0.E0,-1.E0));
#1870=VECTOR('',#1869,1.55E2);
#1871=CARTESIAN_POINT('',(-3.94E1,0.E0,-5.E0));
#1872=LINE('',#1871,#1870);
#1873=DIRECTION('',(0.E0,1.E0,0.E0));
#1874=VECTOR('',#1873,1.1E1);
#1875=CARTESIAN_POINT('',(-3.235E1,4.E0,-5.E0));
#1876=LINE('',#1875,#1874);
#1877=DIRECTION('',(1.E0,0.E0,0.E0));
#1878=VECTOR('',#1877,7.5E-1);
#1879=CARTESIAN_POINT('',(-3.31E1,4.E0,-5.E0));
#1880=LINE('',#1879,#1878);
#1881=DIRECTION('',(0.E0,0.E0,1.E0));
#1882=VECTOR('',#1881,1.55E2);
#1883=CARTESIAN_POINT('',(-3.31E1,4.E0,-1.6E2));
#1884=LINE('',#1883,#1882);
#1885=DIRECTION('',(0.E0,0.E0,-1.E0));
#1886=VECTOR('',#1885,1.55E2);
#1887=CARTESIAN_POINT('',(-3.235E1,4.E0,-5.E0));
#1888=LINE('',#1887,#1886);
#1889=DIRECTION('',(1.E0,0.E0,0.E0));
#1890=VECTOR('',#1889,7.5E-1);
#1891=CARTESIAN_POINT('',(-3.135E1,4.E0,-5.E0));
#1892=LINE('',#1891,#1890);
#1893=DIRECTION('',(0.E0,0.E0,-1.E0));
#1894=VECTOR('',#1893,1.55E2);
#1895=CARTESIAN_POINT('',(-3.135E1,4.E0,-5.E0));
#1896=LINE('',#1895,#1894);
#1897=DIRECTION('',(0.E0,0.E0,-1.E0));
#1898=VECTOR('',#1897,1.55E2);
#1899=CARTESIAN_POINT('',(-3.06E1,4.E0,-5.E0));
#1900=LINE('',#1899,#1898);
#1901=DIRECTION('',(0.E0,1.E0,0.E0));
#1902=VECTOR('',#1901,4.E0);
#1903=CARTESIAN_POINT('',(-3.31E1,0.E0,-5.E0));
#1904=LINE('',#1903,#1902);
#1905=DIRECTION('',(0.E0,0.E0,1.E0));
#1906=VECTOR('',#1905,1.55E2);
#1907=CARTESIAN_POINT('',(-3.31E1,0.E0,-1.6E2));
#1908=LINE('',#1907,#1906);
#1909=DIRECTION('',(0.E0,1.E0,0.E0));
#1910=VECTOR('',#1909,1.1E1);
#1911=CARTESIAN_POINT('',(-3.135E1,4.E0,-5.E0));
#1912=LINE('',#1911,#1910);
#1913=DIRECTION('',(0.E0,0.E0,-1.E0));
#1914=VECTOR('',#1913,1.55E2);
#1915=CARTESIAN_POINT('',(-3.135E1,1.9E1,-5.E0));
#1916=LINE('',#1915,#1914);
#1917=DIRECTION('',(0.E0,0.E0,1.E0));
#1918=VECTOR('',#1917,1.55E2);
#1919=CARTESIAN_POINT('',(-3.235E1,1.9E1,-1.6E2));
#1920=LINE('',#1919,#1918);
#1921=DIRECTION('',(0.E0,1.E0,0.E0));
#1922=VECTOR('',#1921,4.E0);
#1923=CARTESIAN_POINT('',(-3.06E1,0.E0,-5.E0));
#1924=LINE('',#1923,#1922);
#1925=DIRECTION('',(0.E0,0.E0,-1.E0));
#1926=VECTOR('',#1925,1.55E2);
#1927=CARTESIAN_POINT('',(-3.06E1,0.E0,-5.E0));
#1928=LINE('',#1927,#1926);
#1929=DIRECTION('',(0.E0,1.E0,0.E0));
#1930=VECTOR('',#1929,1.1E1);
#1931=CARTESIAN_POINT('',(-2.355E1,4.E0,-5.E0));
#1932=LINE('',#1931,#1930);
#1933=DIRECTION('',(1.E0,0.E0,0.E0));
#1934=VECTOR('',#1933,7.5E-1);
#1935=CARTESIAN_POINT('',(-2.43E1,4.E0,-5.E0));
#1936=LINE('',#1935,#1934);
#1937=DIRECTION('',(0.E0,0.E0,1.E0));
#1938=VECTOR('',#1937,1.55E2);
#1939=CARTESIAN_POINT('',(-2.43E1,4.E0,-1.6E2));
#1940=LINE('',#1939,#1938);
#1941=DIRECTION('',(0.E0,0.E0,-1.E0));
#1942=VECTOR('',#1941,1.55E2);
#1943=CARTESIAN_POINT('',(-2.355E1,4.E0,-5.E0));
#1944=LINE('',#1943,#1942);
#1945=DIRECTION('',(1.E0,0.E0,0.E0));
#1946=VECTOR('',#1945,7.5E-1);
#1947=CARTESIAN_POINT('',(-2.255E1,4.E0,-5.E0));
#1948=LINE('',#1947,#1946);
#1949=DIRECTION('',(0.E0,0.E0,-1.E0));
#1950=VECTOR('',#1949,1.55E2);
#1951=CARTESIAN_POINT('',(-2.255E1,4.E0,-5.E0));
#1952=LINE('',#1951,#1950);
#1953=DIRECTION('',(0.E0,0.E0,-1.E0));
#1954=VECTOR('',#1953,1.55E2);
#1955=CARTESIAN_POINT('',(-2.18E1,4.E0,-5.E0));
#1956=LINE('',#1955,#1954);
#1957=DIRECTION('',(0.E0,1.E0,0.E0));
#1958=VECTOR('',#1957,4.E0);
#1959=CARTESIAN_POINT('',(-2.43E1,0.E0,-5.E0));
#1960=LINE('',#1959,#1958);
#1961=DIRECTION('',(0.E0,0.E0,1.E0));
#1962=VECTOR('',#1961,1.55E2);
#1963=CARTESIAN_POINT('',(-2.43E1,0.E0,-1.6E2));
#1964=LINE('',#1963,#1962);
#1965=DIRECTION('',(0.E0,1.E0,0.E0));
#1966=VECTOR('',#1965,1.1E1);
#1967=CARTESIAN_POINT('',(-2.255E1,4.E0,-5.E0));
#1968=LINE('',#1967,#1966);
#1969=DIRECTION('',(0.E0,0.E0,-1.E0));
#1970=VECTOR('',#1969,1.55E2);
#1971=CARTESIAN_POINT('',(-2.255E1,1.9E1,-5.E0));
#1972=LINE('',#1971,#1970);
#1973=DIRECTION('',(0.E0,0.E0,1.E0));
#1974=VECTOR('',#1973,1.55E2);
#1975=CARTESIAN_POINT('',(-2.355E1,1.9E1,-1.6E2));
#1976=LINE('',#1975,#1974);
#1977=DIRECTION('',(0.E0,1.E0,0.E0));
#1978=VECTOR('',#1977,4.E0);
#1979=CARTESIAN_POINT('',(-2.18E1,0.E0,-5.E0));
#1980=LINE('',#1979,#1978);
#1981=DIRECTION('',(0.E0,0.E0,-1.E0));
#1982=VECTOR('',#1981,1.55E2);
#1983=CARTESIAN_POINT('',(-2.18E1,0.E0,-5.E0));
#1984=LINE('',#1983,#1982);
#1985=DIRECTION('',(0.E0,1.E0,0.E0));
#1986=VECTOR('',#1985,1.1E1);
#1987=CARTESIAN_POINT('',(-1.475E1,4.E0,-5.E0));
#1988=LINE('',#1987,#1986);
#1989=DIRECTION('',(0.E0,0.E0,-1.E0));
#1990=VECTOR('',#1989,1.55E2);
#1991=CARTESIAN_POINT('',(-1.375E1,1.9E1,-5.E0));
#1992=LINE('',#1991,#1990);
#1993=DIRECTION('',(0.E0,0.E0,1.E0));
#1994=VECTOR('',#1993,1.55E2);
#1995=CARTESIAN_POINT('',(-1.475E1,1.9E1,-1.6E2));
#1996=LINE('',#1995,#1994);
#1997=DIRECTION('',(0.E0,1.E0,0.E0));
#1998=VECTOR('',#1997,1.1E1);
#1999=CARTESIAN_POINT('',(-1.375E1,4.E0,-5.E0));
#2000=LINE('',#1999,#1998);
#2001=DIRECTION('',(0.E0,1.E0,0.E0));
#2002=VECTOR('',#2001,4.E0);
#2003=CARTESIAN_POINT('',(-1.3E1,0.E0,-5.E0));
#2004=LINE('',#2003,#2002);
#2005=DIRECTION('',(0.E0,0.E0,-1.E0));
#2006=VECTOR('',#2005,1.55E2);
#2007=CARTESIAN_POINT('',(-1.3E1,0.E0,-5.E0));
#2008=LINE('',#2007,#2006);
#2009=DIRECTION('',(0.E0,1.E0,0.E0));
#2010=VECTOR('',#2009,4.E0);
#2011=CARTESIAN_POINT('',(-1.55E1,0.E0,-5.E0));
#2012=LINE('',#2011,#2010);
#2013=DIRECTION('',(0.E0,0.E0,1.E0));
#2014=VECTOR('',#2013,1.55E2);
#2015=CARTESIAN_POINT('',(-1.55E1,0.E0,-1.6E2));
#2016=LINE('',#2015,#2014);
#2017=DIRECTION('',(1.E0,0.E0,0.E0));
#2018=VECTOR('',#2017,1.E1);
#2019=CARTESIAN_POINT('',(0.E0,1.033931380686E1,-2.999359417675E2));
#2020=LINE('',#2019,#2018);
#2021=DIRECTION('',(1.E0,0.E0,0.E0));
#2022=VECTOR('',#2021,1.E1);
#2023=CARTESIAN_POINT('',(0.E0,-1.710315903666E1,-2.999359417675E2));
#2024=LINE('',#2023,#2022);
#2025=DIRECTION('',(1.E0,0.E0,0.E0));
#2026=VECTOR('',#2025,1.E1);
#2027=CARTESIAN_POINT('',(0.E0,-1.710315903666E1,-1.499359417675E2));
#2028=LINE('',#2027,#2026);
#2029=DIRECTION('',(1.E0,0.E0,0.E0));
#2030=VECTOR('',#2029,1.E1);
#2031=CARTESIAN_POINT('',(0.E0,-1.710315903666E1,-8.E1));
#2032=LINE('',#2031,#2030);
#2033=DIRECTION('',(0.E0,0.E0,1.E0));
#2034=VECTOR('',#2033,7.5E1);
#2035=CARTESIAN_POINT('',(0.E0,-1.710315903666E1,-8.E1));
#2036=LINE('',#2035,#2034);
#2037=DIRECTION('',(1.E0,0.E0,0.E0));
#2038=VECTOR('',#2037,1.E1);
#2039=CARTESIAN_POINT('',(0.E0,-1.710315903666E1,-5.E0));
#2040=LINE('',#2039,#2038);
#2041=DIRECTION('',(1.E0,0.E0,0.E0));
#2042=VECTOR('',#2041,1.E1);
#2043=CARTESIAN_POINT('',(0.E0,1.289684096334E1,-8.E1));
#2044=LINE('',#2043,#2042);
#2045=DIRECTION('',(1.E0,0.E0,0.E0));
#2046=VECTOR('',#2045,1.E1);
#2047=CARTESIAN_POINT('',(0.E0,0.E0,-6.7E1));
#2048=LINE('',#2047,#2046);
#2049=DIRECTION('',(1.E0,0.E0,0.E0));
#2050=VECTOR('',#2049,1.E1);
#2051=CARTESIAN_POINT('',(0.E0,1.289684096334E1,-6.7E1));
#2052=LINE('',#2051,#2050);
#2053=DIRECTION('',(1.E0,0.E0,0.E0));
#2054=VECTOR('',#2053,1.E1);
#2055=CARTESIAN_POINT('',(0.E0,1.289684096334E1,-1.8E1));
#2056=LINE('',#2055,#2054);
#2057=CARTESIAN_POINT('',(-1.15E2,4.5E1,0.E0));
#2058=CARTESIAN_POINT('',(0.E0,4.5E1,0.E0));
#2059=VERTEX_POINT('',#2057);
#2060=VERTEX_POINT('',#2058);
#2061=CARTESIAN_POINT('',(-1.1E2,4.5E1,-1.6E2));
#2062=CARTESIAN_POINT('',(-5.E0,4.5E1,-1.6E2));
#2063=VERTEX_POINT('',#2061);
#2064=VERTEX_POINT('',#2062);
#2065=CARTESIAN_POINT('',(-5.E0,4.5E1,-5.E0));
#2066=VERTEX_POINT('',#2065);
#2067=CARTESIAN_POINT('',(-1.1E2,4.5E1,-5.E0));
#2068=VERTEX_POINT('',#2067);
#2069=CARTESIAN_POINT('',(-1.1E2,0.E0,-1.6E2));
#2070=VERTEX_POINT('',#2069);
#2071=CARTESIAN_POINT('',(-1.035E2,0.E0,-1.6E2));
#2072=CARTESIAN_POINT('',(-1.035E2,4.E0,-1.6E2));
#2073=VERTEX_POINT('',#2071);
#2074=VERTEX_POINT('',#2072);
#2075=CARTESIAN_POINT('',(-1.01E2,0.E0,-1.6E2));
#2076=CARTESIAN_POINT('',(-1.01E2,4.E0,-1.6E2));
#2077=VERTEX_POINT('',#2075);
#2078=VERTEX_POINT('',#2076);
#2079=CARTESIAN_POINT('',(-1.0175E2,1.9E1,-1.6E2));
#2080=CARTESIAN_POINT('',(-1.0275E2,1.9E1,-1.6E2));
#2081=VERTEX_POINT('',#2079);
#2082=VERTEX_POINT('',#2080);
#2083=CARTESIAN_POINT('',(-1.0275E2,4.E0,-1.6E2));
#2084=VERTEX_POINT('',#2083);
#2085=CARTESIAN_POINT('',(-1.0175E2,4.E0,-1.6E2));
#2086=VERTEX_POINT('',#2085);
#2087=CARTESIAN_POINT('',(-1.0275E2,1.9E1,-5.E0));
#2088=CARTESIAN_POINT('',(-1.0175E2,1.9E1,-5.E0));
#2089=VERTEX_POINT('',#2087);
#2090=VERTEX_POINT('',#2088);
#2091=CARTESIAN_POINT('',(-9.395E1,1.9E1,-1.6E2));
#2092=CARTESIAN_POINT('',(-9.395E1,1.9E1,-5.E0));
#2093=VERTEX_POINT('',#2091);
#2094=VERTEX_POINT('',#2092);
#2095=CARTESIAN_POINT('',(-9.295E1,1.9E1,-5.E0));
#2096=CARTESIAN_POINT('',(-9.295E1,1.9E1,-1.6E2));
#2097=VERTEX_POINT('',#2095);
#2098=VERTEX_POINT('',#2096);
#2099=CARTESIAN_POINT('',(-8.515E1,1.9E1,-1.6E2));
#2100=CARTESIAN_POINT('',(-8.515E1,1.9E1,-5.E0));
#2101=VERTEX_POINT('',#2099);
#2102=VERTEX_POINT('',#2100);
#2103=CARTESIAN_POINT('',(-8.415E1,1.9E1,-5.E0));
#2104=CARTESIAN_POINT('',(-8.415E1,1.9E1,-1.6E2));
#2105=VERTEX_POINT('',#2103);
#2106=VERTEX_POINT('',#2104);
#2107=CARTESIAN_POINT('',(-7.635E1,1.9E1,-1.6E2));
#2108=CARTESIAN_POINT('',(-7.635E1,1.9E1,-5.E0));
#2109=VERTEX_POINT('',#2107);
#2110=VERTEX_POINT('',#2108);
#2111=CARTESIAN_POINT('',(-7.535E1,1.9E1,-5.E0));
#2112=CARTESIAN_POINT('',(-7.535E1,1.9E1,-1.6E2));
#2113=VERTEX_POINT('',#2111);
#2114=VERTEX_POINT('',#2112);
#2115=CARTESIAN_POINT('',(-6.755E1,1.9E1,-1.6E2));
#2116=CARTESIAN_POINT('',(-6.755E1,1.9E1,-5.E0));
#2117=VERTEX_POINT('',#2115);
#2118=VERTEX_POINT('',#2116);
#2119=CARTESIAN_POINT('',(-6.655E1,1.9E1,-5.E0));
#2120=CARTESIAN_POINT('',(-6.655E1,1.9E1,-1.6E2));
#2121=VERTEX_POINT('',#2119);
#2122=VERTEX_POINT('',#2120);
#2123=CARTESIAN_POINT('',(-5.875E1,1.9E1,-1.6E2));
#2124=CARTESIAN_POINT('',(-5.875E1,1.9E1,-5.E0));
#2125=VERTEX_POINT('',#2123);
#2126=VERTEX_POINT('',#2124);
#2127=CARTESIAN_POINT('',(-5.775E1,1.9E1,-5.E0));
#2128=CARTESIAN_POINT('',(-5.775E1,1.9E1,-1.6E2));
#2129=VERTEX_POINT('',#2127);
#2130=VERTEX_POINT('',#2128);
#2131=CARTESIAN_POINT('',(-4.995E1,1.9E1,-1.6E2));
#2132=CARTESIAN_POINT('',(-4.995E1,1.9E1,-5.E0));
#2133=VERTEX_POINT('',#2131);
#2134=VERTEX_POINT('',#2132);
#2135=CARTESIAN_POINT('',(-4.895E1,1.9E1,-5.E0));
#2136=CARTESIAN_POINT('',(-4.895E1,1.9E1,-1.6E2));
#2137=VERTEX_POINT('',#2135);
#2138=VERTEX_POINT('',#2136);
#2139=CARTESIAN_POINT('',(-4.115E1,1.9E1,-1.6E2));
#2140=CARTESIAN_POINT('',(-4.115E1,1.9E1,-5.E0));
#2141=VERTEX_POINT('',#2139);
#2142=VERTEX_POINT('',#2140);
#2143=CARTESIAN_POINT('',(-4.015E1,1.9E1,-5.E0));
#2144=CARTESIAN_POINT('',(-4.015E1,1.9E1,-1.6E2));
#2145=VERTEX_POINT('',#2143);
#2146=VERTEX_POINT('',#2144);
#2147=CARTESIAN_POINT('',(-3.235E1,1.9E1,-1.6E2));
#2148=CARTESIAN_POINT('',(-3.235E1,1.9E1,-5.E0));
#2149=VERTEX_POINT('',#2147);
#2150=VERTEX_POINT('',#2148);
#2151=CARTESIAN_POINT('',(-3.135E1,1.9E1,-5.E0));
#2152=CARTESIAN_POINT('',(-3.135E1,1.9E1,-1.6E2));
#2153=VERTEX_POINT('',#2151);
#2154=VERTEX_POINT('',#2152);
#2155=CARTESIAN_POINT('',(-2.355E1,1.9E1,-1.6E2));
#2156=CARTESIAN_POINT('',(-2.355E1,1.9E1,-5.E0));
#2157=VERTEX_POINT('',#2155);
#2158=VERTEX_POINT('',#2156);
#2159=CARTESIAN_POINT('',(-2.255E1,1.9E1,-5.E0));
#2160=CARTESIAN_POINT('',(-2.255E1,1.9E1,-1.6E2));
#2161=VERTEX_POINT('',#2159);
#2162=VERTEX_POINT('',#2160);
#2163=CARTESIAN_POINT('',(-1.475E1,1.9E1,-1.6E2));
#2164=CARTESIAN_POINT('',(-1.475E1,1.9E1,-5.E0));
#2165=VERTEX_POINT('',#2163);
#2166=VERTEX_POINT('',#2164);
#2167=CARTESIAN_POINT('',(-1.375E1,1.9E1,-5.E0));
#2168=CARTESIAN_POINT('',(-1.375E1,1.9E1,-1.6E2));
#2169=VERTEX_POINT('',#2167);
#2170=VERTEX_POINT('',#2168);
#2171=CARTESIAN_POINT('',(-9.22E1,0.E0,-1.6E2));
#2172=CARTESIAN_POINT('',(-9.22E1,4.E0,-1.6E2));
#2173=VERTEX_POINT('',#2171);
#2174=VERTEX_POINT('',#2172);
#2175=CARTESIAN_POINT('',(-9.295E1,4.E0,-1.6E2));
#2176=VERTEX_POINT('',#2175);
#2177=CARTESIAN_POINT('',(-9.395E1,4.E0,-1.6E2));
#2178=VERTEX_POINT('',#2177);
#2179=CARTESIAN_POINT('',(-9.47E1,4.E0,-1.6E2));
#2180=VERTEX_POINT('',#2179);
#2181=CARTESIAN_POINT('',(-9.47E1,0.E0,-1.6E2));
#2182=VERTEX_POINT('',#2181);
#2183=CARTESIAN_POINT('',(-8.34E1,0.E0,-1.6E2));
#2184=CARTESIAN_POINT('',(-8.34E1,4.E0,-1.6E2));
#2185=VERTEX_POINT('',#2183);
#2186=VERTEX_POINT('',#2184);
#2187=CARTESIAN_POINT('',(-8.415E1,4.E0,-1.6E2));
#2188=VERTEX_POINT('',#2187);
#2189=CARTESIAN_POINT('',(-8.515E1,4.E0,-1.6E2));
#2190=VERTEX_POINT('',#2189);
#2191=CARTESIAN_POINT('',(-8.59E1,4.E0,-1.6E2));
#2192=VERTEX_POINT('',#2191);
#2193=CARTESIAN_POINT('',(-8.59E1,0.E0,-1.6E2));
#2194=VERTEX_POINT('',#2193);
#2195=CARTESIAN_POINT('',(-7.46E1,0.E0,-1.6E2));
#2196=CARTESIAN_POINT('',(-7.46E1,4.E0,-1.6E2));
#2197=VERTEX_POINT('',#2195);
#2198=VERTEX_POINT('',#2196);
#2199=CARTESIAN_POINT('',(-7.535E1,4.E0,-1.6E2));
#2200=VERTEX_POINT('',#2199);
#2201=CARTESIAN_POINT('',(-7.635E1,4.E0,-1.6E2));
#2202=VERTEX_POINT('',#2201);
#2203=CARTESIAN_POINT('',(-7.71E1,4.E0,-1.6E2));
#2204=VERTEX_POINT('',#2203);
#2205=CARTESIAN_POINT('',(-7.71E1,0.E0,-1.6E2));
#2206=VERTEX_POINT('',#2205);
#2207=CARTESIAN_POINT('',(-6.58E1,0.E0,-1.6E2));
#2208=CARTESIAN_POINT('',(-6.58E1,4.E0,-1.6E2));
#2209=VERTEX_POINT('',#2207);
#2210=VERTEX_POINT('',#2208);
#2211=CARTESIAN_POINT('',(-6.655E1,4.E0,-1.6E2));
#2212=VERTEX_POINT('',#2211);
#2213=CARTESIAN_POINT('',(-6.755E1,4.E0,-1.6E2));
#2214=VERTEX_POINT('',#2213);
#2215=CARTESIAN_POINT('',(-6.83E1,4.E0,-1.6E2));
#2216=VERTEX_POINT('',#2215);
#2217=CARTESIAN_POINT('',(-6.83E1,0.E0,-1.6E2));
#2218=VERTEX_POINT('',#2217);
#2219=CARTESIAN_POINT('',(-5.7E1,0.E0,-1.6E2));
#2220=CARTESIAN_POINT('',(-5.7E1,4.E0,-1.6E2));
#2221=VERTEX_POINT('',#2219);
#2222=VERTEX_POINT('',#2220);
#2223=CARTESIAN_POINT('',(-5.775E1,4.E0,-1.6E2));
#2224=VERTEX_POINT('',#2223);
#2225=CARTESIAN_POINT('',(-5.875E1,4.E0,-1.6E2));
#2226=VERTEX_POINT('',#2225);
#2227=CARTESIAN_POINT('',(-5.95E1,4.E0,-1.6E2));
#2228=VERTEX_POINT('',#2227);
#2229=CARTESIAN_POINT('',(-5.95E1,0.E0,-1.6E2));
#2230=VERTEX_POINT('',#2229);
#2231=CARTESIAN_POINT('',(-4.82E1,0.E0,-1.6E2));
#2232=CARTESIAN_POINT('',(-4.82E1,4.E0,-1.6E2));
#2233=VERTEX_POINT('',#2231);
#2234=VERTEX_POINT('',#2232);
#2235=CARTESIAN_POINT('',(-4.895E1,4.E0,-1.6E2));
#2236=VERTEX_POINT('',#2235);
#2237=CARTESIAN_POINT('',(-4.995E1,4.E0,-1.6E2));
#2238=VERTEX_POINT('',#2237);
#2239=CARTESIAN_POINT('',(-5.07E1,4.E0,-1.6E2));
#2240=VERTEX_POINT('',#2239);
#2241=CARTESIAN_POINT('',(-5.07E1,0.E0,-1.6E2));
#2242=VERTEX_POINT('',#2241);
#2243=CARTESIAN_POINT('',(-3.94E1,0.E0,-1.6E2));
#2244=CARTESIAN_POINT('',(-3.94E1,4.E0,-1.6E2));
#2245=VERTEX_POINT('',#2243);
#2246=VERTEX_POINT('',#2244);
#2247=CARTESIAN_POINT('',(-4.015E1,4.E0,-1.6E2));
#2248=VERTEX_POINT('',#2247);
#2249=CARTESIAN_POINT('',(-4.115E1,4.E0,-1.6E2));
#2250=VERTEX_POINT('',#2249);
#2251=CARTESIAN_POINT('',(-4.19E1,4.E0,-1.6E2));
#2252=VERTEX_POINT('',#2251);
#2253=CARTESIAN_POINT('',(-4.19E1,0.E0,-1.6E2));
#2254=VERTEX_POINT('',#2253);
#2255=CARTESIAN_POINT('',(-3.06E1,0.E0,-1.6E2));
#2256=CARTESIAN_POINT('',(-3.06E1,4.E0,-1.6E2));
#2257=VERTEX_POINT('',#2255);
#2258=VERTEX_POINT('',#2256);
#2259=CARTESIAN_POINT('',(-3.135E1,4.E0,-1.6E2));
#2260=VERTEX_POINT('',#2259);
#2261=CARTESIAN_POINT('',(-3.235E1,4.E0,-1.6E2));
#2262=VERTEX_POINT('',#2261);
#2263=CARTESIAN_POINT('',(-3.31E1,4.E0,-1.6E2));
#2264=VERTEX_POINT('',#2263);
#2265=CARTESIAN_POINT('',(-3.31E1,0.E0,-1.6E2));
#2266=VERTEX_POINT('',#2265);
#2267=CARTESIAN_POINT('',(-2.18E1,0.E0,-1.6E2));
#2268=CARTESIAN_POINT('',(-2.18E1,4.E0,-1.6E2));
#2269=VERTEX_POINT('',#2267);
#2270=VERTEX_POINT('',#2268);
#2271=CARTESIAN_POINT('',(-2.255E1,4.E0,-1.6E2));
#2272=VERTEX_POINT('',#2271);
#2273=CARTESIAN_POINT('',(-2.355E1,4.E0,-1.6E2));
#2274=VERTEX_POINT('',#2273);
#2275=CARTESIAN_POINT('',(-2.43E1,4.E0,-1.6E2));
#2276=VERTEX_POINT('',#2275);
#2277=CARTESIAN_POINT('',(-2.43E1,0.E0,-1.6E2));
#2278=VERTEX_POINT('',#2277);
#2279=CARTESIAN_POINT('',(-1.3E1,0.E0,-1.6E2));
#2280=CARTESIAN_POINT('',(-1.3E1,4.E0,-1.6E2));
#2281=VERTEX_POINT('',#2279);
#2282=VERTEX_POINT('',#2280);
#2283=CARTESIAN_POINT('',(-1.375E1,4.E0,-1.6E2));
#2284=VERTEX_POINT('',#2283);
#2285=CARTESIAN_POINT('',(-1.475E1,4.E0,-1.6E2));
#2286=VERTEX_POINT('',#2285);
#2287=CARTESIAN_POINT('',(-1.55E1,4.E0,-1.6E2));
#2288=VERTEX_POINT('',#2287);
#2289=CARTESIAN_POINT('',(-1.55E1,0.E0,-1.6E2));
#2290=VERTEX_POINT('',#2289);
#2291=CARTESIAN_POINT('',(-5.95E0,1.9E1,-1.6E2));
#2292=CARTESIAN_POINT('',(-5.95E0,1.9E1,-5.E0));
#2293=VERTEX_POINT('',#2291);
#2294=VERTEX_POINT('',#2292);
#2295=CARTESIAN_POINT('',(-5.E0,1.9E1,-5.E0));
#2296=VERTEX_POINT('',#2295);
#2297=CARTESIAN_POINT('',(-6.7E0,4.E0,-1.6E2));
#2298=CARTESIAN_POINT('',(-5.95E0,4.E0,-1.6E2));
#2299=VERTEX_POINT('',#2297);
#2300=VERTEX_POINT('',#2298);
#2301=CARTESIAN_POINT('',(-5.E0,1.9E1,-1.6E2));
#2302=VERTEX_POINT('',#2301);
#2303=CARTESIAN_POINT('',(-6.7E0,0.E0,-1.6E2));
#2304=VERTEX_POINT('',#2303);
#2305=CARTESIAN_POINT('',(1.E1,1.289684096334E1,-5.E0));
#2306=CARTESIAN_POINT('',(1.E1,-1.710315903666E1,-5.E0));
#2307=VERTEX_POINT('',#2305);
#2308=VERTEX_POINT('',#2306);
#2309=CARTESIAN_POINT('',(1.E1,1.289684096334E1,-1.8E1));
#2310=VERTEX_POINT('',#2309);
#2311=CARTESIAN_POINT('',(1.E1,1.289684096334E1,-8.E1));
#2312=CARTESIAN_POINT('',(1.E1,1.289684096334E1,-6.7E1));
#2313=VERTEX_POINT('',#2311);
#2314=VERTEX_POINT('',#2312);
#2315=CARTESIAN_POINT('',(1.E1,-1.710315903666E1,-8.E1));
#2316=VERTEX_POINT('',#2315);
#2317=CARTESIAN_POINT('',(0.E0,-1.710315903666E1,-5.E0));
#2318=VERTEX_POINT('',#2317);
#2319=CARTESIAN_POINT('',(0.E0,-1.710315903666E1,-8.E1));
#2320=VERTEX_POINT('',#2319);
#2321=CARTESIAN_POINT('',(0.E0,1.289684096334E1,-8.E1));
#2322=CARTESIAN_POINT('',(0.E0,1.289684096334E1,-6.7E1));
#2323=VERTEX_POINT('',#2321);
#2324=VERTEX_POINT('',#2322);
#2325=CARTESIAN_POINT('',(0.E0,0.E0,-8.E1));
#2326=VERTEX_POINT('',#2325);
#2327=CARTESIAN_POINT('',(0.E0,0.E0,-1.8E1));
#2328=CARTESIAN_POINT('',(0.E0,0.E0,-6.7E1));
#2329=VERTEX_POINT('',#2327);
#2330=VERTEX_POINT('',#2328);
#2331=CARTESIAN_POINT('',(0.E0,0.E0,-1.499359417675E2));
#2332=VERTEX_POINT('',#2331);
#2333=CARTESIAN_POINT('',(0.E0,1.289684096334E1,-1.8E1));
#2334=VERTEX_POINT('',#2333);
#2335=CARTESIAN_POINT('',(-1.25E2,1.289684096334E1,-5.E0));
#2336=CARTESIAN_POINT('',(-1.25E2,-1.710315903666E1,-5.E0));
#2337=VERTEX_POINT('',#2335);
#2338=VERTEX_POINT('',#2336);
#2339=CARTESIAN_POINT('',(-1.25E2,1.289684096334E1,-1.8E1));
#2340=VERTEX_POINT('',#2339);
#2341=CARTESIAN_POINT('',(-1.25E2,1.289684096334E1,-8.E1));
#2342=CARTESIAN_POINT('',(-1.25E2,1.289684096334E1,-6.7E1));
#2343=VERTEX_POINT('',#2341);
#2344=VERTEX_POINT('',#2342);
#2345=CARTESIAN_POINT('',(-1.25E2,-1.710315903666E1,-8.E1));
#2346=VERTEX_POINT('',#2345);
#2347=CARTESIAN_POINT('',(-1.15E2,-1.710315903666E1,-5.E0));
#2348=VERTEX_POINT('',#2347);
#2349=CARTESIAN_POINT('',(-1.15E2,-1.710315903666E1,-8.E1));
#2350=VERTEX_POINT('',#2349);
#2351=CARTESIAN_POINT('',(-1.15E2,0.E0,-8.E1));
#2352=VERTEX_POINT('',#2351);
#2353=CARTESIAN_POINT('',(-1.15E2,1.289684096334E1,-1.8E1));
#2354=VERTEX_POINT('',#2353);
#2355=CARTESIAN_POINT('',(-1.15E2,1.289684096334E1,-8.E1));
#2356=VERTEX_POINT('',#2355);
#2357=CARTESIAN_POINT('',(-1.15E2,1.289684096334E1,-6.7E1));
#2358=VERTEX_POINT('',#2357);
#2359=CARTESIAN_POINT('',(-1.15E2,0.E0,-1.499359417675E2));
#2360=VERTEX_POINT('',#2359);
#2361=CARTESIAN_POINT('',(-1.15E2,0.E0,-6.7E1));
#2362=CARTESIAN_POINT('',(-1.15E2,0.E0,-1.8E1));
#2363=VERTEX_POINT('',#2361);
#2364=VERTEX_POINT('',#2362);
#2365=CARTESIAN_POINT('',(0.E0,0.E0,-1.544679708837E2));
#2366=CARTESIAN_POINT('',(0.E0,-1.E1,-1.544679708837E2));
#2367=VERTEX_POINT('',#2365);
#2368=VERTEX_POINT('',#2366);
#2369=CARTESIAN_POINT('',(0.E0,-1.E1,-1.604679708837E2));
#2370=VERTEX_POINT('',#2369);
#2371=CARTESIAN_POINT('',(0.E0,0.E0,-1.604679708837E2));
#2372=VERTEX_POINT('',#2371);
#2373=CARTESIAN_POINT('',(0.E0,0.E0,-7.05E1));
#2374=CARTESIAN_POINT('',(0.E0,-1.E1,-7.05E1));
#2375=VERTEX_POINT('',#2373);
#2376=VERTEX_POINT('',#2374);
#2377=CARTESIAN_POINT('',(0.E0,-1.E1,-7.65E1));
#2378=VERTEX_POINT('',#2377);
#2379=CARTESIAN_POINT('',(0.E0,0.E0,-7.65E1));
#2380=VERTEX_POINT('',#2379);
#2381=CARTESIAN_POINT('',(1.E1,0.E0,-1.544679708837E2));
#2382=CARTESIAN_POINT('',(1.E1,-1.E1,-1.544679708837E2));
#2383=VERTEX_POINT('',#2381);
#2384=VERTEX_POINT('',#2382);
#2385=CARTESIAN_POINT('',(1.E1,-1.E1,-1.604679708837E2));
#2386=VERTEX_POINT('',#2385);
#2387=CARTESIAN_POINT('',(1.E1,0.E0,-1.604679708837E2));
#2388=VERTEX_POINT('',#2387);
#2389=CARTESIAN_POINT('',(1.E1,0.E0,-7.05E1));
#2390=CARTESIAN_POINT('',(1.E1,-1.E1,-7.05E1));
#2391=VERTEX_POINT('',#2389);
#2392=VERTEX_POINT('',#2390);
#2393=CARTESIAN_POINT('',(1.E1,-1.E1,-7.65E1));
#2394=VERTEX_POINT('',#2393);
#2395=CARTESIAN_POINT('',(1.E1,0.E0,-7.65E1));
#2396=VERTEX_POINT('',#2395);
#2397=CARTESIAN_POINT('',(-1.15E2,0.E0,-1.544679708837E2));
#2398=CARTESIAN_POINT('',(-1.15E2,-1.E1,-1.544679708837E2));
#2399=VERTEX_POINT('',#2397);
#2400=VERTEX_POINT('',#2398);
#2401=CARTESIAN_POINT('',(-1.15E2,-1.E1,-1.604679708837E2));
#2402=VERTEX_POINT('',#2401);
#2403=CARTESIAN_POINT('',(-1.15E2,0.E0,-1.604679708837E2));
#2404=VERTEX_POINT('',#2403);
#2405=CARTESIAN_POINT('',(-1.15E2,0.E0,-7.05E1));
#2406=CARTESIAN_POINT('',(-1.15E2,-1.E1,-7.05E1));
#2407=VERTEX_POINT('',#2405);
#2408=VERTEX_POINT('',#2406);
#2409=CARTESIAN_POINT('',(-1.15E2,-1.E1,-7.65E1));
#2410=VERTEX_POINT('',#2409);
#2411=CARTESIAN_POINT('',(-1.15E2,0.E0,-7.65E1));
#2412=VERTEX_POINT('',#2411);
#2413=CARTESIAN_POINT('',(-1.25E2,0.E0,-1.544679708837E2));
#2414=CARTESIAN_POINT('',(-1.25E2,-1.E1,-1.544679708837E2));
#2415=VERTEX_POINT('',#2413);
#2416=VERTEX_POINT('',#2414);
#2417=CARTESIAN_POINT('',(-1.25E2,-1.E1,-1.604679708837E2));
#2418=VERTEX_POINT('',#2417);
#2419=CARTESIAN_POINT('',(-1.25E2,0.E0,-1.604679708837E2));
#2420=VERTEX_POINT('',#2419);
#2421=CARTESIAN_POINT('',(-1.25E2,0.E0,-7.05E1));
#2422=CARTESIAN_POINT('',(-1.25E2,-1.E1,-7.05E1));
#2423=VERTEX_POINT('',#2421);
#2424=VERTEX_POINT('',#2422);
#2425=CARTESIAN_POINT('',(-1.25E2,-1.E1,-7.65E1));
#2426=VERTEX_POINT('',#2425);
#2427=CARTESIAN_POINT('',(-1.25E2,0.E0,-7.65E1));
#2428=VERTEX_POINT('',#2427);
#2429=CARTESIAN_POINT('',(-1.15E2,0.E0,-5.E0));
#2430=CARTESIAN_POINT('',(-1.1E2,0.E0,-5.E0));
#2431=VERTEX_POINT('',#2429);
#2432=VERTEX_POINT('',#2430);
#2433=CARTESIAN_POINT('',(-1.035E2,0.E0,-5.E0));
#2434=CARTESIAN_POINT('',(-1.01E2,0.E0,-5.E0));
#2435=VERTEX_POINT('',#2433);
#2436=VERTEX_POINT('',#2434);
#2437=CARTESIAN_POINT('',(-9.47E1,0.E0,-5.E0));
#2438=CARTESIAN_POINT('',(-9.22E1,0.E0,-5.E0));
#2439=VERTEX_POINT('',#2437);
#2440=VERTEX_POINT('',#2438);
#2441=CARTESIAN_POINT('',(-8.59E1,0.E0,-5.E0));
#2442=CARTESIAN_POINT('',(-8.34E1,0.E0,-5.E0));
#2443=VERTEX_POINT('',#2441);
#2444=VERTEX_POINT('',#2442);
#2445=CARTESIAN_POINT('',(-7.71E1,0.E0,-5.E0));
#2446=CARTESIAN_POINT('',(-7.46E1,0.E0,-5.E0));
#2447=VERTEX_POINT('',#2445);
#2448=VERTEX_POINT('',#2446);
#2449=CARTESIAN_POINT('',(-6.83E1,0.E0,-5.E0));
#2450=CARTESIAN_POINT('',(-6.58E1,0.E0,-5.E0));
#2451=VERTEX_POINT('',#2449);
#2452=VERTEX_POINT('',#2450);
#2453=CARTESIAN_POINT('',(-5.95E1,0.E0,-5.E0));
#2454=CARTESIAN_POINT('',(-5.7E1,0.E0,-5.E0));
#2455=VERTEX_POINT('',#2453);
#2456=VERTEX_POINT('',#2454);
#2457=CARTESIAN_POINT('',(-5.07E1,0.E0,-5.E0));
#2458=CARTESIAN_POINT('',(-4.82E1,0.E0,-5.E0));
#2459=VERTEX_POINT('',#2457);
#2460=VERTEX_POINT('',#2458);
#2461=CARTESIAN_POINT('',(-4.19E1,0.E0,-5.E0));
#2462=CARTESIAN_POINT('',(-3.94E1,0.E0,-5.E0));
#2463=VERTEX_POINT('',#2461);
#2464=VERTEX_POINT('',#2462);
#2465=CARTESIAN_POINT('',(-3.31E1,0.E0,-5.E0));
#2466=CARTESIAN_POINT('',(-3.06E1,0.E0,-5.E0));
#2467=VERTEX_POINT('',#2465);
#2468=VERTEX_POINT('',#2466);
#2469=CARTESIAN_POINT('',(-2.43E1,0.E0,-5.E0));
#2470=CARTESIAN_POINT('',(-2.18E1,0.E0,-5.E0));
#2471=VERTEX_POINT('',#2469);
#2472=VERTEX_POINT('',#2470);
#2473=CARTESIAN_POINT('',(-1.55E1,0.E0,-5.E0));
#2474=CARTESIAN_POINT('',(-1.3E1,0.E0,-5.E0));
#2475=VERTEX_POINT('',#2473);
#2476=VERTEX_POINT('',#2474);
#2477=CARTESIAN_POINT('',(-6.7E0,0.E0,-5.E0));
#2478=CARTESIAN_POINT('',(0.E0,0.E0,-5.E0));
#2479=VERTEX_POINT('',#2477);
#2480=VERTEX_POINT('',#2478);
#2481=CARTESIAN_POINT('',(-1.15E2,1.289684096334E1,-5.E0));
#2482=CARTESIAN_POINT('',(-1.15E2,1.5E1,-5.E0));
#2483=VERTEX_POINT('',#2481);
#2484=VERTEX_POINT('',#2482);
#2485=CARTESIAN_POINT('',(-1.15E2,1.5E1,0.E0));
#2486=VERTEX_POINT('',#2485);
#2487=CARTESIAN_POINT('',(0.E0,1.5E1,0.E0));
#2488=VERTEX_POINT('',#2487);
#2489=CARTESIAN_POINT('',(0.E0,1.289684096334E1,-5.E0));
#2490=CARTESIAN_POINT('',(0.E0,1.5E1,-5.E0));
#2491=VERTEX_POINT('',#2489);
#2492=VERTEX_POINT('',#2490);
#2493=CARTESIAN_POINT('',(-5.95E0,1.5E1,-5.E0));
#2494=CARTESIAN_POINT('',(-1.375E1,1.5E1,-5.E0));
#2495=VERTEX_POINT('',#2493);
#2496=VERTEX_POINT('',#2494);
#2497=CARTESIAN_POINT('',(-1.1E2,1.5E1,-5.E0));
#2498=VERTEX_POINT('',#2497);
#2499=CARTESIAN_POINT('',(-1.035E2,4.E0,-5.E0));
#2500=CARTESIAN_POINT('',(-1.0275E2,4.E0,-5.E0));
#2501=VERTEX_POINT('',#2499);
#2502=VERTEX_POINT('',#2500);
#2503=CARTESIAN_POINT('',(-1.0175E2,4.E0,-5.E0));
#2504=CARTESIAN_POINT('',(-1.01E2,4.E0,-5.E0));
#2505=VERTEX_POINT('',#2503);
#2506=VERTEX_POINT('',#2504);
#2507=CARTESIAN_POINT('',(-1.0275E2,1.5E1,-5.E0));
#2508=VERTEX_POINT('',#2507);
#2509=CARTESIAN_POINT('',(-1.0175E2,1.5E1,-5.E0));
#2510=VERTEX_POINT('',#2509);
#2511=CARTESIAN_POINT('',(-9.47E1,4.E0,-5.E0));
#2512=CARTESIAN_POINT('',(-9.395E1,4.E0,-5.E0));
#2513=VERTEX_POINT('',#2511);
#2514=VERTEX_POINT('',#2512);
#2515=CARTESIAN_POINT('',(-9.295E1,4.E0,-5.E0));
#2516=CARTESIAN_POINT('',(-9.22E1,4.E0,-5.E0));
#2517=VERTEX_POINT('',#2515);
#2518=VERTEX_POINT('',#2516);
#2519=CARTESIAN_POINT('',(-9.395E1,1.5E1,-5.E0));
#2520=VERTEX_POINT('',#2519);
#2521=CARTESIAN_POINT('',(-9.295E1,1.5E1,-5.E0));
#2522=VERTEX_POINT('',#2521);
#2523=CARTESIAN_POINT('',(-8.59E1,4.E0,-5.E0));
#2524=CARTESIAN_POINT('',(-8.515E1,4.E0,-5.E0));
#2525=VERTEX_POINT('',#2523);
#2526=VERTEX_POINT('',#2524);
#2527=CARTESIAN_POINT('',(-8.415E1,4.E0,-5.E0));
#2528=CARTESIAN_POINT('',(-8.34E1,4.E0,-5.E0));
#2529=VERTEX_POINT('',#2527);
#2530=VERTEX_POINT('',#2528);
#2531=CARTESIAN_POINT('',(-8.515E1,1.5E1,-5.E0));
#2532=VERTEX_POINT('',#2531);
#2533=CARTESIAN_POINT('',(-8.415E1,1.5E1,-5.E0));
#2534=VERTEX_POINT('',#2533);
#2535=CARTESIAN_POINT('',(-7.71E1,4.E0,-5.E0));
#2536=CARTESIAN_POINT('',(-7.635E1,4.E0,-5.E0));
#2537=VERTEX_POINT('',#2535);
#2538=VERTEX_POINT('',#2536);
#2539=CARTESIAN_POINT('',(-7.535E1,4.E0,-5.E0));
#2540=CARTESIAN_POINT('',(-7.46E1,4.E0,-5.E0));
#2541=VERTEX_POINT('',#2539);
#2542=VERTEX_POINT('',#2540);
#2543=CARTESIAN_POINT('',(-7.635E1,1.5E1,-5.E0));
#2544=VERTEX_POINT('',#2543);
#2545=CARTESIAN_POINT('',(-7.535E1,1.5E1,-5.E0));
#2546=VERTEX_POINT('',#2545);
#2547=CARTESIAN_POINT('',(-6.83E1,4.E0,-5.E0));
#2548=CARTESIAN_POINT('',(-6.755E1,4.E0,-5.E0));
#2549=VERTEX_POINT('',#2547);
#2550=VERTEX_POINT('',#2548);
#2551=CARTESIAN_POINT('',(-6.655E1,4.E0,-5.E0));
#2552=CARTESIAN_POINT('',(-6.58E1,4.E0,-5.E0));
#2553=VERTEX_POINT('',#2551);
#2554=VERTEX_POINT('',#2552);
#2555=CARTESIAN_POINT('',(-6.755E1,1.5E1,-5.E0));
#2556=VERTEX_POINT('',#2555);
#2557=CARTESIAN_POINT('',(-6.655E1,1.5E1,-5.E0));
#2558=VERTEX_POINT('',#2557);
#2559=CARTESIAN_POINT('',(-5.95E1,4.E0,-5.E0));
#2560=CARTESIAN_POINT('',(-5.875E1,4.E0,-5.E0));
#2561=VERTEX_POINT('',#2559);
#2562=VERTEX_POINT('',#2560);
#2563=CARTESIAN_POINT('',(-5.775E1,4.E0,-5.E0));
#2564=CARTESIAN_POINT('',(-5.7E1,4.E0,-5.E0));
#2565=VERTEX_POINT('',#2563);
#2566=VERTEX_POINT('',#2564);
#2567=CARTESIAN_POINT('',(-5.875E1,1.5E1,-5.E0));
#2568=VERTEX_POINT('',#2567);
#2569=CARTESIAN_POINT('',(-5.775E1,1.5E1,-5.E0));
#2570=VERTEX_POINT('',#2569);
#2571=CARTESIAN_POINT('',(-5.07E1,4.E0,-5.E0));
#2572=CARTESIAN_POINT('',(-4.995E1,4.E0,-5.E0));
#2573=VERTEX_POINT('',#2571);
#2574=VERTEX_POINT('',#2572);
#2575=CARTESIAN_POINT('',(-4.895E1,4.E0,-5.E0));
#2576=CARTESIAN_POINT('',(-4.82E1,4.E0,-5.E0));
#2577=VERTEX_POINT('',#2575);
#2578=VERTEX_POINT('',#2576);
#2579=CARTESIAN_POINT('',(-4.995E1,1.5E1,-5.E0));
#2580=VERTEX_POINT('',#2579);
#2581=CARTESIAN_POINT('',(-4.895E1,1.5E1,-5.E0));
#2582=VERTEX_POINT('',#2581);
#2583=CARTESIAN_POINT('',(-4.19E1,4.E0,-5.E0));
#2584=CARTESIAN_POINT('',(-4.115E1,4.E0,-5.E0));
#2585=VERTEX_POINT('',#2583);
#2586=VERTEX_POINT('',#2584);
#2587=CARTESIAN_POINT('',(-4.015E1,4.E0,-5.E0));
#2588=CARTESIAN_POINT('',(-3.94E1,4.E0,-5.E0));
#2589=VERTEX_POINT('',#2587);
#2590=VERTEX_POINT('',#2588);
#2591=CARTESIAN_POINT('',(-4.115E1,1.5E1,-5.E0));
#2592=VERTEX_POINT('',#2591);
#2593=CARTESIAN_POINT('',(-4.015E1,1.5E1,-5.E0));
#2594=VERTEX_POINT('',#2593);
#2595=CARTESIAN_POINT('',(-3.31E1,4.E0,-5.E0));
#2596=CARTESIAN_POINT('',(-3.235E1,4.E0,-5.E0));
#2597=VERTEX_POINT('',#2595);
#2598=VERTEX_POINT('',#2596);
#2599=CARTESIAN_POINT('',(-3.135E1,4.E0,-5.E0));
#2600=CARTESIAN_POINT('',(-3.06E1,4.E0,-5.E0));
#2601=VERTEX_POINT('',#2599);
#2602=VERTEX_POINT('',#2600);
#2603=CARTESIAN_POINT('',(-3.235E1,1.5E1,-5.E0));
#2604=VERTEX_POINT('',#2603);
#2605=CARTESIAN_POINT('',(-3.135E1,1.5E1,-5.E0));
#2606=VERTEX_POINT('',#2605);
#2607=CARTESIAN_POINT('',(-2.43E1,4.E0,-5.E0));
#2608=CARTESIAN_POINT('',(-2.355E1,4.E0,-5.E0));
#2609=VERTEX_POINT('',#2607);
#2610=VERTEX_POINT('',#2608);
#2611=CARTESIAN_POINT('',(-2.255E1,4.E0,-5.E0));
#2612=CARTESIAN_POINT('',(-2.18E1,4.E0,-5.E0));
#2613=VERTEX_POINT('',#2611);
#2614=VERTEX_POINT('',#2612);
#2615=CARTESIAN_POINT('',(-2.355E1,1.5E1,-5.E0));
#2616=VERTEX_POINT('',#2615);
#2617=CARTESIAN_POINT('',(-2.255E1,1.5E1,-5.E0));
#2618=VERTEX_POINT('',#2617);
#2619=CARTESIAN_POINT('',(-1.55E1,4.E0,-5.E0));
#2620=CARTESIAN_POINT('',(-1.475E1,4.E0,-5.E0));
#2621=VERTEX_POINT('',#2619);
#2622=VERTEX_POINT('',#2620);
#2623=CARTESIAN_POINT('',(-1.375E1,4.E0,-5.E0));
#2624=CARTESIAN_POINT('',(-1.3E1,4.E0,-5.E0));
#2625=VERTEX_POINT('',#2623);
#2626=VERTEX_POINT('',#2624);
#2627=CARTESIAN_POINT('',(-1.475E1,1.5E1,-5.E0));
#2628=VERTEX_POINT('',#2627);
#2629=CARTESIAN_POINT('',(-6.7E0,4.E0,-5.E0));
#2630=CARTESIAN_POINT('',(-5.95E0,4.E0,-5.E0));
#2631=VERTEX_POINT('',#2629);
#2632=VERTEX_POINT('',#2630);
#2633=CARTESIAN_POINT('',(1.E1,0.E0,-1.8E1));
#2634=VERTEX_POINT('',#2633);
#2635=CARTESIAN_POINT('',(1.E1,0.E0,-6.7E1));
#2636=VERTEX_POINT('',#2635);
#2637=CARTESIAN_POINT('',(-1.25E2,0.E0,-1.8E1));
#2638=VERTEX_POINT('',#2637);
#2639=CARTESIAN_POINT('',(-1.25E2,0.E0,-6.7E1));
#2640=VERTEX_POINT('',#2639);
#2641=CARTESIAN_POINT('',(0.E0,-1.710315903666E1,-1.499359417675E2));
#2642=CARTESIAN_POINT('',(0.E0,-1.710315903666E1,-2.999359417675E2));
#2643=VERTEX_POINT('',#2641);
#2644=VERTEX_POINT('',#2642);
#2645=CARTESIAN_POINT('',(0.E0,1.033931380686E1,-2.999359417675E2));
#2646=VERTEX_POINT('',#2645);
#2647=CARTESIAN_POINT('',(1.E1,1.033931380686E1,-1.499359417675E2));
#2648=CARTESIAN_POINT('',(1.E1,-1.710315903666E1,-1.499359417675E2));
#2649=VERTEX_POINT('',#2647);
#2650=VERTEX_POINT('',#2648);
#2651=CARTESIAN_POINT('',(1.E1,-1.710315903666E1,-2.999359417675E2));
#2652=VERTEX_POINT('',#2651);
#2653=CARTESIAN_POINT('',(1.E1,1.033931380686E1,-2.999359417675E2));
#2654=VERTEX_POINT('',#2653);
#2655=CARTESIAN_POINT('',(0.E0,1.033931380686E1,-1.499359417675E2));
#2656=VERTEX_POINT('',#2655);
#2657=CARTESIAN_POINT('',(-1.15E2,-1.710315903666E1,-1.499359417675E2));
#2658=CARTESIAN_POINT('',(-1.15E2,-1.710315903666E1,-2.999359417675E2));
#2659=VERTEX_POINT('',#2657);
#2660=VERTEX_POINT('',#2658);
#2661=CARTESIAN_POINT('',(-1.15E2,1.033931380686E1,-2.999359417675E2));
#2662=VERTEX_POINT('',#2661);
#2663=CARTESIAN_POINT('',(-1.25E2,1.033931380686E1,-1.499359417675E2));
#2664=CARTESIAN_POINT('',(-1.25E2,-1.710315903666E1,-1.499359417675E2));
#2665=VERTEX_POINT('',#2663);
#2666=VERTEX_POINT('',#2664);
#2667=CARTESIAN_POINT('',(-1.25E2,-1.710315903666E1,-2.999359417675E2));
#2668=VERTEX_POINT('',#2667);
#2669=CARTESIAN_POINT('',(-1.25E2,1.033931380686E1,-2.999359417675E2));
#2670=VERTEX_POINT('',#2669);
#2671=CARTESIAN_POINT('',(-1.15E2,1.033931380686E1,-1.499359417675E2));
#2672=VERTEX_POINT('',#2671);
#2673=CARTESIAN_POINT('',(-1.15E2,3.863051669570E1,1.E1));
#2674=CARTESIAN_POINT('',(-1.15E2,2.543193385692E1,1.E1));
#2675=VERTEX_POINT('',#2673);
#2676=VERTEX_POINT('',#2674);
#2677=CARTESIAN_POINT('',(0.E0,2.543193385692E1,1.E1));
#2678=VERTEX_POINT('',#2677);
#2679=CARTESIAN_POINT('',(0.E0,3.863051669570E1,1.E1));
#2680=VERTEX_POINT('',#2679);
#2681=CARTESIAN_POINT('',(-1.15E2,2.543193385692E1,0.E0));
#2682=CARTESIAN_POINT('',(0.E0,2.543193385692E1,0.E0));
#2683=VERTEX_POINT('',#2681);
#2684=VERTEX_POINT('',#2682);
#2685=CARTESIAN_POINT('',(-1.15E2,3.863051669570E1,0.E0));
#2686=CARTESIAN_POINT('',(0.E0,3.863051669570E1,0.E0));
#2687=VERTEX_POINT('',#2685);
#2688=VERTEX_POINT('',#2686);
#2689=CARTESIAN_POINT('',(-1.123307111974E2,2.543193385692E1,1.823611743639E0));
#2690=CARTESIAN_POINT('',(-1.123307111974E2,2.543193385692E1,6.323611743639E0));
#2691=VERTEX_POINT('',#2689);
#2692=VERTEX_POINT('',#2690);
#2693=CARTESIAN_POINT('',(-2.330711197411E0,2.543193385692E1,6.323611743639E0));
#2694=VERTEX_POINT('',#2693);
#2695=CARTESIAN_POINT('',(-2.330711197411E0,2.543193385692E1,1.823611743639E0));
#2696=VERTEX_POINT('',#2695);
#2697=CARTESIAN_POINT('',(-1.123307111974E2,3.863051669570E1,1.823611743639E0));
#2698=CARTESIAN_POINT('',(-1.123307111974E2,3.863051669570E1,6.323611743639E0));
#2699=VERTEX_POINT('',#2697);
#2700=VERTEX_POINT('',#2698);
#2701=CARTESIAN_POINT('',(-2.330711197411E0,3.863051669570E1,6.323611743639E0));
#2702=VERTEX_POINT('',#2701);
#2703=CARTESIAN_POINT('',(-2.330711197411E0,3.863051669570E1,1.823611743639E0));
#2704=VERTEX_POINT('',#2703);
#2705=CARTESIAN_POINT('',(-1.15E2,4.5E1,-2.45E2));
#2706=CARTESIAN_POINT('',(0.E0,4.5E1,-2.45E2));
#2707=VERTEX_POINT('',#2705);
#2708=VERTEX_POINT('',#2706);
#2709=CARTESIAN_POINT('',(0.E0,1.033931380686E1,-2.45E2));
#2710=CARTESIAN_POINT('',(0.E0,0.E0,-2.45E2));
#2711=VERTEX_POINT('',#2709);
#2712=VERTEX_POINT('',#2710);
#2713=CARTESIAN_POINT('',(-1.15E2,1.033931380686E1,-2.45E2));
#2714=CARTESIAN_POINT('',(-1.15E2,0.E0,-2.45E2));
#2715=VERTEX_POINT('',#2713);
#2716=VERTEX_POINT('',#2714);
#2717=CARTESIAN_POINT('',(8.8E1,4.E0,0.E0));
#2718=DIRECTION('',(0.E0,1.E0,0.E0));
#2719=DIRECTION('',(1.E0,0.E0,0.E0));
#2720=AXIS2_PLACEMENT_3D('',#2717,#2718,#2719);
#2721=PLANE('',#2720);
#2723=ORIENTED_EDGE('',*,*,#2722,.F.);
#2725=ORIENTED_EDGE('',*,*,#2724,.F.);
#2727=ORIENTED_EDGE('',*,*,#2726,.T.);
#2729=ORIENTED_EDGE('',*,*,#2728,.F.);
#2730=EDGE_LOOP('',(#2723,#2725,#2727,#2729));
#2731=FACE_OUTER_BOUND('',#2730,.F.);
#2732=ADVANCED_FACE('',(#2731),#2721,.T.);
#2733=CARTESIAN_POINT('',(8.8E1,4.E0,0.E0));
#2734=DIRECTION('',(0.E0,1.E0,0.E0));
#2735=DIRECTION('',(1.E0,0.E0,0.E0));
#2736=AXIS2_PLACEMENT_3D('',#2733,#2734,#2735);
#2737=PLANE('',#2736);
#2739=ORIENTED_EDGE('',*,*,#2738,.F.);
#2741=ORIENTED_EDGE('',*,*,#2740,.T.);
#2743=ORIENTED_EDGE('',*,*,#2742,.T.);
#2745=ORIENTED_EDGE('',*,*,#2744,.F.);
#2746=EDGE_LOOP('',(#2739,#2741,#2743,#2745));
#2747=FACE_OUTER_BOUND('',#2746,.F.);
#2748=ADVANCED_FACE('',(#2747),#2737,.T.);
#2749=CARTESIAN_POINT('',(0.E0,1.289684096334E1,-5.E0));
#2750=DIRECTION('',(0.E0,0.E0,1.E0));
#2751=DIRECTION('',(0.E0,-1.E0,0.E0));
#2752=AXIS2_PLACEMENT_3D('',#2749,#2750,#2751);
#2753=PLANE('',#2752);
#2755=ORIENTED_EDGE('',*,*,#2754,.F.);
#2757=ORIENTED_EDGE('',*,*,#2756,.T.);
#2758=ORIENTED_EDGE('',*,*,#2722,.T.);
#2760=ORIENTED_EDGE('',*,*,#2759,.T.);
#2762=ORIENTED_EDGE('',*,*,#2761,.F.);
#2764=ORIENTED_EDGE('',*,*,#2763,.F.);
#2765=ORIENTED_EDGE('',*,*,#2738,.T.);
#2767=ORIENTED_EDGE('',*,*,#2766,.F.);
#2768=EDGE_LOOP('',(#2755,#2757,#2758,#2760,#2762,#2764,#2765,#2767));
#2769=FACE_OUTER_BOUND('',#2768,.F.);
#2770=ADVANCED_FACE('',(#2769),#2753,.T.);
#2771=CARTESIAN_POINT('',(0.E0,1.289684096334E1,-5.E0));
#2772=DIRECTION('',(0.E0,0.E0,1.E0));
#2773=DIRECTION('',(0.E0,-1.E0,0.E0));
#2774=AXIS2_PLACEMENT_3D('',#2771,#2772,#2773);
#2775=PLANE('',#2774);
#2777=ORIENTED_EDGE('',*,*,#2776,.F.);
#2779=ORIENTED_EDGE('',*,*,#2778,.T.);
#2781=ORIENTED_EDGE('',*,*,#2780,.T.);
#2783=ORIENTED_EDGE('',*,*,#2782,.T.);
#2785=ORIENTED_EDGE('',*,*,#2784,.F.);
#2787=ORIENTED_EDGE('',*,*,#2786,.F.);
#2789=ORIENTED_EDGE('',*,*,#2788,.T.);
#2791=ORIENTED_EDGE('',*,*,#2790,.F.);
#2792=EDGE_LOOP('',(#2777,#2779,#2781,#2783,#2785,#2787,#2789,#2791));
#2793=FACE_OUTER_BOUND('',#2792,.F.);
#2794=ADVANCED_FACE('',(#2793),#2775,.T.);
#2795=CARTESIAN_POINT('',(0.E0,1.289684096334E1,-5.E0));
#2796=DIRECTION('',(0.E0,0.E0,1.E0));
#2797=DIRECTION('',(0.E0,-1.E0,0.E0));
#2798=AXIS2_PLACEMENT_3D('',#2795,#2796,#2797);
#2799=PLANE('',#2798);
#2801=ORIENTED_EDGE('',*,*,#2800,.F.);
#2803=ORIENTED_EDGE('',*,*,#2802,.T.);
#2805=ORIENTED_EDGE('',*,*,#2804,.T.);
#2807=ORIENTED_EDGE('',*,*,#2806,.T.);
#2809=ORIENTED_EDGE('',*,*,#2808,.F.);
#2811=ORIENTED_EDGE('',*,*,#2810,.F.);
#2813=ORIENTED_EDGE('',*,*,#2812,.T.);
#2815=ORIENTED_EDGE('',*,*,#2814,.F.);
#2816=EDGE_LOOP('',(#2801,#2803,#2805,#2807,#2809,#2811,#2813,#2815));
#2817=FACE_OUTER_BOUND('',#2816,.F.);
#2818=ADVANCED_FACE('',(#2817),#2799,.T.);
#2819=CARTESIAN_POINT('',(0.E0,1.289684096334E1,-5.E0));
#2820=DIRECTION('',(0.E0,0.E0,1.E0));
#2821=DIRECTION('',(0.E0,-1.E0,0.E0));
#2822=AXIS2_PLACEMENT_3D('',#2819,#2820,#2821);
#2823=PLANE('',#2822);
#2825=ORIENTED_EDGE('',*,*,#2824,.F.);
#2827=ORIENTED_EDGE('',*,*,#2826,.T.);
#2829=ORIENTED_EDGE('',*,*,#2828,.T.);
#2831=ORIENTED_EDGE('',*,*,#2830,.T.);
#2833=ORIENTED_EDGE('',*,*,#2832,.F.);
#2835=ORIENTED_EDGE('',*,*,#2834,.F.);
#2837=ORIENTED_EDGE('',*,*,#2836,.T.);
#2839=ORIENTED_EDGE('',*,*,#2838,.F.);
#2840=EDGE_LOOP('',(#2825,#2827,#2829,#2831,#2833,#2835,#2837,#2839));
#2841=FACE_OUTER_BOUND('',#2840,.F.);
#2842=ADVANCED_FACE('',(#2841),#2823,.T.);
#2843=CARTESIAN_POINT('',(0.E0,1.289684096334E1,-5.E0));
#2844=DIRECTION('',(0.E0,0.E0,1.E0));
#2845=DIRECTION('',(0.E0,-1.E0,0.E0));
#2846=AXIS2_PLACEMENT_3D('',#2843,#2844,#2845);
#2847=PLANE('',#2846);
#2849=ORIENTED_EDGE('',*,*,#2848,.F.);
#2851=ORIENTED_EDGE('',*,*,#2850,.T.);
#2853=ORIENTED_EDGE('',*,*,#2852,.T.);
#2855=ORIENTED_EDGE('',*,*,#2854,.T.);
#2857=ORIENTED_EDGE('',*,*,#2856,.F.);
#2859=ORIENTED_EDGE('',*,*,#2858,.F.);
#2861=ORIENTED_EDGE('',*,*,#2860,.T.);
#2863=ORIENTED_EDGE('',*,*,#2862,.F.);
#2864=EDGE_LOOP('',(#2849,#2851,#2853,#2855,#2857,#2859,#2861,#2863));
#2865=FACE_OUTER_BOUND('',#2864,.F.);
#2866=ADVANCED_FACE('',(#2865),#2847,.T.);
#2867=CARTESIAN_POINT('',(0.E0,1.289684096334E1,-5.E0));
#2868=DIRECTION('',(0.E0,0.E0,1.E0));
#2869=DIRECTION('',(0.E0,-1.E0,0.E0));
#2870=AXIS2_PLACEMENT_3D('',#2867,#2868,#2869);
#2871=PLANE('',#2870);
#2873=ORIENTED_EDGE('',*,*,#2872,.F.);
#2875=ORIENTED_EDGE('',*,*,#2874,.T.);
#2877=ORIENTED_EDGE('',*,*,#2876,.T.);
#2879=ORIENTED_EDGE('',*,*,#2878,.T.);
#2881=ORIENTED_EDGE('',*,*,#2880,.F.);
#2883=ORIENTED_EDGE('',*,*,#2882,.F.);
#2885=ORIENTED_EDGE('',*,*,#2884,.T.);
#2887=ORIENTED_EDGE('',*,*,#2886,.F.);
#2888=EDGE_LOOP('',(#2873,#2875,#2877,#2879,#2881,#2883,#2885,#2887));
#2889=FACE_OUTER_BOUND('',#2888,.F.);
#2890=ADVANCED_FACE('',(#2889),#2871,.T.);
#2891=CARTESIAN_POINT('',(0.E0,1.289684096334E1,-5.E0));
#2892=DIRECTION('',(0.E0,0.E0,1.E0));
#2893=DIRECTION('',(0.E0,-1.E0,0.E0));
#2894=AXIS2_PLACEMENT_3D('',#2891,#2892,#2893);
#2895=PLANE('',#2894);
#2897=ORIENTED_EDGE('',*,*,#2896,.F.);
#2899=ORIENTED_EDGE('',*,*,#2898,.T.);
#2901=ORIENTED_EDGE('',*,*,#2900,.T.);
#2903=ORIENTED_EDGE('',*,*,#2902,.T.);
#2905=ORIENTED_EDGE('',*,*,#2904,.F.);
#2907=ORIENTED_EDGE('',*,*,#2906,.F.);
#2909=ORIENTED_EDGE('',*,*,#2908,.T.);
#2911=ORIENTED_EDGE('',*,*,#2910,.F.);
#2912=EDGE_LOOP('',(#2897,#2899,#2901,#2903,#2905,#2907,#2909,#2911));
#2913=FACE_OUTER_BOUND('',#2912,.F.);
#2914=ADVANCED_FACE('',(#2913),#2895,.T.);
#2915=CARTESIAN_POINT('',(0.E0,1.289684096334E1,-5.E0));
#2916=DIRECTION('',(0.E0,0.E0,1.E0));
#2917=DIRECTION('',(0.E0,-1.E0,0.E0));
#2918=AXIS2_PLACEMENT_3D('',#2915,#2916,#2917);
#2919=PLANE('',#2918);
#2921=ORIENTED_EDGE('',*,*,#2920,.F.);
#2923=ORIENTED_EDGE('',*,*,#2922,.T.);
#2925=ORIENTED_EDGE('',*,*,#2924,.T.);
#2927=ORIENTED_EDGE('',*,*,#2926,.T.);
#2929=ORIENTED_EDGE('',*,*,#2928,.F.);
#2931=ORIENTED_EDGE('',*,*,#2930,.F.);
#2933=ORIENTED_EDGE('',*,*,#2932,.T.);
#2935=ORIENTED_EDGE('',*,*,#2934,.F.);
#2936=EDGE_LOOP('',(#2921,#2923,#2925,#2927,#2929,#2931,#2933,#2935));
#2937=FACE_OUTER_BOUND('',#2936,.F.);
#2938=ADVANCED_FACE('',(#2937),#2919,.T.);
#2939=CARTESIAN_POINT('',(0.E0,1.289684096334E1,-5.E0));
#2940=DIRECTION('',(0.E0,0.E0,1.E0));
#2941=DIRECTION('',(0.E0,-1.E0,0.E0));
#2942=AXIS2_PLACEMENT_3D('',#2939,#2940,#2941);
#2943=PLANE('',#2942);
#2945=ORIENTED_EDGE('',*,*,#2944,.F.);
#2947=ORIENTED_EDGE('',*,*,#2946,.T.);
#2949=ORIENTED_EDGE('',*,*,#2948,.T.);
#2951=ORIENTED_EDGE('',*,*,#2950,.T.);
#2953=ORIENTED_EDGE('',*,*,#2952,.F.);
#2955=ORIENTED_EDGE('',*,*,#2954,.F.);
#2957=ORIENTED_EDGE('',*,*,#2956,.T.);
#2959=ORIENTED_EDGE('',*,*,#2958,.F.);
#2960=EDGE_LOOP('',(#2945,#2947,#2949,#2951,#2953,#2955,#2957,#2959));
#2961=FACE_OUTER_BOUND('',#2960,.F.);
#2962=ADVANCED_FACE('',(#2961),#2943,.T.);
#2963=CARTESIAN_POINT('',(0.E0,1.289684096334E1,-5.E0));
#2964=DIRECTION('',(0.E0,0.E0,1.E0));
#2965=DIRECTION('',(0.E0,-1.E0,0.E0));
#2966=AXIS2_PLACEMENT_3D('',#2963,#2964,#2965);
#2967=PLANE('',#2966);
#2969=ORIENTED_EDGE('',*,*,#2968,.F.);
#2971=ORIENTED_EDGE('',*,*,#2970,.T.);
#2973=ORIENTED_EDGE('',*,*,#2972,.T.);
#2975=ORIENTED_EDGE('',*,*,#2974,.T.);
#2977=ORIENTED_EDGE('',*,*,#2976,.F.);
#2979=ORIENTED_EDGE('',*,*,#2978,.F.);
#2981=ORIENTED_EDGE('',*,*,#2980,.T.);
#2983=ORIENTED_EDGE('',*,*,#2982,.F.);
#2984=EDGE_LOOP('',(#2969,#2971,#2973,#2975,#2977,#2979,#2981,#2983));
#2985=FACE_OUTER_BOUND('',#2984,.F.);
#2986=ADVANCED_FACE('',(#2985),#2967,.T.);
#2987=CARTESIAN_POINT('',(0.E0,1.289684096334E1,-5.E0));
#2988=DIRECTION('',(0.E0,0.E0,1.E0));
#2989=DIRECTION('',(0.E0,-1.E0,0.E0));
#2990=AXIS2_PLACEMENT_3D('',#2987,#2988,#2989);
#2991=PLANE('',#2990);
#2993=ORIENTED_EDGE('',*,*,#2992,.F.);
#2995=ORIENTED_EDGE('',*,*,#2994,.T.);
#2997=ORIENTED_EDGE('',*,*,#2996,.T.);
#2999=ORIENTED_EDGE('',*,*,#2998,.T.);
#3001=ORIENTED_EDGE('',*,*,#3000,.F.);
#3003=ORIENTED_EDGE('',*,*,#3002,.F.);
#3005=ORIENTED_EDGE('',*,*,#3004,.T.);
#3007=ORIENTED_EDGE('',*,*,#3006,.F.);
#3008=EDGE_LOOP('',(#2993,#2995,#2997,#2999,#3001,#3003,#3005,#3007));
#3009=FACE_OUTER_BOUND('',#3008,.F.);
#3010=ADVANCED_FACE('',(#3009),#2991,.T.);
#3011=CARTESIAN_POINT('',(0.E0,1.289684096334E1,-5.E0));
#3012=DIRECTION('',(0.E0,0.E0,1.E0));
#3013=DIRECTION('',(0.E0,-1.E0,0.E0));
#3014=AXIS2_PLACEMENT_3D('',#3011,#3012,#3013);
#3015=PLANE('',#3014);
#3017=ORIENTED_EDGE('',*,*,#3016,.F.);
#3019=ORIENTED_EDGE('',*,*,#3018,.T.);
#3021=ORIENTED_EDGE('',*,*,#3020,.T.);
#3023=ORIENTED_EDGE('',*,*,#3022,.F.);
#3025=ORIENTED_EDGE('',*,*,#3024,.F.);
#3027=ORIENTED_EDGE('',*,*,#3026,.T.);
#3029=ORIENTED_EDGE('',*,*,#3028,.F.);
#3031=ORIENTED_EDGE('',*,*,#3030,.F.);
#3032=EDGE_LOOP('',(#3017,#3019,#3021,#3023,#3025,#3027,#3029,#3031));
#3033=FACE_OUTER_BOUND('',#3032,.F.);
#3034=ADVANCED_FACE('',(#3033),#3015,.T.);
#3035=CARTESIAN_POINT('',(0.E0,1.289684096334E1,-5.E0));
#3036=DIRECTION('',(0.E0,0.E0,1.E0));
#3037=DIRECTION('',(0.E0,-1.E0,0.E0));
#3038=AXIS2_PLACEMENT_3D('',#3035,#3036,#3037);
#3039=PLANE('',#3038);
#3041=ORIENTED_EDGE('',*,*,#3040,.F.);
#3043=ORIENTED_EDGE('',*,*,#3042,.F.);
#3045=ORIENTED_EDGE('',*,*,#3044,.T.);
#3047=ORIENTED_EDGE('',*,*,#3046,.T.);
#3049=ORIENTED_EDGE('',*,*,#3048,.T.);
#3051=ORIENTED_EDGE('',*,*,#3050,.F.);
#3053=ORIENTED_EDGE('',*,*,#3052,.F.);
#3055=ORIENTED_EDGE('',*,*,#3054,.T.);
#3057=ORIENTED_EDGE('',*,*,#3056,.T.);
#3059=ORIENTED_EDGE('',*,*,#3058,.F.);
#3060=EDGE_LOOP('',(#3041,#3043,#3045,#3047,#3049,#3051,#3053,#3055,#3057,
#3059));
#3061=FACE_OUTER_BOUND('',#3060,.F.);
#3062=ADVANCED_FACE('',(#3061),#3039,.T.);
#3063=CARTESIAN_POINT('',(0.E0,0.E0,0.E0));
#3064=DIRECTION('',(0.E0,1.E0,0.E0));
#3065=DIRECTION('',(1.E0,0.E0,0.E0));
#3066=AXIS2_PLACEMENT_3D('',#3063,#3064,#3065);
#3067=PLANE('',#3066);
#3069=ORIENTED_EDGE('',*,*,#3068,.T.);
#3071=ORIENTED_EDGE('',*,*,#3070,.T.);
#3073=ORIENTED_EDGE('',*,*,#3072,.T.);
#3075=ORIENTED_EDGE('',*,*,#3074,.T.);
#3077=ORIENTED_EDGE('',*,*,#3076,.T.);
#3079=ORIENTED_EDGE('',*,*,#3078,.F.);
#3081=ORIENTED_EDGE('',*,*,#3080,.F.);
#3083=ORIENTED_EDGE('',*,*,#3082,.T.);
#3085=ORIENTED_EDGE('',*,*,#3084,.F.);
#3087=ORIENTED_EDGE('',*,*,#3086,.T.);
#3089=ORIENTED_EDGE('',*,*,#3088,.T.);
#3091=ORIENTED_EDGE('',*,*,#3090,.F.);
#3093=ORIENTED_EDGE('',*,*,#3092,.F.);
#3095=ORIENTED_EDGE('',*,*,#3094,.T.);
#3097=ORIENTED_EDGE('',*,*,#3096,.F.);
#3098=ORIENTED_EDGE('',*,*,#3016,.T.);
#3100=ORIENTED_EDGE('',*,*,#3099,.T.);
#3102=ORIENTED_EDGE('',*,*,#3101,.T.);
#3104=ORIENTED_EDGE('',*,*,#3103,.T.);
#3105=ORIENTED_EDGE('',*,*,#2992,.T.);
#3107=ORIENTED_EDGE('',*,*,#3106,.T.);
#3109=ORIENTED_EDGE('',*,*,#3108,.T.);
#3111=ORIENTED_EDGE('',*,*,#3110,.T.);
#3112=ORIENTED_EDGE('',*,*,#2968,.T.);
#3114=ORIENTED_EDGE('',*,*,#3113,.T.);
#3116=ORIENTED_EDGE('',*,*,#3115,.T.);
#3118=ORIENTED_EDGE('',*,*,#3117,.T.);
#3119=ORIENTED_EDGE('',*,*,#2944,.T.);
#3121=ORIENTED_EDGE('',*,*,#3120,.T.);
#3123=ORIENTED_EDGE('',*,*,#3122,.T.);
#3125=ORIENTED_EDGE('',*,*,#3124,.T.);
#3126=ORIENTED_EDGE('',*,*,#2920,.T.);
#3128=ORIENTED_EDGE('',*,*,#3127,.T.);
#3130=ORIENTED_EDGE('',*,*,#3129,.T.);
#3132=ORIENTED_EDGE('',*,*,#3131,.T.);
#3133=ORIENTED_EDGE('',*,*,#2896,.T.);
#3135=ORIENTED_EDGE('',*,*,#3134,.T.);
#3137=ORIENTED_EDGE('',*,*,#3136,.T.);
#3139=ORIENTED_EDGE('',*,*,#3138,.T.);
#3140=ORIENTED_EDGE('',*,*,#2872,.T.);
#3142=ORIENTED_EDGE('',*,*,#3141,.T.);
#3144=ORIENTED_EDGE('',*,*,#3143,.T.);
#3146=ORIENTED_EDGE('',*,*,#3145,.T.);
#3147=ORIENTED_EDGE('',*,*,#2848,.T.);
#3149=ORIENTED_EDGE('',*,*,#3148,.T.);
#3151=ORIENTED_EDGE('',*,*,#3150,.T.);
#3153=ORIENTED_EDGE('',*,*,#3152,.T.);
#3154=ORIENTED_EDGE('',*,*,#2824,.T.);
#3156=ORIENTED_EDGE('',*,*,#3155,.T.);
#3158=ORIENTED_EDGE('',*,*,#3157,.T.);
#3160=ORIENTED_EDGE('',*,*,#3159,.T.);
#3161=ORIENTED_EDGE('',*,*,#2800,.T.);
#3163=ORIENTED_EDGE('',*,*,#3162,.T.);
#3165=ORIENTED_EDGE('',*,*,#3164,.T.);
#3167=ORIENTED_EDGE('',*,*,#3166,.T.);
#3168=ORIENTED_EDGE('',*,*,#2776,.T.);
#3170=ORIENTED_EDGE('',*,*,#3169,.T.);
#3172=ORIENTED_EDGE('',*,*,#3171,.T.);
#3174=ORIENTED_EDGE('',*,*,#3173,.T.);
#3175=ORIENTED_EDGE('',*,*,#2754,.T.);
#3177=ORIENTED_EDGE('',*,*,#3176,.T.);
#3179=ORIENTED_EDGE('',*,*,#3178,.T.);
#3181=ORIENTED_EDGE('',*,*,#3180,.T.);
#3182=ORIENTED_EDGE('',*,*,#3042,.T.);
#3184=ORIENTED_EDGE('',*,*,#3183,.T.);
#3186=ORIENTED_EDGE('',*,*,#3185,.T.);
#3188=ORIENTED_EDGE('',*,*,#3187,.T.);
#3190=ORIENTED_EDGE('',*,*,#3189,.F.);
#3192=ORIENTED_EDGE('',*,*,#3191,.T.);
#3194=ORIENTED_EDGE('',*,*,#3193,.T.);
#3196=ORIENTED_EDGE('',*,*,#3195,.T.);
#3198=ORIENTED_EDGE('',*,*,#3197,.T.);
#3200=ORIENTED_EDGE('',*,*,#3199,.T.);
#3202=ORIENTED_EDGE('',*,*,#3201,.F.);
#3204=ORIENTED_EDGE('',*,*,#3203,.T.);
#3206=ORIENTED_EDGE('',*,*,#3205,.T.);
#3207=EDGE_LOOP('',(#3069,#3071,#3073,#3075,#3077,#3079,#3081,#3083,#3085,#3087,
#3089,#3091,#3093,#3095,#3097,#3098,#3100,#3102,#3104,#3105,#3107,#3109,#3111,
#3112,#3114,#3116,#3118,#3119,#3121,#3123,#3125,#3126,#3128,#3130,#3132,#3133,
#3135,#3137,#3139,#3140,#3142,#3144,#3146,#3147,#3149,#3151,#3153,#3154,#3156,
#3158,#3160,#3161,#3163,#3165,#3167,#3168,#3170,#3172,#3174,#3175,#3177,#3179,
#3181,#3182,#3184,#3186,#3188,#3190,#3192,#3194,#3196,#3198,#3200,#3202,#3204,
#3206));
#3208=FACE_OUTER_BOUND('',#3207,.F.);
#3209=ADVANCED_FACE('',(#3208),#3067,.F.);
#3210=CARTESIAN_POINT('',(0.E0,0.E0,0.E0));
#3211=DIRECTION('',(1.E0,0.E0,0.E0));
#3212=DIRECTION('',(0.E0,0.E0,-1.E0));
#3213=AXIS2_PLACEMENT_3D('',#3210,#3211,#3212);
#3214=PLANE('',#3213);
#3215=ORIENTED_EDGE('',*,*,#3187,.F.);
#3217=ORIENTED_EDGE('',*,*,#3216,.T.);
#3218=ORIENTED_EDGE('',*,*,#3183,.F.);
#3219=ORIENTED_EDGE('',*,*,#3040,.T.);
#3221=ORIENTED_EDGE('',*,*,#3220,.F.);
#3223=ORIENTED_EDGE('',*,*,#3222,.T.);
#3224=ORIENTED_EDGE('',*,*,#3195,.F.);
#3226=ORIENTED_EDGE('',*,*,#3225,.T.);
#3228=ORIENTED_EDGE('',*,*,#3227,.F.);
#3230=ORIENTED_EDGE('',*,*,#3229,.F.);
#3231=EDGE_LOOP('',(#3215,#3217,#3218,#3219,#3221,#3223,#3224,#3226,#3228,
#3230));
#3232=FACE_OUTER_BOUND('',#3231,.F.);
#3233=ADVANCED_FACE('',(#3232),#3214,.F.);
#3234=CARTESIAN_POINT('',(0.E0,0.E0,0.E0));
#3235=DIRECTION('',(1.E0,0.E0,0.E0));
#3236=DIRECTION('',(0.E0,0.E0,-1.E0));
#3237=AXIS2_PLACEMENT_3D('',#3234,#3235,#3236);
#3238=PLANE('',#3237);
#3240=ORIENTED_EDGE('',*,*,#3239,.T.);
#3241=ORIENTED_EDGE('',*,*,#3068,.F.);
#3243=ORIENTED_EDGE('',*,*,#3242,.T.);
#3245=ORIENTED_EDGE('',*,*,#3244,.F.);
#3247=ORIENTED_EDGE('',*,*,#3246,.F.);
#3248=ORIENTED_EDGE('',*,*,#3199,.F.);
#3250=ORIENTED_EDGE('',*,*,#3249,.T.);
#3252=ORIENTED_EDGE('',*,*,#3251,.T.);
#3254=ORIENTED_EDGE('',*,*,#3253,.T.);
#3256=ORIENTED_EDGE('',*,*,#3255,.T.);
#3257=EDGE_LOOP('',(#3240,#3241,#3243,#3245,#3247,#3248,#3250,#3252,#3254,
#3256));
#3258=FACE_OUTER_BOUND('',#3257,.F.);
#3259=ADVANCED_FACE('',(#3258),#3238,.F.);
#3260=CARTESIAN_POINT('',(1.E1,0.E0,-6.7E1));
#3261=DIRECTION('',(0.E0,1.E0,0.E0));
#3262=DIRECTION('',(-1.E0,0.E0,0.E0));
#3263=AXIS2_PLACEMENT_3D('',#3260,#3261,#3262);
#3264=PLANE('',#3263);
#3266=ORIENTED_EDGE('',*,*,#3265,.F.);
#3267=ORIENTED_EDGE('',*,*,#3216,.F.);
#3269=ORIENTED_EDGE('',*,*,#3268,.T.);
#3271=ORIENTED_EDGE('',*,*,#3270,.T.);
#3272=EDGE_LOOP('',(#3266,#3267,#3269,#3271));
#3273=FACE_OUTER_BOUND('',#3272,.F.);
#3274=ADVANCED_FACE('',(#3273),#3264,.T.);
#3275=CARTESIAN_POINT('',(0.E0,-1.710315903666E1,-1.8E1));
#3276=DIRECTION('',(0.E0,0.E0,-1.E0));
#3277=DIRECTION('',(0.E0,1.E0,0.E0));
#3278=AXIS2_PLACEMENT_3D('',#3275,#3276,#3277);
#3279=PLANE('',#3278);
#3280=ORIENTED_EDGE('',*,*,#3265,.T.);
#3282=ORIENTED_EDGE('',*,*,#3281,.T.);
#3284=ORIENTED_EDGE('',*,*,#3283,.F.);
#3286=ORIENTED_EDGE('',*,*,#3285,.F.);
#3287=EDGE_LOOP('',(#3280,#3282,#3284,#3286));
#3288=FACE_OUTER_BOUND('',#3287,.F.);
#3289=ADVANCED_FACE('',(#3288),#3279,.T.);
#3290=CARTESIAN_POINT('',(1.E1,0.E0,0.E0));
#3291=DIRECTION('',(1.E0,0.E0,0.E0));
#3292=DIRECTION('',(0.E0,0.E0,-1.E0));
#3293=AXIS2_PLACEMENT_3D('',#3290,#3291,#3292);
#3294=PLANE('',#3293);
#3296=ORIENTED_EDGE('',*,*,#3295,.F.);
#3298=ORIENTED_EDGE('',*,*,#3297,.F.);
#3300=ORIENTED_EDGE('',*,*,#3299,.F.);
#3302=ORIENTED_EDGE('',*,*,#3301,.F.);
#3303=EDGE_LOOP('',(#3296,#3298,#3300,#3302));
#3304=FACE_OUTER_BOUND('',#3303,.F.);
#3305=ORIENTED_EDGE('',*,*,#3203,.F.);
#3307=ORIENTED_EDGE('',*,*,#3306,.T.);
#3309=ORIENTED_EDGE('',*,*,#3308,.T.);
#3311=ORIENTED_EDGE('',*,*,#3310,.T.);
#3312=EDGE_LOOP('',(#3305,#3307,#3309,#3311));
#3313=FACE_BOUND('',#3312,.F.);
#3314=ADVANCED_FACE('',(#3304,#3313),#3294,.T.);
#3315=CARTESIAN_POINT('',(1.E1,0.E0,0.E0));
#3316=DIRECTION('',(1.E0,0.E0,0.E0));
#3317=DIRECTION('',(0.E0,0.E0,-1.E0));
#3318=AXIS2_PLACEMENT_3D('',#3315,#3316,#3317);
#3319=PLANE('',#3318);
#3321=ORIENTED_EDGE('',*,*,#3320,.T.);
#3322=ORIENTED_EDGE('',*,*,#3056,.F.);
#3324=ORIENTED_EDGE('',*,*,#3323,.F.);
#3325=ORIENTED_EDGE('',*,*,#3281,.F.);
#3326=ORIENTED_EDGE('',*,*,#3270,.F.);
#3328=ORIENTED_EDGE('',*,*,#3327,.F.);
#3330=ORIENTED_EDGE('',*,*,#3329,.F.);
#3332=ORIENTED_EDGE('',*,*,#3331,.F.);
#3333=EDGE_LOOP('',(#3321,#3322,#3324,#3325,#3326,#3328,#3330,#3332));
#3334=FACE_OUTER_BOUND('',#3333,.F.);
#3335=ORIENTED_EDGE('',*,*,#3191,.F.);
#3337=ORIENTED_EDGE('',*,*,#3336,.T.);
#3339=ORIENTED_EDGE('',*,*,#3338,.T.);
#3341=ORIENTED_EDGE('',*,*,#3340,.T.);
#3342=EDGE_LOOP('',(#3335,#3337,#3339,#3341));
#3343=FACE_BOUND('',#3342,.F.);
#3344=ADVANCED_FACE('',(#3334,#3343),#3319,.T.);
#3345=CARTESIAN_POINT('',(0.E0,1.033931380686E1,-1.499359417675E2));
#3346=DIRECTION('',(0.E0,0.E0,1.E0));
#3347=DIRECTION('',(0.E0,-1.E0,0.E0));
#3348=AXIS2_PLACEMENT_3D('',#3345,#3346,#3347);
#3349=PLANE('',#3348);
#3351=ORIENTED_EDGE('',*,*,#3350,.T.);
#3353=ORIENTED_EDGE('',*,*,#3352,.T.);
#3354=ORIENTED_EDGE('',*,*,#3295,.T.);
#3356=ORIENTED_EDGE('',*,*,#3355,.F.);
#3357=ORIENTED_EDGE('',*,*,#3249,.F.);
#3358=EDGE_LOOP('',(#3351,#3353,#3354,#3356,#3357));
#3359=FACE_OUTER_BOUND('',#3358,.F.);
#3360=ADVANCED_FACE('',(#3359),#3349,.T.);
#3361=CARTESIAN_POINT('',(0.E0,0.E0,0.E0));
#3362=DIRECTION('',(1.E0,0.E0,0.E0));
#3363=DIRECTION('',(0.E0,0.E0,-1.E0));
#3364=AXIS2_PLACEMENT_3D('',#3361,#3362,#3363);
#3365=PLANE('',#3364);
#3367=ORIENTED_EDGE('',*,*,#3366,.F.);
#3369=ORIENTED_EDGE('',*,*,#3368,.T.);
#3371=ORIENTED_EDGE('',*,*,#3370,.T.);
#3372=ORIENTED_EDGE('',*,*,#3350,.F.);
#3373=ORIENTED_EDGE('',*,*,#3197,.F.);
#3375=ORIENTED_EDGE('',*,*,#3374,.T.);
#3377=ORIENTED_EDGE('',*,*,#3376,.T.);
#3379=ORIENTED_EDGE('',*,*,#3378,.F.);
#3380=ORIENTED_EDGE('',*,*,#3185,.F.);
#3381=ORIENTED_EDGE('',*,*,#3285,.T.);
#3383=ORIENTED_EDGE('',*,*,#3382,.T.);
#3384=ORIENTED_EDGE('',*,*,#3052,.T.);
#3386=ORIENTED_EDGE('',*,*,#3385,.F.);
#3388=ORIENTED_EDGE('',*,*,#3387,.T.);
#3390=ORIENTED_EDGE('',*,*,#3389,.T.);
#3392=ORIENTED_EDGE('',*,*,#3391,.T.);
#3394=ORIENTED_EDGE('',*,*,#3393,.F.);
#3396=ORIENTED_EDGE('',*,*,#3395,.T.);
#3397=EDGE_LOOP('',(#3367,#3369,#3371,#3372,#3373,#3375,#3377,#3379,#3380,#3381,
#3383,#3384,#3386,#3388,#3390,#3392,#3394,#3396));
#3398=FACE_OUTER_BOUND('',#3397,.F.);
#3399=ADVANCED_FACE('',(#3398),#3365,.T.);
#3400=CARTESIAN_POINT('',(0.E0,4.5E1,0.E0));
#3401=DIRECTION('',(0.E0,1.E0,0.E0));
#3402=DIRECTION('',(1.E0,0.E0,0.E0));
#3403=AXIS2_PLACEMENT_3D('',#3400,#3401,#3402);
#3404=PLANE('',#3403);
#3406=ORIENTED_EDGE('',*,*,#3405,.T.);
#3408=ORIENTED_EDGE('',*,*,#3407,.T.);
#3409=ORIENTED_EDGE('',*,*,#3366,.T.);
#3411=ORIENTED_EDGE('',*,*,#3410,.F.);
#3412=EDGE_LOOP('',(#3406,#3408,#3409,#3411));
#3413=FACE_OUTER_BOUND('',#3412,.F.);
#3415=ORIENTED_EDGE('',*,*,#3414,.F.);
#3417=ORIENTED_EDGE('',*,*,#3416,.F.);
#3419=ORIENTED_EDGE('',*,*,#3418,.F.);
#3421=ORIENTED_EDGE('',*,*,#3420,.F.);
#3422=EDGE_LOOP('',(#3415,#3417,#3419,#3421));
#3423=FACE_BOUND('',#3422,.F.);
#3424=ADVANCED_FACE('',(#3413,#3423),#3404,.T.);
#3425=CARTESIAN_POINT('',(-1.1E2,0.E0,-1.6E2));
#3426=DIRECTION('',(0.E0,0.E0,1.E0));
#3427=DIRECTION('',(1.E0,0.E0,0.E0));
#3428=AXIS2_PLACEMENT_3D('',#3425,#3426,#3427);
#3429=PLANE('',#3428);
#3431=ORIENTED_EDGE('',*,*,#3430,.F.);
#3433=ORIENTED_EDGE('',*,*,#3432,.F.);
#3434=ORIENTED_EDGE('',*,*,#3178,.F.);
#3436=ORIENTED_EDGE('',*,*,#3435,.T.);
#3437=ORIENTED_EDGE('',*,*,#2742,.F.);
#3439=ORIENTED_EDGE('',*,*,#3438,.T.);
#3441=ORIENTED_EDGE('',*,*,#3440,.F.);
#3443=ORIENTED_EDGE('',*,*,#3442,.F.);
#3444=ORIENTED_EDGE('',*,*,#2726,.F.);
#3446=ORIENTED_EDGE('',*,*,#3445,.F.);
#3447=ORIENTED_EDGE('',*,*,#3171,.F.);
#3449=ORIENTED_EDGE('',*,*,#3448,.T.);
#3451=ORIENTED_EDGE('',*,*,#3450,.F.);
#3453=ORIENTED_EDGE('',*,*,#3452,.T.);
#3455=ORIENTED_EDGE('',*,*,#3454,.F.);
#3457=ORIENTED_EDGE('',*,*,#3456,.F.);
#3459=ORIENTED_EDGE('',*,*,#3458,.F.);
#3461=ORIENTED_EDGE('',*,*,#3460,.F.);
#3462=ORIENTED_EDGE('',*,*,#3164,.F.);
#3464=ORIENTED_EDGE('',*,*,#3463,.T.);
#3466=ORIENTED_EDGE('',*,*,#3465,.F.);
#3468=ORIENTED_EDGE('',*,*,#3467,.T.);
#3470=ORIENTED_EDGE('',*,*,#3469,.F.);
#3472=ORIENTED_EDGE('',*,*,#3471,.F.);
#3474=ORIENTED_EDGE('',*,*,#3473,.F.);
#3476=ORIENTED_EDGE('',*,*,#3475,.F.);
#3477=ORIENTED_EDGE('',*,*,#3157,.F.);
#3479=ORIENTED_EDGE('',*,*,#3478,.T.);
#3481=ORIENTED_EDGE('',*,*,#3480,.F.);
#3483=ORIENTED_EDGE('',*,*,#3482,.T.);
#3485=ORIENTED_EDGE('',*,*,#3484,.F.);
#3487=ORIENTED_EDGE('',*,*,#3486,.F.);
#3489=ORIENTED_EDGE('',*,*,#3488,.F.);
#3491=ORIENTED_EDGE('',*,*,#3490,.F.);
#3492=ORIENTED_EDGE('',*,*,#3150,.F.);
#3494=ORIENTED_EDGE('',*,*,#3493,.T.);
#3496=ORIENTED_EDGE('',*,*,#3495,.F.);
#3498=ORIENTED_EDGE('',*,*,#3497,.T.);
#3500=ORIENTED_EDGE('',*,*,#3499,.F.);
#3502=ORIENTED_EDGE('',*,*,#3501,.F.);
#3504=ORIENTED_EDGE('',*,*,#3503,.F.);
#3506=ORIENTED_EDGE('',*,*,#3505,.F.);
#3507=ORIENTED_EDGE('',*,*,#3143,.F.);
#3509=ORIENTED_EDGE('',*,*,#3508,.T.);
#3511=ORIENTED_EDGE('',*,*,#3510,.F.);
#3513=ORIENTED_EDGE('',*,*,#3512,.T.);
#3515=ORIENTED_EDGE('',*,*,#3514,.F.);
#3517=ORIENTED_EDGE('',*,*,#3516,.F.);
#3519=ORIENTED_EDGE('',*,*,#3518,.F.);
#3521=ORIENTED_EDGE('',*,*,#3520,.F.);
#3522=ORIENTED_EDGE('',*,*,#3136,.F.);
#3524=ORIENTED_EDGE('',*,*,#3523,.T.);
#3526=ORIENTED_EDGE('',*,*,#3525,.F.);
#3528=ORIENTED_EDGE('',*,*,#3527,.T.);
#3530=ORIENTED_EDGE('',*,*,#3529,.F.);
#3532=ORIENTED_EDGE('',*,*,#3531,.F.);
#3534=ORIENTED_EDGE('',*,*,#3533,.F.);
#3536=ORIENTED_EDGE('',*,*,#3535,.F.);
#3537=ORIENTED_EDGE('',*,*,#3129,.F.);
#3539=ORIENTED_EDGE('',*,*,#3538,.T.);
#3541=ORIENTED_EDGE('',*,*,#3540,.F.);
#3543=ORIENTED_EDGE('',*,*,#3542,.T.);
#3545=ORIENTED_EDGE('',*,*,#3544,.F.);
#3547=ORIENTED_EDGE('',*,*,#3546,.F.);
#3549=ORIENTED_EDGE('',*,*,#3548,.F.);
#3551=ORIENTED_EDGE('',*,*,#3550,.F.);
#3552=ORIENTED_EDGE('',*,*,#3122,.F.);
#3554=ORIENTED_EDGE('',*,*,#3553,.T.);
#3556=ORIENTED_EDGE('',*,*,#3555,.F.);
#3558=ORIENTED_EDGE('',*,*,#3557,.T.);
#3560=ORIENTED_EDGE('',*,*,#3559,.F.);
#3562=ORIENTED_EDGE('',*,*,#3561,.F.);
#3564=ORIENTED_EDGE('',*,*,#3563,.F.);
#3566=ORIENTED_EDGE('',*,*,#3565,.F.);
#3567=ORIENTED_EDGE('',*,*,#3115,.F.);
#3569=ORIENTED_EDGE('',*,*,#3568,.T.);
#3571=ORIENTED_EDGE('',*,*,#3570,.F.);
#3573=ORIENTED_EDGE('',*,*,#3572,.T.);
#3575=ORIENTED_EDGE('',*,*,#3574,.F.);
#3577=ORIENTED_EDGE('',*,*,#3576,.F.);
#3579=ORIENTED_EDGE('',*,*,#3578,.F.);
#3581=ORIENTED_EDGE('',*,*,#3580,.F.);
#3582=ORIENTED_EDGE('',*,*,#3108,.F.);
#3584=ORIENTED_EDGE('',*,*,#3583,.T.);
#3586=ORIENTED_EDGE('',*,*,#3585,.F.);
#3588=ORIENTED_EDGE('',*,*,#3587,.T.);
#3590=ORIENTED_EDGE('',*,*,#3589,.T.);
#3592=ORIENTED_EDGE('',*,*,#3591,.F.);
#3594=ORIENTED_EDGE('',*,*,#3593,.F.);
#3596=ORIENTED_EDGE('',*,*,#3595,.F.);
#3597=ORIENTED_EDGE('',*,*,#3101,.F.);
#3599=ORIENTED_EDGE('',*,*,#3598,.T.);
#3600=ORIENTED_EDGE('',*,*,#3414,.T.);
#3602=ORIENTED_EDGE('',*,*,#3601,.F.);
#3604=ORIENTED_EDGE('',*,*,#3603,.F.);
#3606=ORIENTED_EDGE('',*,*,#3605,.F.);
#3607=EDGE_LOOP('',(#3431,#3433,#3434,#3436,#3437,#3439,#3441,#3443,#3444,#3446,
#3447,#3449,#3451,#3453,#3455,#3457,#3459,#3461,#3462,#3464,#3466,#3468,#3470,
#3472,#3474,#3476,#3477,#3479,#3481,#3483,#3485,#3487,#3489,#3491,#3492,#3494,
#3496,#3498,#3500,#3502,#3504,#3506,#3507,#3509,#3511,#3513,#3515,#3517,#3519,
#3521,#3522,#3524,#3526,#3528,#3530,#3532,#3534,#3536,#3537,#3539,#3541,#3543,
#3545,#3547,#3549,#3551,#3552,#3554,#3556,#3558,#3560,#3562,#3564,#3566,#3567,
#3569,#3571,#3573,#3575,#3577,#3579,#3581,#3582,#3584,#3586,#3588,#3590,#3592,
#3594,#3596,#3597,#3599,#3600,#3602,#3604,#3606));
#3608=FACE_OUTER_BOUND('',#3607,.F.);
#3609=ADVANCED_FACE('',(#3608),#3429,.T.);
#3610=CARTESIAN_POINT('',(9.68E1,4.E0,0.E0));
#3611=DIRECTION('',(0.E0,1.E0,0.E0));
#3612=DIRECTION('',(1.E0,0.E0,0.E0));
#3613=AXIS2_PLACEMENT_3D('',#3610,#3611,#3612);
#3614=PLANE('',#3613);
#3615=ORIENTED_EDGE('',*,*,#3046,.F.);
#3617=ORIENTED_EDGE('',*,*,#3616,.F.);
#3618=ORIENTED_EDGE('',*,*,#3430,.T.);
#3620=ORIENTED_EDGE('',*,*,#3619,.F.);
#3621=EDGE_LOOP('',(#3615,#3617,#3618,#3620));
#3622=FACE_OUTER_BOUND('',#3621,.F.);
#3623=ADVANCED_FACE('',(#3622),#3614,.T.);
#3624=CARTESIAN_POINT('',(-6.7E0,0.E0,-1.6E2));
#3625=DIRECTION('',(-1.E0,0.E0,0.E0));
#3626=DIRECTION('',(0.E0,0.E0,1.E0));
#3627=AXIS2_PLACEMENT_3D('',#3624,#3625,#3626);
#3628=PLANE('',#3627);
#3629=ORIENTED_EDGE('',*,*,#3044,.F.);
#3630=ORIENTED_EDGE('',*,*,#3180,.F.);
#3631=ORIENTED_EDGE('',*,*,#3432,.T.);
#3632=ORIENTED_EDGE('',*,*,#3616,.T.);
#3633=EDGE_LOOP('',(#3629,#3630,#3631,#3632));
#3634=FACE_OUTER_BOUND('',#3633,.F.);
#3635=ADVANCED_FACE('',(#3634),#3628,.T.);
#3636=CARTESIAN_POINT('',(-5.95E0,4.E0,-1.6E2));
#3637=DIRECTION('',(-1.E0,0.E0,0.E0));
#3638=DIRECTION('',(0.E0,0.E0,1.E0));
#3639=AXIS2_PLACEMENT_3D('',#3636,#3637,#3638);
#3640=PLANE('',#3639);
#3641=ORIENTED_EDGE('',*,*,#3048,.F.);
#3642=ORIENTED_EDGE('',*,*,#3619,.T.);
#3643=ORIENTED_EDGE('',*,*,#3605,.T.);
#3645=ORIENTED_EDGE('',*,*,#3644,.T.);
#3647=ORIENTED_EDGE('',*,*,#3646,.F.);
#3648=EDGE_LOOP('',(#3641,#3642,#3643,#3645,#3647));
#3649=FACE_OUTER_BOUND('',#3648,.F.);
#3650=ADVANCED_FACE('',(#3649),#3640,.T.);
#3651=CARTESIAN_POINT('',(9.68E1,1.9E1,0.E0));
#3652=DIRECTION('',(0.E0,1.E0,0.E0));
#3653=DIRECTION('',(1.E0,0.E0,0.E0));
#3654=AXIS2_PLACEMENT_3D('',#3651,#3652,#3653);
#3655=PLANE('',#3654);
#3656=ORIENTED_EDGE('',*,*,#3603,.T.);
#3658=ORIENTED_EDGE('',*,*,#3657,.T.);
#3660=ORIENTED_EDGE('',*,*,#3659,.F.);
#3661=ORIENTED_EDGE('',*,*,#3644,.F.);
#3662=EDGE_LOOP('',(#3656,#3658,#3660,#3661));
#3663=FACE_OUTER_BOUND('',#3662,.F.);
#3664=ADVANCED_FACE('',(#3663),#3655,.T.);
#3665=CARTESIAN_POINT('',(-5.E0,0.E0,-1.6E2));
#3666=DIRECTION('',(-1.E0,0.E0,0.E0));
#3667=DIRECTION('',(0.E0,0.E0,1.E0));
#3668=AXIS2_PLACEMENT_3D('',#3665,#3666,#3667);
#3669=PLANE('',#3668);
#3670=ORIENTED_EDGE('',*,*,#3657,.F.);
#3671=ORIENTED_EDGE('',*,*,#3601,.T.);
#3672=ORIENTED_EDGE('',*,*,#3420,.T.);
#3674=ORIENTED_EDGE('',*,*,#3673,.F.);
#3675=EDGE_LOOP('',(#3670,#3671,#3672,#3674));
#3676=FACE_OUTER_BOUND('',#3675,.F.);
#3677=ADVANCED_FACE('',(#3676),#3669,.T.);
#3678=CARTESIAN_POINT('',(-5.E0,0.E0,-5.E0));
#3679=DIRECTION('',(0.E0,0.E0,-1.E0));
#3680=DIRECTION('',(-1.E0,0.E0,0.E0));
#3681=AXIS2_PLACEMENT_3D('',#3678,#3679,#3680);
#3682=PLANE('',#3681);
#3684=ORIENTED_EDGE('',*,*,#3683,.F.);
#3685=ORIENTED_EDGE('',*,*,#3646,.T.);
#3686=ORIENTED_EDGE('',*,*,#3659,.T.);
#3687=ORIENTED_EDGE('',*,*,#3673,.T.);
#3688=ORIENTED_EDGE('',*,*,#3418,.T.);
#3690=ORIENTED_EDGE('',*,*,#3689,.F.);
#3692=ORIENTED_EDGE('',*,*,#3691,.F.);
#3694=ORIENTED_EDGE('',*,*,#3693,.T.);
#3696=ORIENTED_EDGE('',*,*,#3695,.T.);
#3698=ORIENTED_EDGE('',*,*,#3697,.F.);
#3700=ORIENTED_EDGE('',*,*,#3699,.F.);
#3702=ORIENTED_EDGE('',*,*,#3701,.T.);
#3704=ORIENTED_EDGE('',*,*,#3703,.T.);
#3706=ORIENTED_EDGE('',*,*,#3705,.F.);
#3708=ORIENTED_EDGE('',*,*,#3707,.F.);
#3710=ORIENTED_EDGE('',*,*,#3709,.T.);
#3712=ORIENTED_EDGE('',*,*,#3711,.T.);
#3714=ORIENTED_EDGE('',*,*,#3713,.F.);
#3716=ORIENTED_EDGE('',*,*,#3715,.F.);
#3718=ORIENTED_EDGE('',*,*,#3717,.T.);
#3720=ORIENTED_EDGE('',*,*,#3719,.T.);
#3722=ORIENTED_EDGE('',*,*,#3721,.F.);
#3724=ORIENTED_EDGE('',*,*,#3723,.F.);
#3726=ORIENTED_EDGE('',*,*,#3725,.T.);
#3728=ORIENTED_EDGE('',*,*,#3727,.T.);
#3730=ORIENTED_EDGE('',*,*,#3729,.F.);
#3732=ORIENTED_EDGE('',*,*,#3731,.F.);
#3734=ORIENTED_EDGE('',*,*,#3733,.T.);
#3736=ORIENTED_EDGE('',*,*,#3735,.T.);
#3738=ORIENTED_EDGE('',*,*,#3737,.F.);
#3740=ORIENTED_EDGE('',*,*,#3739,.F.);
#3742=ORIENTED_EDGE('',*,*,#3741,.T.);
#3744=ORIENTED_EDGE('',*,*,#3743,.T.);
#3746=ORIENTED_EDGE('',*,*,#3745,.F.);
#3748=ORIENTED_EDGE('',*,*,#3747,.F.);
#3750=ORIENTED_EDGE('',*,*,#3749,.T.);
#3752=ORIENTED_EDGE('',*,*,#3751,.T.);
#3754=ORIENTED_EDGE('',*,*,#3753,.F.);
#3756=ORIENTED_EDGE('',*,*,#3755,.F.);
#3758=ORIENTED_EDGE('',*,*,#3757,.T.);
#3760=ORIENTED_EDGE('',*,*,#3759,.T.);
#3762=ORIENTED_EDGE('',*,*,#3761,.F.);
#3764=ORIENTED_EDGE('',*,*,#3763,.F.);
#3766=ORIENTED_EDGE('',*,*,#3765,.T.);
#3768=ORIENTED_EDGE('',*,*,#3767,.T.);
#3770=ORIENTED_EDGE('',*,*,#3769,.F.);
#3772=ORIENTED_EDGE('',*,*,#3771,.F.);
#3774=ORIENTED_EDGE('',*,*,#3773,.T.);
#3776=ORIENTED_EDGE('',*,*,#3775,.T.);
#3778=ORIENTED_EDGE('',*,*,#3777,.F.);
#3779=EDGE_LOOP('',(#3684,#3685,#3686,#3687,#3688,#3690,#3692,#3694,#3696,#3698,
#3700,#3702,#3704,#3706,#3708,#3710,#3712,#3714,#3716,#3718,#3720,#3722,#3724,
#3726,#3728,#3730,#3732,#3734,#3736,#3738,#3740,#3742,#3744,#3746,#3748,#3750,
#3752,#3754,#3756,#3758,#3760,#3762,#3764,#3766,#3768,#3770,#3772,#3774,#3776,
#3778));
#3780=FACE_OUTER_BOUND('',#3779,.F.);
#3781=ADVANCED_FACE('',(#3780),#3682,.T.);
#3782=CARTESIAN_POINT('',(0.E0,1.5E1,0.E0));
#3783=DIRECTION('',(0.E0,1.E0,0.E0));
#3784=DIRECTION('',(-1.E0,0.E0,0.E0));
#3785=AXIS2_PLACEMENT_3D('',#3782,#3783,#3784);
#3786=PLANE('',#3785);
#3788=ORIENTED_EDGE('',*,*,#3787,.F.);
#3790=ORIENTED_EDGE('',*,*,#3789,.T.);
#3791=ORIENTED_EDGE('',*,*,#3385,.T.);
#3792=ORIENTED_EDGE('',*,*,#3050,.T.);
#3793=ORIENTED_EDGE('',*,*,#3683,.T.);
#3794=ORIENTED_EDGE('',*,*,#2761,.T.);
#3795=ORIENTED_EDGE('',*,*,#3771,.T.);
#3796=ORIENTED_EDGE('',*,*,#2784,.T.);
#3797=ORIENTED_EDGE('',*,*,#3763,.T.);
#3798=ORIENTED_EDGE('',*,*,#2808,.T.);
#3799=ORIENTED_EDGE('',*,*,#3755,.T.);
#3800=ORIENTED_EDGE('',*,*,#2832,.T.);
#3801=ORIENTED_EDGE('',*,*,#3747,.T.);
#3802=ORIENTED_EDGE('',*,*,#2856,.T.);
#3803=ORIENTED_EDGE('',*,*,#3739,.T.);
#3804=ORIENTED_EDGE('',*,*,#2880,.T.);
#3805=ORIENTED_EDGE('',*,*,#3731,.T.);
#3806=ORIENTED_EDGE('',*,*,#2904,.T.);
#3807=ORIENTED_EDGE('',*,*,#3723,.T.);
#3808=ORIENTED_EDGE('',*,*,#2928,.T.);
#3809=ORIENTED_EDGE('',*,*,#3715,.T.);
#3810=ORIENTED_EDGE('',*,*,#2952,.T.);
#3811=ORIENTED_EDGE('',*,*,#3707,.T.);
#3812=ORIENTED_EDGE('',*,*,#2976,.T.);
#3813=ORIENTED_EDGE('',*,*,#3699,.T.);
#3814=ORIENTED_EDGE('',*,*,#3000,.T.);
#3815=ORIENTED_EDGE('',*,*,#3691,.T.);
#3816=ORIENTED_EDGE('',*,*,#3028,.T.);
#3817=EDGE_LOOP('',(#3788,#3790,#3791,#3792,#3793,#3794,#3795,#3796,#3797,#3798,
#3799,#3800,#3801,#3802,#3803,#3804,#3805,#3806,#3807,#3808,#3809,#3810,#3811,
#3812,#3813,#3814,#3815,#3816));
#3818=FACE_OUTER_BOUND('',#3817,.F.);
#3819=ADVANCED_FACE('',(#3818),#3786,.F.);
#3820=CARTESIAN_POINT('',(-1.15E2,0.E0,-1.65E2));
#3821=DIRECTION('',(-1.E0,0.E0,0.E0));
#3822=DIRECTION('',(0.E0,0.E0,1.E0));
#3823=AXIS2_PLACEMENT_3D('',#3820,#3821,#3822);
#3824=PLANE('',#3823);
#3826=ORIENTED_EDGE('',*,*,#3825,.T.);
#3828=ORIENTED_EDGE('',*,*,#3827,.T.);
#3829=ORIENTED_EDGE('',*,*,#3405,.F.);
#3831=ORIENTED_EDGE('',*,*,#3830,.F.);
#3833=ORIENTED_EDGE('',*,*,#3832,.T.);
#3835=ORIENTED_EDGE('',*,*,#3834,.T.);
#3837=ORIENTED_EDGE('',*,*,#3836,.F.);
#3839=ORIENTED_EDGE('',*,*,#3838,.F.);
#3840=ORIENTED_EDGE('',*,*,#3787,.T.);
#3841=ORIENTED_EDGE('',*,*,#3026,.F.);
#3843=ORIENTED_EDGE('',*,*,#3842,.F.);
#3845=ORIENTED_EDGE('',*,*,#3844,.F.);
#3846=ORIENTED_EDGE('',*,*,#3094,.F.);
#3848=ORIENTED_EDGE('',*,*,#3847,.T.);
#3850=ORIENTED_EDGE('',*,*,#3849,.F.);
#3852=ORIENTED_EDGE('',*,*,#3851,.F.);
#3853=ORIENTED_EDGE('',*,*,#3082,.F.);
#3855=ORIENTED_EDGE('',*,*,#3854,.T.);
#3856=EDGE_LOOP('',(#3826,#3828,#3829,#3831,#3833,#3835,#3837,#3839,#3840,#3841,
#3843,#3845,#3846,#3848,#3850,#3852,#3853,#3855));
#3857=FACE_OUTER_BOUND('',#3856,.F.);
#3858=ADVANCED_FACE('',(#3857),#3824,.T.);
#3859=CARTESIAN_POINT('',(-1.15E2,1.033931380686E1,-2.999359417675E2));
#3860=DIRECTION('',(0.E0,-1.E0,0.E0));
#3861=DIRECTION('',(0.E0,0.E0,1.E0));
#3862=AXIS2_PLACEMENT_3D('',#3859,#3860,#3861);
#3863=PLANE('',#3862);
#3864=ORIENTED_EDGE('',*,*,#3825,.F.);
#3866=ORIENTED_EDGE('',*,*,#3865,.T.);
#3868=ORIENTED_EDGE('',*,*,#3867,.F.);
#3870=ORIENTED_EDGE('',*,*,#3869,.F.);
#3872=ORIENTED_EDGE('',*,*,#3871,.T.);
#3873=EDGE_LOOP('',(#3864,#3866,#3868,#3870,#3872));
#3874=FACE_OUTER_BOUND('',#3873,.F.);
#3875=ADVANCED_FACE('',(#3874),#3863,.F.);
#3876=CARTESIAN_POINT('',(-1.15E2,1.033931380686E1,-1.499359417675E2));
#3877=DIRECTION('',(0.E0,0.E0,-1.E0));
#3878=DIRECTION('',(0.E0,-1.E0,0.E0));
#3879=AXIS2_PLACEMENT_3D('',#3876,#3877,#3878);
#3880=PLANE('',#3879);
#3881=ORIENTED_EDGE('',*,*,#3854,.F.);
#3883=ORIENTED_EDGE('',*,*,#3882,.T.);
#3885=ORIENTED_EDGE('',*,*,#3884,.T.);
#3887=ORIENTED_EDGE('',*,*,#3886,.F.);
#3888=ORIENTED_EDGE('',*,*,#3865,.F.);
#3889=EDGE_LOOP('',(#3881,#3883,#3885,#3887,#3888));
#3890=FACE_OUTER_BOUND('',#3889,.F.);
#3891=ADVANCED_FACE('',(#3890),#3880,.F.);
#3892=CARTESIAN_POINT('',(-1.15E2,0.E0,0.E0));
#3893=DIRECTION('',(1.E0,0.E0,0.E0));
#3894=DIRECTION('',(0.E0,0.E0,-1.E0));
#3895=AXIS2_PLACEMENT_3D('',#3892,#3893,#3894);
#3896=PLANE('',#3895);
#3898=ORIENTED_EDGE('',*,*,#3897,.T.);
#3899=ORIENTED_EDGE('',*,*,#3018,.F.);
#3900=ORIENTED_EDGE('',*,*,#3096,.T.);
#3902=ORIENTED_EDGE('',*,*,#3901,.F.);
#3903=ORIENTED_EDGE('',*,*,#3092,.T.);
#3905=ORIENTED_EDGE('',*,*,#3904,.T.);
#3907=ORIENTED_EDGE('',*,*,#3906,.T.);
#3909=ORIENTED_EDGE('',*,*,#3908,.F.);
#3910=ORIENTED_EDGE('',*,*,#3084,.T.);
#3912=ORIENTED_EDGE('',*,*,#3911,.F.);
#3913=EDGE_LOOP('',(#3898,#3899,#3900,#3902,#3903,#3905,#3907,#3909,#3910,
#3912));
#3914=FACE_OUTER_BOUND('',#3913,.F.);
#3915=ADVANCED_FACE('',(#3914),#3896,.T.);
#3916=CARTESIAN_POINT('',(-1.15E2,0.E0,0.E0));
#3917=DIRECTION('',(1.E0,0.E0,0.E0));
#3918=DIRECTION('',(0.E0,0.E0,-1.E0));
#3919=AXIS2_PLACEMENT_3D('',#3916,#3917,#3918);
#3920=PLANE('',#3919);
#3922=ORIENTED_EDGE('',*,*,#3921,.F.);
#3923=ORIENTED_EDGE('',*,*,#3871,.F.);
#3925=ORIENTED_EDGE('',*,*,#3924,.F.);
#3927=ORIENTED_EDGE('',*,*,#3926,.F.);
#3928=ORIENTED_EDGE('',*,*,#3882,.F.);
#3929=ORIENTED_EDGE('',*,*,#3080,.T.);
#3931=ORIENTED_EDGE('',*,*,#3930,.T.);
#3933=ORIENTED_EDGE('',*,*,#3932,.T.);
#3935=ORIENTED_EDGE('',*,*,#3934,.F.);
#3936=ORIENTED_EDGE('',*,*,#3072,.F.);
#3937=EDGE_LOOP('',(#3922,#3923,#3925,#3927,#3928,#3929,#3931,#3933,#3935,
#3936));
#3938=FACE_OUTER_BOUND('',#3937,.F.);
#3939=ADVANCED_FACE('',(#3938),#3920,.T.);
#3940=CARTESIAN_POINT('',(-1.15E2,-1.710315903666E1,-5.E0));
#3941=DIRECTION('',(0.E0,1.E0,0.E0));
#3942=DIRECTION('',(0.E0,0.E0,-1.E0));
#3943=AXIS2_PLACEMENT_3D('',#3940,#3941,#3942);
#3944=PLANE('',#3943);
#3945=ORIENTED_EDGE('',*,*,#3897,.F.);
#3947=ORIENTED_EDGE('',*,*,#3946,.T.);
#3949=ORIENTED_EDGE('',*,*,#3948,.T.);
#3950=ORIENTED_EDGE('',*,*,#3020,.F.);
#3951=EDGE_LOOP('',(#3945,#3947,#3949,#3950));
#3952=FACE_OUTER_BOUND('',#3951,.F.);
#3953=ADVANCED_FACE('',(#3952),#3944,.F.);
#3954=CARTESIAN_POINT('',(-1.15E2,-1.710315903666E1,-8.E1));
#3955=DIRECTION('',(0.E0,0.E0,1.E0));
#3956=DIRECTION('',(0.E0,1.E0,0.E0));
#3957=AXIS2_PLACEMENT_3D('',#3954,#3955,#3956);
#3958=PLANE('',#3957);
#3959=ORIENTED_EDGE('',*,*,#3911,.T.);
#3960=ORIENTED_EDGE('',*,*,#3851,.T.);
#3962=ORIENTED_EDGE('',*,*,#3961,.T.);
#3964=ORIENTED_EDGE('',*,*,#3963,.F.);
#3965=ORIENTED_EDGE('',*,*,#3946,.F.);
#3966=EDGE_LOOP('',(#3959,#3960,#3962,#3964,#3965));
#3967=FACE_OUTER_BOUND('',#3966,.F.);
#3968=ADVANCED_FACE('',(#3967),#3958,.F.);
#3969=CARTESIAN_POINT('',(-1.15E2,1.289684096334E1,-8.E1));
#3970=DIRECTION('',(0.E0,-1.E0,0.E0));
#3971=DIRECTION('',(0.E0,0.E0,1.E0));
#3972=AXIS2_PLACEMENT_3D('',#3969,#3970,#3971);
#3973=PLANE('',#3972);
#3974=ORIENTED_EDGE('',*,*,#3961,.F.);
#3975=ORIENTED_EDGE('',*,*,#3849,.T.);
#3977=ORIENTED_EDGE('',*,*,#3976,.T.);
#3979=ORIENTED_EDGE('',*,*,#3978,.F.);
#3980=EDGE_LOOP('',(#3974,#3975,#3977,#3979));
#3981=FACE_OUTER_BOUND('',#3980,.F.);
#3982=ADVANCED_FACE('',(#3981),#3973,.F.);
#3983=CARTESIAN_POINT('',(-1.15E2,1.289684096334E1,-6.7E1));
#3984=DIRECTION('',(0.E0,0.E0,-1.E0));
#3985=DIRECTION('',(0.E0,-1.E0,0.E0));
#3986=AXIS2_PLACEMENT_3D('',#3983,#3984,#3985);
#3987=PLANE('',#3986);
#3989=ORIENTED_EDGE('',*,*,#3988,.T.);
#3991=ORIENTED_EDGE('',*,*,#3990,.F.);
#3992=ORIENTED_EDGE('',*,*,#3976,.F.);
#3993=ORIENTED_EDGE('',*,*,#3847,.F.);
#3994=EDGE_LOOP('',(#3989,#3991,#3992,#3993));
#3995=FACE_OUTER_BOUND('',#3994,.F.);
#3996=ADVANCED_FACE('',(#3995),#3987,.F.);
#3997=CARTESIAN_POINT('',(-1.15E2,0.E0,-6.7E1));
#3998=DIRECTION('',(0.E0,1.E0,0.E0));
#3999=DIRECTION('',(-1.E0,0.E0,0.E0));
#4000=AXIS2_PLACEMENT_3D('',#3997,#3998,#3999);
#4001=PLANE('',#4000);
#4003=ORIENTED_EDGE('',*,*,#4002,.T.);
#4005=ORIENTED_EDGE('',*,*,#4004,.F.);
#4006=ORIENTED_EDGE('',*,*,#3988,.F.);
#4007=ORIENTED_EDGE('',*,*,#3901,.T.);
#4008=EDGE_LOOP('',(#4003,#4005,#4006,#4007));
#4009=FACE_OUTER_BOUND('',#4008,.F.);
#4010=ADVANCED_FACE('',(#4009),#4001,.T.);
#4011=CARTESIAN_POINT('',(-1.15E2,-1.710315903666E1,-1.8E1));
#4012=DIRECTION('',(0.E0,0.E0,1.E0));
#4013=DIRECTION('',(0.E0,1.E0,0.E0));
#4014=AXIS2_PLACEMENT_3D('',#4011,#4012,#4013);
#4015=PLANE('',#4014);
#4016=ORIENTED_EDGE('',*,*,#4002,.F.);
#4017=ORIENTED_EDGE('',*,*,#3844,.T.);
#4019=ORIENTED_EDGE('',*,*,#4018,.T.);
#4021=ORIENTED_EDGE('',*,*,#4020,.F.);
#4022=EDGE_LOOP('',(#4016,#4017,#4019,#4021));
#4023=FACE_OUTER_BOUND('',#4022,.F.);
#4024=ADVANCED_FACE('',(#4023),#4015,.F.);
#4025=CARTESIAN_POINT('',(-1.15E2,1.289684096334E1,-1.8E1));
#4026=DIRECTION('',(0.E0,-1.E0,0.E0));
#4027=DIRECTION('',(0.E0,0.E0,1.E0));
#4028=AXIS2_PLACEMENT_3D('',#4025,#4026,#4027);
#4029=PLANE('',#4028);
#4030=ORIENTED_EDGE('',*,*,#3024,.T.);
#4032=ORIENTED_EDGE('',*,*,#4031,.F.);
#4033=ORIENTED_EDGE('',*,*,#4018,.F.);
#4034=ORIENTED_EDGE('',*,*,#3842,.T.);
#4035=EDGE_LOOP('',(#4030,#4032,#4033,#4034));
#4036=FACE_OUTER_BOUND('',#4035,.F.);
#4037=ADVANCED_FACE('',(#4036),#4029,.F.);
#4038=CARTESIAN_POINT('',(-1.25E2,0.E0,0.E0));
#4039=DIRECTION('',(1.E0,0.E0,0.E0));
#4040=DIRECTION('',(0.E0,0.E0,-1.E0));
#4041=AXIS2_PLACEMENT_3D('',#4038,#4039,#4040);
#4042=PLANE('',#4041);
#4043=ORIENTED_EDGE('',*,*,#3886,.T.);
#4045=ORIENTED_EDGE('',*,*,#4044,.T.);
#4047=ORIENTED_EDGE('',*,*,#4046,.T.);
#4048=ORIENTED_EDGE('',*,*,#3867,.T.);
#4049=EDGE_LOOP('',(#4043,#4045,#4047,#4048));
#4050=FACE_OUTER_BOUND('',#4049,.F.);
#4051=ORIENTED_EDGE('',*,*,#3076,.F.);
#4053=ORIENTED_EDGE('',*,*,#4052,.F.);
#4055=ORIENTED_EDGE('',*,*,#4054,.F.);
#4057=ORIENTED_EDGE('',*,*,#4056,.F.);
#4058=EDGE_LOOP('',(#4051,#4053,#4055,#4057));
#4059=FACE_BOUND('',#4058,.F.);
#4060=ADVANCED_FACE('',(#4050,#4059),#4042,.F.);
#4061=CARTESIAN_POINT('',(-1.25E2,0.E0,0.E0));
#4062=DIRECTION('',(1.E0,0.E0,0.E0));
#4063=DIRECTION('',(0.E0,0.E0,-1.E0));
#4064=AXIS2_PLACEMENT_3D('',#4061,#4062,#4063);
#4065=PLANE('',#4064);
#4066=ORIENTED_EDGE('',*,*,#3990,.T.);
#4067=ORIENTED_EDGE('',*,*,#4004,.T.);
#4068=ORIENTED_EDGE('',*,*,#4020,.T.);
#4069=ORIENTED_EDGE('',*,*,#4031,.T.);
#4070=ORIENTED_EDGE('',*,*,#3022,.T.);
#4071=ORIENTED_EDGE('',*,*,#3948,.F.);
#4072=ORIENTED_EDGE('',*,*,#3963,.T.);
#4073=ORIENTED_EDGE('',*,*,#3978,.T.);
#4074=EDGE_LOOP('',(#4066,#4067,#4068,#4069,#4070,#4071,#4072,#4073));
#4075=FACE_OUTER_BOUND('',#4074,.F.);
#4076=ORIENTED_EDGE('',*,*,#3088,.F.);
#4078=ORIENTED_EDGE('',*,*,#4077,.F.);
#4080=ORIENTED_EDGE('',*,*,#4079,.F.);
#4082=ORIENTED_EDGE('',*,*,#4081,.F.);
#4083=EDGE_LOOP('',(#4076,#4078,#4080,#4082));
#4084=FACE_BOUND('',#4083,.F.);
#4085=ADVANCED_FACE('',(#4075,#4084),#4065,.F.);
#4086=CARTESIAN_POINT('',(-1.15E2,-1.710315903666E1,-1.499359417675E2));
#4087=DIRECTION('',(0.E0,1.E0,0.E0));
#4088=DIRECTION('',(0.E0,0.E0,-1.E0));
#4089=AXIS2_PLACEMENT_3D('',#4086,#4087,#4088);
#4090=PLANE('',#4089);
#4091=ORIENTED_EDGE('',*,*,#3926,.T.);
#4093=ORIENTED_EDGE('',*,*,#4092,.T.);
#4094=ORIENTED_EDGE('',*,*,#4044,.F.);
#4095=ORIENTED_EDGE('',*,*,#3884,.F.);
#4096=EDGE_LOOP('',(#4091,#4093,#4094,#4095));
#4097=FACE_OUTER_BOUND('',#4096,.F.);
#4098=ADVANCED_FACE('',(#4097),#4090,.F.);
#4099=CARTESIAN_POINT('',(-1.15E2,-1.710315903666E1,-2.999359417675E2));
#4100=DIRECTION('',(0.E0,0.E0,1.E0));
#4101=DIRECTION('',(0.E0,1.E0,0.E0));
#4102=AXIS2_PLACEMENT_3D('',#4099,#4100,#4101);
#4103=PLANE('',#4102);
#4104=ORIENTED_EDGE('',*,*,#3924,.T.);
#4105=ORIENTED_EDGE('',*,*,#3869,.T.);
#4106=ORIENTED_EDGE('',*,*,#4046,.F.);
#4107=ORIENTED_EDGE('',*,*,#4092,.F.);
#4108=EDGE_LOOP('',(#4104,#4105,#4106,#4107));
#4109=FACE_OUTER_BOUND('',#4108,.F.);
#4110=ADVANCED_FACE('',(#4109),#4103,.F.);
#4111=CARTESIAN_POINT('',(1.E1,-1.E1,-1.604679708837E2));
#4112=DIRECTION('',(0.E0,0.E0,-1.E0));
#4113=DIRECTION('',(0.E0,1.E0,0.E0));
#4114=AXIS2_PLACEMENT_3D('',#4111,#4112,#4113);
#4115=PLANE('',#4114);
#4116=ORIENTED_EDGE('',*,*,#3242,.F.);
#4117=ORIENTED_EDGE('',*,*,#3205,.F.);
#4118=ORIENTED_EDGE('',*,*,#3310,.F.);
#4120=ORIENTED_EDGE('',*,*,#4119,.T.);
#4121=EDGE_LOOP('',(#4116,#4117,#4118,#4120));
#4122=FACE_OUTER_BOUND('',#4121,.F.);
#4123=ADVANCED_FACE('',(#4122),#4115,.F.);
#4124=CARTESIAN_POINT('',(1.E1,-1.E1,-1.604679708837E2));
#4125=DIRECTION('',(0.E0,0.E0,-1.E0));
#4126=DIRECTION('',(0.E0,1.E0,0.E0));
#4127=AXIS2_PLACEMENT_3D('',#4124,#4125,#4126);
#4128=PLANE('',#4127);
#4129=ORIENTED_EDGE('',*,*,#3934,.T.);
#4131=ORIENTED_EDGE('',*,*,#4130,.T.);
#4132=ORIENTED_EDGE('',*,*,#4052,.T.);
#4133=ORIENTED_EDGE('',*,*,#3074,.F.);
#4134=EDGE_LOOP('',(#4129,#4131,#4132,#4133));
#4135=FACE_OUTER_BOUND('',#4134,.F.);
#4136=ADVANCED_FACE('',(#4135),#4128,.F.);
#4137=CARTESIAN_POINT('',(1.E1,-1.E1,-1.544679708837E2));
#4138=DIRECTION('',(0.E0,-1.E0,0.E0));
#4139=DIRECTION('',(0.E0,0.E0,-1.E0));
#4140=AXIS2_PLACEMENT_3D('',#4137,#4138,#4139);
#4141=PLANE('',#4140);
#4142=ORIENTED_EDGE('',*,*,#3244,.T.);
#4143=ORIENTED_EDGE('',*,*,#4119,.F.);
#4144=ORIENTED_EDGE('',*,*,#3308,.F.);
#4146=ORIENTED_EDGE('',*,*,#4145,.T.);
#4147=EDGE_LOOP('',(#4142,#4143,#4144,#4146));
#4148=FACE_OUTER_BOUND('',#4147,.F.);
#4149=ADVANCED_FACE('',(#4148),#4141,.F.);
#4150=CARTESIAN_POINT('',(1.E1,-1.E1,-1.544679708837E2));
#4151=DIRECTION('',(0.E0,-1.E0,0.E0));
#4152=DIRECTION('',(0.E0,0.E0,-1.E0));
#4153=AXIS2_PLACEMENT_3D('',#4150,#4151,#4152);
#4154=PLANE('',#4153);
#4155=ORIENTED_EDGE('',*,*,#3932,.F.);
#4157=ORIENTED_EDGE('',*,*,#4156,.T.);
#4158=ORIENTED_EDGE('',*,*,#4054,.T.);
#4159=ORIENTED_EDGE('',*,*,#4130,.F.);
#4160=EDGE_LOOP('',(#4155,#4157,#4158,#4159));
#4161=FACE_OUTER_BOUND('',#4160,.F.);
#4162=ADVANCED_FACE('',(#4161),#4154,.F.);
#4163=CARTESIAN_POINT('',(1.E1,0.E0,-1.544679708837E2));
#4164=DIRECTION('',(0.E0,0.E0,1.E0));
#4165=DIRECTION('',(0.E0,-1.E0,0.E0));
#4166=AXIS2_PLACEMENT_3D('',#4163,#4164,#4165);
#4167=PLANE('',#4166);
#4168=ORIENTED_EDGE('',*,*,#3246,.T.);
#4169=ORIENTED_EDGE('',*,*,#4145,.F.);
#4170=ORIENTED_EDGE('',*,*,#3306,.F.);
#4171=ORIENTED_EDGE('',*,*,#3201,.T.);
#4172=EDGE_LOOP('',(#4168,#4169,#4170,#4171));
#4173=FACE_OUTER_BOUND('',#4172,.F.);
#4174=ADVANCED_FACE('',(#4173),#4167,.F.);
#4175=CARTESIAN_POINT('',(1.E1,0.E0,-1.544679708837E2));
#4176=DIRECTION('',(0.E0,0.E0,1.E0));
#4177=DIRECTION('',(0.E0,-1.E0,0.E0));
#4178=AXIS2_PLACEMENT_3D('',#4175,#4176,#4177);
#4179=PLANE('',#4178);
#4180=ORIENTED_EDGE('',*,*,#3930,.F.);
#4181=ORIENTED_EDGE('',*,*,#3078,.T.);
#4182=ORIENTED_EDGE('',*,*,#4056,.T.);
#4183=ORIENTED_EDGE('',*,*,#4156,.F.);
#4184=EDGE_LOOP('',(#4180,#4181,#4182,#4183));
#4185=FACE_OUTER_BOUND('',#4184,.F.);
#4186=ADVANCED_FACE('',(#4185),#4179,.F.);
#4187=CARTESIAN_POINT('',(1.E1,-1.E1,-7.65E1));
#4188=DIRECTION('',(0.E0,0.E0,-1.E0));
#4189=DIRECTION('',(0.E0,1.E0,0.E0));
#4190=AXIS2_PLACEMENT_3D('',#4187,#4188,#4189);
#4191=PLANE('',#4190);
#4192=ORIENTED_EDGE('',*,*,#3225,.F.);
#4193=ORIENTED_EDGE('',*,*,#3193,.F.);
#4194=ORIENTED_EDGE('',*,*,#3340,.F.);
#4196=ORIENTED_EDGE('',*,*,#4195,.T.);
#4197=EDGE_LOOP('',(#4192,#4193,#4194,#4196));
#4198=FACE_OUTER_BOUND('',#4197,.F.);
#4199=ADVANCED_FACE('',(#4198),#4191,.F.);
#4200=CARTESIAN_POINT('',(1.E1,-1.E1,-7.65E1));
#4201=DIRECTION('',(0.E0,0.E0,-1.E0));
#4202=DIRECTION('',(0.E0,1.E0,0.E0));
#4203=AXIS2_PLACEMENT_3D('',#4200,#4201,#4202);
#4204=PLANE('',#4203);
#4205=ORIENTED_EDGE('',*,*,#3908,.T.);
#4207=ORIENTED_EDGE('',*,*,#4206,.T.);
#4208=ORIENTED_EDGE('',*,*,#4077,.T.);
#4209=ORIENTED_EDGE('',*,*,#3086,.F.);
#4210=EDGE_LOOP('',(#4205,#4207,#4208,#4209));
#4211=FACE_OUTER_BOUND('',#4210,.F.);
#4212=ADVANCED_FACE('',(#4211),#4204,.F.);
#4213=CARTESIAN_POINT('',(1.E1,-1.E1,-7.05E1));
#4214=DIRECTION('',(0.E0,-1.E0,0.E0));
#4215=DIRECTION('',(0.E0,0.E0,-1.E0));
#4216=AXIS2_PLACEMENT_3D('',#4213,#4214,#4215);
#4217=PLANE('',#4216);
#4218=ORIENTED_EDGE('',*,*,#3227,.T.);
#4219=ORIENTED_EDGE('',*,*,#4195,.F.);
#4220=ORIENTED_EDGE('',*,*,#3338,.F.);
#4222=ORIENTED_EDGE('',*,*,#4221,.T.);
#4223=EDGE_LOOP('',(#4218,#4219,#4220,#4222));
#4224=FACE_OUTER_BOUND('',#4223,.F.);
#4225=ADVANCED_FACE('',(#4224),#4217,.F.);
#4226=CARTESIAN_POINT('',(1.E1,-1.E1,-7.05E1));
#4227=DIRECTION('',(0.E0,-1.E0,0.E0));
#4228=DIRECTION('',(0.E0,0.E0,-1.E0));
#4229=AXIS2_PLACEMENT_3D('',#4226,#4227,#4228);
#4230=PLANE('',#4229);
#4231=ORIENTED_EDGE('',*,*,#3906,.F.);
#4233=ORIENTED_EDGE('',*,*,#4232,.T.);
#4234=ORIENTED_EDGE('',*,*,#4079,.T.);
#4235=ORIENTED_EDGE('',*,*,#4206,.F.);
#4236=EDGE_LOOP('',(#4231,#4233,#4234,#4235));
#4237=FACE_OUTER_BOUND('',#4236,.F.);
#4238=ADVANCED_FACE('',(#4237),#4230,.F.);
#4239=CARTESIAN_POINT('',(1.E1,0.E0,-7.05E1));
#4240=DIRECTION('',(0.E0,0.E0,1.E0));
#4241=DIRECTION('',(0.E0,-1.E0,0.E0));
#4242=AXIS2_PLACEMENT_3D('',#4239,#4240,#4241);
#4243=PLANE('',#4242);
#4244=ORIENTED_EDGE('',*,*,#3229,.T.);
#4245=ORIENTED_EDGE('',*,*,#4221,.F.);
#4246=ORIENTED_EDGE('',*,*,#3336,.F.);
#4247=ORIENTED_EDGE('',*,*,#3189,.T.);
#4248=EDGE_LOOP('',(#4244,#4245,#4246,#4247));
#4249=FACE_OUTER_BOUND('',#4248,.F.);
#4250=ADVANCED_FACE('',(#4249),#4243,.F.);
#4251=CARTESIAN_POINT('',(1.E1,0.E0,-7.05E1));
#4252=DIRECTION('',(0.E0,0.E0,1.E0));
#4253=DIRECTION('',(0.E0,-1.E0,0.E0));
#4254=AXIS2_PLACEMENT_3D('',#4251,#4252,#4253);
#4255=PLANE('',#4254);
#4256=ORIENTED_EDGE('',*,*,#3904,.F.);
#4257=ORIENTED_EDGE('',*,*,#3090,.T.);
#4258=ORIENTED_EDGE('',*,*,#4081,.T.);
#4259=ORIENTED_EDGE('',*,*,#4232,.F.);
#4260=EDGE_LOOP('',(#4256,#4257,#4258,#4259));
#4261=FACE_OUTER_BOUND('',#4260,.F.);
#4262=ADVANCED_FACE('',(#4261),#4255,.F.);
#4263=CARTESIAN_POINT('',(0.E0,0.E0,-2.45E2));
#4264=DIRECTION('',(0.E0,0.E0,-1.E0));
#4265=DIRECTION('',(-1.E0,0.E0,0.E0));
#4266=AXIS2_PLACEMENT_3D('',#4263,#4264,#4265);
#4267=PLANE('',#4266);
#4268=ORIENTED_EDGE('',*,*,#3239,.F.);
#4269=ORIENTED_EDGE('',*,*,#3368,.F.);
#4270=ORIENTED_EDGE('',*,*,#3407,.F.);
#4271=ORIENTED_EDGE('',*,*,#3827,.F.);
#4272=ORIENTED_EDGE('',*,*,#3921,.T.);
#4273=ORIENTED_EDGE('',*,*,#3070,.F.);
#4274=EDGE_LOOP('',(#4268,#4269,#4270,#4271,#4272,#4273));
#4275=FACE_OUTER_BOUND('',#4274,.F.);
#4276=ADVANCED_FACE('',(#4275),#4267,.T.);
#4277=CARTESIAN_POINT('',(-1.15E2,0.E0,0.E0));
#4278=DIRECTION('',(0.E0,0.E0,1.E0));
#4279=DIRECTION('',(1.E0,0.E0,0.E0));
#4280=AXIS2_PLACEMENT_3D('',#4277,#4278,#4279);
#4281=PLANE('',#4280);
#4283=ORIENTED_EDGE('',*,*,#4282,.T.);
#4284=ORIENTED_EDGE('',*,*,#3387,.F.);
#4285=ORIENTED_EDGE('',*,*,#3789,.F.);
#4286=ORIENTED_EDGE('',*,*,#3838,.T.);
#4287=EDGE_LOOP('',(#4283,#4284,#4285,#4286));
#4288=FACE_OUTER_BOUND('',#4287,.F.);
#4289=ADVANCED_FACE('',(#4288),#4281,.T.);
#4290=CARTESIAN_POINT('',(-1.15E2,0.E0,0.E0));
#4291=DIRECTION('',(0.E0,0.E0,1.E0));
#4292=DIRECTION('',(1.E0,0.E0,0.E0));
#4293=AXIS2_PLACEMENT_3D('',#4290,#4291,#4292);
#4294=PLANE('',#4293);
#4296=ORIENTED_EDGE('',*,*,#4295,.F.);
#4297=ORIENTED_EDGE('',*,*,#3830,.T.);
#4298=ORIENTED_EDGE('',*,*,#3410,.T.);
#4299=ORIENTED_EDGE('',*,*,#3395,.F.);
#4300=EDGE_LOOP('',(#4296,#4297,#4298,#4299));
#4301=FACE_OUTER_BOUND('',#4300,.F.);
#4302=ADVANCED_FACE('',(#4301),#4294,.T.);
#4303=CARTESIAN_POINT('',(-1.15E2,2.543193385692E1,0.E0));
#4304=DIRECTION('',(0.E0,-1.E0,0.E0));
#4305=DIRECTION('',(1.E0,0.E0,0.E0));
#4306=AXIS2_PLACEMENT_3D('',#4303,#4304,#4305);
#4307=PLANE('',#4306);
#4308=ORIENTED_EDGE('',*,*,#4282,.F.);
#4309=ORIENTED_EDGE('',*,*,#3836,.T.);
#4311=ORIENTED_EDGE('',*,*,#4310,.T.);
#4312=ORIENTED_EDGE('',*,*,#3389,.F.);
#4313=EDGE_LOOP('',(#4308,#4309,#4311,#4312));
#4314=FACE_OUTER_BOUND('',#4313,.F.);
#4316=ORIENTED_EDGE('',*,*,#4315,.F.);
#4318=ORIENTED_EDGE('',*,*,#4317,.F.);
#4320=ORIENTED_EDGE('',*,*,#4319,.F.);
#4322=ORIENTED_EDGE('',*,*,#4321,.F.);
#4323=EDGE_LOOP('',(#4316,#4318,#4320,#4322));
#4324=FACE_BOUND('',#4323,.F.);
#4325=ADVANCED_FACE('',(#4314,#4324),#4307,.T.);
#4326=CARTESIAN_POINT('',(0.E0,0.E0,1.E1));
#4327=DIRECTION('',(0.E0,0.E0,1.E0));
#4328=DIRECTION('',(1.E0,0.E0,0.E0));
#4329=AXIS2_PLACEMENT_3D('',#4326,#4327,#4328);
#4330=PLANE('',#4329);
#4331=ORIENTED_EDGE('',*,*,#3834,.F.);
#4333=ORIENTED_EDGE('',*,*,#4332,.F.);
#4334=ORIENTED_EDGE('',*,*,#3391,.F.);
#4335=ORIENTED_EDGE('',*,*,#4310,.F.);
#4336=EDGE_LOOP('',(#4331,#4333,#4334,#4335));
#4337=FACE_OUTER_BOUND('',#4336,.F.);
#4338=ADVANCED_FACE('',(#4337),#4330,.T.);
#4339=CARTESIAN_POINT('',(0.E0,3.863051669570E1,0.E0));
#4340=DIRECTION('',(0.E0,1.E0,0.E0));
#4341=DIRECTION('',(-1.E0,0.E0,0.E0));
#4342=AXIS2_PLACEMENT_3D('',#4339,#4340,#4341);
#4343=PLANE('',#4342);
#4344=ORIENTED_EDGE('',*,*,#4295,.T.);
#4345=ORIENTED_EDGE('',*,*,#3393,.T.);
#4346=ORIENTED_EDGE('',*,*,#4332,.T.);
#4347=ORIENTED_EDGE('',*,*,#3832,.F.);
#4348=EDGE_LOOP('',(#4344,#4345,#4346,#4347));
#4349=FACE_OUTER_BOUND('',#4348,.F.);
#4351=ORIENTED_EDGE('',*,*,#4350,.T.);
#4353=ORIENTED_EDGE('',*,*,#4352,.T.);
#4355=ORIENTED_EDGE('',*,*,#4354,.T.);
#4357=ORIENTED_EDGE('',*,*,#4356,.T.);
#4358=EDGE_LOOP('',(#4351,#4353,#4355,#4357));
#4359=FACE_BOUND('',#4358,.F.);
#4360=ADVANCED_FACE('',(#4349,#4359),#4343,.T.);
#4361=CARTESIAN_POINT('',(-1.123307111974E2,3.863051669570E1,1.823611743639E0));
#4362=DIRECTION('',(-1.E0,0.E0,0.E0));
#4363=DIRECTION('',(0.E0,0.E0,1.E0));
#4364=AXIS2_PLACEMENT_3D('',#4361,#4362,#4363);
#4365=PLANE('',#4364);
#4366=ORIENTED_EDGE('',*,*,#4315,.T.);
#4368=ORIENTED_EDGE('',*,*,#4367,.F.);
#4369=ORIENTED_EDGE('',*,*,#4350,.F.);
#4371=ORIENTED_EDGE('',*,*,#4370,.T.);
#4372=EDGE_LOOP('',(#4366,#4368,#4369,#4371));
#4373=FACE_OUTER_BOUND('',#4372,.F.);
#4374=ADVANCED_FACE('',(#4373),#4365,.F.);
#4375=CARTESIAN_POINT('',(-1.123307111974E2,3.863051669570E1,6.323611743639E0));
#4376=DIRECTION('',(0.E0,0.E0,1.E0));
#4377=DIRECTION('',(1.E0,0.E0,0.E0));
#4378=AXIS2_PLACEMENT_3D('',#4375,#4376,#4377);
#4379=PLANE('',#4378);
#4380=ORIENTED_EDGE('',*,*,#4321,.T.);
#4382=ORIENTED_EDGE('',*,*,#4381,.F.);
#4383=ORIENTED_EDGE('',*,*,#4352,.F.);
#4384=ORIENTED_EDGE('',*,*,#4367,.T.);
#4385=EDGE_LOOP('',(#4380,#4382,#4383,#4384));
#4386=FACE_OUTER_BOUND('',#4385,.F.);
#4387=ADVANCED_FACE('',(#4386),#4379,.F.);
#4388=CARTESIAN_POINT('',(-2.330711197411E0,3.863051669570E1,6.323611743639E0));
#4389=DIRECTION('',(1.E0,0.E0,0.E0));
#4390=DIRECTION('',(0.E0,0.E0,-1.E0));
#4391=AXIS2_PLACEMENT_3D('',#4388,#4389,#4390);
#4392=PLANE('',#4391);
#4393=ORIENTED_EDGE('',*,*,#4319,.T.);
#4395=ORIENTED_EDGE('',*,*,#4394,.F.);
#4396=ORIENTED_EDGE('',*,*,#4354,.F.);
#4397=ORIENTED_EDGE('',*,*,#4381,.T.);
#4398=EDGE_LOOP('',(#4393,#4395,#4396,#4397));
#4399=FACE_OUTER_BOUND('',#4398,.F.);
#4400=ADVANCED_FACE('',(#4399),#4392,.F.);
#4401=CARTESIAN_POINT('',(-2.330711197411E0,3.863051669570E1,1.823611743639E0));
#4402=DIRECTION('',(0.E0,0.E0,-1.E0));
#4403=DIRECTION('',(-1.E0,0.E0,0.E0));
#4404=AXIS2_PLACEMENT_3D('',#4401,#4402,#4403);
#4405=PLANE('',#4404);
#4406=ORIENTED_EDGE('',*,*,#4317,.T.);
#4407=ORIENTED_EDGE('',*,*,#4370,.F.);
#4408=ORIENTED_EDGE('',*,*,#4356,.F.);
#4409=ORIENTED_EDGE('',*,*,#4394,.T.);
#4410=EDGE_LOOP('',(#4406,#4407,#4408,#4409));
#4411=FACE_OUTER_BOUND('',#4410,.F.);
#4412=ADVANCED_FACE('',(#4411),#4405,.F.);
#4413=CARTESIAN_POINT('',(-1.1E2,0.E0,-5.E0));
#4414=DIRECTION('',(1.E0,0.E0,0.E0));
#4415=DIRECTION('',(0.E0,0.E0,-1.E0));
#4416=AXIS2_PLACEMENT_3D('',#4413,#4414,#4415);
#4417=PLANE('',#4416);
#4418=ORIENTED_EDGE('',*,*,#3030,.T.);
#4419=ORIENTED_EDGE('',*,*,#3689,.T.);
#4420=ORIENTED_EDGE('',*,*,#3416,.T.);
#4421=ORIENTED_EDGE('',*,*,#3598,.F.);
#4422=ORIENTED_EDGE('',*,*,#3099,.F.);
#4423=EDGE_LOOP('',(#4418,#4419,#4420,#4421,#4422));
#4424=FACE_OUTER_BOUND('',#4423,.F.);
#4425=ADVANCED_FACE('',(#4424),#4417,.T.);
#4426=CARTESIAN_POINT('',(-1.0275E2,4.E0,-1.6E2));
#4427=DIRECTION('',(-1.E0,0.E0,0.E0));
#4428=DIRECTION('',(0.E0,0.E0,1.E0));
#4429=AXIS2_PLACEMENT_3D('',#4426,#4427,#4428);
#4430=PLANE('',#4429);
#4431=ORIENTED_EDGE('',*,*,#2998,.F.);
#4433=ORIENTED_EDGE('',*,*,#4432,.T.);
#4434=ORIENTED_EDGE('',*,*,#3591,.T.);
#4436=ORIENTED_EDGE('',*,*,#4435,.T.);
#4437=ORIENTED_EDGE('',*,*,#3693,.F.);
#4438=EDGE_LOOP('',(#4431,#4433,#4434,#4436,#4437));
#4439=FACE_OUTER_BOUND('',#4438,.F.);
#4440=ADVANCED_FACE('',(#4439),#4430,.T.);
#4441=CARTESIAN_POINT('',(0.E0,4.E0,0.E0));
#4442=DIRECTION('',(0.E0,1.E0,0.E0));
#4443=DIRECTION('',(1.E0,0.E0,0.E0));
#4444=AXIS2_PLACEMENT_3D('',#4441,#4442,#4443);
#4445=PLANE('',#4444);
#4446=ORIENTED_EDGE('',*,*,#2996,.F.);
#4448=ORIENTED_EDGE('',*,*,#4447,.F.);
#4449=ORIENTED_EDGE('',*,*,#3593,.T.);
#4450=ORIENTED_EDGE('',*,*,#4432,.F.);
#4451=EDGE_LOOP('',(#4446,#4448,#4449,#4450));
#4452=FACE_OUTER_BOUND('',#4451,.F.);
#4453=ADVANCED_FACE('',(#4452),#4445,.T.);
#4454=CARTESIAN_POINT('',(0.E0,4.E0,0.E0));
#4455=DIRECTION('',(0.E0,1.E0,0.E0));
#4456=DIRECTION('',(1.E0,0.E0,0.E0));
#4457=AXIS2_PLACEMENT_3D('',#4454,#4455,#4456);
#4458=PLANE('',#4457);
#4459=ORIENTED_EDGE('',*,*,#3004,.F.);
#4461=ORIENTED_EDGE('',*,*,#4460,.T.);
#4462=ORIENTED_EDGE('',*,*,#3585,.T.);
#4464=ORIENTED_EDGE('',*,*,#4463,.F.);
#4465=EDGE_LOOP('',(#4459,#4461,#4462,#4464));
#4466=FACE_OUTER_BOUND('',#4465,.F.);
#4467=ADVANCED_FACE('',(#4466),#4458,.T.);
#4468=CARTESIAN_POINT('',(-1.035E2,0.E0,-1.6E2));
#4469=DIRECTION('',(-1.E0,0.E0,0.E0));
#4470=DIRECTION('',(0.E0,0.E0,1.E0));
#4471=AXIS2_PLACEMENT_3D('',#4468,#4469,#4470);
#4472=PLANE('',#4471);
#4473=ORIENTED_EDGE('',*,*,#2994,.F.);
#4474=ORIENTED_EDGE('',*,*,#3103,.F.);
#4475=ORIENTED_EDGE('',*,*,#3595,.T.);
#4476=ORIENTED_EDGE('',*,*,#4447,.T.);
#4477=EDGE_LOOP('',(#4473,#4474,#4475,#4476));
#4478=FACE_OUTER_BOUND('',#4477,.F.);
#4479=ADVANCED_FACE('',(#4478),#4472,.T.);
#4480=CARTESIAN_POINT('',(-1.0175E2,4.E0,-5.E0));
#4481=DIRECTION('',(1.E0,0.E0,0.E0));
#4482=DIRECTION('',(0.E0,0.E0,-1.E0));
#4483=AXIS2_PLACEMENT_3D('',#4480,#4481,#4482);
#4484=PLANE('',#4483);
#4485=ORIENTED_EDGE('',*,*,#3002,.T.);
#4486=ORIENTED_EDGE('',*,*,#3697,.T.);
#4488=ORIENTED_EDGE('',*,*,#4487,.T.);
#4489=ORIENTED_EDGE('',*,*,#3587,.F.);
#4490=ORIENTED_EDGE('',*,*,#4460,.F.);
#4491=EDGE_LOOP('',(#4485,#4486,#4488,#4489,#4490));
#4492=FACE_OUTER_BOUND('',#4491,.F.);
#4493=ADVANCED_FACE('',(#4492),#4484,.T.);
#4494=CARTESIAN_POINT('',(0.E0,1.9E1,0.E0));
#4495=DIRECTION('',(0.E0,1.E0,0.E0));
#4496=DIRECTION('',(1.E0,0.E0,0.E0));
#4497=AXIS2_PLACEMENT_3D('',#4494,#4495,#4496);
#4498=PLANE('',#4497);
#4499=ORIENTED_EDGE('',*,*,#3589,.F.);
#4500=ORIENTED_EDGE('',*,*,#4487,.F.);
#4501=ORIENTED_EDGE('',*,*,#3695,.F.);
#4502=ORIENTED_EDGE('',*,*,#4435,.F.);
#4503=EDGE_LOOP('',(#4499,#4500,#4501,#4502));
#4504=FACE_OUTER_BOUND('',#4503,.F.);
#4505=ADVANCED_FACE('',(#4504),#4498,.T.);
#4506=CARTESIAN_POINT('',(-1.01E2,0.E0,-5.E0));
#4507=DIRECTION('',(1.E0,0.E0,0.E0));
#4508=DIRECTION('',(0.E0,0.E0,-1.E0));
#4509=AXIS2_PLACEMENT_3D('',#4506,#4507,#4508);
#4510=PLANE('',#4509);
#4511=ORIENTED_EDGE('',*,*,#3006,.T.);
#4512=ORIENTED_EDGE('',*,*,#4463,.T.);
#4513=ORIENTED_EDGE('',*,*,#3583,.F.);
#4514=ORIENTED_EDGE('',*,*,#3106,.F.);
#4515=EDGE_LOOP('',(#4511,#4512,#4513,#4514));
#4516=FACE_OUTER_BOUND('',#4515,.F.);
#4517=ADVANCED_FACE('',(#4516),#4510,.T.);
#4518=CARTESIAN_POINT('',(-9.395E1,4.E0,-1.6E2));
#4519=DIRECTION('',(-1.E0,0.E0,0.E0));
#4520=DIRECTION('',(0.E0,0.E0,1.E0));
#4521=AXIS2_PLACEMENT_3D('',#4518,#4519,#4520);
#4522=PLANE('',#4521);
#4523=ORIENTED_EDGE('',*,*,#2974,.F.);
#4525=ORIENTED_EDGE('',*,*,#4524,.T.);
#4526=ORIENTED_EDGE('',*,*,#3576,.T.);
#4528=ORIENTED_EDGE('',*,*,#4527,.T.);
#4529=ORIENTED_EDGE('',*,*,#3701,.F.);
#4530=EDGE_LOOP('',(#4523,#4525,#4526,#4528,#4529));
#4531=FACE_OUTER_BOUND('',#4530,.F.);
#4532=ADVANCED_FACE('',(#4531),#4522,.T.);
#4533=CARTESIAN_POINT('',(8.8E0,4.E0,0.E0));
#4534=DIRECTION('',(0.E0,1.E0,0.E0));
#4535=DIRECTION('',(1.E0,0.E0,0.E0));
#4536=AXIS2_PLACEMENT_3D('',#4533,#4534,#4535);
#4537=PLANE('',#4536);
#4538=ORIENTED_EDGE('',*,*,#2972,.F.);
#4540=ORIENTED_EDGE('',*,*,#4539,.F.);
#4541=ORIENTED_EDGE('',*,*,#3578,.T.);
#4542=ORIENTED_EDGE('',*,*,#4524,.F.);
#4543=EDGE_LOOP('',(#4538,#4540,#4541,#4542));
#4544=FACE_OUTER_BOUND('',#4543,.F.);
#4545=ADVANCED_FACE('',(#4544),#4537,.T.);
#4546=CARTESIAN_POINT('',(8.8E0,4.E0,0.E0));
#4547=DIRECTION('',(0.E0,1.E0,0.E0));
#4548=DIRECTION('',(1.E0,0.E0,0.E0));
#4549=AXIS2_PLACEMENT_3D('',#4546,#4547,#4548);
#4550=PLANE('',#4549);
#4551=ORIENTED_EDGE('',*,*,#2980,.F.);
#4553=ORIENTED_EDGE('',*,*,#4552,.T.);
#4554=ORIENTED_EDGE('',*,*,#3570,.T.);
#4556=ORIENTED_EDGE('',*,*,#4555,.F.);
#4557=EDGE_LOOP('',(#4551,#4553,#4554,#4556));
#4558=FACE_OUTER_BOUND('',#4557,.F.);
#4559=ADVANCED_FACE('',(#4558),#4550,.T.);
#4560=CARTESIAN_POINT('',(-9.47E1,0.E0,-1.6E2));
#4561=DIRECTION('',(-1.E0,0.E0,0.E0));
#4562=DIRECTION('',(0.E0,0.E0,1.E0));
#4563=AXIS2_PLACEMENT_3D('',#4560,#4561,#4562);
#4564=PLANE('',#4563);
#4565=ORIENTED_EDGE('',*,*,#2970,.F.);
#4566=ORIENTED_EDGE('',*,*,#3110,.F.);
#4567=ORIENTED_EDGE('',*,*,#3580,.T.);
#4568=ORIENTED_EDGE('',*,*,#4539,.T.);
#4569=EDGE_LOOP('',(#4565,#4566,#4567,#4568));
#4570=FACE_OUTER_BOUND('',#4569,.F.);
#4571=ADVANCED_FACE('',(#4570),#4564,.T.);
#4572=CARTESIAN_POINT('',(-9.295E1,4.E0,-5.E0));
#4573=DIRECTION('',(1.E0,0.E0,0.E0));
#4574=DIRECTION('',(0.E0,0.E0,-1.E0));
#4575=AXIS2_PLACEMENT_3D('',#4572,#4573,#4574);
#4576=PLANE('',#4575);
#4577=ORIENTED_EDGE('',*,*,#2978,.T.);
#4578=ORIENTED_EDGE('',*,*,#3705,.T.);
#4580=ORIENTED_EDGE('',*,*,#4579,.T.);
#4581=ORIENTED_EDGE('',*,*,#3572,.F.);
#4582=ORIENTED_EDGE('',*,*,#4552,.F.);
#4583=EDGE_LOOP('',(#4577,#4578,#4580,#4581,#4582));
#4584=FACE_OUTER_BOUND('',#4583,.F.);
#4585=ADVANCED_FACE('',(#4584),#4576,.T.);
#4586=CARTESIAN_POINT('',(8.8E0,1.9E1,0.E0));
#4587=DIRECTION('',(0.E0,1.E0,0.E0));
#4588=DIRECTION('',(1.E0,0.E0,0.E0));
#4589=AXIS2_PLACEMENT_3D('',#4586,#4587,#4588);
#4590=PLANE('',#4589);
#4591=ORIENTED_EDGE('',*,*,#3574,.T.);
#4592=ORIENTED_EDGE('',*,*,#4579,.F.);
#4593=ORIENTED_EDGE('',*,*,#3703,.F.);
#4594=ORIENTED_EDGE('',*,*,#4527,.F.);
#4595=EDGE_LOOP('',(#4591,#4592,#4593,#4594));
#4596=FACE_OUTER_BOUND('',#4595,.F.);
#4597=ADVANCED_FACE('',(#4596),#4590,.T.);
#4598=CARTESIAN_POINT('',(-9.22E1,0.E0,-5.E0));
#4599=DIRECTION('',(1.E0,0.E0,0.E0));
#4600=DIRECTION('',(0.E0,0.E0,-1.E0));
#4601=AXIS2_PLACEMENT_3D('',#4598,#4599,#4600);
#4602=PLANE('',#4601);
#4603=ORIENTED_EDGE('',*,*,#2982,.T.);
#4604=ORIENTED_EDGE('',*,*,#4555,.T.);
#4605=ORIENTED_EDGE('',*,*,#3568,.F.);
#4606=ORIENTED_EDGE('',*,*,#3113,.F.);
#4607=EDGE_LOOP('',(#4603,#4604,#4605,#4606));
#4608=FACE_OUTER_BOUND('',#4607,.F.);
#4609=ADVANCED_FACE('',(#4608),#4602,.T.);
#4610=CARTESIAN_POINT('',(-8.515E1,4.E0,-1.6E2));
#4611=DIRECTION('',(-1.E0,0.E0,0.E0));
#4612=DIRECTION('',(0.E0,0.E0,1.E0));
#4613=AXIS2_PLACEMENT_3D('',#4610,#4611,#4612);
#4614=PLANE('',#4613);
#4615=ORIENTED_EDGE('',*,*,#2950,.F.);
#4617=ORIENTED_EDGE('',*,*,#4616,.T.);
#4618=ORIENTED_EDGE('',*,*,#3561,.T.);
#4620=ORIENTED_EDGE('',*,*,#4619,.T.);
#4621=ORIENTED_EDGE('',*,*,#3709,.F.);
#4622=EDGE_LOOP('',(#4615,#4617,#4618,#4620,#4621));
#4623=FACE_OUTER_BOUND('',#4622,.F.);
#4624=ADVANCED_FACE('',(#4623),#4614,.T.);
#4625=CARTESIAN_POINT('',(1.76E1,4.E0,0.E0));
#4626=DIRECTION('',(0.E0,1.E0,0.E0));
#4627=DIRECTION('',(1.E0,0.E0,0.E0));
#4628=AXIS2_PLACEMENT_3D('',#4625,#4626,#4627);
#4629=PLANE('',#4628);
#4630=ORIENTED_EDGE('',*,*,#2948,.F.);
#4632=ORIENTED_EDGE('',*,*,#4631,.F.);
#4633=ORIENTED_EDGE('',*,*,#3563,.T.);
#4634=ORIENTED_EDGE('',*,*,#4616,.F.);
#4635=EDGE_LOOP('',(#4630,#4632,#4633,#4634));
#4636=FACE_OUTER_BOUND('',#4635,.F.);
#4637=ADVANCED_FACE('',(#4636),#4629,.T.);
#4638=CARTESIAN_POINT('',(1.76E1,4.E0,0.E0));
#4639=DIRECTION('',(0.E0,1.E0,0.E0));
#4640=DIRECTION('',(1.E0,0.E0,0.E0));
#4641=AXIS2_PLACEMENT_3D('',#4638,#4639,#4640);
#4642=PLANE('',#4641);
#4643=ORIENTED_EDGE('',*,*,#2956,.F.);
#4645=ORIENTED_EDGE('',*,*,#4644,.T.);
#4646=ORIENTED_EDGE('',*,*,#3555,.T.);
#4648=ORIENTED_EDGE('',*,*,#4647,.F.);
#4649=EDGE_LOOP('',(#4643,#4645,#4646,#4648));
#4650=FACE_OUTER_BOUND('',#4649,.F.);
#4651=ADVANCED_FACE('',(#4650),#4642,.T.);
#4652=CARTESIAN_POINT('',(-8.59E1,0.E0,-1.6E2));
#4653=DIRECTION('',(-1.E0,0.E0,0.E0));
#4654=DIRECTION('',(0.E0,0.E0,1.E0));
#4655=AXIS2_PLACEMENT_3D('',#4652,#4653,#4654);
#4656=PLANE('',#4655);
#4657=ORIENTED_EDGE('',*,*,#2946,.F.);
#4658=ORIENTED_EDGE('',*,*,#3117,.F.);
#4659=ORIENTED_EDGE('',*,*,#3565,.T.);
#4660=ORIENTED_EDGE('',*,*,#4631,.T.);
#4661=EDGE_LOOP('',(#4657,#4658,#4659,#4660));
#4662=FACE_OUTER_BOUND('',#4661,.F.);
#4663=ADVANCED_FACE('',(#4662),#4656,.T.);
#4664=CARTESIAN_POINT('',(-8.415E1,4.E0,-5.E0));
#4665=DIRECTION('',(1.E0,0.E0,0.E0));
#4666=DIRECTION('',(0.E0,0.E0,-1.E0));
#4667=AXIS2_PLACEMENT_3D('',#4664,#4665,#4666);
#4668=PLANE('',#4667);
#4669=ORIENTED_EDGE('',*,*,#2954,.T.);
#4670=ORIENTED_EDGE('',*,*,#3713,.T.);
#4672=ORIENTED_EDGE('',*,*,#4671,.T.);
#4673=ORIENTED_EDGE('',*,*,#3557,.F.);
#4674=ORIENTED_EDGE('',*,*,#4644,.F.);
#4675=EDGE_LOOP('',(#4669,#4670,#4672,#4673,#4674));
#4676=FACE_OUTER_BOUND('',#4675,.F.);
#4677=ADVANCED_FACE('',(#4676),#4668,.T.);
#4678=CARTESIAN_POINT('',(1.76E1,1.9E1,0.E0));
#4679=DIRECTION('',(0.E0,1.E0,0.E0));
#4680=DIRECTION('',(1.E0,0.E0,0.E0));
#4681=AXIS2_PLACEMENT_3D('',#4678,#4679,#4680);
#4682=PLANE('',#4681);
#4683=ORIENTED_EDGE('',*,*,#3559,.T.);
#4684=ORIENTED_EDGE('',*,*,#4671,.F.);
#4685=ORIENTED_EDGE('',*,*,#3711,.F.);
#4686=ORIENTED_EDGE('',*,*,#4619,.F.);
#4687=EDGE_LOOP('',(#4683,#4684,#4685,#4686));
#4688=FACE_OUTER_BOUND('',#4687,.F.);
#4689=ADVANCED_FACE('',(#4688),#4682,.T.);
#4690=CARTESIAN_POINT('',(-8.34E1,0.E0,-5.E0));
#4691=DIRECTION('',(1.E0,0.E0,0.E0));
#4692=DIRECTION('',(0.E0,0.E0,-1.E0));
#4693=AXIS2_PLACEMENT_3D('',#4690,#4691,#4692);
#4694=PLANE('',#4693);
#4695=ORIENTED_EDGE('',*,*,#2958,.T.);
#4696=ORIENTED_EDGE('',*,*,#4647,.T.);
#4697=ORIENTED_EDGE('',*,*,#3553,.F.);
#4698=ORIENTED_EDGE('',*,*,#3120,.F.);
#4699=EDGE_LOOP('',(#4695,#4696,#4697,#4698));
#4700=FACE_OUTER_BOUND('',#4699,.F.);
#4701=ADVANCED_FACE('',(#4700),#4694,.T.);
#4702=CARTESIAN_POINT('',(-7.635E1,4.E0,-1.6E2));
#4703=DIRECTION('',(-1.E0,0.E0,0.E0));
#4704=DIRECTION('',(0.E0,0.E0,1.E0));
#4705=AXIS2_PLACEMENT_3D('',#4702,#4703,#4704);
#4706=PLANE('',#4705);
#4707=ORIENTED_EDGE('',*,*,#2926,.F.);
#4709=ORIENTED_EDGE('',*,*,#4708,.T.);
#4710=ORIENTED_EDGE('',*,*,#3546,.T.);
#4712=ORIENTED_EDGE('',*,*,#4711,.T.);
#4713=ORIENTED_EDGE('',*,*,#3717,.F.);
#4714=EDGE_LOOP('',(#4707,#4709,#4710,#4712,#4713));
#4715=FACE_OUTER_BOUND('',#4714,.F.);
#4716=ADVANCED_FACE('',(#4715),#4706,.T.);
#4717=CARTESIAN_POINT('',(2.64E1,4.E0,0.E0));
#4718=DIRECTION('',(0.E0,1.E0,0.E0));
#4719=DIRECTION('',(1.E0,0.E0,0.E0));
#4720=AXIS2_PLACEMENT_3D('',#4717,#4718,#4719);
#4721=PLANE('',#4720);
#4722=ORIENTED_EDGE('',*,*,#2924,.F.);
#4724=ORIENTED_EDGE('',*,*,#4723,.F.);
#4725=ORIENTED_EDGE('',*,*,#3548,.T.);
#4726=ORIENTED_EDGE('',*,*,#4708,.F.);
#4727=EDGE_LOOP('',(#4722,#4724,#4725,#4726));
#4728=FACE_OUTER_BOUND('',#4727,.F.);
#4729=ADVANCED_FACE('',(#4728),#4721,.T.);
#4730=CARTESIAN_POINT('',(2.64E1,4.E0,0.E0));
#4731=DIRECTION('',(0.E0,1.E0,0.E0));
#4732=DIRECTION('',(1.E0,0.E0,0.E0));
#4733=AXIS2_PLACEMENT_3D('',#4730,#4731,#4732);
#4734=PLANE('',#4733);
#4735=ORIENTED_EDGE('',*,*,#2932,.F.);
#4737=ORIENTED_EDGE('',*,*,#4736,.T.);
#4738=ORIENTED_EDGE('',*,*,#3540,.T.);
#4740=ORIENTED_EDGE('',*,*,#4739,.F.);
#4741=EDGE_LOOP('',(#4735,#4737,#4738,#4740));
#4742=FACE_OUTER_BOUND('',#4741,.F.);
#4743=ADVANCED_FACE('',(#4742),#4734,.T.);
#4744=CARTESIAN_POINT('',(-7.71E1,0.E0,-1.6E2));
#4745=DIRECTION('',(-1.E0,0.E0,0.E0));
#4746=DIRECTION('',(0.E0,0.E0,1.E0));
#4747=AXIS2_PLACEMENT_3D('',#4744,#4745,#4746);
#4748=PLANE('',#4747);
#4749=ORIENTED_EDGE('',*,*,#2922,.F.);
#4750=ORIENTED_EDGE('',*,*,#3124,.F.);
#4751=ORIENTED_EDGE('',*,*,#3550,.T.);
#4752=ORIENTED_EDGE('',*,*,#4723,.T.);
#4753=EDGE_LOOP('',(#4749,#4750,#4751,#4752));
#4754=FACE_OUTER_BOUND('',#4753,.F.);
#4755=ADVANCED_FACE('',(#4754),#4748,.T.);
#4756=CARTESIAN_POINT('',(-7.535E1,4.E0,-5.E0));
#4757=DIRECTION('',(1.E0,0.E0,0.E0));
#4758=DIRECTION('',(0.E0,0.E0,-1.E0));
#4759=AXIS2_PLACEMENT_3D('',#4756,#4757,#4758);
#4760=PLANE('',#4759);
#4761=ORIENTED_EDGE('',*,*,#2930,.T.);
#4762=ORIENTED_EDGE('',*,*,#3721,.T.);
#4764=ORIENTED_EDGE('',*,*,#4763,.T.);
#4765=ORIENTED_EDGE('',*,*,#3542,.F.);
#4766=ORIENTED_EDGE('',*,*,#4736,.F.);
#4767=EDGE_LOOP('',(#4761,#4762,#4764,#4765,#4766));
#4768=FACE_OUTER_BOUND('',#4767,.F.);
#4769=ADVANCED_FACE('',(#4768),#4760,.T.);
#4770=CARTESIAN_POINT('',(2.64E1,1.9E1,0.E0));
#4771=DIRECTION('',(0.E0,1.E0,0.E0));
#4772=DIRECTION('',(1.E0,0.E0,0.E0));
#4773=AXIS2_PLACEMENT_3D('',#4770,#4771,#4772);
#4774=PLANE('',#4773);
#4775=ORIENTED_EDGE('',*,*,#3544,.T.);
#4776=ORIENTED_EDGE('',*,*,#4763,.F.);
#4777=ORIENTED_EDGE('',*,*,#3719,.F.);
#4778=ORIENTED_EDGE('',*,*,#4711,.F.);
#4779=EDGE_LOOP('',(#4775,#4776,#4777,#4778));
#4780=FACE_OUTER_BOUND('',#4779,.F.);
#4781=ADVANCED_FACE('',(#4780),#4774,.T.);
#4782=CARTESIAN_POINT('',(-7.46E1,0.E0,-5.E0));
#4783=DIRECTION('',(1.E0,0.E0,0.E0));
#4784=DIRECTION('',(0.E0,0.E0,-1.E0));
#4785=AXIS2_PLACEMENT_3D('',#4782,#4783,#4784);
#4786=PLANE('',#4785);
#4787=ORIENTED_EDGE('',*,*,#2934,.T.);
#4788=ORIENTED_EDGE('',*,*,#4739,.T.);
#4789=ORIENTED_EDGE('',*,*,#3538,.F.);
#4790=ORIENTED_EDGE('',*,*,#3127,.F.);
#4791=EDGE_LOOP('',(#4787,#4788,#4789,#4790));
#4792=FACE_OUTER_BOUND('',#4791,.F.);
#4793=ADVANCED_FACE('',(#4792),#4786,.T.);
#4794=CARTESIAN_POINT('',(-6.755E1,4.E0,-1.6E2));
#4795=DIRECTION('',(-1.E0,0.E0,0.E0));
#4796=DIRECTION('',(0.E0,0.E0,1.E0));
#4797=AXIS2_PLACEMENT_3D('',#4794,#4795,#4796);
#4798=PLANE('',#4797);
#4799=ORIENTED_EDGE('',*,*,#2902,.F.);
#4801=ORIENTED_EDGE('',*,*,#4800,.T.);
#4802=ORIENTED_EDGE('',*,*,#3531,.T.);
#4804=ORIENTED_EDGE('',*,*,#4803,.T.);
#4805=ORIENTED_EDGE('',*,*,#3725,.F.);
#4806=EDGE_LOOP('',(#4799,#4801,#4802,#4804,#4805));
#4807=FACE_OUTER_BOUND('',#4806,.F.);
#4808=ADVANCED_FACE('',(#4807),#4798,.T.);
#4809=CARTESIAN_POINT('',(3.52E1,4.E0,0.E0));
#4810=DIRECTION('',(0.E0,1.E0,0.E0));
#4811=DIRECTION('',(1.E0,0.E0,0.E0));
#4812=AXIS2_PLACEMENT_3D('',#4809,#4810,#4811);
#4813=PLANE('',#4812);
#4814=ORIENTED_EDGE('',*,*,#2900,.F.);
#4816=ORIENTED_EDGE('',*,*,#4815,.F.);
#4817=ORIENTED_EDGE('',*,*,#3533,.T.);
#4818=ORIENTED_EDGE('',*,*,#4800,.F.);
#4819=EDGE_LOOP('',(#4814,#4816,#4817,#4818));
#4820=FACE_OUTER_BOUND('',#4819,.F.);
#4821=ADVANCED_FACE('',(#4820),#4813,.T.);
#4822=CARTESIAN_POINT('',(3.52E1,4.E0,0.E0));
#4823=DIRECTION('',(0.E0,1.E0,0.E0));
#4824=DIRECTION('',(1.E0,0.E0,0.E0));
#4825=AXIS2_PLACEMENT_3D('',#4822,#4823,#4824);
#4826=PLANE('',#4825);
#4827=ORIENTED_EDGE('',*,*,#2908,.F.);
#4829=ORIENTED_EDGE('',*,*,#4828,.T.);
#4830=ORIENTED_EDGE('',*,*,#3525,.T.);
#4832=ORIENTED_EDGE('',*,*,#4831,.F.);
#4833=EDGE_LOOP('',(#4827,#4829,#4830,#4832));
#4834=FACE_OUTER_BOUND('',#4833,.F.);
#4835=ADVANCED_FACE('',(#4834),#4826,.T.);
#4836=CARTESIAN_POINT('',(-6.83E1,0.E0,-1.6E2));
#4837=DIRECTION('',(-1.E0,0.E0,0.E0));
#4838=DIRECTION('',(0.E0,0.E0,1.E0));
#4839=AXIS2_PLACEMENT_3D('',#4836,#4837,#4838);
#4840=PLANE('',#4839);
#4841=ORIENTED_EDGE('',*,*,#2898,.F.);
#4842=ORIENTED_EDGE('',*,*,#3131,.F.);
#4843=ORIENTED_EDGE('',*,*,#3535,.T.);
#4844=ORIENTED_EDGE('',*,*,#4815,.T.);
#4845=EDGE_LOOP('',(#4841,#4842,#4843,#4844));
#4846=FACE_OUTER_BOUND('',#4845,.F.);
#4847=ADVANCED_FACE('',(#4846),#4840,.T.);
#4848=CARTESIAN_POINT('',(-6.655E1,4.E0,-5.E0));
#4849=DIRECTION('',(1.E0,0.E0,0.E0));
#4850=DIRECTION('',(0.E0,0.E0,-1.E0));
#4851=AXIS2_PLACEMENT_3D('',#4848,#4849,#4850);
#4852=PLANE('',#4851);
#4853=ORIENTED_EDGE('',*,*,#2906,.T.);
#4854=ORIENTED_EDGE('',*,*,#3729,.T.);
#4856=ORIENTED_EDGE('',*,*,#4855,.T.);
#4857=ORIENTED_EDGE('',*,*,#3527,.F.);
#4858=ORIENTED_EDGE('',*,*,#4828,.F.);
#4859=EDGE_LOOP('',(#4853,#4854,#4856,#4857,#4858));
#4860=FACE_OUTER_BOUND('',#4859,.F.);
#4861=ADVANCED_FACE('',(#4860),#4852,.T.);
#4862=CARTESIAN_POINT('',(3.52E1,1.9E1,0.E0));
#4863=DIRECTION('',(0.E0,1.E0,0.E0));
#4864=DIRECTION('',(1.E0,0.E0,0.E0));
#4865=AXIS2_PLACEMENT_3D('',#4862,#4863,#4864);
#4866=PLANE('',#4865);
#4867=ORIENTED_EDGE('',*,*,#3529,.T.);
#4868=ORIENTED_EDGE('',*,*,#4855,.F.);
#4869=ORIENTED_EDGE('',*,*,#3727,.F.);
#4870=ORIENTED_EDGE('',*,*,#4803,.F.);
#4871=EDGE_LOOP('',(#4867,#4868,#4869,#4870));
#4872=FACE_OUTER_BOUND('',#4871,.F.);
#4873=ADVANCED_FACE('',(#4872),#4866,.T.);
#4874=CARTESIAN_POINT('',(-6.58E1,0.E0,-5.E0));
#4875=DIRECTION('',(1.E0,0.E0,0.E0));
#4876=DIRECTION('',(0.E0,0.E0,-1.E0));
#4877=AXIS2_PLACEMENT_3D('',#4874,#4875,#4876);
#4878=PLANE('',#4877);
#4879=ORIENTED_EDGE('',*,*,#2910,.T.);
#4880=ORIENTED_EDGE('',*,*,#4831,.T.);
#4881=ORIENTED_EDGE('',*,*,#3523,.F.);
#4882=ORIENTED_EDGE('',*,*,#3134,.F.);
#4883=EDGE_LOOP('',(#4879,#4880,#4881,#4882));
#4884=FACE_OUTER_BOUND('',#4883,.F.);
#4885=ADVANCED_FACE('',(#4884),#4878,.T.);
#4886=CARTESIAN_POINT('',(-5.875E1,4.E0,-1.6E2));
#4887=DIRECTION('',(-1.E0,0.E0,0.E0));
#4888=DIRECTION('',(0.E0,0.E0,1.E0));
#4889=AXIS2_PLACEMENT_3D('',#4886,#4887,#4888);
#4890=PLANE('',#4889);
#4891=ORIENTED_EDGE('',*,*,#2878,.F.);
#4893=ORIENTED_EDGE('',*,*,#4892,.T.);
#4894=ORIENTED_EDGE('',*,*,#3516,.T.);
#4896=ORIENTED_EDGE('',*,*,#4895,.T.);
#4897=ORIENTED_EDGE('',*,*,#3733,.F.);
#4898=EDGE_LOOP('',(#4891,#4893,#4894,#4896,#4897));
#4899=FACE_OUTER_BOUND('',#4898,.F.);
#4900=ADVANCED_FACE('',(#4899),#4890,.T.);
#4901=CARTESIAN_POINT('',(4.4E1,4.E0,0.E0));
#4902=DIRECTION('',(0.E0,1.E0,0.E0));
#4903=DIRECTION('',(1.E0,0.E0,0.E0));
#4904=AXIS2_PLACEMENT_3D('',#4901,#4902,#4903);
#4905=PLANE('',#4904);
#4906=ORIENTED_EDGE('',*,*,#2876,.F.);
#4908=ORIENTED_EDGE('',*,*,#4907,.F.);
#4909=ORIENTED_EDGE('',*,*,#3518,.T.);
#4910=ORIENTED_EDGE('',*,*,#4892,.F.);
#4911=EDGE_LOOP('',(#4906,#4908,#4909,#4910));
#4912=FACE_OUTER_BOUND('',#4911,.F.);
#4913=ADVANCED_FACE('',(#4912),#4905,.T.);
#4914=CARTESIAN_POINT('',(4.4E1,4.E0,0.E0));
#4915=DIRECTION('',(0.E0,1.E0,0.E0));
#4916=DIRECTION('',(1.E0,0.E0,0.E0));
#4917=AXIS2_PLACEMENT_3D('',#4914,#4915,#4916);
#4918=PLANE('',#4917);
#4919=ORIENTED_EDGE('',*,*,#2884,.F.);
#4921=ORIENTED_EDGE('',*,*,#4920,.T.);
#4922=ORIENTED_EDGE('',*,*,#3510,.T.);
#4924=ORIENTED_EDGE('',*,*,#4923,.F.);
#4925=EDGE_LOOP('',(#4919,#4921,#4922,#4924));
#4926=FACE_OUTER_BOUND('',#4925,.F.);
#4927=ADVANCED_FACE('',(#4926),#4918,.T.);
#4928=CARTESIAN_POINT('',(-5.95E1,0.E0,-1.6E2));
#4929=DIRECTION('',(-1.E0,0.E0,0.E0));
#4930=DIRECTION('',(0.E0,0.E0,1.E0));
#4931=AXIS2_PLACEMENT_3D('',#4928,#4929,#4930);
#4932=PLANE('',#4931);
#4933=ORIENTED_EDGE('',*,*,#2874,.F.);
#4934=ORIENTED_EDGE('',*,*,#3138,.F.);
#4935=ORIENTED_EDGE('',*,*,#3520,.T.);
#4936=ORIENTED_EDGE('',*,*,#4907,.T.);
#4937=EDGE_LOOP('',(#4933,#4934,#4935,#4936));
#4938=FACE_OUTER_BOUND('',#4937,.F.);
#4939=ADVANCED_FACE('',(#4938),#4932,.T.);
#4940=CARTESIAN_POINT('',(-5.775E1,4.E0,-5.E0));
#4941=DIRECTION('',(1.E0,0.E0,0.E0));
#4942=DIRECTION('',(0.E0,0.E0,-1.E0));
#4943=AXIS2_PLACEMENT_3D('',#4940,#4941,#4942);
#4944=PLANE('',#4943);
#4945=ORIENTED_EDGE('',*,*,#2882,.T.);
#4946=ORIENTED_EDGE('',*,*,#3737,.T.);
#4948=ORIENTED_EDGE('',*,*,#4947,.T.);
#4949=ORIENTED_EDGE('',*,*,#3512,.F.);
#4950=ORIENTED_EDGE('',*,*,#4920,.F.);
#4951=EDGE_LOOP('',(#4945,#4946,#4948,#4949,#4950));
#4952=FACE_OUTER_BOUND('',#4951,.F.);
#4953=ADVANCED_FACE('',(#4952),#4944,.T.);
#4954=CARTESIAN_POINT('',(4.4E1,1.9E1,0.E0));
#4955=DIRECTION('',(0.E0,1.E0,0.E0));
#4956=DIRECTION('',(1.E0,0.E0,0.E0));
#4957=AXIS2_PLACEMENT_3D('',#4954,#4955,#4956);
#4958=PLANE('',#4957);
#4959=ORIENTED_EDGE('',*,*,#3514,.T.);
#4960=ORIENTED_EDGE('',*,*,#4947,.F.);
#4961=ORIENTED_EDGE('',*,*,#3735,.F.);
#4962=ORIENTED_EDGE('',*,*,#4895,.F.);
#4963=EDGE_LOOP('',(#4959,#4960,#4961,#4962));
#4964=FACE_OUTER_BOUND('',#4963,.F.);
#4965=ADVANCED_FACE('',(#4964),#4958,.T.);
#4966=CARTESIAN_POINT('',(-5.7E1,0.E0,-5.E0));
#4967=DIRECTION('',(1.E0,0.E0,0.E0));
#4968=DIRECTION('',(0.E0,0.E0,-1.E0));
#4969=AXIS2_PLACEMENT_3D('',#4966,#4967,#4968);
#4970=PLANE('',#4969);
#4971=ORIENTED_EDGE('',*,*,#2886,.T.);
#4972=ORIENTED_EDGE('',*,*,#4923,.T.);
#4973=ORIENTED_EDGE('',*,*,#3508,.F.);
#4974=ORIENTED_EDGE('',*,*,#3141,.F.);
#4975=EDGE_LOOP('',(#4971,#4972,#4973,#4974));
#4976=FACE_OUTER_BOUND('',#4975,.F.);
#4977=ADVANCED_FACE('',(#4976),#4970,.T.);
#4978=CARTESIAN_POINT('',(-4.995E1,4.E0,-1.6E2));
#4979=DIRECTION('',(-1.E0,0.E0,0.E0));
#4980=DIRECTION('',(0.E0,0.E0,1.E0));
#4981=AXIS2_PLACEMENT_3D('',#4978,#4979,#4980);
#4982=PLANE('',#4981);
#4983=ORIENTED_EDGE('',*,*,#2854,.F.);
#4985=ORIENTED_EDGE('',*,*,#4984,.T.);
#4986=ORIENTED_EDGE('',*,*,#3501,.T.);
#4988=ORIENTED_EDGE('',*,*,#4987,.T.);
#4989=ORIENTED_EDGE('',*,*,#3741,.F.);
#4990=EDGE_LOOP('',(#4983,#4985,#4986,#4988,#4989));
#4991=FACE_OUTER_BOUND('',#4990,.F.);
#4992=ADVANCED_FACE('',(#4991),#4982,.T.);
#4993=CARTESIAN_POINT('',(5.28E1,4.E0,0.E0));
#4994=DIRECTION('',(0.E0,1.E0,0.E0));
#4995=DIRECTION('',(1.E0,0.E0,0.E0));
#4996=AXIS2_PLACEMENT_3D('',#4993,#4994,#4995);
#4997=PLANE('',#4996);
#4998=ORIENTED_EDGE('',*,*,#2852,.F.);
#5000=ORIENTED_EDGE('',*,*,#4999,.F.);
#5001=ORIENTED_EDGE('',*,*,#3503,.T.);
#5002=ORIENTED_EDGE('',*,*,#4984,.F.);
#5003=EDGE_LOOP('',(#4998,#5000,#5001,#5002));
#5004=FACE_OUTER_BOUND('',#5003,.F.);
#5005=ADVANCED_FACE('',(#5004),#4997,.T.);
#5006=CARTESIAN_POINT('',(5.28E1,4.E0,0.E0));
#5007=DIRECTION('',(0.E0,1.E0,0.E0));
#5008=DIRECTION('',(1.E0,0.E0,0.E0));
#5009=AXIS2_PLACEMENT_3D('',#5006,#5007,#5008);
#5010=PLANE('',#5009);
#5011=ORIENTED_EDGE('',*,*,#2860,.F.);
#5013=ORIENTED_EDGE('',*,*,#5012,.T.);
#5014=ORIENTED_EDGE('',*,*,#3495,.T.);
#5016=ORIENTED_EDGE('',*,*,#5015,.F.);
#5017=EDGE_LOOP('',(#5011,#5013,#5014,#5016));
#5018=FACE_OUTER_BOUND('',#5017,.F.);
#5019=ADVANCED_FACE('',(#5018),#5010,.T.);
#5020=CARTESIAN_POINT('',(-5.07E1,0.E0,-1.6E2));
#5021=DIRECTION('',(-1.E0,0.E0,0.E0));
#5022=DIRECTION('',(0.E0,0.E0,1.E0));
#5023=AXIS2_PLACEMENT_3D('',#5020,#5021,#5022);
#5024=PLANE('',#5023);
#5025=ORIENTED_EDGE('',*,*,#2850,.F.);
#5026=ORIENTED_EDGE('',*,*,#3145,.F.);
#5027=ORIENTED_EDGE('',*,*,#3505,.T.);
#5028=ORIENTED_EDGE('',*,*,#4999,.T.);
#5029=EDGE_LOOP('',(#5025,#5026,#5027,#5028));
#5030=FACE_OUTER_BOUND('',#5029,.F.);
#5031=ADVANCED_FACE('',(#5030),#5024,.T.);
#5032=CARTESIAN_POINT('',(-4.895E1,4.E0,-5.E0));
#5033=DIRECTION('',(1.E0,0.E0,0.E0));
#5034=DIRECTION('',(0.E0,0.E0,-1.E0));
#5035=AXIS2_PLACEMENT_3D('',#5032,#5033,#5034);
#5036=PLANE('',#5035);
#5037=ORIENTED_EDGE('',*,*,#2858,.T.);
#5038=ORIENTED_EDGE('',*,*,#3745,.T.);
#5040=ORIENTED_EDGE('',*,*,#5039,.T.);
#5041=ORIENTED_EDGE('',*,*,#3497,.F.);
#5042=ORIENTED_EDGE('',*,*,#5012,.F.);
#5043=EDGE_LOOP('',(#5037,#5038,#5040,#5041,#5042));
#5044=FACE_OUTER_BOUND('',#5043,.F.);
#5045=ADVANCED_FACE('',(#5044),#5036,.T.);
#5046=CARTESIAN_POINT('',(5.28E1,1.9E1,0.E0));
#5047=DIRECTION('',(0.E0,1.E0,0.E0));
#5048=DIRECTION('',(1.E0,0.E0,0.E0));
#5049=AXIS2_PLACEMENT_3D('',#5046,#5047,#5048);
#5050=PLANE('',#5049);
#5051=ORIENTED_EDGE('',*,*,#3499,.T.);
#5052=ORIENTED_EDGE('',*,*,#5039,.F.);
#5053=ORIENTED_EDGE('',*,*,#3743,.F.);
#5054=ORIENTED_EDGE('',*,*,#4987,.F.);
#5055=EDGE_LOOP('',(#5051,#5052,#5053,#5054));
#5056=FACE_OUTER_BOUND('',#5055,.F.);
#5057=ADVANCED_FACE('',(#5056),#5050,.T.);
#5058=CARTESIAN_POINT('',(-4.82E1,0.E0,-5.E0));
#5059=DIRECTION('',(1.E0,0.E0,0.E0));
#5060=DIRECTION('',(0.E0,0.E0,-1.E0));
#5061=AXIS2_PLACEMENT_3D('',#5058,#5059,#5060);
#5062=PLANE('',#5061);
#5063=ORIENTED_EDGE('',*,*,#2862,.T.);
#5064=ORIENTED_EDGE('',*,*,#5015,.T.);
#5065=ORIENTED_EDGE('',*,*,#3493,.F.);
#5066=ORIENTED_EDGE('',*,*,#3148,.F.);
#5067=EDGE_LOOP('',(#5063,#5064,#5065,#5066));
#5068=FACE_OUTER_BOUND('',#5067,.F.);
#5069=ADVANCED_FACE('',(#5068),#5062,.T.);
#5070=CARTESIAN_POINT('',(-4.115E1,4.E0,-1.6E2));
#5071=DIRECTION('',(-1.E0,0.E0,0.E0));
#5072=DIRECTION('',(0.E0,0.E0,1.E0));
#5073=AXIS2_PLACEMENT_3D('',#5070,#5071,#5072);
#5074=PLANE('',#5073);
#5075=ORIENTED_EDGE('',*,*,#2830,.F.);
#5077=ORIENTED_EDGE('',*,*,#5076,.T.);
#5078=ORIENTED_EDGE('',*,*,#3486,.T.);
#5080=ORIENTED_EDGE('',*,*,#5079,.T.);
#5081=ORIENTED_EDGE('',*,*,#3749,.F.);
#5082=EDGE_LOOP('',(#5075,#5077,#5078,#5080,#5081));
#5083=FACE_OUTER_BOUND('',#5082,.F.);
#5084=ADVANCED_FACE('',(#5083),#5074,.T.);
#5085=CARTESIAN_POINT('',(6.16E1,4.E0,0.E0));
#5086=DIRECTION('',(0.E0,1.E0,0.E0));
#5087=DIRECTION('',(1.E0,0.E0,0.E0));
#5088=AXIS2_PLACEMENT_3D('',#5085,#5086,#5087);
#5089=PLANE('',#5088);
#5090=ORIENTED_EDGE('',*,*,#2828,.F.);
#5092=ORIENTED_EDGE('',*,*,#5091,.F.);
#5093=ORIENTED_EDGE('',*,*,#3488,.T.);
#5094=ORIENTED_EDGE('',*,*,#5076,.F.);
#5095=EDGE_LOOP('',(#5090,#5092,#5093,#5094));
#5096=FACE_OUTER_BOUND('',#5095,.F.);
#5097=ADVANCED_FACE('',(#5096),#5089,.T.);
#5098=CARTESIAN_POINT('',(6.16E1,4.E0,0.E0));
#5099=DIRECTION('',(0.E0,1.E0,0.E0));
#5100=DIRECTION('',(1.E0,0.E0,0.E0));
#5101=AXIS2_PLACEMENT_3D('',#5098,#5099,#5100);
#5102=PLANE('',#5101);
#5103=ORIENTED_EDGE('',*,*,#2836,.F.);
#5105=ORIENTED_EDGE('',*,*,#5104,.T.);
#5106=ORIENTED_EDGE('',*,*,#3480,.T.);
#5108=ORIENTED_EDGE('',*,*,#5107,.F.);
#5109=EDGE_LOOP('',(#5103,#5105,#5106,#5108));
#5110=FACE_OUTER_BOUND('',#5109,.F.);
#5111=ADVANCED_FACE('',(#5110),#5102,.T.);
#5112=CARTESIAN_POINT('',(-4.19E1,0.E0,-1.6E2));
#5113=DIRECTION('',(-1.E0,0.E0,0.E0));
#5114=DIRECTION('',(0.E0,0.E0,1.E0));
#5115=AXIS2_PLACEMENT_3D('',#5112,#5113,#5114);
#5116=PLANE('',#5115);
#5117=ORIENTED_EDGE('',*,*,#2826,.F.);
#5118=ORIENTED_EDGE('',*,*,#3152,.F.);
#5119=ORIENTED_EDGE('',*,*,#3490,.T.);
#5120=ORIENTED_EDGE('',*,*,#5091,.T.);
#5121=EDGE_LOOP('',(#5117,#5118,#5119,#5120));
#5122=FACE_OUTER_BOUND('',#5121,.F.);
#5123=ADVANCED_FACE('',(#5122),#5116,.T.);
#5124=CARTESIAN_POINT('',(-4.015E1,4.E0,-5.E0));
#5125=DIRECTION('',(1.E0,0.E0,0.E0));
#5126=DIRECTION('',(0.E0,0.E0,-1.E0));
#5127=AXIS2_PLACEMENT_3D('',#5124,#5125,#5126);
#5128=PLANE('',#5127);
#5129=ORIENTED_EDGE('',*,*,#2834,.T.);
#5130=ORIENTED_EDGE('',*,*,#3753,.T.);
#5132=ORIENTED_EDGE('',*,*,#5131,.T.);
#5133=ORIENTED_EDGE('',*,*,#3482,.F.);
#5134=ORIENTED_EDGE('',*,*,#5104,.F.);
#5135=EDGE_LOOP('',(#5129,#5130,#5132,#5133,#5134));
#5136=FACE_OUTER_BOUND('',#5135,.F.);
#5137=ADVANCED_FACE('',(#5136),#5128,.T.);
#5138=CARTESIAN_POINT('',(6.16E1,1.9E1,0.E0));
#5139=DIRECTION('',(0.E0,1.E0,0.E0));
#5140=DIRECTION('',(1.E0,0.E0,0.E0));
#5141=AXIS2_PLACEMENT_3D('',#5138,#5139,#5140);
#5142=PLANE('',#5141);
#5143=ORIENTED_EDGE('',*,*,#3484,.T.);
#5144=ORIENTED_EDGE('',*,*,#5131,.F.);
#5145=ORIENTED_EDGE('',*,*,#3751,.F.);
#5146=ORIENTED_EDGE('',*,*,#5079,.F.);
#5147=EDGE_LOOP('',(#5143,#5144,#5145,#5146));
#5148=FACE_OUTER_BOUND('',#5147,.F.);
#5149=ADVANCED_FACE('',(#5148),#5142,.T.);
#5150=CARTESIAN_POINT('',(-3.94E1,0.E0,-5.E0));
#5151=DIRECTION('',(1.E0,0.E0,0.E0));
#5152=DIRECTION('',(0.E0,0.E0,-1.E0));
#5153=AXIS2_PLACEMENT_3D('',#5150,#5151,#5152);
#5154=PLANE('',#5153);
#5155=ORIENTED_EDGE('',*,*,#2838,.T.);
#5156=ORIENTED_EDGE('',*,*,#5107,.T.);
#5157=ORIENTED_EDGE('',*,*,#3478,.F.);
#5158=ORIENTED_EDGE('',*,*,#3155,.F.);
#5159=EDGE_LOOP('',(#5155,#5156,#5157,#5158));
#5160=FACE_OUTER_BOUND('',#5159,.F.);
#5161=ADVANCED_FACE('',(#5160),#5154,.T.);
#5162=CARTESIAN_POINT('',(-3.235E1,4.E0,-1.6E2));
#5163=DIRECTION('',(-1.E0,0.E0,0.E0));
#5164=DIRECTION('',(0.E0,0.E0,1.E0));
#5165=AXIS2_PLACEMENT_3D('',#5162,#5163,#5164);
#5166=PLANE('',#5165);
#5167=ORIENTED_EDGE('',*,*,#2806,.F.);
#5169=ORIENTED_EDGE('',*,*,#5168,.T.);
#5170=ORIENTED_EDGE('',*,*,#3471,.T.);
#5172=ORIENTED_EDGE('',*,*,#5171,.T.);
#5173=ORIENTED_EDGE('',*,*,#3757,.F.);
#5174=EDGE_LOOP('',(#5167,#5169,#5170,#5172,#5173));
#5175=FACE_OUTER_BOUND('',#5174,.F.);
#5176=ADVANCED_FACE('',(#5175),#5166,.T.);
#5177=CARTESIAN_POINT('',(7.04E1,4.E0,0.E0));
#5178=DIRECTION('',(0.E0,1.E0,0.E0));
#5179=DIRECTION('',(1.E0,0.E0,0.E0));
#5180=AXIS2_PLACEMENT_3D('',#5177,#5178,#5179);
#5181=PLANE('',#5180);
#5182=ORIENTED_EDGE('',*,*,#2804,.F.);
#5184=ORIENTED_EDGE('',*,*,#5183,.F.);
#5185=ORIENTED_EDGE('',*,*,#3473,.T.);
#5186=ORIENTED_EDGE('',*,*,#5168,.F.);
#5187=EDGE_LOOP('',(#5182,#5184,#5185,#5186));
#5188=FACE_OUTER_BOUND('',#5187,.F.);
#5189=ADVANCED_FACE('',(#5188),#5181,.T.);
#5190=CARTESIAN_POINT('',(7.04E1,4.E0,0.E0));
#5191=DIRECTION('',(0.E0,1.E0,0.E0));
#5192=DIRECTION('',(1.E0,0.E0,0.E0));
#5193=AXIS2_PLACEMENT_3D('',#5190,#5191,#5192);
#5194=PLANE('',#5193);
#5195=ORIENTED_EDGE('',*,*,#2812,.F.);
#5197=ORIENTED_EDGE('',*,*,#5196,.T.);
#5198=ORIENTED_EDGE('',*,*,#3465,.T.);
#5200=ORIENTED_EDGE('',*,*,#5199,.F.);
#5201=EDGE_LOOP('',(#5195,#5197,#5198,#5200));
#5202=FACE_OUTER_BOUND('',#5201,.F.);
#5203=ADVANCED_FACE('',(#5202),#5194,.T.);
#5204=CARTESIAN_POINT('',(-3.31E1,0.E0,-1.6E2));
#5205=DIRECTION('',(-1.E0,0.E0,0.E0));
#5206=DIRECTION('',(0.E0,0.E0,1.E0));
#5207=AXIS2_PLACEMENT_3D('',#5204,#5205,#5206);
#5208=PLANE('',#5207);
#5209=ORIENTED_EDGE('',*,*,#2802,.F.);
#5210=ORIENTED_EDGE('',*,*,#3159,.F.);
#5211=ORIENTED_EDGE('',*,*,#3475,.T.);
#5212=ORIENTED_EDGE('',*,*,#5183,.T.);
#5213=EDGE_LOOP('',(#5209,#5210,#5211,#5212));
#5214=FACE_OUTER_BOUND('',#5213,.F.);
#5215=ADVANCED_FACE('',(#5214),#5208,.T.);
#5216=CARTESIAN_POINT('',(-3.135E1,4.E0,-5.E0));
#5217=DIRECTION('',(1.E0,0.E0,0.E0));
#5218=DIRECTION('',(0.E0,0.E0,-1.E0));
#5219=AXIS2_PLACEMENT_3D('',#5216,#5217,#5218);
#5220=PLANE('',#5219);
#5221=ORIENTED_EDGE('',*,*,#2810,.T.);
#5222=ORIENTED_EDGE('',*,*,#3761,.T.);
#5224=ORIENTED_EDGE('',*,*,#5223,.T.);
#5225=ORIENTED_EDGE('',*,*,#3467,.F.);
#5226=ORIENTED_EDGE('',*,*,#5196,.F.);
#5227=EDGE_LOOP('',(#5221,#5222,#5224,#5225,#5226));
#5228=FACE_OUTER_BOUND('',#5227,.F.);
#5229=ADVANCED_FACE('',(#5228),#5220,.T.);
#5230=CARTESIAN_POINT('',(7.04E1,1.9E1,0.E0));
#5231=DIRECTION('',(0.E0,1.E0,0.E0));
#5232=DIRECTION('',(1.E0,0.E0,0.E0));
#5233=AXIS2_PLACEMENT_3D('',#5230,#5231,#5232);
#5234=PLANE('',#5233);
#5235=ORIENTED_EDGE('',*,*,#3469,.T.);
#5236=ORIENTED_EDGE('',*,*,#5223,.F.);
#5237=ORIENTED_EDGE('',*,*,#3759,.F.);
#5238=ORIENTED_EDGE('',*,*,#5171,.F.);
#5239=EDGE_LOOP('',(#5235,#5236,#5237,#5238));
#5240=FACE_OUTER_BOUND('',#5239,.F.);
#5241=ADVANCED_FACE('',(#5240),#5234,.T.);
#5242=CARTESIAN_POINT('',(-3.06E1,0.E0,-5.E0));
#5243=DIRECTION('',(1.E0,0.E0,0.E0));
#5244=DIRECTION('',(0.E0,0.E0,-1.E0));
#5245=AXIS2_PLACEMENT_3D('',#5242,#5243,#5244);
#5246=PLANE('',#5245);
#5247=ORIENTED_EDGE('',*,*,#2814,.T.);
#5248=ORIENTED_EDGE('',*,*,#5199,.T.);
#5249=ORIENTED_EDGE('',*,*,#3463,.F.);
#5250=ORIENTED_EDGE('',*,*,#3162,.F.);
#5251=EDGE_LOOP('',(#5247,#5248,#5249,#5250));
#5252=FACE_OUTER_BOUND('',#5251,.F.);
#5253=ADVANCED_FACE('',(#5252),#5246,.T.);
#5254=CARTESIAN_POINT('',(-2.355E1,4.E0,-1.6E2));
#5255=DIRECTION('',(-1.E0,0.E0,0.E0));
#5256=DIRECTION('',(0.E0,0.E0,1.E0));
#5257=AXIS2_PLACEMENT_3D('',#5254,#5255,#5256);
#5258=PLANE('',#5257);
#5259=ORIENTED_EDGE('',*,*,#2782,.F.);
#5261=ORIENTED_EDGE('',*,*,#5260,.T.);
#5262=ORIENTED_EDGE('',*,*,#3456,.T.);
#5264=ORIENTED_EDGE('',*,*,#5263,.T.);
#5265=ORIENTED_EDGE('',*,*,#3765,.F.);
#5266=EDGE_LOOP('',(#5259,#5261,#5262,#5264,#5265));
#5267=FACE_OUTER_BOUND('',#5266,.F.);
#5268=ADVANCED_FACE('',(#5267),#5258,.T.);
#5269=CARTESIAN_POINT('',(7.92E1,4.E0,0.E0));
#5270=DIRECTION('',(0.E0,1.E0,0.E0));
#5271=DIRECTION('',(1.E0,0.E0,0.E0));
#5272=AXIS2_PLACEMENT_3D('',#5269,#5270,#5271);
#5273=PLANE('',#5272);
#5274=ORIENTED_EDGE('',*,*,#2780,.F.);
#5276=ORIENTED_EDGE('',*,*,#5275,.F.);
#5277=ORIENTED_EDGE('',*,*,#3458,.T.);
#5278=ORIENTED_EDGE('',*,*,#5260,.F.);
#5279=EDGE_LOOP('',(#5274,#5276,#5277,#5278));
#5280=FACE_OUTER_BOUND('',#5279,.F.);
#5281=ADVANCED_FACE('',(#5280),#5273,.T.);
#5282=CARTESIAN_POINT('',(7.92E1,4.E0,0.E0));
#5283=DIRECTION('',(0.E0,1.E0,0.E0));
#5284=DIRECTION('',(1.E0,0.E0,0.E0));
#5285=AXIS2_PLACEMENT_3D('',#5282,#5283,#5284);
#5286=PLANE('',#5285);
#5287=ORIENTED_EDGE('',*,*,#2788,.F.);
#5289=ORIENTED_EDGE('',*,*,#5288,.T.);
#5290=ORIENTED_EDGE('',*,*,#3450,.T.);
#5292=ORIENTED_EDGE('',*,*,#5291,.F.);
#5293=EDGE_LOOP('',(#5287,#5289,#5290,#5292));
#5294=FACE_OUTER_BOUND('',#5293,.F.);
#5295=ADVANCED_FACE('',(#5294),#5286,.T.);
#5296=CARTESIAN_POINT('',(-2.43E1,0.E0,-1.6E2));
#5297=DIRECTION('',(-1.E0,0.E0,0.E0));
#5298=DIRECTION('',(0.E0,0.E0,1.E0));
#5299=AXIS2_PLACEMENT_3D('',#5296,#5297,#5298);
#5300=PLANE('',#5299);
#5301=ORIENTED_EDGE('',*,*,#2778,.F.);
#5302=ORIENTED_EDGE('',*,*,#3166,.F.);
#5303=ORIENTED_EDGE('',*,*,#3460,.T.);
#5304=ORIENTED_EDGE('',*,*,#5275,.T.);
#5305=EDGE_LOOP('',(#5301,#5302,#5303,#5304));
#5306=FACE_OUTER_BOUND('',#5305,.F.);
#5307=ADVANCED_FACE('',(#5306),#5300,.T.);
#5308=CARTESIAN_POINT('',(-2.255E1,4.E0,-5.E0));
#5309=DIRECTION('',(1.E0,0.E0,0.E0));
#5310=DIRECTION('',(0.E0,0.E0,-1.E0));
#5311=AXIS2_PLACEMENT_3D('',#5308,#5309,#5310);
#5312=PLANE('',#5311);
#5313=ORIENTED_EDGE('',*,*,#2786,.T.);
#5314=ORIENTED_EDGE('',*,*,#3769,.T.);
#5316=ORIENTED_EDGE('',*,*,#5315,.T.);
#5317=ORIENTED_EDGE('',*,*,#3452,.F.);
#5318=ORIENTED_EDGE('',*,*,#5288,.F.);
#5319=EDGE_LOOP('',(#5313,#5314,#5316,#5317,#5318));
#5320=FACE_OUTER_BOUND('',#5319,.F.);
#5321=ADVANCED_FACE('',(#5320),#5312,.T.);
#5322=CARTESIAN_POINT('',(7.92E1,1.9E1,0.E0));
#5323=DIRECTION('',(0.E0,1.E0,0.E0));
#5324=DIRECTION('',(1.E0,0.E0,0.E0));
#5325=AXIS2_PLACEMENT_3D('',#5322,#5323,#5324);
#5326=PLANE('',#5325);
#5327=ORIENTED_EDGE('',*,*,#3454,.T.);
#5328=ORIENTED_EDGE('',*,*,#5315,.F.);
#5329=ORIENTED_EDGE('',*,*,#3767,.F.);
#5330=ORIENTED_EDGE('',*,*,#5263,.F.);
#5331=EDGE_LOOP('',(#5327,#5328,#5329,#5330));
#5332=FACE_OUTER_BOUND('',#5331,.F.);
#5333=ADVANCED_FACE('',(#5332),#5326,.T.);
#5334=CARTESIAN_POINT('',(-2.18E1,0.E0,-5.E0));
#5335=DIRECTION('',(1.E0,0.E0,0.E0));
#5336=DIRECTION('',(0.E0,0.E0,-1.E0));
#5337=AXIS2_PLACEMENT_3D('',#5334,#5335,#5336);
#5338=PLANE('',#5337);
#5339=ORIENTED_EDGE('',*,*,#2790,.T.);
#5340=ORIENTED_EDGE('',*,*,#5291,.T.);
#5341=ORIENTED_EDGE('',*,*,#3448,.F.);
#5342=ORIENTED_EDGE('',*,*,#3169,.F.);
#5343=EDGE_LOOP('',(#5339,#5340,#5341,#5342));
#5344=FACE_OUTER_BOUND('',#5343,.F.);
#5345=ADVANCED_FACE('',(#5344),#5338,.T.);
#5346=CARTESIAN_POINT('',(-1.475E1,4.E0,-1.6E2));
#5347=DIRECTION('',(-1.E0,0.E0,0.E0));
#5348=DIRECTION('',(0.E0,0.E0,1.E0));
#5349=AXIS2_PLACEMENT_3D('',#5346,#5347,#5348);
#5350=PLANE('',#5349);
#5351=ORIENTED_EDGE('',*,*,#2759,.F.);
#5352=ORIENTED_EDGE('',*,*,#2728,.T.);
#5353=ORIENTED_EDGE('',*,*,#3442,.T.);
#5355=ORIENTED_EDGE('',*,*,#5354,.T.);
#5356=ORIENTED_EDGE('',*,*,#3773,.F.);
#5357=EDGE_LOOP('',(#5351,#5352,#5353,#5355,#5356));
#5358=FACE_OUTER_BOUND('',#5357,.F.);
#5359=ADVANCED_FACE('',(#5358),#5350,.T.);
#5360=CARTESIAN_POINT('',(8.8E1,1.9E1,0.E0));
#5361=DIRECTION('',(0.E0,1.E0,0.E0));
#5362=DIRECTION('',(1.E0,0.E0,0.E0));
#5363=AXIS2_PLACEMENT_3D('',#5360,#5361,#5362);
#5364=PLANE('',#5363);
#5365=ORIENTED_EDGE('',*,*,#3440,.T.);
#5367=ORIENTED_EDGE('',*,*,#5366,.F.);
#5368=ORIENTED_EDGE('',*,*,#3775,.F.);
#5369=ORIENTED_EDGE('',*,*,#5354,.F.);
#5370=EDGE_LOOP('',(#5365,#5367,#5368,#5369));
#5371=FACE_OUTER_BOUND('',#5370,.F.);
#5372=ADVANCED_FACE('',(#5371),#5364,.T.);
#5373=CARTESIAN_POINT('',(-1.375E1,4.E0,-5.E0));
#5374=DIRECTION('',(1.E0,0.E0,0.E0));
#5375=DIRECTION('',(0.E0,0.E0,-1.E0));
#5376=AXIS2_PLACEMENT_3D('',#5373,#5374,#5375);
#5377=PLANE('',#5376);
#5378=ORIENTED_EDGE('',*,*,#2763,.T.);
#5379=ORIENTED_EDGE('',*,*,#3777,.T.);
#5380=ORIENTED_EDGE('',*,*,#5366,.T.);
#5381=ORIENTED_EDGE('',*,*,#3438,.F.);
#5382=ORIENTED_EDGE('',*,*,#2740,.F.);
#5383=EDGE_LOOP('',(#5378,#5379,#5380,#5381,#5382));
#5384=FACE_OUTER_BOUND('',#5383,.F.);
#5385=ADVANCED_FACE('',(#5384),#5377,.T.);
#5386=CARTESIAN_POINT('',(-1.3E1,0.E0,-5.E0));
#5387=DIRECTION('',(1.E0,0.E0,0.E0));
#5388=DIRECTION('',(0.E0,0.E0,-1.E0));
#5389=AXIS2_PLACEMENT_3D('',#5386,#5387,#5388);
#5390=PLANE('',#5389);
#5391=ORIENTED_EDGE('',*,*,#2766,.T.);
#5392=ORIENTED_EDGE('',*,*,#2744,.T.);
#5393=ORIENTED_EDGE('',*,*,#3435,.F.);
#5394=ORIENTED_EDGE('',*,*,#3176,.F.);
#5395=EDGE_LOOP('',(#5391,#5392,#5393,#5394));
#5396=FACE_OUTER_BOUND('',#5395,.F.);
#5397=ADVANCED_FACE('',(#5396),#5390,.T.);
#5398=CARTESIAN_POINT('',(-1.55E1,0.E0,-1.6E2));
#5399=DIRECTION('',(-1.E0,0.E0,0.E0));
#5400=DIRECTION('',(0.E0,0.E0,1.E0));
#5401=AXIS2_PLACEMENT_3D('',#5398,#5399,#5400);
#5402=PLANE('',#5401);
#5403=ORIENTED_EDGE('',*,*,#2756,.F.);
#5404=ORIENTED_EDGE('',*,*,#3173,.F.);
#5405=ORIENTED_EDGE('',*,*,#3445,.T.);
#5406=ORIENTED_EDGE('',*,*,#2724,.T.);
#5407=EDGE_LOOP('',(#5403,#5404,#5405,#5406));
#5408=FACE_OUTER_BOUND('',#5407,.F.);
#5409=ADVANCED_FACE('',(#5408),#5402,.T.);
#5410=CARTESIAN_POINT('',(0.E0,1.033931380686E1,-2.999359417675E2));
#5411=DIRECTION('',(0.E0,1.E0,0.E0));
#5412=DIRECTION('',(0.E0,0.E0,1.E0));
#5413=AXIS2_PLACEMENT_3D('',#5410,#5411,#5412);
#5414=PLANE('',#5413);
#5415=ORIENTED_EDGE('',*,*,#3370,.F.);
#5416=ORIENTED_EDGE('',*,*,#3255,.F.);
#5418=ORIENTED_EDGE('',*,*,#5417,.T.);
#5419=ORIENTED_EDGE('',*,*,#3297,.T.);
#5420=ORIENTED_EDGE('',*,*,#3352,.F.);
#5421=EDGE_LOOP('',(#5415,#5416,#5418,#5419,#5420));
#5422=FACE_OUTER_BOUND('',#5421,.F.);
#5423=ADVANCED_FACE('',(#5422),#5414,.T.);
#5424=CARTESIAN_POINT('',(0.E0,-1.710315903666E1,-2.999359417675E2));
#5425=DIRECTION('',(0.E0,0.E0,-1.E0));
#5426=DIRECTION('',(0.E0,1.E0,0.E0));
#5427=AXIS2_PLACEMENT_3D('',#5424,#5425,#5426);
#5428=PLANE('',#5427);
#5429=ORIENTED_EDGE('',*,*,#3253,.F.);
#5431=ORIENTED_EDGE('',*,*,#5430,.T.);
#5432=ORIENTED_EDGE('',*,*,#3299,.T.);
#5433=ORIENTED_EDGE('',*,*,#5417,.F.);
#5434=EDGE_LOOP('',(#5429,#5431,#5432,#5433));
#5435=FACE_OUTER_BOUND('',#5434,.F.);
#5436=ADVANCED_FACE('',(#5435),#5428,.T.);
#5437=CARTESIAN_POINT('',(0.E0,-1.710315903666E1,-1.499359417675E2));
#5438=DIRECTION('',(0.E0,-1.E0,0.E0));
#5439=DIRECTION('',(0.E0,0.E0,-1.E0));
#5440=AXIS2_PLACEMENT_3D('',#5437,#5438,#5439);
#5441=PLANE('',#5440);
#5442=ORIENTED_EDGE('',*,*,#3251,.F.);
#5443=ORIENTED_EDGE('',*,*,#3355,.T.);
#5444=ORIENTED_EDGE('',*,*,#3301,.T.);
#5445=ORIENTED_EDGE('',*,*,#5430,.F.);
#5446=EDGE_LOOP('',(#5442,#5443,#5444,#5445));
#5447=FACE_OUTER_BOUND('',#5446,.F.);
#5448=ADVANCED_FACE('',(#5447),#5441,.T.);
#5449=CARTESIAN_POINT('',(0.E0,-1.710315903666E1,-8.E1));
#5450=DIRECTION('',(0.E0,0.E0,-1.E0));
#5451=DIRECTION('',(0.E0,1.E0,0.E0));
#5452=AXIS2_PLACEMENT_3D('',#5449,#5450,#5451);
#5453=PLANE('',#5452);
#5454=ORIENTED_EDGE('',*,*,#3374,.F.);
#5455=ORIENTED_EDGE('',*,*,#3222,.F.);
#5457=ORIENTED_EDGE('',*,*,#5456,.T.);
#5458=ORIENTED_EDGE('',*,*,#3331,.T.);
#5460=ORIENTED_EDGE('',*,*,#5459,.F.);
#5461=EDGE_LOOP('',(#5454,#5455,#5457,#5458,#5460));
#5462=FACE_OUTER_BOUND('',#5461,.F.);
#5463=ADVANCED_FACE('',(#5462),#5453,.T.);
#5464=CARTESIAN_POINT('',(0.E0,-1.710315903666E1,-5.E0));
#5465=DIRECTION('',(0.E0,-1.E0,0.E0));
#5466=DIRECTION('',(0.E0,0.E0,-1.E0));
#5467=AXIS2_PLACEMENT_3D('',#5464,#5465,#5466);
#5468=PLANE('',#5467);
#5469=ORIENTED_EDGE('',*,*,#3320,.F.);
#5470=ORIENTED_EDGE('',*,*,#5456,.F.);
#5471=ORIENTED_EDGE('',*,*,#3220,.T.);
#5472=ORIENTED_EDGE('',*,*,#3058,.T.);
#5473=EDGE_LOOP('',(#5469,#5470,#5471,#5472));
#5474=FACE_OUTER_BOUND('',#5473,.F.);
#5475=ADVANCED_FACE('',(#5474),#5468,.T.);
#5476=CARTESIAN_POINT('',(0.E0,1.289684096334E1,-8.E1));
#5477=DIRECTION('',(0.E0,1.E0,0.E0));
#5478=DIRECTION('',(0.E0,0.E0,1.E0));
#5479=AXIS2_PLACEMENT_3D('',#5476,#5477,#5478);
#5480=PLANE('',#5479);
#5481=ORIENTED_EDGE('',*,*,#3376,.F.);
#5482=ORIENTED_EDGE('',*,*,#5459,.T.);
#5483=ORIENTED_EDGE('',*,*,#3329,.T.);
#5485=ORIENTED_EDGE('',*,*,#5484,.F.);
#5486=EDGE_LOOP('',(#5481,#5482,#5483,#5485));
#5487=FACE_OUTER_BOUND('',#5486,.F.);
#5488=ADVANCED_FACE('',(#5487),#5480,.T.);
#5489=CARTESIAN_POINT('',(0.E0,1.289684096334E1,-6.7E1));
#5490=DIRECTION('',(0.E0,0.E0,1.E0));
#5491=DIRECTION('',(0.E0,-1.E0,0.E0));
#5492=AXIS2_PLACEMENT_3D('',#5489,#5490,#5491);
#5493=PLANE('',#5492);
#5494=ORIENTED_EDGE('',*,*,#3268,.F.);
#5495=ORIENTED_EDGE('',*,*,#3378,.T.);
#5496=ORIENTED_EDGE('',*,*,#5484,.T.);
#5497=ORIENTED_EDGE('',*,*,#3327,.T.);
#5498=EDGE_LOOP('',(#5494,#5495,#5496,#5497));
#5499=FACE_OUTER_BOUND('',#5498,.F.);
#5500=ADVANCED_FACE('',(#5499),#5493,.T.);
#5501=CARTESIAN_POINT('',(0.E0,1.289684096334E1,-1.8E1));
#5502=DIRECTION('',(0.E0,1.E0,0.E0));
#5503=DIRECTION('',(0.E0,0.E0,1.E0));
#5504=AXIS2_PLACEMENT_3D('',#5501,#5502,#5503);
#5505=PLANE('',#5504);
#5506=ORIENTED_EDGE('',*,*,#3382,.F.);
#5507=ORIENTED_EDGE('',*,*,#3283,.T.);
#5508=ORIENTED_EDGE('',*,*,#3323,.T.);
#5509=ORIENTED_EDGE('',*,*,#3054,.F.);
#5510=EDGE_LOOP('',(#5506,#5507,#5508,#5509));
#5511=FACE_OUTER_BOUND('',#5510,.F.);
#5512=ADVANCED_FACE('',(#5511),#5505,.T.);
#5516=DIMENSIONAL_EXPONENTS(0.E0,0.E0,0.E0,0.E0,0.E0,0.E0,0.E0);
#5518=PLANE_ANGLE_MEASURE_WITH_UNIT(PLANE_ANGLE_MEASURE(1.745329251994E-2),
#5517);
#5519=(CONVERSION_BASED_UNIT('DEGREE',#5518)NAMED_UNIT(*)PLANE_ANGLE_UNIT());
#5521=UNCERTAINTY_MEASURE_WITH_UNIT(LENGTH_MEASURE(9.906E-3),#5515,'closure',
'Maximum model space distance between geometric entities at asserted connectivities');
#5522=(GEOMETRIC_REPRESENTATION_CONTEXT(3)GLOBAL_UNCERTAINTY_ASSIGNED_CONTEXT((
#5521))GLOBAL_UNIT_ASSIGNED_CONTEXT((#5515,#5519,#5520))REPRESENTATION_CONTEXT(
'ID1','3'));
#5524=APPLICATION_CONTEXT(
'CONFIGURATION CONTROLLED 3D DESIGNS OF MECHANICAL PARTS AND ASSEMBLIES');
#5525=APPLICATION_PROTOCOL_DEFINITION('international standard',
'config_control_design',1994,#5524);
#5526=DESIGN_CONTEXT('',#5524,'design');
#5527=MECHANICAL_CONTEXT('',#5524,'mechanical');
#5528=PRODUCT('PIPETTIPRACCC','PIPETTIPRACCC','NOT SPECIFIED',(#5527));
#5529=PRODUCT_DEFINITION_FORMATION_WITH_SPECIFIED_SOURCE('7','LAST_VERSION',
#5528,.MADE.);
#5533=PRODUCT_CATEGORY('part','');
#5534=PRODUCT_RELATED_PRODUCT_CATEGORY('detail','',(#5528));
#5535=PRODUCT_CATEGORY_RELATIONSHIP('','',#5533,#5534);
#5536=SECURITY_CLASSIFICATION_LEVEL('unclassified');
#5537=SECURITY_CLASSIFICATION('','',#5536);
#5538=CC_DESIGN_SECURITY_CLASSIFICATION(#5537,(#5529));
#5539=APPROVAL_STATUS('approved');
#5540=APPROVAL(#5539,'');
#5541=CC_DESIGN_APPROVAL(#5540,(#5537,#5529,#5530));
#5542=CALENDAR_DATE(126,20,5);
#5543=COORDINATED_UNIVERSAL_TIME_OFFSET(9,0,.AHEAD.);
#5544=LOCAL_TIME(11,2,4.2E1,#5543);
#5545=DATE_AND_TIME(#5542,#5544);
#5546=APPROVAL_DATE_TIME(#5545,#5540);
#5547=DATE_TIME_ROLE('creation_date');
#5548=CC_DESIGN_DATE_AND_TIME_ASSIGNMENT(#5545,#5547,(#5530));
#5549=DATE_TIME_ROLE('classification_date');
#5550=CC_DESIGN_DATE_AND_TIME_ASSIGNMENT(#5545,#5549,(#5537));
#5551=PERSON('UNSPECIFIED','UNSPECIFIED',$,$,$,$);
#5552=ORGANIZATION('UNSPECIFIED','UNSPECIFIED','UNSPECIFIED');
#5553=PERSON_AND_ORGANIZATION(#5551,#5552);
#5554=APPROVAL_ROLE('approver');
#5555=APPROVAL_PERSON_ORGANIZATION(#5553,#5540,#5554);
#5556=PERSON_AND_ORGANIZATION_ROLE('creator');
#5557=CC_DESIGN_PERSON_AND_ORGANIZATION_ASSIGNMENT(#5553,#5556,(#5529,#5530));
#5558=PERSON_AND_ORGANIZATION_ROLE('design_supplier');
#5559=CC_DESIGN_PERSON_AND_ORGANIZATION_ASSIGNMENT(#5553,#5558,(#5529));
#5560=PERSON_AND_ORGANIZATION_ROLE('classification_officer');
#5561=CC_DESIGN_PERSON_AND_ORGANIZATION_ASSIGNMENT(#5553,#5560,(#5537));
#5562=PERSON_AND_ORGANIZATION_ROLE('design_owner');
#5563=CC_DESIGN_PERSON_AND_ORGANIZATION_ASSIGNMENT(#5553,#5562,(#5528));
#2722=EDGE_CURVE('',#2621,#2622,#4,.T.);
#2724=EDGE_CURVE('',#2288,#2621,#8,.T.);
#2726=EDGE_CURVE('',#2288,#2286,#528,.T.);
#2728=EDGE_CURVE('',#2622,#2286,#12,.T.);
#2738=EDGE_CURVE('',#2625,#2626,#16,.T.);
#2740=EDGE_CURVE('',#2625,#2284,#20,.T.);
#2742=EDGE_CURVE('',#2284,#2282,#512,.T.);
#2744=EDGE_CURVE('',#2626,#2282,#24,.T.);
#2754=EDGE_CURVE('',#2475,#2476,#236,.T.);
#2756=EDGE_CURVE('',#2475,#2621,#2012,.T.);
#2759=EDGE_CURVE('',#2622,#2628,#1988,.T.);
#2761=EDGE_CURVE('',#2496,#2628,#28,.T.);
#2763=EDGE_CURVE('',#2625,#2496,#2000,.T.);
#2766=EDGE_CURVE('',#2476,#2626,#2004,.T.);
#2776=EDGE_CURVE('',#2471,#2472,#228,.T.);
#2778=EDGE_CURVE('',#2471,#2609,#1960,.T.);
#2780=EDGE_CURVE('',#2609,#2610,#1936,.T.);
#2782=EDGE_CURVE('',#2610,#2616,#1932,.T.);
#2784=EDGE_CURVE('',#2618,#2616,#32,.T.);
#2786=EDGE_CURVE('',#2613,#2618,#1968,.T.);
#2788=EDGE_CURVE('',#2613,#2614,#1948,.T.);
#2790=EDGE_CURVE('',#2472,#2614,#1980,.T.);
#2800=EDGE_CURVE('',#2467,#2468,#220,.T.);
#2802=EDGE_CURVE('',#2467,#2597,#1904,.T.);
#2804=EDGE_CURVE('',#2597,#2598,#1880,.T.);
#2806=EDGE_CURVE('',#2598,#2604,#1876,.T.);
#2808=EDGE_CURVE('',#2606,#2604,#36,.T.);
#2810=EDGE_CURVE('',#2601,#2606,#1912,.T.);
#2812=EDGE_CURVE('',#2601,#2602,#1892,.T.);
#2814=EDGE_CURVE('',#2468,#2602,#1924,.T.);
#2824=EDGE_CURVE('',#2463,#2464,#212,.T.);
#2826=EDGE_CURVE('',#2463,#2585,#1848,.T.);
#2828=EDGE_CURVE('',#2585,#2586,#1824,.T.);
#2830=EDGE_CURVE('',#2586,#2592,#1820,.T.);
#2832=EDGE_CURVE('',#2594,#2592,#40,.T.);
#2834=EDGE_CURVE('',#2589,#2594,#1856,.T.);
#2836=EDGE_CURVE('',#2589,#2590,#1836,.T.);
#2838=EDGE_CURVE('',#2464,#2590,#1868,.T.);
#2848=EDGE_CURVE('',#2459,#2460,#204,.T.);
#2850=EDGE_CURVE('',#2459,#2573,#1792,.T.);
#2852=EDGE_CURVE('',#2573,#2574,#1768,.T.);
#2854=EDGE_CURVE('',#2574,#2580,#1764,.T.);
#2856=EDGE_CURVE('',#2582,#2580,#44,.T.);
#2858=EDGE_CURVE('',#2577,#2582,#1800,.T.);
#2860=EDGE_CURVE('',#2577,#2578,#1780,.T.);
#2862=EDGE_CURVE('',#2460,#2578,#1812,.T.);
#2872=EDGE_CURVE('',#2455,#2456,#196,.T.);
#2874=EDGE_CURVE('',#2455,#2561,#1736,.T.);
#2876=EDGE_CURVE('',#2561,#2562,#1712,.T.);
#2878=EDGE_CURVE('',#2562,#2568,#1708,.T.);
#2880=EDGE_CURVE('',#2570,#2568,#48,.T.);
#2882=EDGE_CURVE('',#2565,#2570,#1744,.T.);
#2884=EDGE_CURVE('',#2565,#2566,#1724,.T.);
#2886=EDGE_CURVE('',#2456,#2566,#1756,.T.);
#2896=EDGE_CURVE('',#2451,#2452,#188,.T.);
#2898=EDGE_CURVE('',#2451,#2549,#1680,.T.);
#2900=EDGE_CURVE('',#2549,#2550,#1656,.T.);
#2902=EDGE_CURVE('',#2550,#2556,#1652,.T.);
#2904=EDGE_CURVE('',#2558,#2556,#52,.T.);
#2906=EDGE_CURVE('',#2553,#2558,#1688,.T.);
#2908=EDGE_CURVE('',#2553,#2554,#1668,.T.);
#2910=EDGE_CURVE('',#2452,#2554,#1700,.T.);
#2920=EDGE_CURVE('',#2447,#2448,#180,.T.);
#2922=EDGE_CURVE('',#2447,#2537,#1624,.T.);
#2924=EDGE_CURVE('',#2537,#2538,#1600,.T.);
#2926=EDGE_CURVE('',#2538,#2544,#1596,.T.);
#2928=EDGE_CURVE('',#2546,#2544,#56,.T.);
#2930=EDGE_CURVE('',#2541,#2546,#1632,.T.);
#2932=EDGE_CURVE('',#2541,#2542,#1612,.T.);
#2934=EDGE_CURVE('',#2448,#2542,#1644,.T.);
#2944=EDGE_CURVE('',#2443,#2444,#172,.T.);
#2946=EDGE_CURVE('',#2443,#2525,#1568,.T.);
#2948=EDGE_CURVE('',#2525,#2526,#1544,.T.);
#2950=EDGE_CURVE('',#2526,#2532,#1540,.T.);
#2952=EDGE_CURVE('',#2534,#2532,#60,.T.);
#2954=EDGE_CURVE('',#2529,#2534,#1576,.T.);
#2956=EDGE_CURVE('',#2529,#2530,#1556,.T.);
#2958=EDGE_CURVE('',#2444,#2530,#1588,.T.);
#2968=EDGE_CURVE('',#2439,#2440,#164,.T.);
#2970=EDGE_CURVE('',#2439,#2513,#1512,.T.);
#2972=EDGE_CURVE('',#2513,#2514,#1488,.T.);
#2974=EDGE_CURVE('',#2514,#2520,#1484,.T.);
#2976=EDGE_CURVE('',#2522,#2520,#64,.T.);
#2978=EDGE_CURVE('',#2517,#2522,#1520,.T.);
#2980=EDGE_CURVE('',#2517,#2518,#1500,.T.);
#2982=EDGE_CURVE('',#2440,#2518,#1532,.T.);
#2992=EDGE_CURVE('',#2435,#2436,#152,.T.);
#2994=EDGE_CURVE('',#2435,#2501,#1464,.T.);
#2996=EDGE_CURVE('',#2501,#2502,#1440,.T.);
#2998=EDGE_CURVE('',#2502,#2508,#1436,.T.);
#3000=EDGE_CURVE('',#2510,#2508,#68,.T.);
#3002=EDGE_CURVE('',#2505,#2510,#1468,.T.);
#3004=EDGE_CURVE('',#2505,#2506,#1452,.T.);
#3006=EDGE_CURVE('',#2436,#2506,#1480,.T.);
#3016=EDGE_CURVE('',#2431,#2432,#136,.T.);
#3018=EDGE_CURVE('',#2431,#2348,#1108,.T.);
#3020=EDGE_CURVE('',#2348,#2338,#1164,.T.);
#3022=EDGE_CURVE('',#2337,#2338,#1252,.T.);
#3024=EDGE_CURVE('',#2483,#2337,#72,.T.);
#3026=EDGE_CURVE('',#2483,#2484,#1068,.T.);
#3028=EDGE_CURVE('',#2498,#2484,#76,.T.);
#3030=EDGE_CURVE('',#2432,#2498,#1428,.T.);
#3040=EDGE_CURVE('',#2480,#2318,#292,.T.);
#3042=EDGE_CURVE('',#2479,#2480,#244,.T.);
#3044=EDGE_CURVE('',#2479,#2631,#840,.T.);
#3046=EDGE_CURVE('',#2631,#2632,#828,.T.);
#3048=EDGE_CURVE('',#2632,#2495,#848,.T.);
#3050=EDGE_CURVE('',#2492,#2495,#80,.T.);
#3052=EDGE_CURVE('',#2491,#2492,#452,.T.);
#3054=EDGE_CURVE('',#2491,#2307,#84,.T.);
#3056=EDGE_CURVE('',#2307,#2308,#396,.T.);
#3058=EDGE_CURVE('',#2318,#2308,#2040,.T.);
#3068=EDGE_CURVE('',#2372,#2712,#88,.T.);
#3070=EDGE_CURVE('',#2712,#2716,#1332,.T.);
#3072=EDGE_CURVE('',#2716,#2404,#92,.T.);
#3074=EDGE_CURVE('',#2404,#2420,#96,.T.);
#3076=EDGE_CURVE('',#2420,#2415,#100,.T.);
#3078=EDGE_CURVE('',#2399,#2415,#1292,.T.);
#3080=EDGE_CURVE('',#2360,#2399,#104,.T.);
#3082=EDGE_CURVE('',#2360,#2352,#108,.T.);
#3084=EDGE_CURVE('',#2412,#2352,#112,.T.);
#3086=EDGE_CURVE('',#2412,#2428,#116,.T.);
#3088=EDGE_CURVE('',#2428,#2423,#120,.T.);
#3090=EDGE_CURVE('',#2407,#2423,#1316,.T.);
#3092=EDGE_CURVE('',#2363,#2407,#124,.T.);
#3094=EDGE_CURVE('',#2363,#2364,#128,.T.);
#3096=EDGE_CURVE('',#2431,#2364,#132,.T.);
#3099=EDGE_CURVE('',#2432,#2070,#140,.T.);
#3101=EDGE_CURVE('',#2070,#2073,#144,.T.);
#3103=EDGE_CURVE('',#2073,#2435,#148,.T.);
#3106=EDGE_CURVE('',#2436,#2077,#156,.T.);
#3108=EDGE_CURVE('',#2077,#2182,#160,.T.);
#3110=EDGE_CURVE('',#2182,#2439,#1516,.T.);
#3113=EDGE_CURVE('',#2440,#2173,#1536,.T.);
#3115=EDGE_CURVE('',#2173,#2194,#168,.T.);
#3117=EDGE_CURVE('',#2194,#2443,#1572,.T.);
#3120=EDGE_CURVE('',#2444,#2185,#1592,.T.);
#3122=EDGE_CURVE('',#2185,#2206,#176,.T.);
#3124=EDGE_CURVE('',#2206,#2447,#1628,.T.);
#3127=EDGE_CURVE('',#2448,#2197,#1648,.T.);
#3129=EDGE_CURVE('',#2197,#2218,#184,.T.);
#3131=EDGE_CURVE('',#2218,#2451,#1684,.T.);
#3134=EDGE_CURVE('',#2452,#2209,#1704,.T.);
#3136=EDGE_CURVE('',#2209,#2230,#192,.T.);
#3138=EDGE_CURVE('',#2230,#2455,#1740,.T.);
#3141=EDGE_CURVE('',#2456,#2221,#1760,.T.);
#3143=EDGE_CURVE('',#2221,#2242,#200,.T.);
#3145=EDGE_CURVE('',#2242,#2459,#1796,.T.);
#3148=EDGE_CURVE('',#2460,#2233,#1816,.T.);
#3150=EDGE_CURVE('',#2233,#2254,#208,.T.);
#3152=EDGE_CURVE('',#2254,#2463,#1852,.T.);
#3155=EDGE_CURVE('',#2464,#2245,#1872,.T.);
#3157=EDGE_CURVE('',#2245,#2266,#216,.T.);
#3159=EDGE_CURVE('',#2266,#2467,#1908,.T.);
#3162=EDGE_CURVE('',#2468,#2257,#1928,.T.);
#3164=EDGE_CURVE('',#2257,#2278,#224,.T.);
#3166=EDGE_CURVE('',#2278,#2471,#1964,.T.);
#3169=EDGE_CURVE('',#2472,#2269,#1984,.T.);
#3171=EDGE_CURVE('',#2269,#2290,#232,.T.);
#3173=EDGE_CURVE('',#2290,#2475,#2016,.T.);
#3176=EDGE_CURVE('',#2476,#2281,#2008,.T.);
#3178=EDGE_CURVE('',#2281,#2304,#240,.T.);
#3180=EDGE_CURVE('',#2304,#2479,#844,.T.);
#3183=EDGE_CURVE('',#2480,#2329,#248,.T.);
#3185=EDGE_CURVE('',#2329,#2330,#252,.T.);
#3187=EDGE_CURVE('',#2330,#2375,#256,.T.);
#3189=EDGE_CURVE('',#2391,#2375,#1312,.T.);
#3191=EDGE_CURVE('',#2391,#2396,#260,.T.);
#3193=EDGE_CURVE('',#2396,#2380,#264,.T.);
#3195=EDGE_CURVE('',#2380,#2326,#268,.T.);
#3197=EDGE_CURVE('',#2326,#2332,#272,.T.);
#3199=EDGE_CURVE('',#2332,#2367,#276,.T.);
#3201=EDGE_CURVE('',#2383,#2367,#1288,.T.);
#3203=EDGE_CURVE('',#2383,#2388,#280,.T.);
#3205=EDGE_CURVE('',#2388,#2372,#284,.T.);
#3216=EDGE_CURVE('',#2330,#2329,#288,.T.);
#3220=EDGE_CURVE('',#2320,#2318,#2036,.T.);
#3222=EDGE_CURVE('',#2320,#2326,#296,.T.);
#3225=EDGE_CURVE('',#2380,#2378,#300,.T.);
#3227=EDGE_CURVE('',#2376,#2378,#304,.T.);
#3229=EDGE_CURVE('',#2375,#2376,#308,.T.);
#3239=EDGE_CURVE('',#2711,#2712,#312,.T.);
#3242=EDGE_CURVE('',#2372,#2370,#316,.T.);
#3244=EDGE_CURVE('',#2368,#2370,#320,.T.);
#3246=EDGE_CURVE('',#2367,#2368,#324,.T.);
#3249=EDGE_CURVE('',#2332,#2643,#328,.T.);
#3251=EDGE_CURVE('',#2643,#2644,#332,.T.);
#3253=EDGE_CURVE('',#2644,#2646,#336,.T.);
#3255=EDGE_CURVE('',#2646,#2711,#340,.T.);
#3265=EDGE_CURVE('',#2329,#2634,#348,.T.);
#3268=EDGE_CURVE('',#2330,#2636,#2048,.T.);
#3270=EDGE_CURVE('',#2636,#2634,#344,.T.);
#3281=EDGE_CURVE('',#2634,#2310,#404,.T.);
#3283=EDGE_CURVE('',#2334,#2310,#2056,.T.);
#3285=EDGE_CURVE('',#2329,#2334,#444,.T.);
#3295=EDGE_CURVE('',#2649,#2650,#352,.T.);
#3297=EDGE_CURVE('',#2654,#2649,#356,.T.);
#3299=EDGE_CURVE('',#2652,#2654,#360,.T.);
#3301=EDGE_CURVE('',#2650,#2652,#364,.T.);
#3306=EDGE_CURVE('',#2383,#2384,#368,.T.);
#3308=EDGE_CURVE('',#2384,#2386,#372,.T.);
#3310=EDGE_CURVE('',#2386,#2388,#376,.T.);
#3320=EDGE_CURVE('',#2316,#2308,#392,.T.);
#3323=EDGE_CURVE('',#2310,#2307,#400,.T.);
#3327=EDGE_CURVE('',#2314,#2636,#408,.T.);
#3329=EDGE_CURVE('',#2313,#2314,#412,.T.);
#3331=EDGE_CURVE('',#2316,#2313,#416,.T.);
#3336=EDGE_CURVE('',#2391,#2392,#380,.T.);
#3338=EDGE_CURVE('',#2392,#2394,#384,.T.);
#3340=EDGE_CURVE('',#2394,#2396,#388,.T.);
#3350=EDGE_CURVE('',#2332,#2656,#428,.T.);
#3352=EDGE_CURVE('',#2656,#2649,#420,.T.);
#3355=EDGE_CURVE('',#2643,#2650,#2028,.T.);
#3366=EDGE_CURVE('',#2708,#2060,#492,.T.);
#3368=EDGE_CURVE('',#2708,#2711,#1320,.T.);
#3370=EDGE_CURVE('',#2711,#2656,#424,.T.);
#3374=EDGE_CURVE('',#2326,#2323,#432,.T.);
#3376=EDGE_CURVE('',#2323,#2324,#436,.T.);
#3378=EDGE_CURVE('',#2330,#2324,#440,.T.);
#3382=EDGE_CURVE('',#2334,#2491,#448,.T.);
#3385=EDGE_CURVE('',#2488,#2492,#456,.T.);
#3387=EDGE_CURVE('',#2488,#2684,#460,.T.);
#3389=EDGE_CURVE('',#2684,#2678,#464,.T.);
#3391=EDGE_CURVE('',#2678,#2680,#1384,.T.);
#3393=EDGE_CURVE('',#2688,#2680,#1392,.T.);
#3395=EDGE_CURVE('',#2688,#2060,#468,.T.);
#3405=EDGE_CURVE('',#2059,#2707,#488,.T.);
#3407=EDGE_CURVE('',#2707,#2708,#1324,.T.);
#3410=EDGE_CURVE('',#2059,#2060,#496,.T.);
#3414=EDGE_CURVE('',#2063,#2064,#472,.T.);
#3416=EDGE_CURVE('',#2068,#2063,#476,.T.);
#3418=EDGE_CURVE('',#2066,#2068,#480,.T.);
#3420=EDGE_CURVE('',#2064,#2066,#484,.T.);
#3430=EDGE_CURVE('',#2299,#2300,#500,.T.);
#3432=EDGE_CURVE('',#2304,#2299,#504,.T.);
#3435=EDGE_CURVE('',#2281,#2282,#508,.T.);
#3438=EDGE_CURVE('',#2284,#2170,#516,.T.);
#3440=EDGE_CURVE('',#2165,#2170,#520,.T.);
#3442=EDGE_CURVE('',#2286,#2165,#524,.T.);
#3445=EDGE_CURVE('',#2290,#2288,#532,.T.);
#3448=EDGE_CURVE('',#2269,#2270,#536,.T.);
#3450=EDGE_CURVE('',#2272,#2270,#540,.T.);
#3452=EDGE_CURVE('',#2272,#2162,#544,.T.);
#3454=EDGE_CURVE('',#2157,#2162,#548,.T.);
#3456=EDGE_CURVE('',#2274,#2157,#552,.T.);
#3458=EDGE_CURVE('',#2276,#2274,#556,.T.);
#3460=EDGE_CURVE('',#2278,#2276,#560,.T.);
#3463=EDGE_CURVE('',#2257,#2258,#564,.T.);
#3465=EDGE_CURVE('',#2260,#2258,#568,.T.);
#3467=EDGE_CURVE('',#2260,#2154,#572,.T.);
#3469=EDGE_CURVE('',#2149,#2154,#576,.T.);
#3471=EDGE_CURVE('',#2262,#2149,#580,.T.);
#3473=EDGE_CURVE('',#2264,#2262,#584,.T.);
#3475=EDGE_CURVE('',#2266,#2264,#588,.T.);
#3478=EDGE_CURVE('',#2245,#2246,#592,.T.);
#3480=EDGE_CURVE('',#2248,#2246,#596,.T.);
#3482=EDGE_CURVE('',#2248,#2146,#600,.T.);
#3484=EDGE_CURVE('',#2141,#2146,#604,.T.);
#3486=EDGE_CURVE('',#2250,#2141,#608,.T.);
#3488=EDGE_CURVE('',#2252,#2250,#612,.T.);
#3490=EDGE_CURVE('',#2254,#2252,#616,.T.);
#3493=EDGE_CURVE('',#2233,#2234,#620,.T.);
#3495=EDGE_CURVE('',#2236,#2234,#624,.T.);
#3497=EDGE_CURVE('',#2236,#2138,#628,.T.);
#3499=EDGE_CURVE('',#2133,#2138,#632,.T.);
#3501=EDGE_CURVE('',#2238,#2133,#636,.T.);
#3503=EDGE_CURVE('',#2240,#2238,#640,.T.);
#3505=EDGE_CURVE('',#2242,#2240,#644,.T.);
#3508=EDGE_CURVE('',#2221,#2222,#648,.T.);
#3510=EDGE_CURVE('',#2224,#2222,#652,.T.);
#3512=EDGE_CURVE('',#2224,#2130,#656,.T.);
#3514=EDGE_CURVE('',#2125,#2130,#660,.T.);
#3516=EDGE_CURVE('',#2226,#2125,#664,.T.);
#3518=EDGE_CURVE('',#2228,#2226,#668,.T.);
#3520=EDGE_CURVE('',#2230,#2228,#672,.T.);
#3523=EDGE_CURVE('',#2209,#2210,#676,.T.);
#3525=EDGE_CURVE('',#2212,#2210,#680,.T.);
#3527=EDGE_CURVE('',#2212,#2122,#684,.T.);
#3529=EDGE_CURVE('',#2117,#2122,#688,.T.);
#3531=EDGE_CURVE('',#2214,#2117,#692,.T.);
#3533=EDGE_CURVE('',#2216,#2214,#696,.T.);
#3535=EDGE_CURVE('',#2218,#2216,#700,.T.);
#3538=EDGE_CURVE('',#2197,#2198,#704,.T.);
#3540=EDGE_CURVE('',#2200,#2198,#708,.T.);
#3542=EDGE_CURVE('',#2200,#2114,#712,.T.);
#3544=EDGE_CURVE('',#2109,#2114,#716,.T.);
#3546=EDGE_CURVE('',#2202,#2109,#720,.T.);
#3548=EDGE_CURVE('',#2204,#2202,#724,.T.);
#3550=EDGE_CURVE('',#2206,#2204,#728,.T.);
#3553=EDGE_CURVE('',#2185,#2186,#732,.T.);
#3555=EDGE_CURVE('',#2188,#2186,#736,.T.);
#3557=EDGE_CURVE('',#2188,#2106,#740,.T.);
#3559=EDGE_CURVE('',#2101,#2106,#744,.T.);
#3561=EDGE_CURVE('',#2190,#2101,#748,.T.);
#3563=EDGE_CURVE('',#2192,#2190,#752,.T.);
#3565=EDGE_CURVE('',#2194,#2192,#756,.T.);
#3568=EDGE_CURVE('',#2173,#2174,#760,.T.);
#3570=EDGE_CURVE('',#2176,#2174,#764,.T.);
#3572=EDGE_CURVE('',#2176,#2098,#768,.T.);
#3574=EDGE_CURVE('',#2093,#2098,#772,.T.);
#3576=EDGE_CURVE('',#2178,#2093,#776,.T.);
#3578=EDGE_CURVE('',#2180,#2178,#780,.T.);
#3580=EDGE_CURVE('',#2182,#2180,#784,.T.);
#3583=EDGE_CURVE('',#2077,#2078,#788,.T.);
#3585=EDGE_CURVE('',#2086,#2078,#792,.T.);
#3587=EDGE_CURVE('',#2086,#2081,#796,.T.);
#3589=EDGE_CURVE('',#2081,#2082,#800,.T.);
#3591=EDGE_CURVE('',#2084,#2082,#804,.T.);
#3593=EDGE_CURVE('',#2074,#2084,#808,.T.);
#3595=EDGE_CURVE('',#2073,#2074,#812,.T.);
#3598=EDGE_CURVE('',#2070,#2063,#816,.T.);
#3601=EDGE_CURVE('',#2302,#2064,#860,.T.);
#3603=EDGE_CURVE('',#2293,#2302,#820,.T.);
#3605=EDGE_CURVE('',#2300,#2293,#824,.T.);
#3616=EDGE_CURVE('',#2299,#2631,#832,.T.);
#3619=EDGE_CURVE('',#2632,#2300,#836,.T.);
#3644=EDGE_CURVE('',#2293,#2294,#852,.T.);
#3646=EDGE_CURVE('',#2495,#2294,#868,.T.);
#3657=EDGE_CURVE('',#2302,#2296,#856,.T.);
#3659=EDGE_CURVE('',#2294,#2296,#872,.T.);
#3673=EDGE_CURVE('',#2296,#2066,#876,.T.);
#3683=EDGE_CURVE('',#2495,#2496,#864,.T.);
#3689=EDGE_CURVE('',#2498,#2068,#1432,.T.);
#3691=EDGE_CURVE('',#2508,#2498,#880,.T.);
#3693=EDGE_CURVE('',#2508,#2089,#884,.T.);
#3695=EDGE_CURVE('',#2089,#2090,#888,.T.);
#3697=EDGE_CURVE('',#2510,#2090,#892,.T.);
#3699=EDGE_CURVE('',#2520,#2510,#896,.T.);
#3701=EDGE_CURVE('',#2520,#2094,#900,.T.);
#3703=EDGE_CURVE('',#2094,#2097,#904,.T.);
#3705=EDGE_CURVE('',#2522,#2097,#908,.T.);
#3707=EDGE_CURVE('',#2532,#2522,#912,.T.);
#3709=EDGE_CURVE('',#2532,#2102,#916,.T.);
#3711=EDGE_CURVE('',#2102,#2105,#920,.T.);
#3713=EDGE_CURVE('',#2534,#2105,#924,.T.);
#3715=EDGE_CURVE('',#2544,#2534,#928,.T.);
#3717=EDGE_CURVE('',#2544,#2110,#932,.T.);
#3719=EDGE_CURVE('',#2110,#2113,#936,.T.);
#3721=EDGE_CURVE('',#2546,#2113,#940,.T.);
#3723=EDGE_CURVE('',#2556,#2546,#944,.T.);
#3725=EDGE_CURVE('',#2556,#2118,#948,.T.);
#3727=EDGE_CURVE('',#2118,#2121,#952,.T.);
#3729=EDGE_CURVE('',#2558,#2121,#956,.T.);
#3731=EDGE_CURVE('',#2568,#2558,#960,.T.);
#3733=EDGE_CURVE('',#2568,#2126,#964,.T.);
#3735=EDGE_CURVE('',#2126,#2129,#968,.T.);
#3737=EDGE_CURVE('',#2570,#2129,#972,.T.);
#3739=EDGE_CURVE('',#2580,#2570,#976,.T.);
#3741=EDGE_CURVE('',#2580,#2134,#980,.T.);
#3743=EDGE_CURVE('',#2134,#2137,#984,.T.);
#3745=EDGE_CURVE('',#2582,#2137,#988,.T.);
#3747=EDGE_CURVE('',#2592,#2582,#992,.T.);
#3749=EDGE_CURVE('',#2592,#2142,#996,.T.);
#3751=EDGE_CURVE('',#2142,#2145,#1000,.T.);
#3753=EDGE_CURVE('',#2594,#2145,#1004,.T.);
#3755=EDGE_CURVE('',#2604,#2594,#1008,.T.);
#3757=EDGE_CURVE('',#2604,#2150,#1012,.T.);
#3759=EDGE_CURVE('',#2150,#2153,#1016,.T.);
#3761=EDGE_CURVE('',#2606,#2153,#1020,.T.);
#3763=EDGE_CURVE('',#2616,#2606,#1024,.T.);
#3765=EDGE_CURVE('',#2616,#2158,#1028,.T.);
#3767=EDGE_CURVE('',#2158,#2161,#1032,.T.);
#3769=EDGE_CURVE('',#2618,#2161,#1036,.T.);
#3771=EDGE_CURVE('',#2628,#2618,#1040,.T.);
#3773=EDGE_CURVE('',#2628,#2166,#1044,.T.);
#3775=EDGE_CURVE('',#2166,#2169,#1048,.T.);
#3777=EDGE_CURVE('',#2496,#2169,#1052,.T.);
#3787=EDGE_CURVE('',#2486,#2484,#1064,.T.);
#3789=EDGE_CURVE('',#2486,#2488,#1340,.T.);
#3825=EDGE_CURVE('',#2672,#2715,#1056,.T.);
#3827=EDGE_CURVE('',#2715,#2707,#1328,.T.);
#3830=EDGE_CURVE('',#2687,#2059,#1352,.T.);
#3832=EDGE_CURVE('',#2687,#2675,#1060,.T.);
#3834=EDGE_CURVE('',#2675,#2676,#1376,.T.);
#3836=EDGE_CURVE('',#2683,#2676,#1356,.T.);
#3838=EDGE_CURVE('',#2486,#2683,#1344,.T.);
#3842=EDGE_CURVE('',#2354,#2483,#1072,.T.);
#3844=EDGE_CURVE('',#2364,#2354,#1076,.T.);
#3847=EDGE_CURVE('',#2363,#2358,#1080,.T.);
#3849=EDGE_CURVE('',#2356,#2358,#1084,.T.);
#3851=EDGE_CURVE('',#2352,#2356,#1088,.T.);
#3854=EDGE_CURVE('',#2360,#2672,#1092,.T.);
#3865=EDGE_CURVE('',#2672,#2665,#1100,.T.);
#3867=EDGE_CURVE('',#2670,#2665,#1208,.T.);
#3869=EDGE_CURVE('',#2662,#2670,#1096,.T.);
#3871=EDGE_CURVE('',#2662,#2715,#1132,.T.);
#3882=EDGE_CURVE('',#2360,#2659,#1144,.T.);
#3884=EDGE_CURVE('',#2659,#2666,#1264,.T.);
#3886=EDGE_CURVE('',#2665,#2666,#1196,.T.);
#3897=EDGE_CURVE('',#2350,#2348,#1104,.T.);
#3901=EDGE_CURVE('',#2363,#2364,#1184,.T.);
#3904=EDGE_CURVE('',#2407,#2408,#1112,.T.);
#3906=EDGE_CURVE('',#2408,#2410,#1116,.T.);
#3908=EDGE_CURVE('',#2412,#2410,#1120,.T.);
#3911=EDGE_CURVE('',#2350,#2352,#1124,.T.);
#3921=EDGE_CURVE('',#2715,#2716,#1128,.T.);
#3924=EDGE_CURVE('',#2660,#2662,#1136,.T.);
#3926=EDGE_CURVE('',#2659,#2660,#1140,.T.);
#3930=EDGE_CURVE('',#2399,#2400,#1148,.T.);
#3932=EDGE_CURVE('',#2400,#2402,#1152,.T.);
#3934=EDGE_CURVE('',#2404,#2402,#1156,.T.);
#3946=EDGE_CURVE('',#2350,#2346,#1168,.T.);
#3948=EDGE_CURVE('',#2346,#2338,#1160,.T.);
#3961=EDGE_CURVE('',#2356,#2343,#1172,.T.);
#3963=EDGE_CURVE('',#2346,#2343,#1256,.T.);
#3976=EDGE_CURVE('',#2358,#2344,#1180,.T.);
#3978=EDGE_CURVE('',#2343,#2344,#1260,.T.);
#3988=EDGE_CURVE('',#2363,#2640,#1176,.T.);
#3990=EDGE_CURVE('',#2344,#2640,#1236,.T.);
#4002=EDGE_CURVE('',#2364,#2638,#1188,.T.);
#4004=EDGE_CURVE('',#2640,#2638,#1240,.T.);
#4018=EDGE_CURVE('',#2354,#2340,#1192,.T.);
#4020=EDGE_CURVE('',#2638,#2340,#1244,.T.);
#4031=EDGE_CURVE('',#2340,#2337,#1248,.T.);
#4044=EDGE_CURVE('',#2666,#2668,#1200,.T.);
#4046=EDGE_CURVE('',#2668,#2670,#1204,.T.);
#4052=EDGE_CURVE('',#2418,#2420,#1212,.T.);
#4054=EDGE_CURVE('',#2416,#2418,#1216,.T.);
#4056=EDGE_CURVE('',#2415,#2416,#1220,.T.);
#4077=EDGE_CURVE('',#2426,#2428,#1224,.T.);
#4079=EDGE_CURVE('',#2424,#2426,#1228,.T.);
#4081=EDGE_CURVE('',#2423,#2424,#1232,.T.);
#4092=EDGE_CURVE('',#2660,#2668,#1268,.T.);
#4119=EDGE_CURVE('',#2386,#2370,#1272,.T.);
#4130=EDGE_CURVE('',#2402,#2418,#1276,.T.);
#4145=EDGE_CURVE('',#2384,#2368,#1280,.T.);
#4156=EDGE_CURVE('',#2400,#2416,#1284,.T.);
#4195=EDGE_CURVE('',#2394,#2378,#1296,.T.);
#4206=EDGE_CURVE('',#2410,#2426,#1300,.T.);
#4221=EDGE_CURVE('',#2392,#2376,#1304,.T.);
#4232=EDGE_CURVE('',#2408,#2424,#1308,.T.);
#4282=EDGE_CURVE('',#2683,#2684,#1336,.T.);
#4295=EDGE_CURVE('',#2687,#2688,#1348,.T.);
#4310=EDGE_CURVE('',#2676,#2678,#1388,.T.);
#4315=EDGE_CURVE('',#2691,#2692,#1360,.T.);
#4317=EDGE_CURVE('',#2696,#2691,#1364,.T.);
#4319=EDGE_CURVE('',#2694,#2696,#1368,.T.);
#4321=EDGE_CURVE('',#2692,#2694,#1372,.T.);
#4332=EDGE_CURVE('',#2680,#2675,#1380,.T.);
#4350=EDGE_CURVE('',#2699,#2700,#1396,.T.);
#4352=EDGE_CURVE('',#2700,#2702,#1400,.T.);
#4354=EDGE_CURVE('',#2702,#2704,#1404,.T.);
#4356=EDGE_CURVE('',#2704,#2699,#1408,.T.);
#4367=EDGE_CURVE('',#2700,#2692,#1416,.T.);
#4370=EDGE_CURVE('',#2699,#2691,#1412,.T.);
#4381=EDGE_CURVE('',#2702,#2694,#1420,.T.);
#4394=EDGE_CURVE('',#2704,#2696,#1424,.T.);
#4432=EDGE_CURVE('',#2502,#2084,#1448,.T.);
#4435=EDGE_CURVE('',#2082,#2089,#1476,.T.);
#4447=EDGE_CURVE('',#2074,#2501,#1444,.T.);
#4460=EDGE_CURVE('',#2505,#2086,#1456,.T.);
#4463=EDGE_CURVE('',#2506,#2078,#1460,.T.);
#4487=EDGE_CURVE('',#2090,#2081,#1472,.T.);
#4524=EDGE_CURVE('',#2514,#2178,#1496,.T.);
#4527=EDGE_CURVE('',#2093,#2094,#1528,.T.);
#4539=EDGE_CURVE('',#2180,#2513,#1492,.T.);
#4552=EDGE_CURVE('',#2517,#2176,#1504,.T.);
#4555=EDGE_CURVE('',#2518,#2174,#1508,.T.);
#4579=EDGE_CURVE('',#2097,#2098,#1524,.T.);
#4616=EDGE_CURVE('',#2526,#2190,#1552,.T.);
#4619=EDGE_CURVE('',#2101,#2102,#1584,.T.);
#4631=EDGE_CURVE('',#2192,#2525,#1548,.T.);
#4644=EDGE_CURVE('',#2529,#2188,#1560,.T.);
#4647=EDGE_CURVE('',#2530,#2186,#1564,.T.);
#4671=EDGE_CURVE('',#2105,#2106,#1580,.T.);
#4708=EDGE_CURVE('',#2538,#2202,#1608,.T.);
#4711=EDGE_CURVE('',#2109,#2110,#1640,.T.);
#4723=EDGE_CURVE('',#2204,#2537,#1604,.T.);
#4736=EDGE_CURVE('',#2541,#2200,#1616,.T.);
#4739=EDGE_CURVE('',#2542,#2198,#1620,.T.);
#4763=EDGE_CURVE('',#2113,#2114,#1636,.T.);
#4800=EDGE_CURVE('',#2550,#2214,#1664,.T.);
#4803=EDGE_CURVE('',#2117,#2118,#1696,.T.);
#4815=EDGE_CURVE('',#2216,#2549,#1660,.T.);
#4828=EDGE_CURVE('',#2553,#2212,#1672,.T.);
#4831=EDGE_CURVE('',#2554,#2210,#1676,.T.);
#4855=EDGE_CURVE('',#2121,#2122,#1692,.T.);
#4892=EDGE_CURVE('',#2562,#2226,#1720,.T.);
#4895=EDGE_CURVE('',#2125,#2126,#1752,.T.);
#4907=EDGE_CURVE('',#2228,#2561,#1716,.T.);
#4920=EDGE_CURVE('',#2565,#2224,#1728,.T.);
#4923=EDGE_CURVE('',#2566,#2222,#1732,.T.);
#4947=EDGE_CURVE('',#2129,#2130,#1748,.T.);
#4984=EDGE_CURVE('',#2574,#2238,#1776,.T.);
#4987=EDGE_CURVE('',#2133,#2134,#1808,.T.);
#4999=EDGE_CURVE('',#2240,#2573,#1772,.T.);
#5012=EDGE_CURVE('',#2577,#2236,#1784,.T.);
#5015=EDGE_CURVE('',#2578,#2234,#1788,.T.);
#5039=EDGE_CURVE('',#2137,#2138,#1804,.T.);
#5076=EDGE_CURVE('',#2586,#2250,#1832,.T.);
#5079=EDGE_CURVE('',#2141,#2142,#1864,.T.);
#5091=EDGE_CURVE('',#2252,#2585,#1828,.T.);
#5104=EDGE_CURVE('',#2589,#2248,#1840,.T.);
#5107=EDGE_CURVE('',#2590,#2246,#1844,.T.);
#5131=EDGE_CURVE('',#2145,#2146,#1860,.T.);
#5168=EDGE_CURVE('',#2598,#2262,#1888,.T.);
#5171=EDGE_CURVE('',#2149,#2150,#1920,.T.);
#5183=EDGE_CURVE('',#2264,#2597,#1884,.T.);
#5196=EDGE_CURVE('',#2601,#2260,#1896,.T.);
#5199=EDGE_CURVE('',#2602,#2258,#1900,.T.);
#5223=EDGE_CURVE('',#2153,#2154,#1916,.T.);
#5260=EDGE_CURVE('',#2610,#2274,#1944,.T.);
#5263=EDGE_CURVE('',#2157,#2158,#1976,.T.);
#5275=EDGE_CURVE('',#2276,#2609,#1940,.T.);
#5288=EDGE_CURVE('',#2613,#2272,#1952,.T.);
#5291=EDGE_CURVE('',#2614,#2270,#1956,.T.);
#5315=EDGE_CURVE('',#2161,#2162,#1972,.T.);
#5354=EDGE_CURVE('',#2165,#2166,#1996,.T.);
#5366=EDGE_CURVE('',#2169,#2170,#1992,.T.);
#5417=EDGE_CURVE('',#2646,#2654,#2020,.T.);
#5430=EDGE_CURVE('',#2644,#2652,#2024,.T.);
#5456=EDGE_CURVE('',#2320,#2316,#2032,.T.);
#5459=EDGE_CURVE('',#2323,#2313,#2044,.T.);
#5484=EDGE_CURVE('',#2324,#2314,#2052,.T.);
#5513=CLOSED_SHELL('',(#2732,#2748,#2770,#2794,#2818,#2842,#2866,#2890,#2914,
#2938,#2962,#2986,#3010,#3034,#3062,#3209,#3233,#3259,#3274,#3289,#3314,#3344,
#3360,#3399,#3424,#3609,#3623,#3635,#3650,#3664,#3677,#3781,#3819,#3858,#3875,
#3891,#3915,#3939,#3953,#3968,#3982,#3996,#4010,#4024,#4037,#4060,#4085,#4098,
#4110,#4123,#4136,#4149,#4162,#4174,#4186,#4199,#4212,#4225,#4238,#4250,#4262,
#4276,#4289,#4302,#4325,#4338,#4360,#4374,#4387,#4400,#4412,#4425,#4440,#4453,
#4467,#4479,#4493,#4505,#4517,#4532,#4545,#4559,#4571,#4585,#4597,#4609,#4624,
#4637,#4651,#4663,#4677,#4689,#4701,#4716,#4729,#4743,#4755,#4769,#4781,#4793,
#4808,#4821,#4835,#4847,#4861,#4873,#4885,#4900,#4913,#4927,#4939,#4953,#4965,
#4977,#4992,#5005,#5019,#5031,#5045,#5057,#5069,#5084,#5097,#5111,#5123,#5137,
#5149,#5161,#5176,#5189,#5203,#5215,#5229,#5241,#5253,#5268,#5281,#5295,#5307,
#5321,#5333,#5345,#5359,#5372,#5385,#5397,#5409,#5423,#5436,#5448,#5463,#5475,
#5488,#5500,#5512));
#5514=MANIFOLD_SOLID_BREP('',#5513);
#5515=(LENGTH_UNIT()NAMED_UNIT(*)SI_UNIT(.MILLI.,.METRE.));
#5517=(NAMED_UNIT(*)PLANE_ANGLE_UNIT()SI_UNIT($,.RADIAN.));
#5520=(NAMED_UNIT(*)SI_UNIT($,.STERADIAN.)SOLID_ANGLE_UNIT());
#5523=ADVANCED_BREP_SHAPE_REPRESENTATION('',(#5514),#5522);
#5530=PRODUCT_DEFINITION('design','',#5529,#5526);
#5531=PRODUCT_DEFINITION_SHAPE('','SHAPE FOR PIPETTIPRACCC.',#5530);
#5532=SHAPE_DEFINITION_REPRESENTATION(#5531,#5523);
ENDSEC;
END-ISO-10303-21;
