ISO-10303-21;
HEADER;
FILE_DESCRIPTION((''),'2;1');
FILE_NAME('PIPETTIPRACK88','2026-06-04T14:24:05',('user'),(''),
'CREO PARAMETRIC BY PTC INC, 2025102','CREO PARAMETRIC BY PTC INC, 2025102','');
FILE_SCHEMA(('CONFIG_CONTROL_DESIGN'));
ENDSEC;
DATA;
#1=DIRECTION('',(0.E0,-1.E0,0.E0));
#2=VECTOR('',#1,8.E1);
#3=CARTESIAN_POINT('',(-9.E0,1.5E2,5.E1));
#4=LINE('',#3,#2);
#5=DIRECTION('',(0.E0,0.E0,1.E0));
#6=VECTOR('',#5,8.E1);
#7=CARTESIAN_POINT('',(-1.175E2,1.5E2,-1.5E1));
#8=LINE('',#7,#6);
#9=DIRECTION('',(-1.E0,0.E0,0.E0));
#10=VECTOR('',#9,1.1E2);
#11=CARTESIAN_POINT('',(-7.5E0,1.5E2,-1.5E1));
#12=LINE('',#11,#10);
#13=DIRECTION('',(0.E0,0.E0,-1.E0));
#14=VECTOR('',#13,8.E1);
#15=CARTESIAN_POINT('',(-7.5E0,1.5E2,6.5E1));
#16=LINE('',#15,#14);
#17=DIRECTION('',(1.E0,0.E0,0.E0));
#18=VECTOR('',#17,1.1E2);
#19=CARTESIAN_POINT('',(-1.175E2,1.5E2,6.5E1));
#20=LINE('',#19,#18);
#21=CARTESIAN_POINT('',(-1.125E2,1.5E2,-1.E1));
#22=DIRECTION('',(0.E0,1.E0,0.E0));
#23=DIRECTION('',(1.E0,0.E0,0.E0));
#24=AXIS2_PLACEMENT_3D('',#21,#22,#23);
#26=CARTESIAN_POINT('',(-1.125E2,1.5E2,-1.E1));
#27=DIRECTION('',(0.E0,1.E0,0.E0));
#28=DIRECTION('',(-1.E0,0.E0,0.E0));
#29=AXIS2_PLACEMENT_3D('',#26,#27,#28);
#31=CARTESIAN_POINT('',(-1.025E2,1.5E2,-1.E1));
#32=DIRECTION('',(0.E0,1.E0,0.E0));
#33=DIRECTION('',(1.E0,0.E0,0.E0));
#34=AXIS2_PLACEMENT_3D('',#31,#32,#33);
#36=CARTESIAN_POINT('',(-1.025E2,1.5E2,-1.E1));
#37=DIRECTION('',(0.E0,1.E0,0.E0));
#38=DIRECTION('',(-1.E0,0.E0,0.E0));
#39=AXIS2_PLACEMENT_3D('',#36,#37,#38);
#41=CARTESIAN_POINT('',(-9.25E1,1.5E2,-1.E1));
#42=DIRECTION('',(0.E0,1.E0,0.E0));
#43=DIRECTION('',(1.E0,0.E0,0.E0));
#44=AXIS2_PLACEMENT_3D('',#41,#42,#43);
#46=CARTESIAN_POINT('',(-9.25E1,1.5E2,-1.E1));
#47=DIRECTION('',(0.E0,1.E0,0.E0));
#48=DIRECTION('',(-1.E0,0.E0,0.E0));
#49=AXIS2_PLACEMENT_3D('',#46,#47,#48);
#51=CARTESIAN_POINT('',(-8.25E1,1.5E2,-1.E1));
#52=DIRECTION('',(0.E0,1.E0,0.E0));
#53=DIRECTION('',(1.E0,0.E0,0.E0));
#54=AXIS2_PLACEMENT_3D('',#51,#52,#53);
#56=CARTESIAN_POINT('',(-8.25E1,1.5E2,-1.E1));
#57=DIRECTION('',(0.E0,1.E0,0.E0));
#58=DIRECTION('',(-1.E0,0.E0,0.E0));
#59=AXIS2_PLACEMENT_3D('',#56,#57,#58);
#61=CARTESIAN_POINT('',(-7.25E1,1.5E2,-1.E1));
#62=DIRECTION('',(0.E0,1.E0,0.E0));
#63=DIRECTION('',(1.E0,0.E0,0.E0));
#64=AXIS2_PLACEMENT_3D('',#61,#62,#63);
#66=CARTESIAN_POINT('',(-7.25E1,1.5E2,-1.E1));
#67=DIRECTION('',(0.E0,1.E0,0.E0));
#68=DIRECTION('',(-1.E0,0.E0,0.E0));
#69=AXIS2_PLACEMENT_3D('',#66,#67,#68);
#71=CARTESIAN_POINT('',(-6.25E1,1.5E2,-1.E1));
#72=DIRECTION('',(0.E0,1.E0,0.E0));
#73=DIRECTION('',(1.E0,0.E0,0.E0));
#74=AXIS2_PLACEMENT_3D('',#71,#72,#73);
#76=CARTESIAN_POINT('',(-6.25E1,1.5E2,-1.E1));
#77=DIRECTION('',(0.E0,1.E0,0.E0));
#78=DIRECTION('',(-1.E0,0.E0,0.E0));
#79=AXIS2_PLACEMENT_3D('',#76,#77,#78);
#81=CARTESIAN_POINT('',(-5.25E1,1.5E2,-1.E1));
#82=DIRECTION('',(0.E0,1.E0,0.E0));
#83=DIRECTION('',(1.E0,0.E0,0.E0));
#84=AXIS2_PLACEMENT_3D('',#81,#82,#83);
#86=CARTESIAN_POINT('',(-5.25E1,1.5E2,-1.E1));
#87=DIRECTION('',(0.E0,1.E0,0.E0));
#88=DIRECTION('',(-1.E0,0.E0,0.E0));
#89=AXIS2_PLACEMENT_3D('',#86,#87,#88);
#91=CARTESIAN_POINT('',(-4.25E1,1.5E2,-1.E1));
#92=DIRECTION('',(0.E0,1.E0,0.E0));
#93=DIRECTION('',(1.E0,0.E0,0.E0));
#94=AXIS2_PLACEMENT_3D('',#91,#92,#93);
#96=CARTESIAN_POINT('',(-4.25E1,1.5E2,-1.E1));
#97=DIRECTION('',(0.E0,1.E0,0.E0));
#98=DIRECTION('',(-1.E0,0.E0,0.E0));
#99=AXIS2_PLACEMENT_3D('',#96,#97,#98);
#101=CARTESIAN_POINT('',(-3.25E1,1.5E2,-1.E1));
#102=DIRECTION('',(0.E0,1.E0,0.E0));
#103=DIRECTION('',(1.E0,0.E0,0.E0));
#104=AXIS2_PLACEMENT_3D('',#101,#102,#103);
#106=CARTESIAN_POINT('',(-3.25E1,1.5E2,-1.E1));
#107=DIRECTION('',(0.E0,1.E0,0.E0));
#108=DIRECTION('',(-1.E0,0.E0,0.E0));
#109=AXIS2_PLACEMENT_3D('',#106,#107,#108);
#111=CARTESIAN_POINT('',(-2.25E1,1.5E2,-1.E1));
#112=DIRECTION('',(0.E0,1.E0,0.E0));
#113=DIRECTION('',(1.E0,0.E0,0.E0));
#114=AXIS2_PLACEMENT_3D('',#111,#112,#113);
#116=CARTESIAN_POINT('',(-2.25E1,1.5E2,-1.E1));
#117=DIRECTION('',(0.E0,1.E0,0.E0));
#118=DIRECTION('',(-1.E0,0.E0,0.E0));
#119=AXIS2_PLACEMENT_3D('',#116,#117,#118);
#121=CARTESIAN_POINT('',(-1.25E1,1.5E2,-1.E1));
#122=DIRECTION('',(0.E0,1.E0,0.E0));
#123=DIRECTION('',(1.E0,0.E0,0.E0));
#124=AXIS2_PLACEMENT_3D('',#121,#122,#123);
#126=CARTESIAN_POINT('',(-1.25E1,1.5E2,-1.E1));
#127=DIRECTION('',(0.E0,1.E0,0.E0));
#128=DIRECTION('',(-1.E0,0.E0,0.E0));
#129=AXIS2_PLACEMENT_3D('',#126,#127,#128);
#131=CARTESIAN_POINT('',(-1.125E2,1.5E2,0.E0));
#132=DIRECTION('',(0.E0,1.E0,0.E0));
#133=DIRECTION('',(1.E0,0.E0,0.E0));
#134=AXIS2_PLACEMENT_3D('',#131,#132,#133);
#136=CARTESIAN_POINT('',(-1.125E2,1.5E2,0.E0));
#137=DIRECTION('',(0.E0,1.E0,0.E0));
#138=DIRECTION('',(-1.E0,0.E0,0.E0));
#139=AXIS2_PLACEMENT_3D('',#136,#137,#138);
#141=CARTESIAN_POINT('',(-1.025E2,1.5E2,0.E0));
#142=DIRECTION('',(0.E0,1.E0,0.E0));
#143=DIRECTION('',(1.E0,0.E0,0.E0));
#144=AXIS2_PLACEMENT_3D('',#141,#142,#143);
#146=CARTESIAN_POINT('',(-1.025E2,1.5E2,0.E0));
#147=DIRECTION('',(0.E0,1.E0,0.E0));
#148=DIRECTION('',(-1.E0,0.E0,0.E0));
#149=AXIS2_PLACEMENT_3D('',#146,#147,#148);
#151=CARTESIAN_POINT('',(-9.25E1,1.5E2,0.E0));
#152=DIRECTION('',(0.E0,1.E0,0.E0));
#153=DIRECTION('',(1.E0,0.E0,0.E0));
#154=AXIS2_PLACEMENT_3D('',#151,#152,#153);
#156=CARTESIAN_POINT('',(-9.25E1,1.5E2,0.E0));
#157=DIRECTION('',(0.E0,1.E0,0.E0));
#158=DIRECTION('',(-1.E0,0.E0,0.E0));
#159=AXIS2_PLACEMENT_3D('',#156,#157,#158);
#161=CARTESIAN_POINT('',(-8.25E1,1.5E2,0.E0));
#162=DIRECTION('',(0.E0,1.E0,0.E0));
#163=DIRECTION('',(1.E0,0.E0,0.E0));
#164=AXIS2_PLACEMENT_3D('',#161,#162,#163);
#166=CARTESIAN_POINT('',(-8.25E1,1.5E2,0.E0));
#167=DIRECTION('',(0.E0,1.E0,0.E0));
#168=DIRECTION('',(-1.E0,0.E0,0.E0));
#169=AXIS2_PLACEMENT_3D('',#166,#167,#168);
#171=CARTESIAN_POINT('',(-7.25E1,1.5E2,0.E0));
#172=DIRECTION('',(0.E0,1.E0,0.E0));
#173=DIRECTION('',(1.E0,0.E0,0.E0));
#174=AXIS2_PLACEMENT_3D('',#171,#172,#173);
#176=CARTESIAN_POINT('',(-7.25E1,1.5E2,0.E0));
#177=DIRECTION('',(0.E0,1.E0,0.E0));
#178=DIRECTION('',(-1.E0,0.E0,0.E0));
#179=AXIS2_PLACEMENT_3D('',#176,#177,#178);
#181=CARTESIAN_POINT('',(-6.25E1,1.5E2,0.E0));
#182=DIRECTION('',(0.E0,1.E0,0.E0));
#183=DIRECTION('',(1.E0,0.E0,0.E0));
#184=AXIS2_PLACEMENT_3D('',#181,#182,#183);
#186=CARTESIAN_POINT('',(-6.25E1,1.5E2,0.E0));
#187=DIRECTION('',(0.E0,1.E0,0.E0));
#188=DIRECTION('',(-1.E0,0.E0,0.E0));
#189=AXIS2_PLACEMENT_3D('',#186,#187,#188);
#191=CARTESIAN_POINT('',(-5.25E1,1.5E2,0.E0));
#192=DIRECTION('',(0.E0,1.E0,0.E0));
#193=DIRECTION('',(1.E0,0.E0,0.E0));
#194=AXIS2_PLACEMENT_3D('',#191,#192,#193);
#196=CARTESIAN_POINT('',(-5.25E1,1.5E2,0.E0));
#197=DIRECTION('',(0.E0,1.E0,0.E0));
#198=DIRECTION('',(-1.E0,0.E0,0.E0));
#199=AXIS2_PLACEMENT_3D('',#196,#197,#198);
#201=CARTESIAN_POINT('',(-4.25E1,1.5E2,0.E0));
#202=DIRECTION('',(0.E0,1.E0,0.E0));
#203=DIRECTION('',(1.E0,0.E0,0.E0));
#204=AXIS2_PLACEMENT_3D('',#201,#202,#203);
#206=CARTESIAN_POINT('',(-4.25E1,1.5E2,0.E0));
#207=DIRECTION('',(0.E0,1.E0,0.E0));
#208=DIRECTION('',(-1.E0,0.E0,0.E0));
#209=AXIS2_PLACEMENT_3D('',#206,#207,#208);
#211=CARTESIAN_POINT('',(-3.25E1,1.5E2,0.E0));
#212=DIRECTION('',(0.E0,1.E0,0.E0));
#213=DIRECTION('',(1.E0,0.E0,0.E0));
#214=AXIS2_PLACEMENT_3D('',#211,#212,#213);
#216=CARTESIAN_POINT('',(-3.25E1,1.5E2,0.E0));
#217=DIRECTION('',(0.E0,1.E0,0.E0));
#218=DIRECTION('',(-1.E0,0.E0,0.E0));
#219=AXIS2_PLACEMENT_3D('',#216,#217,#218);
#221=CARTESIAN_POINT('',(-2.25E1,1.5E2,0.E0));
#222=DIRECTION('',(0.E0,1.E0,0.E0));
#223=DIRECTION('',(1.E0,0.E0,0.E0));
#224=AXIS2_PLACEMENT_3D('',#221,#222,#223);
#226=CARTESIAN_POINT('',(-2.25E1,1.5E2,0.E0));
#227=DIRECTION('',(0.E0,1.E0,0.E0));
#228=DIRECTION('',(-1.E0,0.E0,0.E0));
#229=AXIS2_PLACEMENT_3D('',#226,#227,#228);
#231=CARTESIAN_POINT('',(-1.25E1,1.5E2,0.E0));
#232=DIRECTION('',(0.E0,1.E0,0.E0));
#233=DIRECTION('',(1.E0,0.E0,0.E0));
#234=AXIS2_PLACEMENT_3D('',#231,#232,#233);
#236=CARTESIAN_POINT('',(-1.25E1,1.5E2,0.E0));
#237=DIRECTION('',(0.E0,1.E0,0.E0));
#238=DIRECTION('',(-1.E0,0.E0,0.E0));
#239=AXIS2_PLACEMENT_3D('',#236,#237,#238);
#241=CARTESIAN_POINT('',(-1.125E2,1.5E2,1.E1));
#242=DIRECTION('',(0.E0,1.E0,0.E0));
#243=DIRECTION('',(1.E0,0.E0,0.E0));
#244=AXIS2_PLACEMENT_3D('',#241,#242,#243);
#246=CARTESIAN_POINT('',(-1.125E2,1.5E2,1.E1));
#247=DIRECTION('',(0.E0,1.E0,0.E0));
#248=DIRECTION('',(-1.E0,0.E0,0.E0));
#249=AXIS2_PLACEMENT_3D('',#246,#247,#248);
#251=CARTESIAN_POINT('',(-1.025E2,1.5E2,1.E1));
#252=DIRECTION('',(0.E0,1.E0,0.E0));
#253=DIRECTION('',(1.E0,0.E0,0.E0));
#254=AXIS2_PLACEMENT_3D('',#251,#252,#253);
#256=CARTESIAN_POINT('',(-1.025E2,1.5E2,1.E1));
#257=DIRECTION('',(0.E0,1.E0,0.E0));
#258=DIRECTION('',(-1.E0,0.E0,0.E0));
#259=AXIS2_PLACEMENT_3D('',#256,#257,#258);
#261=CARTESIAN_POINT('',(-9.25E1,1.5E2,1.E1));
#262=DIRECTION('',(0.E0,1.E0,0.E0));
#263=DIRECTION('',(1.E0,0.E0,0.E0));
#264=AXIS2_PLACEMENT_3D('',#261,#262,#263);
#266=CARTESIAN_POINT('',(-9.25E1,1.5E2,1.E1));
#267=DIRECTION('',(0.E0,1.E0,0.E0));
#268=DIRECTION('',(-1.E0,0.E0,0.E0));
#269=AXIS2_PLACEMENT_3D('',#266,#267,#268);
#271=CARTESIAN_POINT('',(-8.25E1,1.5E2,1.E1));
#272=DIRECTION('',(0.E0,1.E0,0.E0));
#273=DIRECTION('',(1.E0,0.E0,0.E0));
#274=AXIS2_PLACEMENT_3D('',#271,#272,#273);
#276=CARTESIAN_POINT('',(-8.25E1,1.5E2,1.E1));
#277=DIRECTION('',(0.E0,1.E0,0.E0));
#278=DIRECTION('',(-1.E0,0.E0,0.E0));
#279=AXIS2_PLACEMENT_3D('',#276,#277,#278);
#281=CARTESIAN_POINT('',(-7.25E1,1.5E2,1.E1));
#282=DIRECTION('',(0.E0,1.E0,0.E0));
#283=DIRECTION('',(1.E0,0.E0,0.E0));
#284=AXIS2_PLACEMENT_3D('',#281,#282,#283);
#286=CARTESIAN_POINT('',(-7.25E1,1.5E2,1.E1));
#287=DIRECTION('',(0.E0,1.E0,0.E0));
#288=DIRECTION('',(-1.E0,0.E0,0.E0));
#289=AXIS2_PLACEMENT_3D('',#286,#287,#288);
#291=CARTESIAN_POINT('',(-6.25E1,1.5E2,1.E1));
#292=DIRECTION('',(0.E0,1.E0,0.E0));
#293=DIRECTION('',(1.E0,0.E0,0.E0));
#294=AXIS2_PLACEMENT_3D('',#291,#292,#293);
#296=CARTESIAN_POINT('',(-6.25E1,1.5E2,1.E1));
#297=DIRECTION('',(0.E0,1.E0,0.E0));
#298=DIRECTION('',(-1.E0,0.E0,0.E0));
#299=AXIS2_PLACEMENT_3D('',#296,#297,#298);
#301=CARTESIAN_POINT('',(-5.25E1,1.5E2,1.E1));
#302=DIRECTION('',(0.E0,1.E0,0.E0));
#303=DIRECTION('',(1.E0,0.E0,0.E0));
#304=AXIS2_PLACEMENT_3D('',#301,#302,#303);
#306=CARTESIAN_POINT('',(-5.25E1,1.5E2,1.E1));
#307=DIRECTION('',(0.E0,1.E0,0.E0));
#308=DIRECTION('',(-1.E0,0.E0,0.E0));
#309=AXIS2_PLACEMENT_3D('',#306,#307,#308);
#311=CARTESIAN_POINT('',(-4.25E1,1.5E2,1.E1));
#312=DIRECTION('',(0.E0,1.E0,0.E0));
#313=DIRECTION('',(1.E0,0.E0,0.E0));
#314=AXIS2_PLACEMENT_3D('',#311,#312,#313);
#316=CARTESIAN_POINT('',(-4.25E1,1.5E2,1.E1));
#317=DIRECTION('',(0.E0,1.E0,0.E0));
#318=DIRECTION('',(-1.E0,0.E0,0.E0));
#319=AXIS2_PLACEMENT_3D('',#316,#317,#318);
#321=CARTESIAN_POINT('',(-3.25E1,1.5E2,1.E1));
#322=DIRECTION('',(0.E0,1.E0,0.E0));
#323=DIRECTION('',(1.E0,0.E0,0.E0));
#324=AXIS2_PLACEMENT_3D('',#321,#322,#323);
#326=CARTESIAN_POINT('',(-3.25E1,1.5E2,1.E1));
#327=DIRECTION('',(0.E0,1.E0,0.E0));
#328=DIRECTION('',(-1.E0,0.E0,0.E0));
#329=AXIS2_PLACEMENT_3D('',#326,#327,#328);
#331=CARTESIAN_POINT('',(-2.25E1,1.5E2,1.E1));
#332=DIRECTION('',(0.E0,1.E0,0.E0));
#333=DIRECTION('',(1.E0,0.E0,0.E0));
#334=AXIS2_PLACEMENT_3D('',#331,#332,#333);
#336=CARTESIAN_POINT('',(-2.25E1,1.5E2,1.E1));
#337=DIRECTION('',(0.E0,1.E0,0.E0));
#338=DIRECTION('',(-1.E0,0.E0,0.E0));
#339=AXIS2_PLACEMENT_3D('',#336,#337,#338);
#341=CARTESIAN_POINT('',(-1.25E1,1.5E2,1.E1));
#342=DIRECTION('',(0.E0,1.E0,0.E0));
#343=DIRECTION('',(1.E0,0.E0,0.E0));
#344=AXIS2_PLACEMENT_3D('',#341,#342,#343);
#346=CARTESIAN_POINT('',(-1.25E1,1.5E2,1.E1));
#347=DIRECTION('',(0.E0,1.E0,0.E0));
#348=DIRECTION('',(-1.E0,0.E0,0.E0));
#349=AXIS2_PLACEMENT_3D('',#346,#347,#348);
#351=CARTESIAN_POINT('',(-1.125E2,1.5E2,2.E1));
#352=DIRECTION('',(0.E0,1.E0,0.E0));
#353=DIRECTION('',(1.E0,0.E0,0.E0));
#354=AXIS2_PLACEMENT_3D('',#351,#352,#353);
#356=CARTESIAN_POINT('',(-1.125E2,1.5E2,2.E1));
#357=DIRECTION('',(0.E0,1.E0,0.E0));
#358=DIRECTION('',(-1.E0,0.E0,0.E0));
#359=AXIS2_PLACEMENT_3D('',#356,#357,#358);
#361=CARTESIAN_POINT('',(-1.025E2,1.5E2,2.E1));
#362=DIRECTION('',(0.E0,1.E0,0.E0));
#363=DIRECTION('',(1.E0,0.E0,0.E0));
#364=AXIS2_PLACEMENT_3D('',#361,#362,#363);
#366=CARTESIAN_POINT('',(-1.025E2,1.5E2,2.E1));
#367=DIRECTION('',(0.E0,1.E0,0.E0));
#368=DIRECTION('',(-1.E0,0.E0,0.E0));
#369=AXIS2_PLACEMENT_3D('',#366,#367,#368);
#371=CARTESIAN_POINT('',(-9.25E1,1.5E2,2.E1));
#372=DIRECTION('',(0.E0,1.E0,0.E0));
#373=DIRECTION('',(1.E0,0.E0,0.E0));
#374=AXIS2_PLACEMENT_3D('',#371,#372,#373);
#376=CARTESIAN_POINT('',(-9.25E1,1.5E2,2.E1));
#377=DIRECTION('',(0.E0,1.E0,0.E0));
#378=DIRECTION('',(-1.E0,0.E0,0.E0));
#379=AXIS2_PLACEMENT_3D('',#376,#377,#378);
#381=CARTESIAN_POINT('',(-8.25E1,1.5E2,2.E1));
#382=DIRECTION('',(0.E0,1.E0,0.E0));
#383=DIRECTION('',(1.E0,0.E0,0.E0));
#384=AXIS2_PLACEMENT_3D('',#381,#382,#383);
#386=CARTESIAN_POINT('',(-8.25E1,1.5E2,2.E1));
#387=DIRECTION('',(0.E0,1.E0,0.E0));
#388=DIRECTION('',(-1.E0,0.E0,0.E0));
#389=AXIS2_PLACEMENT_3D('',#386,#387,#388);
#391=CARTESIAN_POINT('',(-7.25E1,1.5E2,2.E1));
#392=DIRECTION('',(0.E0,1.E0,0.E0));
#393=DIRECTION('',(1.E0,0.E0,0.E0));
#394=AXIS2_PLACEMENT_3D('',#391,#392,#393);
#396=CARTESIAN_POINT('',(-7.25E1,1.5E2,2.E1));
#397=DIRECTION('',(0.E0,1.E0,0.E0));
#398=DIRECTION('',(-1.E0,0.E0,0.E0));
#399=AXIS2_PLACEMENT_3D('',#396,#397,#398);
#401=CARTESIAN_POINT('',(-6.25E1,1.5E2,2.E1));
#402=DIRECTION('',(0.E0,1.E0,0.E0));
#403=DIRECTION('',(1.E0,0.E0,0.E0));
#404=AXIS2_PLACEMENT_3D('',#401,#402,#403);
#406=CARTESIAN_POINT('',(-6.25E1,1.5E2,2.E1));
#407=DIRECTION('',(0.E0,1.E0,0.E0));
#408=DIRECTION('',(-1.E0,0.E0,0.E0));
#409=AXIS2_PLACEMENT_3D('',#406,#407,#408);
#411=CARTESIAN_POINT('',(-5.25E1,1.5E2,2.E1));
#412=DIRECTION('',(0.E0,1.E0,0.E0));
#413=DIRECTION('',(1.E0,0.E0,0.E0));
#414=AXIS2_PLACEMENT_3D('',#411,#412,#413);
#416=CARTESIAN_POINT('',(-5.25E1,1.5E2,2.E1));
#417=DIRECTION('',(0.E0,1.E0,0.E0));
#418=DIRECTION('',(-1.E0,0.E0,0.E0));
#419=AXIS2_PLACEMENT_3D('',#416,#417,#418);
#421=CARTESIAN_POINT('',(-4.25E1,1.5E2,2.E1));
#422=DIRECTION('',(0.E0,1.E0,0.E0));
#423=DIRECTION('',(1.E0,0.E0,0.E0));
#424=AXIS2_PLACEMENT_3D('',#421,#422,#423);
#426=CARTESIAN_POINT('',(-4.25E1,1.5E2,2.E1));
#427=DIRECTION('',(0.E0,1.E0,0.E0));
#428=DIRECTION('',(-1.E0,0.E0,0.E0));
#429=AXIS2_PLACEMENT_3D('',#426,#427,#428);
#431=CARTESIAN_POINT('',(-3.25E1,1.5E2,2.E1));
#432=DIRECTION('',(0.E0,1.E0,0.E0));
#433=DIRECTION('',(1.E0,0.E0,0.E0));
#434=AXIS2_PLACEMENT_3D('',#431,#432,#433);
#436=CARTESIAN_POINT('',(-3.25E1,1.5E2,2.E1));
#437=DIRECTION('',(0.E0,1.E0,0.E0));
#438=DIRECTION('',(-1.E0,0.E0,0.E0));
#439=AXIS2_PLACEMENT_3D('',#436,#437,#438);
#441=CARTESIAN_POINT('',(-2.25E1,1.5E2,2.E1));
#442=DIRECTION('',(0.E0,1.E0,0.E0));
#443=DIRECTION('',(1.E0,0.E0,0.E0));
#444=AXIS2_PLACEMENT_3D('',#441,#442,#443);
#446=CARTESIAN_POINT('',(-2.25E1,1.5E2,2.E1));
#447=DIRECTION('',(0.E0,1.E0,0.E0));
#448=DIRECTION('',(-1.E0,0.E0,0.E0));
#449=AXIS2_PLACEMENT_3D('',#446,#447,#448);
#451=CARTESIAN_POINT('',(-1.25E1,1.5E2,2.E1));
#452=DIRECTION('',(0.E0,1.E0,0.E0));
#453=DIRECTION('',(1.E0,0.E0,0.E0));
#454=AXIS2_PLACEMENT_3D('',#451,#452,#453);
#456=CARTESIAN_POINT('',(-1.25E1,1.5E2,2.E1));
#457=DIRECTION('',(0.E0,1.E0,0.E0));
#458=DIRECTION('',(-1.E0,0.E0,0.E0));
#459=AXIS2_PLACEMENT_3D('',#456,#457,#458);
#461=CARTESIAN_POINT('',(-1.125E2,1.5E2,3.E1));
#462=DIRECTION('',(0.E0,1.E0,0.E0));
#463=DIRECTION('',(1.E0,0.E0,0.E0));
#464=AXIS2_PLACEMENT_3D('',#461,#462,#463);
#466=CARTESIAN_POINT('',(-1.125E2,1.5E2,3.E1));
#467=DIRECTION('',(0.E0,1.E0,0.E0));
#468=DIRECTION('',(-1.E0,0.E0,0.E0));
#469=AXIS2_PLACEMENT_3D('',#466,#467,#468);
#471=CARTESIAN_POINT('',(-1.025E2,1.5E2,3.E1));
#472=DIRECTION('',(0.E0,1.E0,0.E0));
#473=DIRECTION('',(1.E0,0.E0,0.E0));
#474=AXIS2_PLACEMENT_3D('',#471,#472,#473);
#476=CARTESIAN_POINT('',(-1.025E2,1.5E2,3.E1));
#477=DIRECTION('',(0.E0,1.E0,0.E0));
#478=DIRECTION('',(-1.E0,0.E0,0.E0));
#479=AXIS2_PLACEMENT_3D('',#476,#477,#478);
#481=CARTESIAN_POINT('',(-9.25E1,1.5E2,3.E1));
#482=DIRECTION('',(0.E0,1.E0,0.E0));
#483=DIRECTION('',(1.E0,0.E0,0.E0));
#484=AXIS2_PLACEMENT_3D('',#481,#482,#483);
#486=CARTESIAN_POINT('',(-9.25E1,1.5E2,3.E1));
#487=DIRECTION('',(0.E0,1.E0,0.E0));
#488=DIRECTION('',(-1.E0,0.E0,0.E0));
#489=AXIS2_PLACEMENT_3D('',#486,#487,#488);
#491=CARTESIAN_POINT('',(-8.25E1,1.5E2,3.E1));
#492=DIRECTION('',(0.E0,1.E0,0.E0));
#493=DIRECTION('',(1.E0,0.E0,0.E0));
#494=AXIS2_PLACEMENT_3D('',#491,#492,#493);
#496=CARTESIAN_POINT('',(-8.25E1,1.5E2,3.E1));
#497=DIRECTION('',(0.E0,1.E0,0.E0));
#498=DIRECTION('',(-1.E0,0.E0,0.E0));
#499=AXIS2_PLACEMENT_3D('',#496,#497,#498);
#501=CARTESIAN_POINT('',(-7.25E1,1.5E2,3.E1));
#502=DIRECTION('',(0.E0,1.E0,0.E0));
#503=DIRECTION('',(1.E0,0.E0,0.E0));
#504=AXIS2_PLACEMENT_3D('',#501,#502,#503);
#506=CARTESIAN_POINT('',(-7.25E1,1.5E2,3.E1));
#507=DIRECTION('',(0.E0,1.E0,0.E0));
#508=DIRECTION('',(-1.E0,0.E0,0.E0));
#509=AXIS2_PLACEMENT_3D('',#506,#507,#508);
#511=CARTESIAN_POINT('',(-6.25E1,1.5E2,3.E1));
#512=DIRECTION('',(0.E0,1.E0,0.E0));
#513=DIRECTION('',(1.E0,0.E0,0.E0));
#514=AXIS2_PLACEMENT_3D('',#511,#512,#513);
#516=CARTESIAN_POINT('',(-6.25E1,1.5E2,3.E1));
#517=DIRECTION('',(0.E0,1.E0,0.E0));
#518=DIRECTION('',(-1.E0,0.E0,0.E0));
#519=AXIS2_PLACEMENT_3D('',#516,#517,#518);
#521=CARTESIAN_POINT('',(-5.25E1,1.5E2,3.E1));
#522=DIRECTION('',(0.E0,1.E0,0.E0));
#523=DIRECTION('',(1.E0,0.E0,0.E0));
#524=AXIS2_PLACEMENT_3D('',#521,#522,#523);
#526=CARTESIAN_POINT('',(-5.25E1,1.5E2,3.E1));
#527=DIRECTION('',(0.E0,1.E0,0.E0));
#528=DIRECTION('',(-1.E0,0.E0,0.E0));
#529=AXIS2_PLACEMENT_3D('',#526,#527,#528);
#531=CARTESIAN_POINT('',(-4.25E1,1.5E2,3.E1));
#532=DIRECTION('',(0.E0,1.E0,0.E0));
#533=DIRECTION('',(1.E0,0.E0,0.E0));
#534=AXIS2_PLACEMENT_3D('',#531,#532,#533);
#536=CARTESIAN_POINT('',(-4.25E1,1.5E2,3.E1));
#537=DIRECTION('',(0.E0,1.E0,0.E0));
#538=DIRECTION('',(-1.E0,0.E0,0.E0));
#539=AXIS2_PLACEMENT_3D('',#536,#537,#538);
#541=CARTESIAN_POINT('',(-3.25E1,1.5E2,3.E1));
#542=DIRECTION('',(0.E0,1.E0,0.E0));
#543=DIRECTION('',(1.E0,0.E0,0.E0));
#544=AXIS2_PLACEMENT_3D('',#541,#542,#543);
#546=CARTESIAN_POINT('',(-3.25E1,1.5E2,3.E1));
#547=DIRECTION('',(0.E0,1.E0,0.E0));
#548=DIRECTION('',(-1.E0,0.E0,0.E0));
#549=AXIS2_PLACEMENT_3D('',#546,#547,#548);
#551=CARTESIAN_POINT('',(-2.25E1,1.5E2,3.E1));
#552=DIRECTION('',(0.E0,1.E0,0.E0));
#553=DIRECTION('',(1.E0,0.E0,0.E0));
#554=AXIS2_PLACEMENT_3D('',#551,#552,#553);
#556=CARTESIAN_POINT('',(-2.25E1,1.5E2,3.E1));
#557=DIRECTION('',(0.E0,1.E0,0.E0));
#558=DIRECTION('',(-1.E0,0.E0,0.E0));
#559=AXIS2_PLACEMENT_3D('',#556,#557,#558);
#561=CARTESIAN_POINT('',(-1.25E1,1.5E2,3.E1));
#562=DIRECTION('',(0.E0,1.E0,0.E0));
#563=DIRECTION('',(1.E0,0.E0,0.E0));
#564=AXIS2_PLACEMENT_3D('',#561,#562,#563);
#566=CARTESIAN_POINT('',(-1.25E1,1.5E2,3.E1));
#567=DIRECTION('',(0.E0,1.E0,0.E0));
#568=DIRECTION('',(-1.E0,0.E0,0.E0));
#569=AXIS2_PLACEMENT_3D('',#566,#567,#568);
#571=CARTESIAN_POINT('',(-1.125E2,1.5E2,4.E1));
#572=DIRECTION('',(0.E0,1.E0,0.E0));
#573=DIRECTION('',(1.E0,0.E0,0.E0));
#574=AXIS2_PLACEMENT_3D('',#571,#572,#573);
#576=CARTESIAN_POINT('',(-1.125E2,1.5E2,4.E1));
#577=DIRECTION('',(0.E0,1.E0,0.E0));
#578=DIRECTION('',(-1.E0,0.E0,0.E0));
#579=AXIS2_PLACEMENT_3D('',#576,#577,#578);
#581=CARTESIAN_POINT('',(-1.025E2,1.5E2,4.E1));
#582=DIRECTION('',(0.E0,1.E0,0.E0));
#583=DIRECTION('',(1.E0,0.E0,0.E0));
#584=AXIS2_PLACEMENT_3D('',#581,#582,#583);
#586=CARTESIAN_POINT('',(-1.025E2,1.5E2,4.E1));
#587=DIRECTION('',(0.E0,1.E0,0.E0));
#588=DIRECTION('',(-1.E0,0.E0,0.E0));
#589=AXIS2_PLACEMENT_3D('',#586,#587,#588);
#591=CARTESIAN_POINT('',(-9.25E1,1.5E2,4.E1));
#592=DIRECTION('',(0.E0,1.E0,0.E0));
#593=DIRECTION('',(1.E0,0.E0,0.E0));
#594=AXIS2_PLACEMENT_3D('',#591,#592,#593);
#596=CARTESIAN_POINT('',(-9.25E1,1.5E2,4.E1));
#597=DIRECTION('',(0.E0,1.E0,0.E0));
#598=DIRECTION('',(-1.E0,0.E0,0.E0));
#599=AXIS2_PLACEMENT_3D('',#596,#597,#598);
#601=CARTESIAN_POINT('',(-8.25E1,1.5E2,4.E1));
#602=DIRECTION('',(0.E0,1.E0,0.E0));
#603=DIRECTION('',(1.E0,0.E0,0.E0));
#604=AXIS2_PLACEMENT_3D('',#601,#602,#603);
#606=CARTESIAN_POINT('',(-8.25E1,1.5E2,4.E1));
#607=DIRECTION('',(0.E0,1.E0,0.E0));
#608=DIRECTION('',(-1.E0,0.E0,0.E0));
#609=AXIS2_PLACEMENT_3D('',#606,#607,#608);
#611=CARTESIAN_POINT('',(-7.25E1,1.5E2,4.E1));
#612=DIRECTION('',(0.E0,1.E0,0.E0));
#613=DIRECTION('',(1.E0,0.E0,0.E0));
#614=AXIS2_PLACEMENT_3D('',#611,#612,#613);
#616=CARTESIAN_POINT('',(-7.25E1,1.5E2,4.E1));
#617=DIRECTION('',(0.E0,1.E0,0.E0));
#618=DIRECTION('',(-1.E0,0.E0,0.E0));
#619=AXIS2_PLACEMENT_3D('',#616,#617,#618);
#621=CARTESIAN_POINT('',(-6.25E1,1.5E2,4.E1));
#622=DIRECTION('',(0.E0,1.E0,0.E0));
#623=DIRECTION('',(1.E0,0.E0,0.E0));
#624=AXIS2_PLACEMENT_3D('',#621,#622,#623);
#626=CARTESIAN_POINT('',(-6.25E1,1.5E2,4.E1));
#627=DIRECTION('',(0.E0,1.E0,0.E0));
#628=DIRECTION('',(-1.E0,0.E0,0.E0));
#629=AXIS2_PLACEMENT_3D('',#626,#627,#628);
#631=CARTESIAN_POINT('',(-5.25E1,1.5E2,4.E1));
#632=DIRECTION('',(0.E0,1.E0,0.E0));
#633=DIRECTION('',(1.E0,0.E0,0.E0));
#634=AXIS2_PLACEMENT_3D('',#631,#632,#633);
#636=CARTESIAN_POINT('',(-5.25E1,1.5E2,4.E1));
#637=DIRECTION('',(0.E0,1.E0,0.E0));
#638=DIRECTION('',(-1.E0,0.E0,0.E0));
#639=AXIS2_PLACEMENT_3D('',#636,#637,#638);
#641=CARTESIAN_POINT('',(-4.25E1,1.5E2,4.E1));
#642=DIRECTION('',(0.E0,1.E0,0.E0));
#643=DIRECTION('',(1.E0,0.E0,0.E0));
#644=AXIS2_PLACEMENT_3D('',#641,#642,#643);
#646=CARTESIAN_POINT('',(-4.25E1,1.5E2,4.E1));
#647=DIRECTION('',(0.E0,1.E0,0.E0));
#648=DIRECTION('',(-1.E0,0.E0,0.E0));
#649=AXIS2_PLACEMENT_3D('',#646,#647,#648);
#651=CARTESIAN_POINT('',(-3.25E1,1.5E2,4.E1));
#652=DIRECTION('',(0.E0,1.E0,0.E0));
#653=DIRECTION('',(1.E0,0.E0,0.E0));
#654=AXIS2_PLACEMENT_3D('',#651,#652,#653);
#656=CARTESIAN_POINT('',(-3.25E1,1.5E2,4.E1));
#657=DIRECTION('',(0.E0,1.E0,0.E0));
#658=DIRECTION('',(-1.E0,0.E0,0.E0));
#659=AXIS2_PLACEMENT_3D('',#656,#657,#658);
#661=CARTESIAN_POINT('',(-2.25E1,1.5E2,4.E1));
#662=DIRECTION('',(0.E0,1.E0,0.E0));
#663=DIRECTION('',(1.E0,0.E0,0.E0));
#664=AXIS2_PLACEMENT_3D('',#661,#662,#663);
#666=CARTESIAN_POINT('',(-2.25E1,1.5E2,4.E1));
#667=DIRECTION('',(0.E0,1.E0,0.E0));
#668=DIRECTION('',(-1.E0,0.E0,0.E0));
#669=AXIS2_PLACEMENT_3D('',#666,#667,#668);
#671=CARTESIAN_POINT('',(-1.25E1,1.5E2,4.E1));
#672=DIRECTION('',(0.E0,1.E0,0.E0));
#673=DIRECTION('',(1.E0,0.E0,0.E0));
#674=AXIS2_PLACEMENT_3D('',#671,#672,#673);
#676=CARTESIAN_POINT('',(-1.25E1,1.5E2,4.E1));
#677=DIRECTION('',(0.E0,1.E0,0.E0));
#678=DIRECTION('',(-1.E0,0.E0,0.E0));
#679=AXIS2_PLACEMENT_3D('',#676,#677,#678);
#681=CARTESIAN_POINT('',(-1.125E2,1.5E2,5.E1));
#682=DIRECTION('',(0.E0,1.E0,0.E0));
#683=DIRECTION('',(1.E0,0.E0,0.E0));
#684=AXIS2_PLACEMENT_3D('',#681,#682,#683);
#686=CARTESIAN_POINT('',(-1.125E2,1.5E2,5.E1));
#687=DIRECTION('',(0.E0,1.E0,0.E0));
#688=DIRECTION('',(-1.E0,0.E0,0.E0));
#689=AXIS2_PLACEMENT_3D('',#686,#687,#688);
#691=CARTESIAN_POINT('',(-1.025E2,1.5E2,5.E1));
#692=DIRECTION('',(0.E0,1.E0,0.E0));
#693=DIRECTION('',(1.E0,0.E0,0.E0));
#694=AXIS2_PLACEMENT_3D('',#691,#692,#693);
#696=CARTESIAN_POINT('',(-1.025E2,1.5E2,5.E1));
#697=DIRECTION('',(0.E0,1.E0,0.E0));
#698=DIRECTION('',(-1.E0,0.E0,0.E0));
#699=AXIS2_PLACEMENT_3D('',#696,#697,#698);
#701=CARTESIAN_POINT('',(-9.25E1,1.5E2,5.E1));
#702=DIRECTION('',(0.E0,1.E0,0.E0));
#703=DIRECTION('',(1.E0,0.E0,0.E0));
#704=AXIS2_PLACEMENT_3D('',#701,#702,#703);
#706=CARTESIAN_POINT('',(-9.25E1,1.5E2,5.E1));
#707=DIRECTION('',(0.E0,1.E0,0.E0));
#708=DIRECTION('',(-1.E0,0.E0,0.E0));
#709=AXIS2_PLACEMENT_3D('',#706,#707,#708);
#711=CARTESIAN_POINT('',(-8.25E1,1.5E2,5.E1));
#712=DIRECTION('',(0.E0,1.E0,0.E0));
#713=DIRECTION('',(1.E0,0.E0,0.E0));
#714=AXIS2_PLACEMENT_3D('',#711,#712,#713);
#716=CARTESIAN_POINT('',(-8.25E1,1.5E2,5.E1));
#717=DIRECTION('',(0.E0,1.E0,0.E0));
#718=DIRECTION('',(-1.E0,0.E0,0.E0));
#719=AXIS2_PLACEMENT_3D('',#716,#717,#718);
#721=CARTESIAN_POINT('',(-7.25E1,1.5E2,5.E1));
#722=DIRECTION('',(0.E0,1.E0,0.E0));
#723=DIRECTION('',(1.E0,0.E0,0.E0));
#724=AXIS2_PLACEMENT_3D('',#721,#722,#723);
#726=CARTESIAN_POINT('',(-7.25E1,1.5E2,5.E1));
#727=DIRECTION('',(0.E0,1.E0,0.E0));
#728=DIRECTION('',(-1.E0,0.E0,0.E0));
#729=AXIS2_PLACEMENT_3D('',#726,#727,#728);
#731=CARTESIAN_POINT('',(-6.25E1,1.5E2,5.E1));
#732=DIRECTION('',(0.E0,1.E0,0.E0));
#733=DIRECTION('',(1.E0,0.E0,0.E0));
#734=AXIS2_PLACEMENT_3D('',#731,#732,#733);
#736=CARTESIAN_POINT('',(-6.25E1,1.5E2,5.E1));
#737=DIRECTION('',(0.E0,1.E0,0.E0));
#738=DIRECTION('',(-1.E0,0.E0,0.E0));
#739=AXIS2_PLACEMENT_3D('',#736,#737,#738);
#741=CARTESIAN_POINT('',(-5.25E1,1.5E2,5.E1));
#742=DIRECTION('',(0.E0,1.E0,0.E0));
#743=DIRECTION('',(1.E0,0.E0,0.E0));
#744=AXIS2_PLACEMENT_3D('',#741,#742,#743);
#746=CARTESIAN_POINT('',(-5.25E1,1.5E2,5.E1));
#747=DIRECTION('',(0.E0,1.E0,0.E0));
#748=DIRECTION('',(-1.E0,0.E0,0.E0));
#749=AXIS2_PLACEMENT_3D('',#746,#747,#748);
#751=CARTESIAN_POINT('',(-4.25E1,1.5E2,5.E1));
#752=DIRECTION('',(0.E0,1.E0,0.E0));
#753=DIRECTION('',(1.E0,0.E0,0.E0));
#754=AXIS2_PLACEMENT_3D('',#751,#752,#753);
#756=CARTESIAN_POINT('',(-4.25E1,1.5E2,5.E1));
#757=DIRECTION('',(0.E0,1.E0,0.E0));
#758=DIRECTION('',(-1.E0,0.E0,0.E0));
#759=AXIS2_PLACEMENT_3D('',#756,#757,#758);
#761=CARTESIAN_POINT('',(-3.25E1,1.5E2,5.E1));
#762=DIRECTION('',(0.E0,1.E0,0.E0));
#763=DIRECTION('',(1.E0,0.E0,0.E0));
#764=AXIS2_PLACEMENT_3D('',#761,#762,#763);
#766=CARTESIAN_POINT('',(-3.25E1,1.5E2,5.E1));
#767=DIRECTION('',(0.E0,1.E0,0.E0));
#768=DIRECTION('',(-1.E0,0.E0,0.E0));
#769=AXIS2_PLACEMENT_3D('',#766,#767,#768);
#771=CARTESIAN_POINT('',(-2.25E1,1.5E2,5.E1));
#772=DIRECTION('',(0.E0,1.E0,0.E0));
#773=DIRECTION('',(1.E0,0.E0,0.E0));
#774=AXIS2_PLACEMENT_3D('',#771,#772,#773);
#776=CARTESIAN_POINT('',(-2.25E1,1.5E2,5.E1));
#777=DIRECTION('',(0.E0,1.E0,0.E0));
#778=DIRECTION('',(-1.E0,0.E0,0.E0));
#779=AXIS2_PLACEMENT_3D('',#776,#777,#778);
#781=CARTESIAN_POINT('',(-1.25E1,1.5E2,5.E1));
#782=DIRECTION('',(0.E0,1.E0,0.E0));
#783=DIRECTION('',(1.E0,0.E0,0.E0));
#784=AXIS2_PLACEMENT_3D('',#781,#782,#783);
#786=CARTESIAN_POINT('',(-1.25E1,1.5E2,5.E1));
#787=DIRECTION('',(0.E0,1.E0,0.E0));
#788=DIRECTION('',(-1.E0,0.E0,0.E0));
#789=AXIS2_PLACEMENT_3D('',#786,#787,#788);
#791=CARTESIAN_POINT('',(-1.125E2,1.5E2,6.E1));
#792=DIRECTION('',(0.E0,1.E0,0.E0));
#793=DIRECTION('',(1.E0,0.E0,0.E0));
#794=AXIS2_PLACEMENT_3D('',#791,#792,#793);
#796=CARTESIAN_POINT('',(-1.125E2,1.5E2,6.E1));
#797=DIRECTION('',(0.E0,1.E0,0.E0));
#798=DIRECTION('',(-1.E0,0.E0,0.E0));
#799=AXIS2_PLACEMENT_3D('',#796,#797,#798);
#801=CARTESIAN_POINT('',(-1.025E2,1.5E2,6.E1));
#802=DIRECTION('',(0.E0,1.E0,0.E0));
#803=DIRECTION('',(1.E0,0.E0,0.E0));
#804=AXIS2_PLACEMENT_3D('',#801,#802,#803);
#806=CARTESIAN_POINT('',(-1.025E2,1.5E2,6.E1));
#807=DIRECTION('',(0.E0,1.E0,0.E0));
#808=DIRECTION('',(-1.E0,0.E0,0.E0));
#809=AXIS2_PLACEMENT_3D('',#806,#807,#808);
#811=CARTESIAN_POINT('',(-9.25E1,1.5E2,6.E1));
#812=DIRECTION('',(0.E0,1.E0,0.E0));
#813=DIRECTION('',(1.E0,0.E0,0.E0));
#814=AXIS2_PLACEMENT_3D('',#811,#812,#813);
#816=CARTESIAN_POINT('',(-9.25E1,1.5E2,6.E1));
#817=DIRECTION('',(0.E0,1.E0,0.E0));
#818=DIRECTION('',(-1.E0,0.E0,0.E0));
#819=AXIS2_PLACEMENT_3D('',#816,#817,#818);
#821=CARTESIAN_POINT('',(-8.25E1,1.5E2,6.E1));
#822=DIRECTION('',(0.E0,1.E0,0.E0));
#823=DIRECTION('',(1.E0,0.E0,0.E0));
#824=AXIS2_PLACEMENT_3D('',#821,#822,#823);
#826=CARTESIAN_POINT('',(-8.25E1,1.5E2,6.E1));
#827=DIRECTION('',(0.E0,1.E0,0.E0));
#828=DIRECTION('',(-1.E0,0.E0,0.E0));
#829=AXIS2_PLACEMENT_3D('',#826,#827,#828);
#831=CARTESIAN_POINT('',(-7.25E1,1.5E2,6.E1));
#832=DIRECTION('',(0.E0,1.E0,0.E0));
#833=DIRECTION('',(1.E0,0.E0,0.E0));
#834=AXIS2_PLACEMENT_3D('',#831,#832,#833);
#836=CARTESIAN_POINT('',(-7.25E1,1.5E2,6.E1));
#837=DIRECTION('',(0.E0,1.E0,0.E0));
#838=DIRECTION('',(-1.E0,0.E0,0.E0));
#839=AXIS2_PLACEMENT_3D('',#836,#837,#838);
#841=CARTESIAN_POINT('',(-6.25E1,1.5E2,6.E1));
#842=DIRECTION('',(0.E0,1.E0,0.E0));
#843=DIRECTION('',(1.E0,0.E0,0.E0));
#844=AXIS2_PLACEMENT_3D('',#841,#842,#843);
#846=CARTESIAN_POINT('',(-6.25E1,1.5E2,6.E1));
#847=DIRECTION('',(0.E0,1.E0,0.E0));
#848=DIRECTION('',(-1.E0,0.E0,0.E0));
#849=AXIS2_PLACEMENT_3D('',#846,#847,#848);
#851=CARTESIAN_POINT('',(-5.25E1,1.5E2,6.E1));
#852=DIRECTION('',(0.E0,1.E0,0.E0));
#853=DIRECTION('',(1.E0,0.E0,0.E0));
#854=AXIS2_PLACEMENT_3D('',#851,#852,#853);
#856=CARTESIAN_POINT('',(-5.25E1,1.5E2,6.E1));
#857=DIRECTION('',(0.E0,1.E0,0.E0));
#858=DIRECTION('',(-1.E0,0.E0,0.E0));
#859=AXIS2_PLACEMENT_3D('',#856,#857,#858);
#861=CARTESIAN_POINT('',(-4.25E1,1.5E2,6.E1));
#862=DIRECTION('',(0.E0,1.E0,0.E0));
#863=DIRECTION('',(1.E0,0.E0,0.E0));
#864=AXIS2_PLACEMENT_3D('',#861,#862,#863);
#866=CARTESIAN_POINT('',(-4.25E1,1.5E2,6.E1));
#867=DIRECTION('',(0.E0,1.E0,0.E0));
#868=DIRECTION('',(-1.E0,0.E0,0.E0));
#869=AXIS2_PLACEMENT_3D('',#866,#867,#868);
#871=CARTESIAN_POINT('',(-3.25E1,1.5E2,6.E1));
#872=DIRECTION('',(0.E0,1.E0,0.E0));
#873=DIRECTION('',(1.E0,0.E0,0.E0));
#874=AXIS2_PLACEMENT_3D('',#871,#872,#873);
#876=CARTESIAN_POINT('',(-3.25E1,1.5E2,6.E1));
#877=DIRECTION('',(0.E0,1.E0,0.E0));
#878=DIRECTION('',(-1.E0,0.E0,0.E0));
#879=AXIS2_PLACEMENT_3D('',#876,#877,#878);
#881=CARTESIAN_POINT('',(-2.25E1,1.5E2,6.E1));
#882=DIRECTION('',(0.E0,1.E0,0.E0));
#883=DIRECTION('',(1.E0,0.E0,0.E0));
#884=AXIS2_PLACEMENT_3D('',#881,#882,#883);
#886=CARTESIAN_POINT('',(-2.25E1,1.5E2,6.E1));
#887=DIRECTION('',(0.E0,1.E0,0.E0));
#888=DIRECTION('',(-1.E0,0.E0,0.E0));
#889=AXIS2_PLACEMENT_3D('',#886,#887,#888);
#891=CARTESIAN_POINT('',(-1.25E1,1.5E2,6.E1));
#892=DIRECTION('',(0.E0,1.E0,0.E0));
#893=DIRECTION('',(1.E0,0.E0,0.E0));
#894=AXIS2_PLACEMENT_3D('',#891,#892,#893);
#896=CARTESIAN_POINT('',(-1.25E1,1.5E2,6.E1));
#897=DIRECTION('',(0.E0,1.E0,0.E0));
#898=DIRECTION('',(-1.E0,0.E0,0.E0));
#899=AXIS2_PLACEMENT_3D('',#896,#897,#898);
#901=DIRECTION('',(0.E0,1.E0,0.E0));
#902=VECTOR('',#901,1.4E2);
#903=CARTESIAN_POINT('',(-1.175E2,1.E1,-1.5E1));
#904=LINE('',#903,#902);
#905=CARTESIAN_POINT('',(0.E0,1.E1,0.E0));
#906=DIRECTION('',(0.E0,-1.E0,0.E0));
#907=DIRECTION('',(1.E0,0.E0,0.E0));
#908=AXIS2_PLACEMENT_3D('',#905,#906,#907);
#910=CARTESIAN_POINT('',(0.E0,1.E1,0.E0));
#911=DIRECTION('',(0.E0,-1.E0,0.E0));
#912=DIRECTION('',(-1.E0,0.E0,0.E0));
#913=AXIS2_PLACEMENT_3D('',#910,#911,#912);
#915=CARTESIAN_POINT('',(-1.25E2,1.E1,0.E0));
#916=DIRECTION('',(0.E0,-1.E0,0.E0));
#917=DIRECTION('',(1.E0,0.E0,0.E0));
#918=AXIS2_PLACEMENT_3D('',#915,#916,#917);
#920=CARTESIAN_POINT('',(-1.25E2,1.E1,0.E0));
#921=DIRECTION('',(0.E0,-1.E0,0.E0));
#922=DIRECTION('',(-1.E0,0.E0,0.E0));
#923=AXIS2_PLACEMENT_3D('',#920,#921,#922);
#925=CARTESIAN_POINT('',(0.E0,1.E1,5.E1));
#926=DIRECTION('',(0.E0,-1.E0,0.E0));
#927=DIRECTION('',(1.E0,0.E0,0.E0));
#928=AXIS2_PLACEMENT_3D('',#925,#926,#927);
#930=CARTESIAN_POINT('',(0.E0,1.E1,5.E1));
#931=DIRECTION('',(0.E0,-1.E0,0.E0));
#932=DIRECTION('',(-1.E0,0.E0,0.E0));
#933=AXIS2_PLACEMENT_3D('',#930,#931,#932);
#935=CARTESIAN_POINT('',(-1.25E2,1.E1,5.E1));
#936=DIRECTION('',(0.E0,-1.E0,0.E0));
#937=DIRECTION('',(1.E0,0.E0,0.E0));
#938=AXIS2_PLACEMENT_3D('',#935,#936,#937);
#940=CARTESIAN_POINT('',(-1.25E2,1.E1,5.E1));
#941=DIRECTION('',(0.E0,-1.E0,0.E0));
#942=DIRECTION('',(-1.E0,0.E0,0.E0));
#943=AXIS2_PLACEMENT_3D('',#940,#941,#942);
#945=DIRECTION('',(0.E0,0.E0,1.E0));
#946=VECTOR('',#945,8.E1);
#947=CARTESIAN_POINT('',(-1.175E2,1.E1,-1.5E1));
#948=LINE('',#947,#946);
#949=DIRECTION('',(1.E0,0.E0,0.E0));
#950=VECTOR('',#949,1.5E1);
#951=CARTESIAN_POINT('',(-1.325E2,1.E1,6.5E1));
#952=LINE('',#951,#950);
#953=DIRECTION('',(0.E0,0.E0,1.E0));
#954=VECTOR('',#953,8.E1);
#955=CARTESIAN_POINT('',(-1.325E2,1.E1,-1.5E1));
#956=LINE('',#955,#954);
#957=DIRECTION('',(-1.E0,0.E0,0.E0));
#958=VECTOR('',#957,1.5E1);
#959=CARTESIAN_POINT('',(-1.175E2,1.E1,-1.5E1));
#960=LINE('',#959,#958);
#961=DIRECTION('',(0.E0,0.E0,-1.E0));
#962=VECTOR('',#961,8.E1);
#963=CARTESIAN_POINT('',(-7.5E0,1.E1,6.5E1));
#964=LINE('',#963,#962);
#965=DIRECTION('',(-1.E0,0.E0,0.E0));
#966=VECTOR('',#965,1.5E1);
#967=CARTESIAN_POINT('',(7.5E0,1.E1,-1.5E1));
#968=LINE('',#967,#966);
#969=DIRECTION('',(0.E0,0.E0,-1.E0));
#970=VECTOR('',#969,8.E1);
#971=CARTESIAN_POINT('',(7.5E0,1.E1,6.5E1));
#972=LINE('',#971,#970);
#973=DIRECTION('',(1.E0,0.E0,0.E0));
#974=VECTOR('',#973,1.5E1);
#975=CARTESIAN_POINT('',(-7.5E0,1.E1,6.5E1));
#976=LINE('',#975,#974);
#977=DIRECTION('',(0.E0,1.E0,0.E0));
#978=VECTOR('',#977,1.E1);
#979=CARTESIAN_POINT('',(3.5E0,0.E0,0.E0));
#980=LINE('',#979,#978);
#981=CARTESIAN_POINT('',(0.E0,0.E0,0.E0));
#982=DIRECTION('',(0.E0,-1.E0,0.E0));
#983=DIRECTION('',(1.E0,0.E0,0.E0));
#984=AXIS2_PLACEMENT_3D('',#981,#982,#983);
#986=CARTESIAN_POINT('',(0.E0,0.E0,0.E0));
#987=DIRECTION('',(0.E0,-1.E0,0.E0));
#988=DIRECTION('',(-1.E0,0.E0,0.E0));
#989=AXIS2_PLACEMENT_3D('',#986,#987,#988);
#991=CARTESIAN_POINT('',(-1.25E2,0.E0,0.E0));
#992=DIRECTION('',(0.E0,-1.E0,0.E0));
#993=DIRECTION('',(1.E0,0.E0,0.E0));
#994=AXIS2_PLACEMENT_3D('',#991,#992,#993);
#996=CARTESIAN_POINT('',(-1.25E2,0.E0,0.E0));
#997=DIRECTION('',(0.E0,-1.E0,0.E0));
#998=DIRECTION('',(-1.E0,0.E0,0.E0));
#999=AXIS2_PLACEMENT_3D('',#996,#997,#998);
#1001=CARTESIAN_POINT('',(0.E0,0.E0,5.E1));
#1002=DIRECTION('',(0.E0,-1.E0,0.E0));
#1003=DIRECTION('',(1.E0,0.E0,0.E0));
#1004=AXIS2_PLACEMENT_3D('',#1001,#1002,#1003);
#1006=CARTESIAN_POINT('',(0.E0,0.E0,5.E1));
#1007=DIRECTION('',(0.E0,-1.E0,0.E0));
#1008=DIRECTION('',(-1.E0,0.E0,0.E0));
#1009=AXIS2_PLACEMENT_3D('',#1006,#1007,#1008);
#1011=CARTESIAN_POINT('',(-1.25E2,0.E0,5.E1));
#1012=DIRECTION('',(0.E0,-1.E0,0.E0));
#1013=DIRECTION('',(1.E0,0.E0,0.E0));
#1014=AXIS2_PLACEMENT_3D('',#1011,#1012,#1013);
#1016=CARTESIAN_POINT('',(-1.25E2,0.E0,5.E1));
#1017=DIRECTION('',(0.E0,-1.E0,0.E0));
#1018=DIRECTION('',(-1.E0,0.E0,0.E0));
#1019=AXIS2_PLACEMENT_3D('',#1016,#1017,#1018);
#1021=DIRECTION('',(0.E0,0.E0,1.E0));
#1022=VECTOR('',#1021,8.E1);
#1023=CARTESIAN_POINT('',(-1.325E2,0.E0,-1.5E1));
#1024=LINE('',#1023,#1022);
#1025=DIRECTION('',(1.E0,0.E0,0.E0));
#1026=VECTOR('',#1025,1.4E2);
#1027=CARTESIAN_POINT('',(-1.325E2,0.E0,6.5E1));
#1028=LINE('',#1027,#1026);
#1029=DIRECTION('',(0.E0,0.E0,-1.E0));
#1030=VECTOR('',#1029,8.E1);
#1031=CARTESIAN_POINT('',(7.5E0,0.E0,6.5E1));
#1032=LINE('',#1031,#1030);
#1033=DIRECTION('',(-1.E0,0.E0,0.E0));
#1034=VECTOR('',#1033,1.4E2);
#1035=CARTESIAN_POINT('',(7.5E0,0.E0,-1.5E1));
#1036=LINE('',#1035,#1034);
#1037=DIRECTION('',(0.E0,1.E0,0.E0));
#1038=VECTOR('',#1037,1.E1);
#1039=CARTESIAN_POINT('',(-3.5E0,0.E0,0.E0));
#1040=LINE('',#1039,#1038);
#1041=DIRECTION('',(0.E0,1.E0,0.E0));
#1042=VECTOR('',#1041,1.E1);
#1043=CARTESIAN_POINT('',(-1.215E2,0.E0,0.E0));
#1044=LINE('',#1043,#1042);
#1045=DIRECTION('',(0.E0,1.E0,0.E0));
#1046=VECTOR('',#1045,1.E1);
#1047=CARTESIAN_POINT('',(-1.285E2,0.E0,0.E0));
#1048=LINE('',#1047,#1046);
#1049=DIRECTION('',(0.E0,1.E0,0.E0));
#1050=VECTOR('',#1049,1.E1);
#1051=CARTESIAN_POINT('',(3.5E0,0.E0,5.E1));
#1052=LINE('',#1051,#1050);
#1053=DIRECTION('',(0.E0,1.E0,0.E0));
#1054=VECTOR('',#1053,1.E1);
#1055=CARTESIAN_POINT('',(-3.5E0,0.E0,5.E1));
#1056=LINE('',#1055,#1054);
#1057=DIRECTION('',(0.E0,1.E0,0.E0));
#1058=VECTOR('',#1057,1.E1);
#1059=CARTESIAN_POINT('',(-1.215E2,0.E0,5.E1));
#1060=LINE('',#1059,#1058);
#1061=DIRECTION('',(0.E0,1.E0,0.E0));
#1062=VECTOR('',#1061,1.E1);
#1063=CARTESIAN_POINT('',(-1.285E2,0.E0,5.E1));
#1064=LINE('',#1063,#1062);
#1065=DIRECTION('',(0.E0,1.E0,0.E0));
#1066=VECTOR('',#1065,1.E1);
#1067=CARTESIAN_POINT('',(-1.325E2,0.E0,-1.5E1));
#1068=LINE('',#1067,#1066);
#1069=DIRECTION('',(0.E0,1.E0,0.E0));
#1070=VECTOR('',#1069,1.4E2);
#1071=CARTESIAN_POINT('',(-7.5E0,1.E1,-1.5E1));
#1072=LINE('',#1071,#1070);
#1073=DIRECTION('',(0.E0,1.E0,0.E0));
#1074=VECTOR('',#1073,1.E1);
#1075=CARTESIAN_POINT('',(7.5E0,0.E0,-1.5E1));
#1076=LINE('',#1075,#1074);
#1077=DIRECTION('',(0.E0,1.E0,0.E0));
#1078=VECTOR('',#1077,1.4E2);
#1079=CARTESIAN_POINT('',(-7.5E0,1.E1,6.5E1));
#1080=LINE('',#1079,#1078);
#1081=DIRECTION('',(0.E0,1.E0,0.E0));
#1082=VECTOR('',#1081,1.4E2);
#1083=CARTESIAN_POINT('',(-1.175E2,1.E1,6.5E1));
#1084=LINE('',#1083,#1082);
#1085=DIRECTION('',(0.E0,1.E0,0.E0));
#1086=VECTOR('',#1085,1.E1);
#1087=CARTESIAN_POINT('',(-1.325E2,0.E0,6.5E1));
#1088=LINE('',#1087,#1086);
#1089=DIRECTION('',(0.E0,1.E0,0.E0));
#1090=VECTOR('',#1089,1.E1);
#1091=CARTESIAN_POINT('',(7.5E0,0.E0,6.5E1));
#1092=LINE('',#1091,#1090);
#1093=DIRECTION('',(0.E0,-1.E0,0.E0));
#1094=VECTOR('',#1093,8.E1);
#1095=CARTESIAN_POINT('',(-1.09E2,1.5E2,-1.E1));
#1096=LINE('',#1095,#1094);
#1097=DIRECTION('',(0.E0,-1.E0,0.E0));
#1098=VECTOR('',#1097,8.E1);
#1099=CARTESIAN_POINT('',(-1.16E2,1.5E2,-1.E1));
#1100=LINE('',#1099,#1098);
#1101=CARTESIAN_POINT('',(-1.125E2,7.E1,-1.E1));
#1102=DIRECTION('',(0.E0,1.E0,0.E0));
#1103=DIRECTION('',(1.E0,0.E0,0.E0));
#1104=AXIS2_PLACEMENT_3D('',#1101,#1102,#1103);
#1106=CARTESIAN_POINT('',(-1.125E2,7.E1,-1.E1));
#1107=DIRECTION('',(0.E0,1.E0,0.E0));
#1108=DIRECTION('',(-1.E0,0.E0,0.E0));
#1109=AXIS2_PLACEMENT_3D('',#1106,#1107,#1108);
#1111=DIRECTION('',(0.E0,-1.E0,0.E0));
#1112=VECTOR('',#1111,8.E1);
#1113=CARTESIAN_POINT('',(-9.9E1,1.5E2,-1.E1));
#1114=LINE('',#1113,#1112);
#1115=DIRECTION('',(0.E0,-1.E0,0.E0));
#1116=VECTOR('',#1115,8.E1);
#1117=CARTESIAN_POINT('',(-1.06E2,1.5E2,-1.E1));
#1118=LINE('',#1117,#1116);
#1119=CARTESIAN_POINT('',(-1.025E2,7.E1,-1.E1));
#1120=DIRECTION('',(0.E0,1.E0,0.E0));
#1121=DIRECTION('',(1.E0,0.E0,0.E0));
#1122=AXIS2_PLACEMENT_3D('',#1119,#1120,#1121);
#1124=CARTESIAN_POINT('',(-1.025E2,7.E1,-1.E1));
#1125=DIRECTION('',(0.E0,1.E0,0.E0));
#1126=DIRECTION('',(-1.E0,0.E0,0.E0));
#1127=AXIS2_PLACEMENT_3D('',#1124,#1125,#1126);
#1129=DIRECTION('',(0.E0,-1.E0,0.E0));
#1130=VECTOR('',#1129,8.E1);
#1131=CARTESIAN_POINT('',(-8.9E1,1.5E2,-1.E1));
#1132=LINE('',#1131,#1130);
#1133=DIRECTION('',(0.E0,-1.E0,0.E0));
#1134=VECTOR('',#1133,8.E1);
#1135=CARTESIAN_POINT('',(-9.6E1,1.5E2,-1.E1));
#1136=LINE('',#1135,#1134);
#1137=CARTESIAN_POINT('',(-9.25E1,7.E1,-1.E1));
#1138=DIRECTION('',(0.E0,1.E0,0.E0));
#1139=DIRECTION('',(1.E0,0.E0,0.E0));
#1140=AXIS2_PLACEMENT_3D('',#1137,#1138,#1139);
#1142=CARTESIAN_POINT('',(-9.25E1,7.E1,-1.E1));
#1143=DIRECTION('',(0.E0,1.E0,0.E0));
#1144=DIRECTION('',(-1.E0,0.E0,0.E0));
#1145=AXIS2_PLACEMENT_3D('',#1142,#1143,#1144);
#1147=DIRECTION('',(0.E0,-1.E0,0.E0));
#1148=VECTOR('',#1147,8.E1);
#1149=CARTESIAN_POINT('',(-7.9E1,1.5E2,-1.E1));
#1150=LINE('',#1149,#1148);
#1151=DIRECTION('',(0.E0,-1.E0,0.E0));
#1152=VECTOR('',#1151,8.E1);
#1153=CARTESIAN_POINT('',(-8.6E1,1.5E2,-1.E1));
#1154=LINE('',#1153,#1152);
#1155=CARTESIAN_POINT('',(-8.25E1,7.E1,-1.E1));
#1156=DIRECTION('',(0.E0,1.E0,0.E0));
#1157=DIRECTION('',(1.E0,0.E0,0.E0));
#1158=AXIS2_PLACEMENT_3D('',#1155,#1156,#1157);
#1160=CARTESIAN_POINT('',(-8.25E1,7.E1,-1.E1));
#1161=DIRECTION('',(0.E0,1.E0,0.E0));
#1162=DIRECTION('',(-1.E0,0.E0,0.E0));
#1163=AXIS2_PLACEMENT_3D('',#1160,#1161,#1162);
#1165=DIRECTION('',(0.E0,-1.E0,0.E0));
#1166=VECTOR('',#1165,8.E1);
#1167=CARTESIAN_POINT('',(-6.9E1,1.5E2,-1.E1));
#1168=LINE('',#1167,#1166);
#1169=DIRECTION('',(0.E0,-1.E0,0.E0));
#1170=VECTOR('',#1169,8.E1);
#1171=CARTESIAN_POINT('',(-7.6E1,1.5E2,-1.E1));
#1172=LINE('',#1171,#1170);
#1173=CARTESIAN_POINT('',(-7.25E1,7.E1,-1.E1));
#1174=DIRECTION('',(0.E0,1.E0,0.E0));
#1175=DIRECTION('',(1.E0,0.E0,0.E0));
#1176=AXIS2_PLACEMENT_3D('',#1173,#1174,#1175);
#1178=CARTESIAN_POINT('',(-7.25E1,7.E1,-1.E1));
#1179=DIRECTION('',(0.E0,1.E0,0.E0));
#1180=DIRECTION('',(-1.E0,0.E0,0.E0));
#1181=AXIS2_PLACEMENT_3D('',#1178,#1179,#1180);
#1183=DIRECTION('',(0.E0,-1.E0,0.E0));
#1184=VECTOR('',#1183,8.E1);
#1185=CARTESIAN_POINT('',(-5.9E1,1.5E2,-1.E1));
#1186=LINE('',#1185,#1184);
#1187=DIRECTION('',(0.E0,-1.E0,0.E0));
#1188=VECTOR('',#1187,8.E1);
#1189=CARTESIAN_POINT('',(-6.6E1,1.5E2,-1.E1));
#1190=LINE('',#1189,#1188);
#1191=CARTESIAN_POINT('',(-6.25E1,7.E1,-1.E1));
#1192=DIRECTION('',(0.E0,1.E0,0.E0));
#1193=DIRECTION('',(1.E0,0.E0,0.E0));
#1194=AXIS2_PLACEMENT_3D('',#1191,#1192,#1193);
#1196=CARTESIAN_POINT('',(-6.25E1,7.E1,-1.E1));
#1197=DIRECTION('',(0.E0,1.E0,0.E0));
#1198=DIRECTION('',(-1.E0,0.E0,0.E0));
#1199=AXIS2_PLACEMENT_3D('',#1196,#1197,#1198);
#1201=DIRECTION('',(0.E0,-1.E0,0.E0));
#1202=VECTOR('',#1201,8.E1);
#1203=CARTESIAN_POINT('',(-4.9E1,1.5E2,-1.E1));
#1204=LINE('',#1203,#1202);
#1205=DIRECTION('',(0.E0,-1.E0,0.E0));
#1206=VECTOR('',#1205,8.E1);
#1207=CARTESIAN_POINT('',(-5.6E1,1.5E2,-1.E1));
#1208=LINE('',#1207,#1206);
#1209=CARTESIAN_POINT('',(-5.25E1,7.E1,-1.E1));
#1210=DIRECTION('',(0.E0,1.E0,0.E0));
#1211=DIRECTION('',(1.E0,0.E0,0.E0));
#1212=AXIS2_PLACEMENT_3D('',#1209,#1210,#1211);
#1214=CARTESIAN_POINT('',(-5.25E1,7.E1,-1.E1));
#1215=DIRECTION('',(0.E0,1.E0,0.E0));
#1216=DIRECTION('',(-1.E0,0.E0,0.E0));
#1217=AXIS2_PLACEMENT_3D('',#1214,#1215,#1216);
#1219=DIRECTION('',(0.E0,-1.E0,0.E0));
#1220=VECTOR('',#1219,8.E1);
#1221=CARTESIAN_POINT('',(-3.9E1,1.5E2,-1.E1));
#1222=LINE('',#1221,#1220);
#1223=DIRECTION('',(0.E0,-1.E0,0.E0));
#1224=VECTOR('',#1223,8.E1);
#1225=CARTESIAN_POINT('',(-4.6E1,1.5E2,-1.E1));
#1226=LINE('',#1225,#1224);
#1227=CARTESIAN_POINT('',(-4.25E1,7.E1,-1.E1));
#1228=DIRECTION('',(0.E0,1.E0,0.E0));
#1229=DIRECTION('',(1.E0,0.E0,0.E0));
#1230=AXIS2_PLACEMENT_3D('',#1227,#1228,#1229);
#1232=CARTESIAN_POINT('',(-4.25E1,7.E1,-1.E1));
#1233=DIRECTION('',(0.E0,1.E0,0.E0));
#1234=DIRECTION('',(-1.E0,0.E0,0.E0));
#1235=AXIS2_PLACEMENT_3D('',#1232,#1233,#1234);
#1237=DIRECTION('',(0.E0,-1.E0,0.E0));
#1238=VECTOR('',#1237,8.E1);
#1239=CARTESIAN_POINT('',(-2.9E1,1.5E2,-1.E1));
#1240=LINE('',#1239,#1238);
#1241=DIRECTION('',(0.E0,-1.E0,0.E0));
#1242=VECTOR('',#1241,8.E1);
#1243=CARTESIAN_POINT('',(-3.6E1,1.5E2,-1.E1));
#1244=LINE('',#1243,#1242);
#1245=CARTESIAN_POINT('',(-3.25E1,7.E1,-1.E1));
#1246=DIRECTION('',(0.E0,1.E0,0.E0));
#1247=DIRECTION('',(1.E0,0.E0,0.E0));
#1248=AXIS2_PLACEMENT_3D('',#1245,#1246,#1247);
#1250=CARTESIAN_POINT('',(-3.25E1,7.E1,-1.E1));
#1251=DIRECTION('',(0.E0,1.E0,0.E0));
#1252=DIRECTION('',(-1.E0,0.E0,0.E0));
#1253=AXIS2_PLACEMENT_3D('',#1250,#1251,#1252);
#1255=DIRECTION('',(0.E0,-1.E0,0.E0));
#1256=VECTOR('',#1255,8.E1);
#1257=CARTESIAN_POINT('',(-1.9E1,1.5E2,-1.E1));
#1258=LINE('',#1257,#1256);
#1259=DIRECTION('',(0.E0,-1.E0,0.E0));
#1260=VECTOR('',#1259,8.E1);
#1261=CARTESIAN_POINT('',(-2.6E1,1.5E2,-1.E1));
#1262=LINE('',#1261,#1260);
#1263=CARTESIAN_POINT('',(-2.25E1,7.E1,-1.E1));
#1264=DIRECTION('',(0.E0,1.E0,0.E0));
#1265=DIRECTION('',(1.E0,0.E0,0.E0));
#1266=AXIS2_PLACEMENT_3D('',#1263,#1264,#1265);
#1268=CARTESIAN_POINT('',(-2.25E1,7.E1,-1.E1));
#1269=DIRECTION('',(0.E0,1.E0,0.E0));
#1270=DIRECTION('',(-1.E0,0.E0,0.E0));
#1271=AXIS2_PLACEMENT_3D('',#1268,#1269,#1270);
#1273=DIRECTION('',(0.E0,-1.E0,0.E0));
#1274=VECTOR('',#1273,8.E1);
#1275=CARTESIAN_POINT('',(-9.E0,1.5E2,-1.E1));
#1276=LINE('',#1275,#1274);
#1277=DIRECTION('',(0.E0,-1.E0,0.E0));
#1278=VECTOR('',#1277,8.E1);
#1279=CARTESIAN_POINT('',(-1.6E1,1.5E2,-1.E1));
#1280=LINE('',#1279,#1278);
#1281=CARTESIAN_POINT('',(-1.25E1,7.E1,-1.E1));
#1282=DIRECTION('',(0.E0,1.E0,0.E0));
#1283=DIRECTION('',(1.E0,0.E0,0.E0));
#1284=AXIS2_PLACEMENT_3D('',#1281,#1282,#1283);
#1286=CARTESIAN_POINT('',(-1.25E1,7.E1,-1.E1));
#1287=DIRECTION('',(0.E0,1.E0,0.E0));
#1288=DIRECTION('',(-1.E0,0.E0,0.E0));
#1289=AXIS2_PLACEMENT_3D('',#1286,#1287,#1288);
#1291=DIRECTION('',(0.E0,-1.E0,0.E0));
#1292=VECTOR('',#1291,8.E1);
#1293=CARTESIAN_POINT('',(-1.09E2,1.5E2,0.E0));
#1294=LINE('',#1293,#1292);
#1295=DIRECTION('',(0.E0,-1.E0,0.E0));
#1296=VECTOR('',#1295,8.E1);
#1297=CARTESIAN_POINT('',(-1.16E2,1.5E2,0.E0));
#1298=LINE('',#1297,#1296);
#1299=CARTESIAN_POINT('',(-1.125E2,7.E1,0.E0));
#1300=DIRECTION('',(0.E0,1.E0,0.E0));
#1301=DIRECTION('',(1.E0,0.E0,0.E0));
#1302=AXIS2_PLACEMENT_3D('',#1299,#1300,#1301);
#1304=CARTESIAN_POINT('',(-1.125E2,7.E1,0.E0));
#1305=DIRECTION('',(0.E0,1.E0,0.E0));
#1306=DIRECTION('',(-1.E0,0.E0,0.E0));
#1307=AXIS2_PLACEMENT_3D('',#1304,#1305,#1306);
#1309=DIRECTION('',(0.E0,-1.E0,0.E0));
#1310=VECTOR('',#1309,8.E1);
#1311=CARTESIAN_POINT('',(-9.9E1,1.5E2,0.E0));
#1312=LINE('',#1311,#1310);
#1313=DIRECTION('',(0.E0,-1.E0,0.E0));
#1314=VECTOR('',#1313,8.E1);
#1315=CARTESIAN_POINT('',(-1.06E2,1.5E2,0.E0));
#1316=LINE('',#1315,#1314);
#1317=CARTESIAN_POINT('',(-1.025E2,7.E1,0.E0));
#1318=DIRECTION('',(0.E0,1.E0,0.E0));
#1319=DIRECTION('',(1.E0,0.E0,0.E0));
#1320=AXIS2_PLACEMENT_3D('',#1317,#1318,#1319);
#1322=CARTESIAN_POINT('',(-1.025E2,7.E1,0.E0));
#1323=DIRECTION('',(0.E0,1.E0,0.E0));
#1324=DIRECTION('',(-1.E0,0.E0,0.E0));
#1325=AXIS2_PLACEMENT_3D('',#1322,#1323,#1324);
#1327=DIRECTION('',(0.E0,-1.E0,0.E0));
#1328=VECTOR('',#1327,8.E1);
#1329=CARTESIAN_POINT('',(-8.9E1,1.5E2,0.E0));
#1330=LINE('',#1329,#1328);
#1331=DIRECTION('',(0.E0,-1.E0,0.E0));
#1332=VECTOR('',#1331,8.E1);
#1333=CARTESIAN_POINT('',(-9.6E1,1.5E2,0.E0));
#1334=LINE('',#1333,#1332);
#1335=CARTESIAN_POINT('',(-9.25E1,7.E1,0.E0));
#1336=DIRECTION('',(0.E0,1.E0,0.E0));
#1337=DIRECTION('',(1.E0,0.E0,0.E0));
#1338=AXIS2_PLACEMENT_3D('',#1335,#1336,#1337);
#1340=CARTESIAN_POINT('',(-9.25E1,7.E1,0.E0));
#1341=DIRECTION('',(0.E0,1.E0,0.E0));
#1342=DIRECTION('',(-1.E0,0.E0,0.E0));
#1343=AXIS2_PLACEMENT_3D('',#1340,#1341,#1342);
#1345=DIRECTION('',(0.E0,-1.E0,0.E0));
#1346=VECTOR('',#1345,8.E1);
#1347=CARTESIAN_POINT('',(-7.9E1,1.5E2,0.E0));
#1348=LINE('',#1347,#1346);
#1349=DIRECTION('',(0.E0,-1.E0,0.E0));
#1350=VECTOR('',#1349,8.E1);
#1351=CARTESIAN_POINT('',(-8.6E1,1.5E2,0.E0));
#1352=LINE('',#1351,#1350);
#1353=CARTESIAN_POINT('',(-8.25E1,7.E1,0.E0));
#1354=DIRECTION('',(0.E0,1.E0,0.E0));
#1355=DIRECTION('',(1.E0,0.E0,0.E0));
#1356=AXIS2_PLACEMENT_3D('',#1353,#1354,#1355);
#1358=CARTESIAN_POINT('',(-8.25E1,7.E1,0.E0));
#1359=DIRECTION('',(0.E0,1.E0,0.E0));
#1360=DIRECTION('',(-1.E0,0.E0,0.E0));
#1361=AXIS2_PLACEMENT_3D('',#1358,#1359,#1360);
#1363=DIRECTION('',(0.E0,-1.E0,0.E0));
#1364=VECTOR('',#1363,8.E1);
#1365=CARTESIAN_POINT('',(-6.9E1,1.5E2,0.E0));
#1366=LINE('',#1365,#1364);
#1367=DIRECTION('',(0.E0,-1.E0,0.E0));
#1368=VECTOR('',#1367,8.E1);
#1369=CARTESIAN_POINT('',(-7.6E1,1.5E2,0.E0));
#1370=LINE('',#1369,#1368);
#1371=CARTESIAN_POINT('',(-7.25E1,7.E1,0.E0));
#1372=DIRECTION('',(0.E0,1.E0,0.E0));
#1373=DIRECTION('',(1.E0,0.E0,0.E0));
#1374=AXIS2_PLACEMENT_3D('',#1371,#1372,#1373);
#1376=CARTESIAN_POINT('',(-7.25E1,7.E1,0.E0));
#1377=DIRECTION('',(0.E0,1.E0,0.E0));
#1378=DIRECTION('',(-1.E0,0.E0,0.E0));
#1379=AXIS2_PLACEMENT_3D('',#1376,#1377,#1378);
#1381=DIRECTION('',(0.E0,-1.E0,0.E0));
#1382=VECTOR('',#1381,8.E1);
#1383=CARTESIAN_POINT('',(-5.9E1,1.5E2,0.E0));
#1384=LINE('',#1383,#1382);
#1385=DIRECTION('',(0.E0,-1.E0,0.E0));
#1386=VECTOR('',#1385,8.E1);
#1387=CARTESIAN_POINT('',(-6.6E1,1.5E2,0.E0));
#1388=LINE('',#1387,#1386);
#1389=CARTESIAN_POINT('',(-6.25E1,7.E1,0.E0));
#1390=DIRECTION('',(0.E0,1.E0,0.E0));
#1391=DIRECTION('',(1.E0,0.E0,0.E0));
#1392=AXIS2_PLACEMENT_3D('',#1389,#1390,#1391);
#1394=CARTESIAN_POINT('',(-6.25E1,7.E1,0.E0));
#1395=DIRECTION('',(0.E0,1.E0,0.E0));
#1396=DIRECTION('',(-1.E0,0.E0,0.E0));
#1397=AXIS2_PLACEMENT_3D('',#1394,#1395,#1396);
#1399=DIRECTION('',(0.E0,-1.E0,0.E0));
#1400=VECTOR('',#1399,8.E1);
#1401=CARTESIAN_POINT('',(-4.9E1,1.5E2,0.E0));
#1402=LINE('',#1401,#1400);
#1403=DIRECTION('',(0.E0,-1.E0,0.E0));
#1404=VECTOR('',#1403,8.E1);
#1405=CARTESIAN_POINT('',(-5.6E1,1.5E2,0.E0));
#1406=LINE('',#1405,#1404);
#1407=CARTESIAN_POINT('',(-5.25E1,7.E1,0.E0));
#1408=DIRECTION('',(0.E0,1.E0,0.E0));
#1409=DIRECTION('',(1.E0,0.E0,0.E0));
#1410=AXIS2_PLACEMENT_3D('',#1407,#1408,#1409);
#1412=CARTESIAN_POINT('',(-5.25E1,7.E1,0.E0));
#1413=DIRECTION('',(0.E0,1.E0,0.E0));
#1414=DIRECTION('',(-1.E0,0.E0,0.E0));
#1415=AXIS2_PLACEMENT_3D('',#1412,#1413,#1414);
#1417=DIRECTION('',(0.E0,-1.E0,0.E0));
#1418=VECTOR('',#1417,8.E1);
#1419=CARTESIAN_POINT('',(-3.9E1,1.5E2,0.E0));
#1420=LINE('',#1419,#1418);
#1421=DIRECTION('',(0.E0,-1.E0,0.E0));
#1422=VECTOR('',#1421,8.E1);
#1423=CARTESIAN_POINT('',(-4.6E1,1.5E2,0.E0));
#1424=LINE('',#1423,#1422);
#1425=CARTESIAN_POINT('',(-4.25E1,7.E1,0.E0));
#1426=DIRECTION('',(0.E0,1.E0,0.E0));
#1427=DIRECTION('',(1.E0,0.E0,0.E0));
#1428=AXIS2_PLACEMENT_3D('',#1425,#1426,#1427);
#1430=CARTESIAN_POINT('',(-4.25E1,7.E1,0.E0));
#1431=DIRECTION('',(0.E0,1.E0,0.E0));
#1432=DIRECTION('',(-1.E0,0.E0,0.E0));
#1433=AXIS2_PLACEMENT_3D('',#1430,#1431,#1432);
#1435=DIRECTION('',(0.E0,-1.E0,0.E0));
#1436=VECTOR('',#1435,8.E1);
#1437=CARTESIAN_POINT('',(-2.9E1,1.5E2,0.E0));
#1438=LINE('',#1437,#1436);
#1439=DIRECTION('',(0.E0,-1.E0,0.E0));
#1440=VECTOR('',#1439,8.E1);
#1441=CARTESIAN_POINT('',(-3.6E1,1.5E2,0.E0));
#1442=LINE('',#1441,#1440);
#1443=CARTESIAN_POINT('',(-3.25E1,7.E1,0.E0));
#1444=DIRECTION('',(0.E0,1.E0,0.E0));
#1445=DIRECTION('',(1.E0,0.E0,0.E0));
#1446=AXIS2_PLACEMENT_3D('',#1443,#1444,#1445);
#1448=CARTESIAN_POINT('',(-3.25E1,7.E1,0.E0));
#1449=DIRECTION('',(0.E0,1.E0,0.E0));
#1450=DIRECTION('',(-1.E0,0.E0,0.E0));
#1451=AXIS2_PLACEMENT_3D('',#1448,#1449,#1450);
#1453=DIRECTION('',(0.E0,-1.E0,0.E0));
#1454=VECTOR('',#1453,8.E1);
#1455=CARTESIAN_POINT('',(-1.9E1,1.5E2,0.E0));
#1456=LINE('',#1455,#1454);
#1457=DIRECTION('',(0.E0,-1.E0,0.E0));
#1458=VECTOR('',#1457,8.E1);
#1459=CARTESIAN_POINT('',(-2.6E1,1.5E2,0.E0));
#1460=LINE('',#1459,#1458);
#1461=CARTESIAN_POINT('',(-2.25E1,7.E1,0.E0));
#1462=DIRECTION('',(0.E0,1.E0,0.E0));
#1463=DIRECTION('',(1.E0,0.E0,0.E0));
#1464=AXIS2_PLACEMENT_3D('',#1461,#1462,#1463);
#1466=CARTESIAN_POINT('',(-2.25E1,7.E1,0.E0));
#1467=DIRECTION('',(0.E0,1.E0,0.E0));
#1468=DIRECTION('',(-1.E0,0.E0,0.E0));
#1469=AXIS2_PLACEMENT_3D('',#1466,#1467,#1468);
#1471=DIRECTION('',(0.E0,-1.E0,0.E0));
#1472=VECTOR('',#1471,8.E1);
#1473=CARTESIAN_POINT('',(-9.E0,1.5E2,0.E0));
#1474=LINE('',#1473,#1472);
#1475=DIRECTION('',(0.E0,-1.E0,0.E0));
#1476=VECTOR('',#1475,8.E1);
#1477=CARTESIAN_POINT('',(-1.6E1,1.5E2,0.E0));
#1478=LINE('',#1477,#1476);
#1479=CARTESIAN_POINT('',(-1.25E1,7.E1,0.E0));
#1480=DIRECTION('',(0.E0,1.E0,0.E0));
#1481=DIRECTION('',(1.E0,0.E0,0.E0));
#1482=AXIS2_PLACEMENT_3D('',#1479,#1480,#1481);
#1484=CARTESIAN_POINT('',(-1.25E1,7.E1,0.E0));
#1485=DIRECTION('',(0.E0,1.E0,0.E0));
#1486=DIRECTION('',(-1.E0,0.E0,0.E0));
#1487=AXIS2_PLACEMENT_3D('',#1484,#1485,#1486);
#1489=DIRECTION('',(0.E0,-1.E0,0.E0));
#1490=VECTOR('',#1489,8.E1);
#1491=CARTESIAN_POINT('',(-1.09E2,1.5E2,1.E1));
#1492=LINE('',#1491,#1490);
#1493=DIRECTION('',(0.E0,-1.E0,0.E0));
#1494=VECTOR('',#1493,8.E1);
#1495=CARTESIAN_POINT('',(-1.16E2,1.5E2,1.E1));
#1496=LINE('',#1495,#1494);
#1497=CARTESIAN_POINT('',(-1.125E2,7.E1,1.E1));
#1498=DIRECTION('',(0.E0,1.E0,0.E0));
#1499=DIRECTION('',(1.E0,0.E0,0.E0));
#1500=AXIS2_PLACEMENT_3D('',#1497,#1498,#1499);
#1502=CARTESIAN_POINT('',(-1.125E2,7.E1,1.E1));
#1503=DIRECTION('',(0.E0,1.E0,0.E0));
#1504=DIRECTION('',(-1.E0,0.E0,0.E0));
#1505=AXIS2_PLACEMENT_3D('',#1502,#1503,#1504);
#1507=DIRECTION('',(0.E0,-1.E0,0.E0));
#1508=VECTOR('',#1507,8.E1);
#1509=CARTESIAN_POINT('',(-9.9E1,1.5E2,1.E1));
#1510=LINE('',#1509,#1508);
#1511=DIRECTION('',(0.E0,-1.E0,0.E0));
#1512=VECTOR('',#1511,8.E1);
#1513=CARTESIAN_POINT('',(-1.06E2,1.5E2,1.E1));
#1514=LINE('',#1513,#1512);
#1515=CARTESIAN_POINT('',(-1.025E2,7.E1,1.E1));
#1516=DIRECTION('',(0.E0,1.E0,0.E0));
#1517=DIRECTION('',(1.E0,0.E0,0.E0));
#1518=AXIS2_PLACEMENT_3D('',#1515,#1516,#1517);
#1520=CARTESIAN_POINT('',(-1.025E2,7.E1,1.E1));
#1521=DIRECTION('',(0.E0,1.E0,0.E0));
#1522=DIRECTION('',(-1.E0,0.E0,0.E0));
#1523=AXIS2_PLACEMENT_3D('',#1520,#1521,#1522);
#1525=DIRECTION('',(0.E0,-1.E0,0.E0));
#1526=VECTOR('',#1525,8.E1);
#1527=CARTESIAN_POINT('',(-8.9E1,1.5E2,1.E1));
#1528=LINE('',#1527,#1526);
#1529=DIRECTION('',(0.E0,-1.E0,0.E0));
#1530=VECTOR('',#1529,8.E1);
#1531=CARTESIAN_POINT('',(-9.6E1,1.5E2,1.E1));
#1532=LINE('',#1531,#1530);
#1533=CARTESIAN_POINT('',(-9.25E1,7.E1,1.E1));
#1534=DIRECTION('',(0.E0,1.E0,0.E0));
#1535=DIRECTION('',(1.E0,0.E0,0.E0));
#1536=AXIS2_PLACEMENT_3D('',#1533,#1534,#1535);
#1538=CARTESIAN_POINT('',(-9.25E1,7.E1,1.E1));
#1539=DIRECTION('',(0.E0,1.E0,0.E0));
#1540=DIRECTION('',(-1.E0,0.E0,0.E0));
#1541=AXIS2_PLACEMENT_3D('',#1538,#1539,#1540);
#1543=DIRECTION('',(0.E0,-1.E0,0.E0));
#1544=VECTOR('',#1543,8.E1);
#1545=CARTESIAN_POINT('',(-7.9E1,1.5E2,1.E1));
#1546=LINE('',#1545,#1544);
#1547=DIRECTION('',(0.E0,-1.E0,0.E0));
#1548=VECTOR('',#1547,8.E1);
#1549=CARTESIAN_POINT('',(-8.6E1,1.5E2,1.E1));
#1550=LINE('',#1549,#1548);
#1551=CARTESIAN_POINT('',(-8.25E1,7.E1,1.E1));
#1552=DIRECTION('',(0.E0,1.E0,0.E0));
#1553=DIRECTION('',(1.E0,0.E0,0.E0));
#1554=AXIS2_PLACEMENT_3D('',#1551,#1552,#1553);
#1556=CARTESIAN_POINT('',(-8.25E1,7.E1,1.E1));
#1557=DIRECTION('',(0.E0,1.E0,0.E0));
#1558=DIRECTION('',(-1.E0,0.E0,0.E0));
#1559=AXIS2_PLACEMENT_3D('',#1556,#1557,#1558);
#1561=DIRECTION('',(0.E0,-1.E0,0.E0));
#1562=VECTOR('',#1561,8.E1);
#1563=CARTESIAN_POINT('',(-6.9E1,1.5E2,1.E1));
#1564=LINE('',#1563,#1562);
#1565=DIRECTION('',(0.E0,-1.E0,0.E0));
#1566=VECTOR('',#1565,8.E1);
#1567=CARTESIAN_POINT('',(-7.6E1,1.5E2,1.E1));
#1568=LINE('',#1567,#1566);
#1569=CARTESIAN_POINT('',(-7.25E1,7.E1,1.E1));
#1570=DIRECTION('',(0.E0,1.E0,0.E0));
#1571=DIRECTION('',(1.E0,0.E0,0.E0));
#1572=AXIS2_PLACEMENT_3D('',#1569,#1570,#1571);
#1574=CARTESIAN_POINT('',(-7.25E1,7.E1,1.E1));
#1575=DIRECTION('',(0.E0,1.E0,0.E0));
#1576=DIRECTION('',(-1.E0,0.E0,0.E0));
#1577=AXIS2_PLACEMENT_3D('',#1574,#1575,#1576);
#1579=DIRECTION('',(0.E0,-1.E0,0.E0));
#1580=VECTOR('',#1579,8.E1);
#1581=CARTESIAN_POINT('',(-5.9E1,1.5E2,1.E1));
#1582=LINE('',#1581,#1580);
#1583=DIRECTION('',(0.E0,-1.E0,0.E0));
#1584=VECTOR('',#1583,8.E1);
#1585=CARTESIAN_POINT('',(-6.6E1,1.5E2,1.E1));
#1586=LINE('',#1585,#1584);
#1587=CARTESIAN_POINT('',(-6.25E1,7.E1,1.E1));
#1588=DIRECTION('',(0.E0,1.E0,0.E0));
#1589=DIRECTION('',(1.E0,0.E0,0.E0));
#1590=AXIS2_PLACEMENT_3D('',#1587,#1588,#1589);
#1592=CARTESIAN_POINT('',(-6.25E1,7.E1,1.E1));
#1593=DIRECTION('',(0.E0,1.E0,0.E0));
#1594=DIRECTION('',(-1.E0,0.E0,0.E0));
#1595=AXIS2_PLACEMENT_3D('',#1592,#1593,#1594);
#1597=DIRECTION('',(0.E0,-1.E0,0.E0));
#1598=VECTOR('',#1597,8.E1);
#1599=CARTESIAN_POINT('',(-4.9E1,1.5E2,1.E1));
#1600=LINE('',#1599,#1598);
#1601=DIRECTION('',(0.E0,-1.E0,0.E0));
#1602=VECTOR('',#1601,8.E1);
#1603=CARTESIAN_POINT('',(-5.6E1,1.5E2,1.E1));
#1604=LINE('',#1603,#1602);
#1605=CARTESIAN_POINT('',(-5.25E1,7.E1,1.E1));
#1606=DIRECTION('',(0.E0,1.E0,0.E0));
#1607=DIRECTION('',(1.E0,0.E0,0.E0));
#1608=AXIS2_PLACEMENT_3D('',#1605,#1606,#1607);
#1610=CARTESIAN_POINT('',(-5.25E1,7.E1,1.E1));
#1611=DIRECTION('',(0.E0,1.E0,0.E0));
#1612=DIRECTION('',(-1.E0,0.E0,0.E0));
#1613=AXIS2_PLACEMENT_3D('',#1610,#1611,#1612);
#1615=DIRECTION('',(0.E0,-1.E0,0.E0));
#1616=VECTOR('',#1615,8.E1);
#1617=CARTESIAN_POINT('',(-3.9E1,1.5E2,1.E1));
#1618=LINE('',#1617,#1616);
#1619=DIRECTION('',(0.E0,-1.E0,0.E0));
#1620=VECTOR('',#1619,8.E1);
#1621=CARTESIAN_POINT('',(-4.6E1,1.5E2,1.E1));
#1622=LINE('',#1621,#1620);
#1623=CARTESIAN_POINT('',(-4.25E1,7.E1,1.E1));
#1624=DIRECTION('',(0.E0,1.E0,0.E0));
#1625=DIRECTION('',(1.E0,0.E0,0.E0));
#1626=AXIS2_PLACEMENT_3D('',#1623,#1624,#1625);
#1628=CARTESIAN_POINT('',(-4.25E1,7.E1,1.E1));
#1629=DIRECTION('',(0.E0,1.E0,0.E0));
#1630=DIRECTION('',(-1.E0,0.E0,0.E0));
#1631=AXIS2_PLACEMENT_3D('',#1628,#1629,#1630);
#1633=DIRECTION('',(0.E0,-1.E0,0.E0));
#1634=VECTOR('',#1633,8.E1);
#1635=CARTESIAN_POINT('',(-2.9E1,1.5E2,1.E1));
#1636=LINE('',#1635,#1634);
#1637=DIRECTION('',(0.E0,-1.E0,0.E0));
#1638=VECTOR('',#1637,8.E1);
#1639=CARTESIAN_POINT('',(-3.6E1,1.5E2,1.E1));
#1640=LINE('',#1639,#1638);
#1641=CARTESIAN_POINT('',(-3.25E1,7.E1,1.E1));
#1642=DIRECTION('',(0.E0,1.E0,0.E0));
#1643=DIRECTION('',(1.E0,0.E0,0.E0));
#1644=AXIS2_PLACEMENT_3D('',#1641,#1642,#1643);
#1646=CARTESIAN_POINT('',(-3.25E1,7.E1,1.E1));
#1647=DIRECTION('',(0.E0,1.E0,0.E0));
#1648=DIRECTION('',(-1.E0,0.E0,0.E0));
#1649=AXIS2_PLACEMENT_3D('',#1646,#1647,#1648);
#1651=DIRECTION('',(0.E0,-1.E0,0.E0));
#1652=VECTOR('',#1651,8.E1);
#1653=CARTESIAN_POINT('',(-1.9E1,1.5E2,1.E1));
#1654=LINE('',#1653,#1652);
#1655=DIRECTION('',(0.E0,-1.E0,0.E0));
#1656=VECTOR('',#1655,8.E1);
#1657=CARTESIAN_POINT('',(-2.6E1,1.5E2,1.E1));
#1658=LINE('',#1657,#1656);
#1659=CARTESIAN_POINT('',(-2.25E1,7.E1,1.E1));
#1660=DIRECTION('',(0.E0,1.E0,0.E0));
#1661=DIRECTION('',(1.E0,0.E0,0.E0));
#1662=AXIS2_PLACEMENT_3D('',#1659,#1660,#1661);
#1664=CARTESIAN_POINT('',(-2.25E1,7.E1,1.E1));
#1665=DIRECTION('',(0.E0,1.E0,0.E0));
#1666=DIRECTION('',(-1.E0,0.E0,0.E0));
#1667=AXIS2_PLACEMENT_3D('',#1664,#1665,#1666);
#1669=DIRECTION('',(0.E0,-1.E0,0.E0));
#1670=VECTOR('',#1669,8.E1);
#1671=CARTESIAN_POINT('',(-9.E0,1.5E2,1.E1));
#1672=LINE('',#1671,#1670);
#1673=DIRECTION('',(0.E0,-1.E0,0.E0));
#1674=VECTOR('',#1673,8.E1);
#1675=CARTESIAN_POINT('',(-1.6E1,1.5E2,1.E1));
#1676=LINE('',#1675,#1674);
#1677=CARTESIAN_POINT('',(-1.25E1,7.E1,1.E1));
#1678=DIRECTION('',(0.E0,1.E0,0.E0));
#1679=DIRECTION('',(1.E0,0.E0,0.E0));
#1680=AXIS2_PLACEMENT_3D('',#1677,#1678,#1679);
#1682=CARTESIAN_POINT('',(-1.25E1,7.E1,1.E1));
#1683=DIRECTION('',(0.E0,1.E0,0.E0));
#1684=DIRECTION('',(-1.E0,0.E0,0.E0));
#1685=AXIS2_PLACEMENT_3D('',#1682,#1683,#1684);
#1687=DIRECTION('',(0.E0,-1.E0,0.E0));
#1688=VECTOR('',#1687,8.E1);
#1689=CARTESIAN_POINT('',(-1.09E2,1.5E2,2.E1));
#1690=LINE('',#1689,#1688);
#1691=DIRECTION('',(0.E0,-1.E0,0.E0));
#1692=VECTOR('',#1691,8.E1);
#1693=CARTESIAN_POINT('',(-1.16E2,1.5E2,2.E1));
#1694=LINE('',#1693,#1692);
#1695=CARTESIAN_POINT('',(-1.125E2,7.E1,2.E1));
#1696=DIRECTION('',(0.E0,1.E0,0.E0));
#1697=DIRECTION('',(1.E0,0.E0,0.E0));
#1698=AXIS2_PLACEMENT_3D('',#1695,#1696,#1697);
#1700=CARTESIAN_POINT('',(-1.125E2,7.E1,2.E1));
#1701=DIRECTION('',(0.E0,1.E0,0.E0));
#1702=DIRECTION('',(-1.E0,0.E0,0.E0));
#1703=AXIS2_PLACEMENT_3D('',#1700,#1701,#1702);
#1705=DIRECTION('',(0.E0,-1.E0,0.E0));
#1706=VECTOR('',#1705,8.E1);
#1707=CARTESIAN_POINT('',(-9.9E1,1.5E2,2.E1));
#1708=LINE('',#1707,#1706);
#1709=DIRECTION('',(0.E0,-1.E0,0.E0));
#1710=VECTOR('',#1709,8.E1);
#1711=CARTESIAN_POINT('',(-1.06E2,1.5E2,2.E1));
#1712=LINE('',#1711,#1710);
#1713=CARTESIAN_POINT('',(-1.025E2,7.E1,2.E1));
#1714=DIRECTION('',(0.E0,1.E0,0.E0));
#1715=DIRECTION('',(1.E0,0.E0,0.E0));
#1716=AXIS2_PLACEMENT_3D('',#1713,#1714,#1715);
#1718=CARTESIAN_POINT('',(-1.025E2,7.E1,2.E1));
#1719=DIRECTION('',(0.E0,1.E0,0.E0));
#1720=DIRECTION('',(-1.E0,0.E0,0.E0));
#1721=AXIS2_PLACEMENT_3D('',#1718,#1719,#1720);
#1723=DIRECTION('',(0.E0,-1.E0,0.E0));
#1724=VECTOR('',#1723,8.E1);
#1725=CARTESIAN_POINT('',(-8.9E1,1.5E2,2.E1));
#1726=LINE('',#1725,#1724);
#1727=DIRECTION('',(0.E0,-1.E0,0.E0));
#1728=VECTOR('',#1727,8.E1);
#1729=CARTESIAN_POINT('',(-9.6E1,1.5E2,2.E1));
#1730=LINE('',#1729,#1728);
#1731=CARTESIAN_POINT('',(-9.25E1,7.E1,2.E1));
#1732=DIRECTION('',(0.E0,1.E0,0.E0));
#1733=DIRECTION('',(1.E0,0.E0,0.E0));
#1734=AXIS2_PLACEMENT_3D('',#1731,#1732,#1733);
#1736=CARTESIAN_POINT('',(-9.25E1,7.E1,2.E1));
#1737=DIRECTION('',(0.E0,1.E0,0.E0));
#1738=DIRECTION('',(-1.E0,0.E0,0.E0));
#1739=AXIS2_PLACEMENT_3D('',#1736,#1737,#1738);
#1741=DIRECTION('',(0.E0,-1.E0,0.E0));
#1742=VECTOR('',#1741,8.E1);
#1743=CARTESIAN_POINT('',(-7.9E1,1.5E2,2.E1));
#1744=LINE('',#1743,#1742);
#1745=DIRECTION('',(0.E0,-1.E0,0.E0));
#1746=VECTOR('',#1745,8.E1);
#1747=CARTESIAN_POINT('',(-8.6E1,1.5E2,2.E1));
#1748=LINE('',#1747,#1746);
#1749=CARTESIAN_POINT('',(-8.25E1,7.E1,2.E1));
#1750=DIRECTION('',(0.E0,1.E0,0.E0));
#1751=DIRECTION('',(1.E0,0.E0,0.E0));
#1752=AXIS2_PLACEMENT_3D('',#1749,#1750,#1751);
#1754=CARTESIAN_POINT('',(-8.25E1,7.E1,2.E1));
#1755=DIRECTION('',(0.E0,1.E0,0.E0));
#1756=DIRECTION('',(-1.E0,0.E0,0.E0));
#1757=AXIS2_PLACEMENT_3D('',#1754,#1755,#1756);
#1759=DIRECTION('',(0.E0,-1.E0,0.E0));
#1760=VECTOR('',#1759,8.E1);
#1761=CARTESIAN_POINT('',(-6.9E1,1.5E2,2.E1));
#1762=LINE('',#1761,#1760);
#1763=DIRECTION('',(0.E0,-1.E0,0.E0));
#1764=VECTOR('',#1763,8.E1);
#1765=CARTESIAN_POINT('',(-7.6E1,1.5E2,2.E1));
#1766=LINE('',#1765,#1764);
#1767=CARTESIAN_POINT('',(-7.25E1,7.E1,2.E1));
#1768=DIRECTION('',(0.E0,1.E0,0.E0));
#1769=DIRECTION('',(1.E0,0.E0,0.E0));
#1770=AXIS2_PLACEMENT_3D('',#1767,#1768,#1769);
#1772=CARTESIAN_POINT('',(-7.25E1,7.E1,2.E1));
#1773=DIRECTION('',(0.E0,1.E0,0.E0));
#1774=DIRECTION('',(-1.E0,0.E0,0.E0));
#1775=AXIS2_PLACEMENT_3D('',#1772,#1773,#1774);
#1777=DIRECTION('',(0.E0,-1.E0,0.E0));
#1778=VECTOR('',#1777,8.E1);
#1779=CARTESIAN_POINT('',(-5.9E1,1.5E2,2.E1));
#1780=LINE('',#1779,#1778);
#1781=DIRECTION('',(0.E0,-1.E0,0.E0));
#1782=VECTOR('',#1781,8.E1);
#1783=CARTESIAN_POINT('',(-6.6E1,1.5E2,2.E1));
#1784=LINE('',#1783,#1782);
#1785=CARTESIAN_POINT('',(-6.25E1,7.E1,2.E1));
#1786=DIRECTION('',(0.E0,1.E0,0.E0));
#1787=DIRECTION('',(1.E0,0.E0,0.E0));
#1788=AXIS2_PLACEMENT_3D('',#1785,#1786,#1787);
#1790=CARTESIAN_POINT('',(-6.25E1,7.E1,2.E1));
#1791=DIRECTION('',(0.E0,1.E0,0.E0));
#1792=DIRECTION('',(-1.E0,0.E0,0.E0));
#1793=AXIS2_PLACEMENT_3D('',#1790,#1791,#1792);
#1795=DIRECTION('',(0.E0,-1.E0,0.E0));
#1796=VECTOR('',#1795,8.E1);
#1797=CARTESIAN_POINT('',(-4.9E1,1.5E2,2.E1));
#1798=LINE('',#1797,#1796);
#1799=DIRECTION('',(0.E0,-1.E0,0.E0));
#1800=VECTOR('',#1799,8.E1);
#1801=CARTESIAN_POINT('',(-5.6E1,1.5E2,2.E1));
#1802=LINE('',#1801,#1800);
#1803=CARTESIAN_POINT('',(-5.25E1,7.E1,2.E1));
#1804=DIRECTION('',(0.E0,1.E0,0.E0));
#1805=DIRECTION('',(1.E0,0.E0,0.E0));
#1806=AXIS2_PLACEMENT_3D('',#1803,#1804,#1805);
#1808=CARTESIAN_POINT('',(-5.25E1,7.E1,2.E1));
#1809=DIRECTION('',(0.E0,1.E0,0.E0));
#1810=DIRECTION('',(-1.E0,0.E0,0.E0));
#1811=AXIS2_PLACEMENT_3D('',#1808,#1809,#1810);
#1813=DIRECTION('',(0.E0,-1.E0,0.E0));
#1814=VECTOR('',#1813,8.E1);
#1815=CARTESIAN_POINT('',(-3.9E1,1.5E2,2.E1));
#1816=LINE('',#1815,#1814);
#1817=DIRECTION('',(0.E0,-1.E0,0.E0));
#1818=VECTOR('',#1817,8.E1);
#1819=CARTESIAN_POINT('',(-4.6E1,1.5E2,2.E1));
#1820=LINE('',#1819,#1818);
#1821=CARTESIAN_POINT('',(-4.25E1,7.E1,2.E1));
#1822=DIRECTION('',(0.E0,1.E0,0.E0));
#1823=DIRECTION('',(1.E0,0.E0,0.E0));
#1824=AXIS2_PLACEMENT_3D('',#1821,#1822,#1823);
#1826=CARTESIAN_POINT('',(-4.25E1,7.E1,2.E1));
#1827=DIRECTION('',(0.E0,1.E0,0.E0));
#1828=DIRECTION('',(-1.E0,0.E0,0.E0));
#1829=AXIS2_PLACEMENT_3D('',#1826,#1827,#1828);
#1831=DIRECTION('',(0.E0,-1.E0,0.E0));
#1832=VECTOR('',#1831,8.E1);
#1833=CARTESIAN_POINT('',(-2.9E1,1.5E2,2.E1));
#1834=LINE('',#1833,#1832);
#1835=DIRECTION('',(0.E0,-1.E0,0.E0));
#1836=VECTOR('',#1835,8.E1);
#1837=CARTESIAN_POINT('',(-3.6E1,1.5E2,2.E1));
#1838=LINE('',#1837,#1836);
#1839=CARTESIAN_POINT('',(-3.25E1,7.E1,2.E1));
#1840=DIRECTION('',(0.E0,1.E0,0.E0));
#1841=DIRECTION('',(1.E0,0.E0,0.E0));
#1842=AXIS2_PLACEMENT_3D('',#1839,#1840,#1841);
#1844=CARTESIAN_POINT('',(-3.25E1,7.E1,2.E1));
#1845=DIRECTION('',(0.E0,1.E0,0.E0));
#1846=DIRECTION('',(-1.E0,0.E0,0.E0));
#1847=AXIS2_PLACEMENT_3D('',#1844,#1845,#1846);
#1849=DIRECTION('',(0.E0,-1.E0,0.E0));
#1850=VECTOR('',#1849,8.E1);
#1851=CARTESIAN_POINT('',(-1.9E1,1.5E2,2.E1));
#1852=LINE('',#1851,#1850);
#1853=DIRECTION('',(0.E0,-1.E0,0.E0));
#1854=VECTOR('',#1853,8.E1);
#1855=CARTESIAN_POINT('',(-2.6E1,1.5E2,2.E1));
#1856=LINE('',#1855,#1854);
#1857=CARTESIAN_POINT('',(-2.25E1,7.E1,2.E1));
#1858=DIRECTION('',(0.E0,1.E0,0.E0));
#1859=DIRECTION('',(1.E0,0.E0,0.E0));
#1860=AXIS2_PLACEMENT_3D('',#1857,#1858,#1859);
#1862=CARTESIAN_POINT('',(-2.25E1,7.E1,2.E1));
#1863=DIRECTION('',(0.E0,1.E0,0.E0));
#1864=DIRECTION('',(-1.E0,0.E0,0.E0));
#1865=AXIS2_PLACEMENT_3D('',#1862,#1863,#1864);
#1867=DIRECTION('',(0.E0,-1.E0,0.E0));
#1868=VECTOR('',#1867,8.E1);
#1869=CARTESIAN_POINT('',(-9.E0,1.5E2,2.E1));
#1870=LINE('',#1869,#1868);
#1871=DIRECTION('',(0.E0,-1.E0,0.E0));
#1872=VECTOR('',#1871,8.E1);
#1873=CARTESIAN_POINT('',(-1.6E1,1.5E2,2.E1));
#1874=LINE('',#1873,#1872);
#1875=CARTESIAN_POINT('',(-1.25E1,7.E1,2.E1));
#1876=DIRECTION('',(0.E0,1.E0,0.E0));
#1877=DIRECTION('',(1.E0,0.E0,0.E0));
#1878=AXIS2_PLACEMENT_3D('',#1875,#1876,#1877);
#1880=CARTESIAN_POINT('',(-1.25E1,7.E1,2.E1));
#1881=DIRECTION('',(0.E0,1.E0,0.E0));
#1882=DIRECTION('',(-1.E0,0.E0,0.E0));
#1883=AXIS2_PLACEMENT_3D('',#1880,#1881,#1882);
#1885=DIRECTION('',(0.E0,-1.E0,0.E0));
#1886=VECTOR('',#1885,8.E1);
#1887=CARTESIAN_POINT('',(-1.09E2,1.5E2,3.E1));
#1888=LINE('',#1887,#1886);
#1889=DIRECTION('',(0.E0,-1.E0,0.E0));
#1890=VECTOR('',#1889,8.E1);
#1891=CARTESIAN_POINT('',(-1.16E2,1.5E2,3.E1));
#1892=LINE('',#1891,#1890);
#1893=CARTESIAN_POINT('',(-1.125E2,7.E1,3.E1));
#1894=DIRECTION('',(0.E0,1.E0,0.E0));
#1895=DIRECTION('',(1.E0,0.E0,0.E0));
#1896=AXIS2_PLACEMENT_3D('',#1893,#1894,#1895);
#1898=CARTESIAN_POINT('',(-1.125E2,7.E1,3.E1));
#1899=DIRECTION('',(0.E0,1.E0,0.E0));
#1900=DIRECTION('',(-1.E0,0.E0,0.E0));
#1901=AXIS2_PLACEMENT_3D('',#1898,#1899,#1900);
#1903=DIRECTION('',(0.E0,-1.E0,0.E0));
#1904=VECTOR('',#1903,8.E1);
#1905=CARTESIAN_POINT('',(-9.9E1,1.5E2,3.E1));
#1906=LINE('',#1905,#1904);
#1907=DIRECTION('',(0.E0,-1.E0,0.E0));
#1908=VECTOR('',#1907,8.E1);
#1909=CARTESIAN_POINT('',(-1.06E2,1.5E2,3.E1));
#1910=LINE('',#1909,#1908);
#1911=CARTESIAN_POINT('',(-1.025E2,7.E1,3.E1));
#1912=DIRECTION('',(0.E0,1.E0,0.E0));
#1913=DIRECTION('',(1.E0,0.E0,0.E0));
#1914=AXIS2_PLACEMENT_3D('',#1911,#1912,#1913);
#1916=CARTESIAN_POINT('',(-1.025E2,7.E1,3.E1));
#1917=DIRECTION('',(0.E0,1.E0,0.E0));
#1918=DIRECTION('',(-1.E0,0.E0,0.E0));
#1919=AXIS2_PLACEMENT_3D('',#1916,#1917,#1918);
#1921=DIRECTION('',(0.E0,-1.E0,0.E0));
#1922=VECTOR('',#1921,8.E1);
#1923=CARTESIAN_POINT('',(-8.9E1,1.5E2,3.E1));
#1924=LINE('',#1923,#1922);
#1925=DIRECTION('',(0.E0,-1.E0,0.E0));
#1926=VECTOR('',#1925,8.E1);
#1927=CARTESIAN_POINT('',(-9.6E1,1.5E2,3.E1));
#1928=LINE('',#1927,#1926);
#1929=CARTESIAN_POINT('',(-9.25E1,7.E1,3.E1));
#1930=DIRECTION('',(0.E0,1.E0,0.E0));
#1931=DIRECTION('',(1.E0,0.E0,0.E0));
#1932=AXIS2_PLACEMENT_3D('',#1929,#1930,#1931);
#1934=CARTESIAN_POINT('',(-9.25E1,7.E1,3.E1));
#1935=DIRECTION('',(0.E0,1.E0,0.E0));
#1936=DIRECTION('',(-1.E0,0.E0,0.E0));
#1937=AXIS2_PLACEMENT_3D('',#1934,#1935,#1936);
#1939=DIRECTION('',(0.E0,-1.E0,0.E0));
#1940=VECTOR('',#1939,8.E1);
#1941=CARTESIAN_POINT('',(-7.9E1,1.5E2,3.E1));
#1942=LINE('',#1941,#1940);
#1943=DIRECTION('',(0.E0,-1.E0,0.E0));
#1944=VECTOR('',#1943,8.E1);
#1945=CARTESIAN_POINT('',(-8.6E1,1.5E2,3.E1));
#1946=LINE('',#1945,#1944);
#1947=CARTESIAN_POINT('',(-8.25E1,7.E1,3.E1));
#1948=DIRECTION('',(0.E0,1.E0,0.E0));
#1949=DIRECTION('',(1.E0,0.E0,0.E0));
#1950=AXIS2_PLACEMENT_3D('',#1947,#1948,#1949);
#1952=CARTESIAN_POINT('',(-8.25E1,7.E1,3.E1));
#1953=DIRECTION('',(0.E0,1.E0,0.E0));
#1954=DIRECTION('',(-1.E0,0.E0,0.E0));
#1955=AXIS2_PLACEMENT_3D('',#1952,#1953,#1954);
#1957=DIRECTION('',(0.E0,-1.E0,0.E0));
#1958=VECTOR('',#1957,8.E1);
#1959=CARTESIAN_POINT('',(-6.9E1,1.5E2,3.E1));
#1960=LINE('',#1959,#1958);
#1961=DIRECTION('',(0.E0,-1.E0,0.E0));
#1962=VECTOR('',#1961,8.E1);
#1963=CARTESIAN_POINT('',(-7.6E1,1.5E2,3.E1));
#1964=LINE('',#1963,#1962);
#1965=CARTESIAN_POINT('',(-7.25E1,7.E1,3.E1));
#1966=DIRECTION('',(0.E0,1.E0,0.E0));
#1967=DIRECTION('',(1.E0,0.E0,0.E0));
#1968=AXIS2_PLACEMENT_3D('',#1965,#1966,#1967);
#1970=CARTESIAN_POINT('',(-7.25E1,7.E1,3.E1));
#1971=DIRECTION('',(0.E0,1.E0,0.E0));
#1972=DIRECTION('',(-1.E0,0.E0,0.E0));
#1973=AXIS2_PLACEMENT_3D('',#1970,#1971,#1972);
#1975=DIRECTION('',(0.E0,-1.E0,0.E0));
#1976=VECTOR('',#1975,8.E1);
#1977=CARTESIAN_POINT('',(-5.9E1,1.5E2,3.E1));
#1978=LINE('',#1977,#1976);
#1979=DIRECTION('',(0.E0,-1.E0,0.E0));
#1980=VECTOR('',#1979,8.E1);
#1981=CARTESIAN_POINT('',(-6.6E1,1.5E2,3.E1));
#1982=LINE('',#1981,#1980);
#1983=CARTESIAN_POINT('',(-6.25E1,7.E1,3.E1));
#1984=DIRECTION('',(0.E0,1.E0,0.E0));
#1985=DIRECTION('',(1.E0,0.E0,0.E0));
#1986=AXIS2_PLACEMENT_3D('',#1983,#1984,#1985);
#1988=CARTESIAN_POINT('',(-6.25E1,7.E1,3.E1));
#1989=DIRECTION('',(0.E0,1.E0,0.E0));
#1990=DIRECTION('',(-1.E0,0.E0,0.E0));
#1991=AXIS2_PLACEMENT_3D('',#1988,#1989,#1990);
#1993=DIRECTION('',(0.E0,-1.E0,0.E0));
#1994=VECTOR('',#1993,8.E1);
#1995=CARTESIAN_POINT('',(-4.9E1,1.5E2,3.E1));
#1996=LINE('',#1995,#1994);
#1997=DIRECTION('',(0.E0,-1.E0,0.E0));
#1998=VECTOR('',#1997,8.E1);
#1999=CARTESIAN_POINT('',(-5.6E1,1.5E2,3.E1));
#2000=LINE('',#1999,#1998);
#2001=CARTESIAN_POINT('',(-5.25E1,7.E1,3.E1));
#2002=DIRECTION('',(0.E0,1.E0,0.E0));
#2003=DIRECTION('',(1.E0,0.E0,0.E0));
#2004=AXIS2_PLACEMENT_3D('',#2001,#2002,#2003);
#2006=CARTESIAN_POINT('',(-5.25E1,7.E1,3.E1));
#2007=DIRECTION('',(0.E0,1.E0,0.E0));
#2008=DIRECTION('',(-1.E0,0.E0,0.E0));
#2009=AXIS2_PLACEMENT_3D('',#2006,#2007,#2008);
#2011=DIRECTION('',(0.E0,-1.E0,0.E0));
#2012=VECTOR('',#2011,8.E1);
#2013=CARTESIAN_POINT('',(-3.9E1,1.5E2,3.E1));
#2014=LINE('',#2013,#2012);
#2015=DIRECTION('',(0.E0,-1.E0,0.E0));
#2016=VECTOR('',#2015,8.E1);
#2017=CARTESIAN_POINT('',(-4.6E1,1.5E2,3.E1));
#2018=LINE('',#2017,#2016);
#2019=CARTESIAN_POINT('',(-4.25E1,7.E1,3.E1));
#2020=DIRECTION('',(0.E0,1.E0,0.E0));
#2021=DIRECTION('',(1.E0,0.E0,0.E0));
#2022=AXIS2_PLACEMENT_3D('',#2019,#2020,#2021);
#2024=CARTESIAN_POINT('',(-4.25E1,7.E1,3.E1));
#2025=DIRECTION('',(0.E0,1.E0,0.E0));
#2026=DIRECTION('',(-1.E0,0.E0,0.E0));
#2027=AXIS2_PLACEMENT_3D('',#2024,#2025,#2026);
#2029=DIRECTION('',(0.E0,-1.E0,0.E0));
#2030=VECTOR('',#2029,8.E1);
#2031=CARTESIAN_POINT('',(-2.9E1,1.5E2,3.E1));
#2032=LINE('',#2031,#2030);
#2033=DIRECTION('',(0.E0,-1.E0,0.E0));
#2034=VECTOR('',#2033,8.E1);
#2035=CARTESIAN_POINT('',(-3.6E1,1.5E2,3.E1));
#2036=LINE('',#2035,#2034);
#2037=CARTESIAN_POINT('',(-3.25E1,7.E1,3.E1));
#2038=DIRECTION('',(0.E0,1.E0,0.E0));
#2039=DIRECTION('',(1.E0,0.E0,0.E0));
#2040=AXIS2_PLACEMENT_3D('',#2037,#2038,#2039);
#2042=CARTESIAN_POINT('',(-3.25E1,7.E1,3.E1));
#2043=DIRECTION('',(0.E0,1.E0,0.E0));
#2044=DIRECTION('',(-1.E0,0.E0,0.E0));
#2045=AXIS2_PLACEMENT_3D('',#2042,#2043,#2044);
#2047=DIRECTION('',(0.E0,-1.E0,0.E0));
#2048=VECTOR('',#2047,8.E1);
#2049=CARTESIAN_POINT('',(-1.9E1,1.5E2,3.E1));
#2050=LINE('',#2049,#2048);
#2051=DIRECTION('',(0.E0,-1.E0,0.E0));
#2052=VECTOR('',#2051,8.E1);
#2053=CARTESIAN_POINT('',(-2.6E1,1.5E2,3.E1));
#2054=LINE('',#2053,#2052);
#2055=CARTESIAN_POINT('',(-2.25E1,7.E1,3.E1));
#2056=DIRECTION('',(0.E0,1.E0,0.E0));
#2057=DIRECTION('',(1.E0,0.E0,0.E0));
#2058=AXIS2_PLACEMENT_3D('',#2055,#2056,#2057);
#2060=CARTESIAN_POINT('',(-2.25E1,7.E1,3.E1));
#2061=DIRECTION('',(0.E0,1.E0,0.E0));
#2062=DIRECTION('',(-1.E0,0.E0,0.E0));
#2063=AXIS2_PLACEMENT_3D('',#2060,#2061,#2062);
#2065=DIRECTION('',(0.E0,-1.E0,0.E0));
#2066=VECTOR('',#2065,8.E1);
#2067=CARTESIAN_POINT('',(-9.E0,1.5E2,3.E1));
#2068=LINE('',#2067,#2066);
#2069=DIRECTION('',(0.E0,-1.E0,0.E0));
#2070=VECTOR('',#2069,8.E1);
#2071=CARTESIAN_POINT('',(-1.6E1,1.5E2,3.E1));
#2072=LINE('',#2071,#2070);
#2073=CARTESIAN_POINT('',(-1.25E1,7.E1,3.E1));
#2074=DIRECTION('',(0.E0,1.E0,0.E0));
#2075=DIRECTION('',(1.E0,0.E0,0.E0));
#2076=AXIS2_PLACEMENT_3D('',#2073,#2074,#2075);
#2078=CARTESIAN_POINT('',(-1.25E1,7.E1,3.E1));
#2079=DIRECTION('',(0.E0,1.E0,0.E0));
#2080=DIRECTION('',(-1.E0,0.E0,0.E0));
#2081=AXIS2_PLACEMENT_3D('',#2078,#2079,#2080);
#2083=DIRECTION('',(0.E0,-1.E0,0.E0));
#2084=VECTOR('',#2083,8.E1);
#2085=CARTESIAN_POINT('',(-1.09E2,1.5E2,4.E1));
#2086=LINE('',#2085,#2084);
#2087=DIRECTION('',(0.E0,-1.E0,0.E0));
#2088=VECTOR('',#2087,8.E1);
#2089=CARTESIAN_POINT('',(-1.16E2,1.5E2,4.E1));
#2090=LINE('',#2089,#2088);
#2091=CARTESIAN_POINT('',(-1.125E2,7.E1,4.E1));
#2092=DIRECTION('',(0.E0,1.E0,0.E0));
#2093=DIRECTION('',(1.E0,0.E0,0.E0));
#2094=AXIS2_PLACEMENT_3D('',#2091,#2092,#2093);
#2096=CARTESIAN_POINT('',(-1.125E2,7.E1,4.E1));
#2097=DIRECTION('',(0.E0,1.E0,0.E0));
#2098=DIRECTION('',(-1.E0,0.E0,0.E0));
#2099=AXIS2_PLACEMENT_3D('',#2096,#2097,#2098);
#2101=DIRECTION('',(0.E0,-1.E0,0.E0));
#2102=VECTOR('',#2101,8.E1);
#2103=CARTESIAN_POINT('',(-9.9E1,1.5E2,4.E1));
#2104=LINE('',#2103,#2102);
#2105=DIRECTION('',(0.E0,-1.E0,0.E0));
#2106=VECTOR('',#2105,8.E1);
#2107=CARTESIAN_POINT('',(-1.06E2,1.5E2,4.E1));
#2108=LINE('',#2107,#2106);
#2109=CARTESIAN_POINT('',(-1.025E2,7.E1,4.E1));
#2110=DIRECTION('',(0.E0,1.E0,0.E0));
#2111=DIRECTION('',(1.E0,0.E0,0.E0));
#2112=AXIS2_PLACEMENT_3D('',#2109,#2110,#2111);
#2114=CARTESIAN_POINT('',(-1.025E2,7.E1,4.E1));
#2115=DIRECTION('',(0.E0,1.E0,0.E0));
#2116=DIRECTION('',(-1.E0,0.E0,0.E0));
#2117=AXIS2_PLACEMENT_3D('',#2114,#2115,#2116);
#2119=DIRECTION('',(0.E0,-1.E0,0.E0));
#2120=VECTOR('',#2119,8.E1);
#2121=CARTESIAN_POINT('',(-8.9E1,1.5E2,4.E1));
#2122=LINE('',#2121,#2120);
#2123=DIRECTION('',(0.E0,-1.E0,0.E0));
#2124=VECTOR('',#2123,8.E1);
#2125=CARTESIAN_POINT('',(-9.6E1,1.5E2,4.E1));
#2126=LINE('',#2125,#2124);
#2127=CARTESIAN_POINT('',(-9.25E1,7.E1,4.E1));
#2128=DIRECTION('',(0.E0,1.E0,0.E0));
#2129=DIRECTION('',(1.E0,0.E0,0.E0));
#2130=AXIS2_PLACEMENT_3D('',#2127,#2128,#2129);
#2132=CARTESIAN_POINT('',(-9.25E1,7.E1,4.E1));
#2133=DIRECTION('',(0.E0,1.E0,0.E0));
#2134=DIRECTION('',(-1.E0,0.E0,0.E0));
#2135=AXIS2_PLACEMENT_3D('',#2132,#2133,#2134);
#2137=DIRECTION('',(0.E0,-1.E0,0.E0));
#2138=VECTOR('',#2137,8.E1);
#2139=CARTESIAN_POINT('',(-7.9E1,1.5E2,4.E1));
#2140=LINE('',#2139,#2138);
#2141=DIRECTION('',(0.E0,-1.E0,0.E0));
#2142=VECTOR('',#2141,8.E1);
#2143=CARTESIAN_POINT('',(-8.6E1,1.5E2,4.E1));
#2144=LINE('',#2143,#2142);
#2145=CARTESIAN_POINT('',(-8.25E1,7.E1,4.E1));
#2146=DIRECTION('',(0.E0,1.E0,0.E0));
#2147=DIRECTION('',(1.E0,0.E0,0.E0));
#2148=AXIS2_PLACEMENT_3D('',#2145,#2146,#2147);
#2150=CARTESIAN_POINT('',(-8.25E1,7.E1,4.E1));
#2151=DIRECTION('',(0.E0,1.E0,0.E0));
#2152=DIRECTION('',(-1.E0,0.E0,0.E0));
#2153=AXIS2_PLACEMENT_3D('',#2150,#2151,#2152);
#2155=DIRECTION('',(0.E0,-1.E0,0.E0));
#2156=VECTOR('',#2155,8.E1);
#2157=CARTESIAN_POINT('',(-6.9E1,1.5E2,4.E1));
#2158=LINE('',#2157,#2156);
#2159=DIRECTION('',(0.E0,-1.E0,0.E0));
#2160=VECTOR('',#2159,8.E1);
#2161=CARTESIAN_POINT('',(-7.6E1,1.5E2,4.E1));
#2162=LINE('',#2161,#2160);
#2163=CARTESIAN_POINT('',(-7.25E1,7.E1,4.E1));
#2164=DIRECTION('',(0.E0,1.E0,0.E0));
#2165=DIRECTION('',(1.E0,0.E0,0.E0));
#2166=AXIS2_PLACEMENT_3D('',#2163,#2164,#2165);
#2168=CARTESIAN_POINT('',(-7.25E1,7.E1,4.E1));
#2169=DIRECTION('',(0.E0,1.E0,0.E0));
#2170=DIRECTION('',(-1.E0,0.E0,0.E0));
#2171=AXIS2_PLACEMENT_3D('',#2168,#2169,#2170);
#2173=DIRECTION('',(0.E0,-1.E0,0.E0));
#2174=VECTOR('',#2173,8.E1);
#2175=CARTESIAN_POINT('',(-5.9E1,1.5E2,4.E1));
#2176=LINE('',#2175,#2174);
#2177=DIRECTION('',(0.E0,-1.E0,0.E0));
#2178=VECTOR('',#2177,8.E1);
#2179=CARTESIAN_POINT('',(-6.6E1,1.5E2,4.E1));
#2180=LINE('',#2179,#2178);
#2181=CARTESIAN_POINT('',(-6.25E1,7.E1,4.E1));
#2182=DIRECTION('',(0.E0,1.E0,0.E0));
#2183=DIRECTION('',(1.E0,0.E0,0.E0));
#2184=AXIS2_PLACEMENT_3D('',#2181,#2182,#2183);
#2186=CARTESIAN_POINT('',(-6.25E1,7.E1,4.E1));
#2187=DIRECTION('',(0.E0,1.E0,0.E0));
#2188=DIRECTION('',(-1.E0,0.E0,0.E0));
#2189=AXIS2_PLACEMENT_3D('',#2186,#2187,#2188);
#2191=DIRECTION('',(0.E0,-1.E0,0.E0));
#2192=VECTOR('',#2191,8.E1);
#2193=CARTESIAN_POINT('',(-4.9E1,1.5E2,4.E1));
#2194=LINE('',#2193,#2192);
#2195=DIRECTION('',(0.E0,-1.E0,0.E0));
#2196=VECTOR('',#2195,8.E1);
#2197=CARTESIAN_POINT('',(-5.6E1,1.5E2,4.E1));
#2198=LINE('',#2197,#2196);
#2199=CARTESIAN_POINT('',(-5.25E1,7.E1,4.E1));
#2200=DIRECTION('',(0.E0,1.E0,0.E0));
#2201=DIRECTION('',(1.E0,0.E0,0.E0));
#2202=AXIS2_PLACEMENT_3D('',#2199,#2200,#2201);
#2204=CARTESIAN_POINT('',(-5.25E1,7.E1,4.E1));
#2205=DIRECTION('',(0.E0,1.E0,0.E0));
#2206=DIRECTION('',(-1.E0,0.E0,0.E0));
#2207=AXIS2_PLACEMENT_3D('',#2204,#2205,#2206);
#2209=DIRECTION('',(0.E0,-1.E0,0.E0));
#2210=VECTOR('',#2209,8.E1);
#2211=CARTESIAN_POINT('',(-3.9E1,1.5E2,4.E1));
#2212=LINE('',#2211,#2210);
#2213=DIRECTION('',(0.E0,-1.E0,0.E0));
#2214=VECTOR('',#2213,8.E1);
#2215=CARTESIAN_POINT('',(-4.6E1,1.5E2,4.E1));
#2216=LINE('',#2215,#2214);
#2217=CARTESIAN_POINT('',(-4.25E1,7.E1,4.E1));
#2218=DIRECTION('',(0.E0,1.E0,0.E0));
#2219=DIRECTION('',(1.E0,0.E0,0.E0));
#2220=AXIS2_PLACEMENT_3D('',#2217,#2218,#2219);
#2222=CARTESIAN_POINT('',(-4.25E1,7.E1,4.E1));
#2223=DIRECTION('',(0.E0,1.E0,0.E0));
#2224=DIRECTION('',(-1.E0,0.E0,0.E0));
#2225=AXIS2_PLACEMENT_3D('',#2222,#2223,#2224);
#2227=DIRECTION('',(0.E0,-1.E0,0.E0));
#2228=VECTOR('',#2227,8.E1);
#2229=CARTESIAN_POINT('',(-2.9E1,1.5E2,4.E1));
#2230=LINE('',#2229,#2228);
#2231=DIRECTION('',(0.E0,-1.E0,0.E0));
#2232=VECTOR('',#2231,8.E1);
#2233=CARTESIAN_POINT('',(-3.6E1,1.5E2,4.E1));
#2234=LINE('',#2233,#2232);
#2235=CARTESIAN_POINT('',(-3.25E1,7.E1,4.E1));
#2236=DIRECTION('',(0.E0,1.E0,0.E0));
#2237=DIRECTION('',(1.E0,0.E0,0.E0));
#2238=AXIS2_PLACEMENT_3D('',#2235,#2236,#2237);
#2240=CARTESIAN_POINT('',(-3.25E1,7.E1,4.E1));
#2241=DIRECTION('',(0.E0,1.E0,0.E0));
#2242=DIRECTION('',(-1.E0,0.E0,0.E0));
#2243=AXIS2_PLACEMENT_3D('',#2240,#2241,#2242);
#2245=DIRECTION('',(0.E0,-1.E0,0.E0));
#2246=VECTOR('',#2245,8.E1);
#2247=CARTESIAN_POINT('',(-1.9E1,1.5E2,4.E1));
#2248=LINE('',#2247,#2246);
#2249=DIRECTION('',(0.E0,-1.E0,0.E0));
#2250=VECTOR('',#2249,8.E1);
#2251=CARTESIAN_POINT('',(-2.6E1,1.5E2,4.E1));
#2252=LINE('',#2251,#2250);
#2253=CARTESIAN_POINT('',(-2.25E1,7.E1,4.E1));
#2254=DIRECTION('',(0.E0,1.E0,0.E0));
#2255=DIRECTION('',(1.E0,0.E0,0.E0));
#2256=AXIS2_PLACEMENT_3D('',#2253,#2254,#2255);
#2258=CARTESIAN_POINT('',(-2.25E1,7.E1,4.E1));
#2259=DIRECTION('',(0.E0,1.E0,0.E0));
#2260=DIRECTION('',(-1.E0,0.E0,0.E0));
#2261=AXIS2_PLACEMENT_3D('',#2258,#2259,#2260);
#2263=DIRECTION('',(0.E0,-1.E0,0.E0));
#2264=VECTOR('',#2263,8.E1);
#2265=CARTESIAN_POINT('',(-9.E0,1.5E2,4.E1));
#2266=LINE('',#2265,#2264);
#2267=DIRECTION('',(0.E0,-1.E0,0.E0));
#2268=VECTOR('',#2267,8.E1);
#2269=CARTESIAN_POINT('',(-1.6E1,1.5E2,4.E1));
#2270=LINE('',#2269,#2268);
#2271=CARTESIAN_POINT('',(-1.25E1,7.E1,4.E1));
#2272=DIRECTION('',(0.E0,1.E0,0.E0));
#2273=DIRECTION('',(1.E0,0.E0,0.E0));
#2274=AXIS2_PLACEMENT_3D('',#2271,#2272,#2273);
#2276=CARTESIAN_POINT('',(-1.25E1,7.E1,4.E1));
#2277=DIRECTION('',(0.E0,1.E0,0.E0));
#2278=DIRECTION('',(-1.E0,0.E0,0.E0));
#2279=AXIS2_PLACEMENT_3D('',#2276,#2277,#2278);
#2281=DIRECTION('',(0.E0,-1.E0,0.E0));
#2282=VECTOR('',#2281,8.E1);
#2283=CARTESIAN_POINT('',(-1.09E2,1.5E2,5.E1));
#2284=LINE('',#2283,#2282);
#2285=DIRECTION('',(0.E0,-1.E0,0.E0));
#2286=VECTOR('',#2285,8.E1);
#2287=CARTESIAN_POINT('',(-1.16E2,1.5E2,5.E1));
#2288=LINE('',#2287,#2286);
#2289=CARTESIAN_POINT('',(-1.125E2,7.E1,5.E1));
#2290=DIRECTION('',(0.E0,1.E0,0.E0));
#2291=DIRECTION('',(1.E0,0.E0,0.E0));
#2292=AXIS2_PLACEMENT_3D('',#2289,#2290,#2291);
#2294=CARTESIAN_POINT('',(-1.125E2,7.E1,5.E1));
#2295=DIRECTION('',(0.E0,1.E0,0.E0));
#2296=DIRECTION('',(-1.E0,0.E0,0.E0));
#2297=AXIS2_PLACEMENT_3D('',#2294,#2295,#2296);
#2299=DIRECTION('',(0.E0,-1.E0,0.E0));
#2300=VECTOR('',#2299,8.E1);
#2301=CARTESIAN_POINT('',(-9.9E1,1.5E2,5.E1));
#2302=LINE('',#2301,#2300);
#2303=DIRECTION('',(0.E0,-1.E0,0.E0));
#2304=VECTOR('',#2303,8.E1);
#2305=CARTESIAN_POINT('',(-1.06E2,1.5E2,5.E1));
#2306=LINE('',#2305,#2304);
#2307=CARTESIAN_POINT('',(-1.025E2,7.E1,5.E1));
#2308=DIRECTION('',(0.E0,1.E0,0.E0));
#2309=DIRECTION('',(1.E0,0.E0,0.E0));
#2310=AXIS2_PLACEMENT_3D('',#2307,#2308,#2309);
#2312=CARTESIAN_POINT('',(-1.025E2,7.E1,5.E1));
#2313=DIRECTION('',(0.E0,1.E0,0.E0));
#2314=DIRECTION('',(-1.E0,0.E0,0.E0));
#2315=AXIS2_PLACEMENT_3D('',#2312,#2313,#2314);
#2317=DIRECTION('',(0.E0,-1.E0,0.E0));
#2318=VECTOR('',#2317,8.E1);
#2319=CARTESIAN_POINT('',(-8.9E1,1.5E2,5.E1));
#2320=LINE('',#2319,#2318);
#2321=DIRECTION('',(0.E0,-1.E0,0.E0));
#2322=VECTOR('',#2321,8.E1);
#2323=CARTESIAN_POINT('',(-9.6E1,1.5E2,5.E1));
#2324=LINE('',#2323,#2322);
#2325=CARTESIAN_POINT('',(-9.25E1,7.E1,5.E1));
#2326=DIRECTION('',(0.E0,1.E0,0.E0));
#2327=DIRECTION('',(1.E0,0.E0,0.E0));
#2328=AXIS2_PLACEMENT_3D('',#2325,#2326,#2327);
#2330=CARTESIAN_POINT('',(-9.25E1,7.E1,5.E1));
#2331=DIRECTION('',(0.E0,1.E0,0.E0));
#2332=DIRECTION('',(-1.E0,0.E0,0.E0));
#2333=AXIS2_PLACEMENT_3D('',#2330,#2331,#2332);
#2335=DIRECTION('',(0.E0,-1.E0,0.E0));
#2336=VECTOR('',#2335,8.E1);
#2337=CARTESIAN_POINT('',(-7.9E1,1.5E2,5.E1));
#2338=LINE('',#2337,#2336);
#2339=DIRECTION('',(0.E0,-1.E0,0.E0));
#2340=VECTOR('',#2339,8.E1);
#2341=CARTESIAN_POINT('',(-8.6E1,1.5E2,5.E1));
#2342=LINE('',#2341,#2340);
#2343=CARTESIAN_POINT('',(-8.25E1,7.E1,5.E1));
#2344=DIRECTION('',(0.E0,1.E0,0.E0));
#2345=DIRECTION('',(1.E0,0.E0,0.E0));
#2346=AXIS2_PLACEMENT_3D('',#2343,#2344,#2345);
#2348=CARTESIAN_POINT('',(-8.25E1,7.E1,5.E1));
#2349=DIRECTION('',(0.E0,1.E0,0.E0));
#2350=DIRECTION('',(-1.E0,0.E0,0.E0));
#2351=AXIS2_PLACEMENT_3D('',#2348,#2349,#2350);
#2353=DIRECTION('',(0.E0,-1.E0,0.E0));
#2354=VECTOR('',#2353,8.E1);
#2355=CARTESIAN_POINT('',(-6.9E1,1.5E2,5.E1));
#2356=LINE('',#2355,#2354);
#2357=DIRECTION('',(0.E0,-1.E0,0.E0));
#2358=VECTOR('',#2357,8.E1);
#2359=CARTESIAN_POINT('',(-7.6E1,1.5E2,5.E1));
#2360=LINE('',#2359,#2358);
#2361=CARTESIAN_POINT('',(-7.25E1,7.E1,5.E1));
#2362=DIRECTION('',(0.E0,1.E0,0.E0));
#2363=DIRECTION('',(1.E0,0.E0,0.E0));
#2364=AXIS2_PLACEMENT_3D('',#2361,#2362,#2363);
#2366=CARTESIAN_POINT('',(-7.25E1,7.E1,5.E1));
#2367=DIRECTION('',(0.E0,1.E0,0.E0));
#2368=DIRECTION('',(-1.E0,0.E0,0.E0));
#2369=AXIS2_PLACEMENT_3D('',#2366,#2367,#2368);
#2371=DIRECTION('',(0.E0,-1.E0,0.E0));
#2372=VECTOR('',#2371,8.E1);
#2373=CARTESIAN_POINT('',(-5.9E1,1.5E2,5.E1));
#2374=LINE('',#2373,#2372);
#2375=DIRECTION('',(0.E0,-1.E0,0.E0));
#2376=VECTOR('',#2375,8.E1);
#2377=CARTESIAN_POINT('',(-6.6E1,1.5E2,5.E1));
#2378=LINE('',#2377,#2376);
#2379=CARTESIAN_POINT('',(-6.25E1,7.E1,5.E1));
#2380=DIRECTION('',(0.E0,1.E0,0.E0));
#2381=DIRECTION('',(1.E0,0.E0,0.E0));
#2382=AXIS2_PLACEMENT_3D('',#2379,#2380,#2381);
#2384=CARTESIAN_POINT('',(-6.25E1,7.E1,5.E1));
#2385=DIRECTION('',(0.E0,1.E0,0.E0));
#2386=DIRECTION('',(-1.E0,0.E0,0.E0));
#2387=AXIS2_PLACEMENT_3D('',#2384,#2385,#2386);
#2389=DIRECTION('',(0.E0,-1.E0,0.E0));
#2390=VECTOR('',#2389,8.E1);
#2391=CARTESIAN_POINT('',(-4.9E1,1.5E2,5.E1));
#2392=LINE('',#2391,#2390);
#2393=DIRECTION('',(0.E0,-1.E0,0.E0));
#2394=VECTOR('',#2393,8.E1);
#2395=CARTESIAN_POINT('',(-5.6E1,1.5E2,5.E1));
#2396=LINE('',#2395,#2394);
#2397=CARTESIAN_POINT('',(-5.25E1,7.E1,5.E1));
#2398=DIRECTION('',(0.E0,1.E0,0.E0));
#2399=DIRECTION('',(1.E0,0.E0,0.E0));
#2400=AXIS2_PLACEMENT_3D('',#2397,#2398,#2399);
#2402=CARTESIAN_POINT('',(-5.25E1,7.E1,5.E1));
#2403=DIRECTION('',(0.E0,1.E0,0.E0));
#2404=DIRECTION('',(-1.E0,0.E0,0.E0));
#2405=AXIS2_PLACEMENT_3D('',#2402,#2403,#2404);
#2407=DIRECTION('',(0.E0,-1.E0,0.E0));
#2408=VECTOR('',#2407,8.E1);
#2409=CARTESIAN_POINT('',(-3.9E1,1.5E2,5.E1));
#2410=LINE('',#2409,#2408);
#2411=DIRECTION('',(0.E0,-1.E0,0.E0));
#2412=VECTOR('',#2411,8.E1);
#2413=CARTESIAN_POINT('',(-4.6E1,1.5E2,5.E1));
#2414=LINE('',#2413,#2412);
#2415=CARTESIAN_POINT('',(-4.25E1,7.E1,5.E1));
#2416=DIRECTION('',(0.E0,1.E0,0.E0));
#2417=DIRECTION('',(1.E0,0.E0,0.E0));
#2418=AXIS2_PLACEMENT_3D('',#2415,#2416,#2417);
#2420=CARTESIAN_POINT('',(-4.25E1,7.E1,5.E1));
#2421=DIRECTION('',(0.E0,1.E0,0.E0));
#2422=DIRECTION('',(-1.E0,0.E0,0.E0));
#2423=AXIS2_PLACEMENT_3D('',#2420,#2421,#2422);
#2425=DIRECTION('',(0.E0,-1.E0,0.E0));
#2426=VECTOR('',#2425,8.E1);
#2427=CARTESIAN_POINT('',(-2.9E1,1.5E2,5.E1));
#2428=LINE('',#2427,#2426);
#2429=DIRECTION('',(0.E0,-1.E0,0.E0));
#2430=VECTOR('',#2429,8.E1);
#2431=CARTESIAN_POINT('',(-3.6E1,1.5E2,5.E1));
#2432=LINE('',#2431,#2430);
#2433=CARTESIAN_POINT('',(-3.25E1,7.E1,5.E1));
#2434=DIRECTION('',(0.E0,1.E0,0.E0));
#2435=DIRECTION('',(1.E0,0.E0,0.E0));
#2436=AXIS2_PLACEMENT_3D('',#2433,#2434,#2435);
#2438=CARTESIAN_POINT('',(-3.25E1,7.E1,5.E1));
#2439=DIRECTION('',(0.E0,1.E0,0.E0));
#2440=DIRECTION('',(-1.E0,0.E0,0.E0));
#2441=AXIS2_PLACEMENT_3D('',#2438,#2439,#2440);
#2443=DIRECTION('',(0.E0,-1.E0,0.E0));
#2444=VECTOR('',#2443,8.E1);
#2445=CARTESIAN_POINT('',(-1.9E1,1.5E2,5.E1));
#2446=LINE('',#2445,#2444);
#2447=DIRECTION('',(0.E0,-1.E0,0.E0));
#2448=VECTOR('',#2447,8.E1);
#2449=CARTESIAN_POINT('',(-2.6E1,1.5E2,5.E1));
#2450=LINE('',#2449,#2448);
#2451=CARTESIAN_POINT('',(-2.25E1,7.E1,5.E1));
#2452=DIRECTION('',(0.E0,1.E0,0.E0));
#2453=DIRECTION('',(1.E0,0.E0,0.E0));
#2454=AXIS2_PLACEMENT_3D('',#2451,#2452,#2453);
#2456=CARTESIAN_POINT('',(-2.25E1,7.E1,5.E1));
#2457=DIRECTION('',(0.E0,1.E0,0.E0));
#2458=DIRECTION('',(-1.E0,0.E0,0.E0));
#2459=AXIS2_PLACEMENT_3D('',#2456,#2457,#2458);
#2461=DIRECTION('',(0.E0,-1.E0,0.E0));
#2462=VECTOR('',#2461,8.E1);
#2463=CARTESIAN_POINT('',(-1.6E1,1.5E2,5.E1));
#2464=LINE('',#2463,#2462);
#2465=CARTESIAN_POINT('',(-1.25E1,7.E1,5.E1));
#2466=DIRECTION('',(0.E0,1.E0,0.E0));
#2467=DIRECTION('',(1.E0,0.E0,0.E0));
#2468=AXIS2_PLACEMENT_3D('',#2465,#2466,#2467);
#2470=CARTESIAN_POINT('',(-1.25E1,7.E1,5.E1));
#2471=DIRECTION('',(0.E0,1.E0,0.E0));
#2472=DIRECTION('',(-1.E0,0.E0,0.E0));
#2473=AXIS2_PLACEMENT_3D('',#2470,#2471,#2472);
#2475=DIRECTION('',(0.E0,-1.E0,0.E0));
#2476=VECTOR('',#2475,8.E1);
#2477=CARTESIAN_POINT('',(-1.09E2,1.5E2,6.E1));
#2478=LINE('',#2477,#2476);
#2479=DIRECTION('',(0.E0,-1.E0,0.E0));
#2480=VECTOR('',#2479,8.E1);
#2481=CARTESIAN_POINT('',(-1.16E2,1.5E2,6.E1));
#2482=LINE('',#2481,#2480);
#2483=CARTESIAN_POINT('',(-1.125E2,7.E1,6.E1));
#2484=DIRECTION('',(0.E0,1.E0,0.E0));
#2485=DIRECTION('',(1.E0,0.E0,0.E0));
#2486=AXIS2_PLACEMENT_3D('',#2483,#2484,#2485);
#2488=CARTESIAN_POINT('',(-1.125E2,7.E1,6.E1));
#2489=DIRECTION('',(0.E0,1.E0,0.E0));
#2490=DIRECTION('',(-1.E0,0.E0,0.E0));
#2491=AXIS2_PLACEMENT_3D('',#2488,#2489,#2490);
#2493=DIRECTION('',(0.E0,-1.E0,0.E0));
#2494=VECTOR('',#2493,8.E1);
#2495=CARTESIAN_POINT('',(-9.9E1,1.5E2,6.E1));
#2496=LINE('',#2495,#2494);
#2497=DIRECTION('',(0.E0,-1.E0,0.E0));
#2498=VECTOR('',#2497,8.E1);
#2499=CARTESIAN_POINT('',(-1.06E2,1.5E2,6.E1));
#2500=LINE('',#2499,#2498);
#2501=CARTESIAN_POINT('',(-1.025E2,7.E1,6.E1));
#2502=DIRECTION('',(0.E0,1.E0,0.E0));
#2503=DIRECTION('',(1.E0,0.E0,0.E0));
#2504=AXIS2_PLACEMENT_3D('',#2501,#2502,#2503);
#2506=CARTESIAN_POINT('',(-1.025E2,7.E1,6.E1));
#2507=DIRECTION('',(0.E0,1.E0,0.E0));
#2508=DIRECTION('',(-1.E0,0.E0,0.E0));
#2509=AXIS2_PLACEMENT_3D('',#2506,#2507,#2508);
#2511=DIRECTION('',(0.E0,-1.E0,0.E0));
#2512=VECTOR('',#2511,8.E1);
#2513=CARTESIAN_POINT('',(-8.9E1,1.5E2,6.E1));
#2514=LINE('',#2513,#2512);
#2515=DIRECTION('',(0.E0,-1.E0,0.E0));
#2516=VECTOR('',#2515,8.E1);
#2517=CARTESIAN_POINT('',(-9.6E1,1.5E2,6.E1));
#2518=LINE('',#2517,#2516);
#2519=CARTESIAN_POINT('',(-9.25E1,7.E1,6.E1));
#2520=DIRECTION('',(0.E0,1.E0,0.E0));
#2521=DIRECTION('',(1.E0,0.E0,0.E0));
#2522=AXIS2_PLACEMENT_3D('',#2519,#2520,#2521);
#2524=CARTESIAN_POINT('',(-9.25E1,7.E1,6.E1));
#2525=DIRECTION('',(0.E0,1.E0,0.E0));
#2526=DIRECTION('',(-1.E0,0.E0,0.E0));
#2527=AXIS2_PLACEMENT_3D('',#2524,#2525,#2526);
#2529=DIRECTION('',(0.E0,-1.E0,0.E0));
#2530=VECTOR('',#2529,8.E1);
#2531=CARTESIAN_POINT('',(-7.9E1,1.5E2,6.E1));
#2532=LINE('',#2531,#2530);
#2533=DIRECTION('',(0.E0,-1.E0,0.E0));
#2534=VECTOR('',#2533,8.E1);
#2535=CARTESIAN_POINT('',(-8.6E1,1.5E2,6.E1));
#2536=LINE('',#2535,#2534);
#2537=CARTESIAN_POINT('',(-8.25E1,7.E1,6.E1));
#2538=DIRECTION('',(0.E0,1.E0,0.E0));
#2539=DIRECTION('',(1.E0,0.E0,0.E0));
#2540=AXIS2_PLACEMENT_3D('',#2537,#2538,#2539);
#2542=CARTESIAN_POINT('',(-8.25E1,7.E1,6.E1));
#2543=DIRECTION('',(0.E0,1.E0,0.E0));
#2544=DIRECTION('',(-1.E0,0.E0,0.E0));
#2545=AXIS2_PLACEMENT_3D('',#2542,#2543,#2544);
#2547=DIRECTION('',(0.E0,-1.E0,0.E0));
#2548=VECTOR('',#2547,8.E1);
#2549=CARTESIAN_POINT('',(-6.9E1,1.5E2,6.E1));
#2550=LINE('',#2549,#2548);
#2551=DIRECTION('',(0.E0,-1.E0,0.E0));
#2552=VECTOR('',#2551,8.E1);
#2553=CARTESIAN_POINT('',(-7.6E1,1.5E2,6.E1));
#2554=LINE('',#2553,#2552);
#2555=CARTESIAN_POINT('',(-7.25E1,7.E1,6.E1));
#2556=DIRECTION('',(0.E0,1.E0,0.E0));
#2557=DIRECTION('',(1.E0,0.E0,0.E0));
#2558=AXIS2_PLACEMENT_3D('',#2555,#2556,#2557);
#2560=CARTESIAN_POINT('',(-7.25E1,7.E1,6.E1));
#2561=DIRECTION('',(0.E0,1.E0,0.E0));
#2562=DIRECTION('',(-1.E0,0.E0,0.E0));
#2563=AXIS2_PLACEMENT_3D('',#2560,#2561,#2562);
#2565=DIRECTION('',(0.E0,-1.E0,0.E0));
#2566=VECTOR('',#2565,8.E1);
#2567=CARTESIAN_POINT('',(-5.9E1,1.5E2,6.E1));
#2568=LINE('',#2567,#2566);
#2569=DIRECTION('',(0.E0,-1.E0,0.E0));
#2570=VECTOR('',#2569,8.E1);
#2571=CARTESIAN_POINT('',(-6.6E1,1.5E2,6.E1));
#2572=LINE('',#2571,#2570);
#2573=CARTESIAN_POINT('',(-6.25E1,7.E1,6.E1));
#2574=DIRECTION('',(0.E0,1.E0,0.E0));
#2575=DIRECTION('',(1.E0,0.E0,0.E0));
#2576=AXIS2_PLACEMENT_3D('',#2573,#2574,#2575);
#2578=CARTESIAN_POINT('',(-6.25E1,7.E1,6.E1));
#2579=DIRECTION('',(0.E0,1.E0,0.E0));
#2580=DIRECTION('',(-1.E0,0.E0,0.E0));
#2581=AXIS2_PLACEMENT_3D('',#2578,#2579,#2580);
#2583=DIRECTION('',(0.E0,-1.E0,0.E0));
#2584=VECTOR('',#2583,8.E1);
#2585=CARTESIAN_POINT('',(-4.9E1,1.5E2,6.E1));
#2586=LINE('',#2585,#2584);
#2587=DIRECTION('',(0.E0,-1.E0,0.E0));
#2588=VECTOR('',#2587,8.E1);
#2589=CARTESIAN_POINT('',(-5.6E1,1.5E2,6.E1));
#2590=LINE('',#2589,#2588);
#2591=CARTESIAN_POINT('',(-5.25E1,7.E1,6.E1));
#2592=DIRECTION('',(0.E0,1.E0,0.E0));
#2593=DIRECTION('',(1.E0,0.E0,0.E0));
#2594=AXIS2_PLACEMENT_3D('',#2591,#2592,#2593);
#2596=CARTESIAN_POINT('',(-5.25E1,7.E1,6.E1));
#2597=DIRECTION('',(0.E0,1.E0,0.E0));
#2598=DIRECTION('',(-1.E0,0.E0,0.E0));
#2599=AXIS2_PLACEMENT_3D('',#2596,#2597,#2598);
#2601=DIRECTION('',(0.E0,-1.E0,0.E0));
#2602=VECTOR('',#2601,8.E1);
#2603=CARTESIAN_POINT('',(-3.9E1,1.5E2,6.E1));
#2604=LINE('',#2603,#2602);
#2605=DIRECTION('',(0.E0,-1.E0,0.E0));
#2606=VECTOR('',#2605,8.E1);
#2607=CARTESIAN_POINT('',(-4.6E1,1.5E2,6.E1));
#2608=LINE('',#2607,#2606);
#2609=CARTESIAN_POINT('',(-4.25E1,7.E1,6.E1));
#2610=DIRECTION('',(0.E0,1.E0,0.E0));
#2611=DIRECTION('',(1.E0,0.E0,0.E0));
#2612=AXIS2_PLACEMENT_3D('',#2609,#2610,#2611);
#2614=CARTESIAN_POINT('',(-4.25E1,7.E1,6.E1));
#2615=DIRECTION('',(0.E0,1.E0,0.E0));
#2616=DIRECTION('',(-1.E0,0.E0,0.E0));
#2617=AXIS2_PLACEMENT_3D('',#2614,#2615,#2616);
#2619=DIRECTION('',(0.E0,-1.E0,0.E0));
#2620=VECTOR('',#2619,8.E1);
#2621=CARTESIAN_POINT('',(-2.9E1,1.5E2,6.E1));
#2622=LINE('',#2621,#2620);
#2623=DIRECTION('',(0.E0,-1.E0,0.E0));
#2624=VECTOR('',#2623,8.E1);
#2625=CARTESIAN_POINT('',(-3.6E1,1.5E2,6.E1));
#2626=LINE('',#2625,#2624);
#2627=CARTESIAN_POINT('',(-3.25E1,7.E1,6.E1));
#2628=DIRECTION('',(0.E0,1.E0,0.E0));
#2629=DIRECTION('',(1.E0,0.E0,0.E0));
#2630=AXIS2_PLACEMENT_3D('',#2627,#2628,#2629);
#2632=CARTESIAN_POINT('',(-3.25E1,7.E1,6.E1));
#2633=DIRECTION('',(0.E0,1.E0,0.E0));
#2634=DIRECTION('',(-1.E0,0.E0,0.E0));
#2635=AXIS2_PLACEMENT_3D('',#2632,#2633,#2634);
#2637=DIRECTION('',(0.E0,-1.E0,0.E0));
#2638=VECTOR('',#2637,8.E1);
#2639=CARTESIAN_POINT('',(-1.9E1,1.5E2,6.E1));
#2640=LINE('',#2639,#2638);
#2641=DIRECTION('',(0.E0,-1.E0,0.E0));
#2642=VECTOR('',#2641,8.E1);
#2643=CARTESIAN_POINT('',(-2.6E1,1.5E2,6.E1));
#2644=LINE('',#2643,#2642);
#2645=CARTESIAN_POINT('',(-2.25E1,7.E1,6.E1));
#2646=DIRECTION('',(0.E0,1.E0,0.E0));
#2647=DIRECTION('',(1.E0,0.E0,0.E0));
#2648=AXIS2_PLACEMENT_3D('',#2645,#2646,#2647);
#2650=CARTESIAN_POINT('',(-2.25E1,7.E1,6.E1));
#2651=DIRECTION('',(0.E0,1.E0,0.E0));
#2652=DIRECTION('',(-1.E0,0.E0,0.E0));
#2653=AXIS2_PLACEMENT_3D('',#2650,#2651,#2652);
#2655=DIRECTION('',(0.E0,-1.E0,0.E0));
#2656=VECTOR('',#2655,8.E1);
#2657=CARTESIAN_POINT('',(-9.E0,1.5E2,6.E1));
#2658=LINE('',#2657,#2656);
#2659=DIRECTION('',(0.E0,-1.E0,0.E0));
#2660=VECTOR('',#2659,8.E1);
#2661=CARTESIAN_POINT('',(-1.6E1,1.5E2,6.E1));
#2662=LINE('',#2661,#2660);
#2663=CARTESIAN_POINT('',(-1.25E1,7.E1,6.E1));
#2664=DIRECTION('',(0.E0,1.E0,0.E0));
#2665=DIRECTION('',(1.E0,0.E0,0.E0));
#2666=AXIS2_PLACEMENT_3D('',#2663,#2664,#2665);
#2668=CARTESIAN_POINT('',(-1.25E1,7.E1,6.E1));
#2669=DIRECTION('',(0.E0,1.E0,0.E0));
#2670=DIRECTION('',(-1.E0,0.E0,0.E0));
#2671=AXIS2_PLACEMENT_3D('',#2668,#2669,#2670);
#2673=CARTESIAN_POINT('',(3.5E0,0.E0,0.E0));
#2674=CARTESIAN_POINT('',(-3.5E0,0.E0,0.E0));
#2675=VERTEX_POINT('',#2673);
#2676=VERTEX_POINT('',#2674);
#2677=CARTESIAN_POINT('',(-1.215E2,0.E0,0.E0));
#2678=CARTESIAN_POINT('',(-1.285E2,0.E0,0.E0));
#2679=VERTEX_POINT('',#2677);
#2680=VERTEX_POINT('',#2678);
#2681=CARTESIAN_POINT('',(3.5E0,0.E0,5.E1));
#2682=CARTESIAN_POINT('',(-3.5E0,0.E0,5.E1));
#2683=VERTEX_POINT('',#2681);
#2684=VERTEX_POINT('',#2682);
#2685=CARTESIAN_POINT('',(-1.215E2,0.E0,5.E1));
#2686=CARTESIAN_POINT('',(-1.285E2,0.E0,5.E1));
#2687=VERTEX_POINT('',#2685);
#2688=VERTEX_POINT('',#2686);
#2689=CARTESIAN_POINT('',(-1.325E2,0.E0,-1.5E1));
#2690=CARTESIAN_POINT('',(-1.325E2,0.E0,6.5E1));
#2691=VERTEX_POINT('',#2689);
#2692=VERTEX_POINT('',#2690);
#2693=CARTESIAN_POINT('',(7.5E0,0.E0,6.5E1));
#2694=VERTEX_POINT('',#2693);
#2695=CARTESIAN_POINT('',(7.5E0,0.E0,-1.5E1));
#2696=VERTEX_POINT('',#2695);
#2697=CARTESIAN_POINT('',(3.5E0,1.E1,0.E0));
#2698=CARTESIAN_POINT('',(-3.5E0,1.E1,0.E0));
#2699=VERTEX_POINT('',#2697);
#2700=VERTEX_POINT('',#2698);
#2701=CARTESIAN_POINT('',(-1.215E2,1.E1,0.E0));
#2702=CARTESIAN_POINT('',(-1.285E2,1.E1,0.E0));
#2703=VERTEX_POINT('',#2701);
#2704=VERTEX_POINT('',#2702);
#2705=CARTESIAN_POINT('',(3.5E0,1.E1,5.E1));
#2706=CARTESIAN_POINT('',(-3.5E0,1.E1,5.E1));
#2707=VERTEX_POINT('',#2705);
#2708=VERTEX_POINT('',#2706);
#2709=CARTESIAN_POINT('',(-1.215E2,1.E1,5.E1));
#2710=CARTESIAN_POINT('',(-1.285E2,1.E1,5.E1));
#2711=VERTEX_POINT('',#2709);
#2712=VERTEX_POINT('',#2710);
#2713=CARTESIAN_POINT('',(-1.325E2,1.E1,-1.5E1));
#2714=CARTESIAN_POINT('',(-1.325E2,1.E1,6.5E1));
#2715=VERTEX_POINT('',#2713);
#2716=VERTEX_POINT('',#2714);
#2717=CARTESIAN_POINT('',(7.5E0,1.E1,6.5E1));
#2718=CARTESIAN_POINT('',(7.5E0,1.E1,-1.5E1));
#2719=VERTEX_POINT('',#2717);
#2720=VERTEX_POINT('',#2718);
#2721=CARTESIAN_POINT('',(-1.175E2,1.5E2,-1.5E1));
#2722=CARTESIAN_POINT('',(-1.175E2,1.5E2,6.5E1));
#2723=VERTEX_POINT('',#2721);
#2724=VERTEX_POINT('',#2722);
#2725=CARTESIAN_POINT('',(-7.5E0,1.5E2,6.5E1));
#2726=VERTEX_POINT('',#2725);
#2727=CARTESIAN_POINT('',(-7.5E0,1.5E2,-1.5E1));
#2728=VERTEX_POINT('',#2727);
#2729=CARTESIAN_POINT('',(-1.175E2,1.E1,-1.5E1));
#2730=CARTESIAN_POINT('',(-1.175E2,1.E1,6.5E1));
#2731=VERTEX_POINT('',#2729);
#2732=VERTEX_POINT('',#2730);
#2733=CARTESIAN_POINT('',(-7.5E0,1.E1,6.5E1));
#2734=CARTESIAN_POINT('',(-7.5E0,1.E1,-1.5E1));
#2735=VERTEX_POINT('',#2733);
#2736=VERTEX_POINT('',#2734);
#2737=CARTESIAN_POINT('',(-1.09E2,7.E1,-1.E1));
#2738=CARTESIAN_POINT('',(-1.16E2,7.E1,-1.E1));
#2739=VERTEX_POINT('',#2737);
#2740=VERTEX_POINT('',#2738);
#2741=CARTESIAN_POINT('',(-1.09E2,1.5E2,-1.E1));
#2742=CARTESIAN_POINT('',(-1.16E2,1.5E2,-1.E1));
#2743=VERTEX_POINT('',#2741);
#2744=VERTEX_POINT('',#2742);
#2745=CARTESIAN_POINT('',(-9.9E1,7.E1,-1.E1));
#2746=CARTESIAN_POINT('',(-1.06E2,7.E1,-1.E1));
#2747=VERTEX_POINT('',#2745);
#2748=VERTEX_POINT('',#2746);
#2749=CARTESIAN_POINT('',(-9.9E1,1.5E2,-1.E1));
#2750=CARTESIAN_POINT('',(-1.06E2,1.5E2,-1.E1));
#2751=VERTEX_POINT('',#2749);
#2752=VERTEX_POINT('',#2750);
#2753=CARTESIAN_POINT('',(-8.9E1,7.E1,-1.E1));
#2754=CARTESIAN_POINT('',(-9.6E1,7.E1,-1.E1));
#2755=VERTEX_POINT('',#2753);
#2756=VERTEX_POINT('',#2754);
#2757=CARTESIAN_POINT('',(-8.9E1,1.5E2,-1.E1));
#2758=CARTESIAN_POINT('',(-9.6E1,1.5E2,-1.E1));
#2759=VERTEX_POINT('',#2757);
#2760=VERTEX_POINT('',#2758);
#2761=CARTESIAN_POINT('',(-7.9E1,7.E1,-1.E1));
#2762=CARTESIAN_POINT('',(-8.6E1,7.E1,-1.E1));
#2763=VERTEX_POINT('',#2761);
#2764=VERTEX_POINT('',#2762);
#2765=CARTESIAN_POINT('',(-7.9E1,1.5E2,-1.E1));
#2766=CARTESIAN_POINT('',(-8.6E1,1.5E2,-1.E1));
#2767=VERTEX_POINT('',#2765);
#2768=VERTEX_POINT('',#2766);
#2769=CARTESIAN_POINT('',(-6.9E1,7.E1,-1.E1));
#2770=CARTESIAN_POINT('',(-7.6E1,7.E1,-1.E1));
#2771=VERTEX_POINT('',#2769);
#2772=VERTEX_POINT('',#2770);
#2773=CARTESIAN_POINT('',(-6.9E1,1.5E2,-1.E1));
#2774=CARTESIAN_POINT('',(-7.6E1,1.5E2,-1.E1));
#2775=VERTEX_POINT('',#2773);
#2776=VERTEX_POINT('',#2774);
#2777=CARTESIAN_POINT('',(-5.9E1,7.E1,-1.E1));
#2778=CARTESIAN_POINT('',(-6.6E1,7.E1,-1.E1));
#2779=VERTEX_POINT('',#2777);
#2780=VERTEX_POINT('',#2778);
#2781=CARTESIAN_POINT('',(-5.9E1,1.5E2,-1.E1));
#2782=CARTESIAN_POINT('',(-6.6E1,1.5E2,-1.E1));
#2783=VERTEX_POINT('',#2781);
#2784=VERTEX_POINT('',#2782);
#2785=CARTESIAN_POINT('',(-4.9E1,7.E1,-1.E1));
#2786=CARTESIAN_POINT('',(-5.6E1,7.E1,-1.E1));
#2787=VERTEX_POINT('',#2785);
#2788=VERTEX_POINT('',#2786);
#2789=CARTESIAN_POINT('',(-4.9E1,1.5E2,-1.E1));
#2790=CARTESIAN_POINT('',(-5.6E1,1.5E2,-1.E1));
#2791=VERTEX_POINT('',#2789);
#2792=VERTEX_POINT('',#2790);
#2793=CARTESIAN_POINT('',(-3.9E1,7.E1,-1.E1));
#2794=CARTESIAN_POINT('',(-4.6E1,7.E1,-1.E1));
#2795=VERTEX_POINT('',#2793);
#2796=VERTEX_POINT('',#2794);
#2797=CARTESIAN_POINT('',(-3.9E1,1.5E2,-1.E1));
#2798=CARTESIAN_POINT('',(-4.6E1,1.5E2,-1.E1));
#2799=VERTEX_POINT('',#2797);
#2800=VERTEX_POINT('',#2798);
#2801=CARTESIAN_POINT('',(-2.9E1,7.E1,-1.E1));
#2802=CARTESIAN_POINT('',(-3.6E1,7.E1,-1.E1));
#2803=VERTEX_POINT('',#2801);
#2804=VERTEX_POINT('',#2802);
#2805=CARTESIAN_POINT('',(-2.9E1,1.5E2,-1.E1));
#2806=CARTESIAN_POINT('',(-3.6E1,1.5E2,-1.E1));
#2807=VERTEX_POINT('',#2805);
#2808=VERTEX_POINT('',#2806);
#2809=CARTESIAN_POINT('',(-1.9E1,7.E1,-1.E1));
#2810=CARTESIAN_POINT('',(-2.6E1,7.E1,-1.E1));
#2811=VERTEX_POINT('',#2809);
#2812=VERTEX_POINT('',#2810);
#2813=CARTESIAN_POINT('',(-1.9E1,1.5E2,-1.E1));
#2814=CARTESIAN_POINT('',(-2.6E1,1.5E2,-1.E1));
#2815=VERTEX_POINT('',#2813);
#2816=VERTEX_POINT('',#2814);
#2817=CARTESIAN_POINT('',(-1.09E2,7.E1,0.E0));
#2818=CARTESIAN_POINT('',(-1.16E2,7.E1,0.E0));
#2819=VERTEX_POINT('',#2817);
#2820=VERTEX_POINT('',#2818);
#2821=CARTESIAN_POINT('',(-1.09E2,1.5E2,0.E0));
#2822=CARTESIAN_POINT('',(-1.16E2,1.5E2,0.E0));
#2823=VERTEX_POINT('',#2821);
#2824=VERTEX_POINT('',#2822);
#2825=CARTESIAN_POINT('',(-9.9E1,7.E1,0.E0));
#2826=CARTESIAN_POINT('',(-1.06E2,7.E1,0.E0));
#2827=VERTEX_POINT('',#2825);
#2828=VERTEX_POINT('',#2826);
#2829=CARTESIAN_POINT('',(-9.9E1,1.5E2,0.E0));
#2830=CARTESIAN_POINT('',(-1.06E2,1.5E2,0.E0));
#2831=VERTEX_POINT('',#2829);
#2832=VERTEX_POINT('',#2830);
#2833=CARTESIAN_POINT('',(-8.9E1,7.E1,0.E0));
#2834=CARTESIAN_POINT('',(-9.6E1,7.E1,0.E0));
#2835=VERTEX_POINT('',#2833);
#2836=VERTEX_POINT('',#2834);
#2837=CARTESIAN_POINT('',(-8.9E1,1.5E2,0.E0));
#2838=CARTESIAN_POINT('',(-9.6E1,1.5E2,0.E0));
#2839=VERTEX_POINT('',#2837);
#2840=VERTEX_POINT('',#2838);
#2841=CARTESIAN_POINT('',(-7.9E1,7.E1,0.E0));
#2842=CARTESIAN_POINT('',(-8.6E1,7.E1,0.E0));
#2843=VERTEX_POINT('',#2841);
#2844=VERTEX_POINT('',#2842);
#2845=CARTESIAN_POINT('',(-7.9E1,1.5E2,0.E0));
#2846=CARTESIAN_POINT('',(-8.6E1,1.5E2,0.E0));
#2847=VERTEX_POINT('',#2845);
#2848=VERTEX_POINT('',#2846);
#2849=CARTESIAN_POINT('',(-6.9E1,7.E1,0.E0));
#2850=CARTESIAN_POINT('',(-7.6E1,7.E1,0.E0));
#2851=VERTEX_POINT('',#2849);
#2852=VERTEX_POINT('',#2850);
#2853=CARTESIAN_POINT('',(-6.9E1,1.5E2,0.E0));
#2854=CARTESIAN_POINT('',(-7.6E1,1.5E2,0.E0));
#2855=VERTEX_POINT('',#2853);
#2856=VERTEX_POINT('',#2854);
#2857=CARTESIAN_POINT('',(-5.9E1,7.E1,0.E0));
#2858=CARTESIAN_POINT('',(-6.6E1,7.E1,0.E0));
#2859=VERTEX_POINT('',#2857);
#2860=VERTEX_POINT('',#2858);
#2861=CARTESIAN_POINT('',(-5.9E1,1.5E2,0.E0));
#2862=CARTESIAN_POINT('',(-6.6E1,1.5E2,0.E0));
#2863=VERTEX_POINT('',#2861);
#2864=VERTEX_POINT('',#2862);
#2865=CARTESIAN_POINT('',(-4.9E1,7.E1,0.E0));
#2866=CARTESIAN_POINT('',(-5.6E1,7.E1,0.E0));
#2867=VERTEX_POINT('',#2865);
#2868=VERTEX_POINT('',#2866);
#2869=CARTESIAN_POINT('',(-4.9E1,1.5E2,0.E0));
#2870=CARTESIAN_POINT('',(-5.6E1,1.5E2,0.E0));
#2871=VERTEX_POINT('',#2869);
#2872=VERTEX_POINT('',#2870);
#2873=CARTESIAN_POINT('',(-3.9E1,7.E1,0.E0));
#2874=CARTESIAN_POINT('',(-4.6E1,7.E1,0.E0));
#2875=VERTEX_POINT('',#2873);
#2876=VERTEX_POINT('',#2874);
#2877=CARTESIAN_POINT('',(-3.9E1,1.5E2,0.E0));
#2878=CARTESIAN_POINT('',(-4.6E1,1.5E2,0.E0));
#2879=VERTEX_POINT('',#2877);
#2880=VERTEX_POINT('',#2878);
#2881=CARTESIAN_POINT('',(-2.9E1,7.E1,0.E0));
#2882=CARTESIAN_POINT('',(-3.6E1,7.E1,0.E0));
#2883=VERTEX_POINT('',#2881);
#2884=VERTEX_POINT('',#2882);
#2885=CARTESIAN_POINT('',(-2.9E1,1.5E2,0.E0));
#2886=CARTESIAN_POINT('',(-3.6E1,1.5E2,0.E0));
#2887=VERTEX_POINT('',#2885);
#2888=VERTEX_POINT('',#2886);
#2889=CARTESIAN_POINT('',(-1.9E1,7.E1,0.E0));
#2890=CARTESIAN_POINT('',(-2.6E1,7.E1,0.E0));
#2891=VERTEX_POINT('',#2889);
#2892=VERTEX_POINT('',#2890);
#2893=CARTESIAN_POINT('',(-1.9E1,1.5E2,0.E0));
#2894=CARTESIAN_POINT('',(-2.6E1,1.5E2,0.E0));
#2895=VERTEX_POINT('',#2893);
#2896=VERTEX_POINT('',#2894);
#2897=CARTESIAN_POINT('',(-1.09E2,7.E1,1.E1));
#2898=CARTESIAN_POINT('',(-1.16E2,7.E1,1.E1));
#2899=VERTEX_POINT('',#2897);
#2900=VERTEX_POINT('',#2898);
#2901=CARTESIAN_POINT('',(-1.09E2,1.5E2,1.E1));
#2902=CARTESIAN_POINT('',(-1.16E2,1.5E2,1.E1));
#2903=VERTEX_POINT('',#2901);
#2904=VERTEX_POINT('',#2902);
#2905=CARTESIAN_POINT('',(-9.9E1,7.E1,1.E1));
#2906=CARTESIAN_POINT('',(-1.06E2,7.E1,1.E1));
#2907=VERTEX_POINT('',#2905);
#2908=VERTEX_POINT('',#2906);
#2909=CARTESIAN_POINT('',(-9.9E1,1.5E2,1.E1));
#2910=CARTESIAN_POINT('',(-1.06E2,1.5E2,1.E1));
#2911=VERTEX_POINT('',#2909);
#2912=VERTEX_POINT('',#2910);
#2913=CARTESIAN_POINT('',(-8.9E1,7.E1,1.E1));
#2914=CARTESIAN_POINT('',(-9.6E1,7.E1,1.E1));
#2915=VERTEX_POINT('',#2913);
#2916=VERTEX_POINT('',#2914);
#2917=CARTESIAN_POINT('',(-8.9E1,1.5E2,1.E1));
#2918=CARTESIAN_POINT('',(-9.6E1,1.5E2,1.E1));
#2919=VERTEX_POINT('',#2917);
#2920=VERTEX_POINT('',#2918);
#2921=CARTESIAN_POINT('',(-7.9E1,7.E1,1.E1));
#2922=CARTESIAN_POINT('',(-8.6E1,7.E1,1.E1));
#2923=VERTEX_POINT('',#2921);
#2924=VERTEX_POINT('',#2922);
#2925=CARTESIAN_POINT('',(-7.9E1,1.5E2,1.E1));
#2926=CARTESIAN_POINT('',(-8.6E1,1.5E2,1.E1));
#2927=VERTEX_POINT('',#2925);
#2928=VERTEX_POINT('',#2926);
#2929=CARTESIAN_POINT('',(-6.9E1,7.E1,1.E1));
#2930=CARTESIAN_POINT('',(-7.6E1,7.E1,1.E1));
#2931=VERTEX_POINT('',#2929);
#2932=VERTEX_POINT('',#2930);
#2933=CARTESIAN_POINT('',(-6.9E1,1.5E2,1.E1));
#2934=CARTESIAN_POINT('',(-7.6E1,1.5E2,1.E1));
#2935=VERTEX_POINT('',#2933);
#2936=VERTEX_POINT('',#2934);
#2937=CARTESIAN_POINT('',(-5.9E1,7.E1,1.E1));
#2938=CARTESIAN_POINT('',(-6.6E1,7.E1,1.E1));
#2939=VERTEX_POINT('',#2937);
#2940=VERTEX_POINT('',#2938);
#2941=CARTESIAN_POINT('',(-5.9E1,1.5E2,1.E1));
#2942=CARTESIAN_POINT('',(-6.6E1,1.5E2,1.E1));
#2943=VERTEX_POINT('',#2941);
#2944=VERTEX_POINT('',#2942);
#2945=CARTESIAN_POINT('',(-4.9E1,7.E1,1.E1));
#2946=CARTESIAN_POINT('',(-5.6E1,7.E1,1.E1));
#2947=VERTEX_POINT('',#2945);
#2948=VERTEX_POINT('',#2946);
#2949=CARTESIAN_POINT('',(-4.9E1,1.5E2,1.E1));
#2950=CARTESIAN_POINT('',(-5.6E1,1.5E2,1.E1));
#2951=VERTEX_POINT('',#2949);
#2952=VERTEX_POINT('',#2950);
#2953=CARTESIAN_POINT('',(-3.9E1,7.E1,1.E1));
#2954=CARTESIAN_POINT('',(-4.6E1,7.E1,1.E1));
#2955=VERTEX_POINT('',#2953);
#2956=VERTEX_POINT('',#2954);
#2957=CARTESIAN_POINT('',(-3.9E1,1.5E2,1.E1));
#2958=CARTESIAN_POINT('',(-4.6E1,1.5E2,1.E1));
#2959=VERTEX_POINT('',#2957);
#2960=VERTEX_POINT('',#2958);
#2961=CARTESIAN_POINT('',(-2.9E1,7.E1,1.E1));
#2962=CARTESIAN_POINT('',(-3.6E1,7.E1,1.E1));
#2963=VERTEX_POINT('',#2961);
#2964=VERTEX_POINT('',#2962);
#2965=CARTESIAN_POINT('',(-2.9E1,1.5E2,1.E1));
#2966=CARTESIAN_POINT('',(-3.6E1,1.5E2,1.E1));
#2967=VERTEX_POINT('',#2965);
#2968=VERTEX_POINT('',#2966);
#2969=CARTESIAN_POINT('',(-1.9E1,7.E1,1.E1));
#2970=CARTESIAN_POINT('',(-2.6E1,7.E1,1.E1));
#2971=VERTEX_POINT('',#2969);
#2972=VERTEX_POINT('',#2970);
#2973=CARTESIAN_POINT('',(-1.9E1,1.5E2,1.E1));
#2974=CARTESIAN_POINT('',(-2.6E1,1.5E2,1.E1));
#2975=VERTEX_POINT('',#2973);
#2976=VERTEX_POINT('',#2974);
#2977=CARTESIAN_POINT('',(-1.09E2,7.E1,2.E1));
#2978=CARTESIAN_POINT('',(-1.16E2,7.E1,2.E1));
#2979=VERTEX_POINT('',#2977);
#2980=VERTEX_POINT('',#2978);
#2981=CARTESIAN_POINT('',(-1.09E2,1.5E2,2.E1));
#2982=CARTESIAN_POINT('',(-1.16E2,1.5E2,2.E1));
#2983=VERTEX_POINT('',#2981);
#2984=VERTEX_POINT('',#2982);
#2985=CARTESIAN_POINT('',(-9.9E1,7.E1,2.E1));
#2986=CARTESIAN_POINT('',(-1.06E2,7.E1,2.E1));
#2987=VERTEX_POINT('',#2985);
#2988=VERTEX_POINT('',#2986);
#2989=CARTESIAN_POINT('',(-9.9E1,1.5E2,2.E1));
#2990=CARTESIAN_POINT('',(-1.06E2,1.5E2,2.E1));
#2991=VERTEX_POINT('',#2989);
#2992=VERTEX_POINT('',#2990);
#2993=CARTESIAN_POINT('',(-8.9E1,7.E1,2.E1));
#2994=CARTESIAN_POINT('',(-9.6E1,7.E1,2.E1));
#2995=VERTEX_POINT('',#2993);
#2996=VERTEX_POINT('',#2994);
#2997=CARTESIAN_POINT('',(-8.9E1,1.5E2,2.E1));
#2998=CARTESIAN_POINT('',(-9.6E1,1.5E2,2.E1));
#2999=VERTEX_POINT('',#2997);
#3000=VERTEX_POINT('',#2998);
#3001=CARTESIAN_POINT('',(-7.9E1,7.E1,2.E1));
#3002=CARTESIAN_POINT('',(-8.6E1,7.E1,2.E1));
#3003=VERTEX_POINT('',#3001);
#3004=VERTEX_POINT('',#3002);
#3005=CARTESIAN_POINT('',(-7.9E1,1.5E2,2.E1));
#3006=CARTESIAN_POINT('',(-8.6E1,1.5E2,2.E1));
#3007=VERTEX_POINT('',#3005);
#3008=VERTEX_POINT('',#3006);
#3009=CARTESIAN_POINT('',(-6.9E1,7.E1,2.E1));
#3010=CARTESIAN_POINT('',(-7.6E1,7.E1,2.E1));
#3011=VERTEX_POINT('',#3009);
#3012=VERTEX_POINT('',#3010);
#3013=CARTESIAN_POINT('',(-6.9E1,1.5E2,2.E1));
#3014=CARTESIAN_POINT('',(-7.6E1,1.5E2,2.E1));
#3015=VERTEX_POINT('',#3013);
#3016=VERTEX_POINT('',#3014);
#3017=CARTESIAN_POINT('',(-5.9E1,7.E1,2.E1));
#3018=CARTESIAN_POINT('',(-6.6E1,7.E1,2.E1));
#3019=VERTEX_POINT('',#3017);
#3020=VERTEX_POINT('',#3018);
#3021=CARTESIAN_POINT('',(-5.9E1,1.5E2,2.E1));
#3022=CARTESIAN_POINT('',(-6.6E1,1.5E2,2.E1));
#3023=VERTEX_POINT('',#3021);
#3024=VERTEX_POINT('',#3022);
#3025=CARTESIAN_POINT('',(-4.9E1,7.E1,2.E1));
#3026=CARTESIAN_POINT('',(-5.6E1,7.E1,2.E1));
#3027=VERTEX_POINT('',#3025);
#3028=VERTEX_POINT('',#3026);
#3029=CARTESIAN_POINT('',(-4.9E1,1.5E2,2.E1));
#3030=CARTESIAN_POINT('',(-5.6E1,1.5E2,2.E1));
#3031=VERTEX_POINT('',#3029);
#3032=VERTEX_POINT('',#3030);
#3033=CARTESIAN_POINT('',(-3.9E1,7.E1,2.E1));
#3034=CARTESIAN_POINT('',(-4.6E1,7.E1,2.E1));
#3035=VERTEX_POINT('',#3033);
#3036=VERTEX_POINT('',#3034);
#3037=CARTESIAN_POINT('',(-3.9E1,1.5E2,2.E1));
#3038=CARTESIAN_POINT('',(-4.6E1,1.5E2,2.E1));
#3039=VERTEX_POINT('',#3037);
#3040=VERTEX_POINT('',#3038);
#3041=CARTESIAN_POINT('',(-2.9E1,7.E1,2.E1));
#3042=CARTESIAN_POINT('',(-3.6E1,7.E1,2.E1));
#3043=VERTEX_POINT('',#3041);
#3044=VERTEX_POINT('',#3042);
#3045=CARTESIAN_POINT('',(-2.9E1,1.5E2,2.E1));
#3046=CARTESIAN_POINT('',(-3.6E1,1.5E2,2.E1));
#3047=VERTEX_POINT('',#3045);
#3048=VERTEX_POINT('',#3046);
#3049=CARTESIAN_POINT('',(-1.9E1,7.E1,2.E1));
#3050=CARTESIAN_POINT('',(-2.6E1,7.E1,2.E1));
#3051=VERTEX_POINT('',#3049);
#3052=VERTEX_POINT('',#3050);
#3053=CARTESIAN_POINT('',(-1.9E1,1.5E2,2.E1));
#3054=CARTESIAN_POINT('',(-2.6E1,1.5E2,2.E1));
#3055=VERTEX_POINT('',#3053);
#3056=VERTEX_POINT('',#3054);
#3057=CARTESIAN_POINT('',(-1.09E2,7.E1,3.E1));
#3058=CARTESIAN_POINT('',(-1.16E2,7.E1,3.E1));
#3059=VERTEX_POINT('',#3057);
#3060=VERTEX_POINT('',#3058);
#3061=CARTESIAN_POINT('',(-1.09E2,1.5E2,3.E1));
#3062=CARTESIAN_POINT('',(-1.16E2,1.5E2,3.E1));
#3063=VERTEX_POINT('',#3061);
#3064=VERTEX_POINT('',#3062);
#3065=CARTESIAN_POINT('',(-9.9E1,7.E1,3.E1));
#3066=CARTESIAN_POINT('',(-1.06E2,7.E1,3.E1));
#3067=VERTEX_POINT('',#3065);
#3068=VERTEX_POINT('',#3066);
#3069=CARTESIAN_POINT('',(-9.9E1,1.5E2,3.E1));
#3070=CARTESIAN_POINT('',(-1.06E2,1.5E2,3.E1));
#3071=VERTEX_POINT('',#3069);
#3072=VERTEX_POINT('',#3070);
#3073=CARTESIAN_POINT('',(-8.9E1,7.E1,3.E1));
#3074=CARTESIAN_POINT('',(-9.6E1,7.E1,3.E1));
#3075=VERTEX_POINT('',#3073);
#3076=VERTEX_POINT('',#3074);
#3077=CARTESIAN_POINT('',(-8.9E1,1.5E2,3.E1));
#3078=CARTESIAN_POINT('',(-9.6E1,1.5E2,3.E1));
#3079=VERTEX_POINT('',#3077);
#3080=VERTEX_POINT('',#3078);
#3081=CARTESIAN_POINT('',(-7.9E1,7.E1,3.E1));
#3082=CARTESIAN_POINT('',(-8.6E1,7.E1,3.E1));
#3083=VERTEX_POINT('',#3081);
#3084=VERTEX_POINT('',#3082);
#3085=CARTESIAN_POINT('',(-7.9E1,1.5E2,3.E1));
#3086=CARTESIAN_POINT('',(-8.6E1,1.5E2,3.E1));
#3087=VERTEX_POINT('',#3085);
#3088=VERTEX_POINT('',#3086);
#3089=CARTESIAN_POINT('',(-6.9E1,7.E1,3.E1));
#3090=CARTESIAN_POINT('',(-7.6E1,7.E1,3.E1));
#3091=VERTEX_POINT('',#3089);
#3092=VERTEX_POINT('',#3090);
#3093=CARTESIAN_POINT('',(-6.9E1,1.5E2,3.E1));
#3094=CARTESIAN_POINT('',(-7.6E1,1.5E2,3.E1));
#3095=VERTEX_POINT('',#3093);
#3096=VERTEX_POINT('',#3094);
#3097=CARTESIAN_POINT('',(-5.9E1,7.E1,3.E1));
#3098=CARTESIAN_POINT('',(-6.6E1,7.E1,3.E1));
#3099=VERTEX_POINT('',#3097);
#3100=VERTEX_POINT('',#3098);
#3101=CARTESIAN_POINT('',(-5.9E1,1.5E2,3.E1));
#3102=CARTESIAN_POINT('',(-6.6E1,1.5E2,3.E1));
#3103=VERTEX_POINT('',#3101);
#3104=VERTEX_POINT('',#3102);
#3105=CARTESIAN_POINT('',(-4.9E1,7.E1,3.E1));
#3106=CARTESIAN_POINT('',(-5.6E1,7.E1,3.E1));
#3107=VERTEX_POINT('',#3105);
#3108=VERTEX_POINT('',#3106);
#3109=CARTESIAN_POINT('',(-4.9E1,1.5E2,3.E1));
#3110=CARTESIAN_POINT('',(-5.6E1,1.5E2,3.E1));
#3111=VERTEX_POINT('',#3109);
#3112=VERTEX_POINT('',#3110);
#3113=CARTESIAN_POINT('',(-3.9E1,7.E1,3.E1));
#3114=CARTESIAN_POINT('',(-4.6E1,7.E1,3.E1));
#3115=VERTEX_POINT('',#3113);
#3116=VERTEX_POINT('',#3114);
#3117=CARTESIAN_POINT('',(-3.9E1,1.5E2,3.E1));
#3118=CARTESIAN_POINT('',(-4.6E1,1.5E2,3.E1));
#3119=VERTEX_POINT('',#3117);
#3120=VERTEX_POINT('',#3118);
#3121=CARTESIAN_POINT('',(-2.9E1,7.E1,3.E1));
#3122=CARTESIAN_POINT('',(-3.6E1,7.E1,3.E1));
#3123=VERTEX_POINT('',#3121);
#3124=VERTEX_POINT('',#3122);
#3125=CARTESIAN_POINT('',(-2.9E1,1.5E2,3.E1));
#3126=CARTESIAN_POINT('',(-3.6E1,1.5E2,3.E1));
#3127=VERTEX_POINT('',#3125);
#3128=VERTEX_POINT('',#3126);
#3129=CARTESIAN_POINT('',(-1.9E1,7.E1,3.E1));
#3130=CARTESIAN_POINT('',(-2.6E1,7.E1,3.E1));
#3131=VERTEX_POINT('',#3129);
#3132=VERTEX_POINT('',#3130);
#3133=CARTESIAN_POINT('',(-1.9E1,1.5E2,3.E1));
#3134=CARTESIAN_POINT('',(-2.6E1,1.5E2,3.E1));
#3135=VERTEX_POINT('',#3133);
#3136=VERTEX_POINT('',#3134);
#3137=CARTESIAN_POINT('',(-1.09E2,7.E1,4.E1));
#3138=CARTESIAN_POINT('',(-1.16E2,7.E1,4.E1));
#3139=VERTEX_POINT('',#3137);
#3140=VERTEX_POINT('',#3138);
#3141=CARTESIAN_POINT('',(-1.09E2,1.5E2,4.E1));
#3142=CARTESIAN_POINT('',(-1.16E2,1.5E2,4.E1));
#3143=VERTEX_POINT('',#3141);
#3144=VERTEX_POINT('',#3142);
#3145=CARTESIAN_POINT('',(-9.9E1,7.E1,4.E1));
#3146=CARTESIAN_POINT('',(-1.06E2,7.E1,4.E1));
#3147=VERTEX_POINT('',#3145);
#3148=VERTEX_POINT('',#3146);
#3149=CARTESIAN_POINT('',(-9.9E1,1.5E2,4.E1));
#3150=CARTESIAN_POINT('',(-1.06E2,1.5E2,4.E1));
#3151=VERTEX_POINT('',#3149);
#3152=VERTEX_POINT('',#3150);
#3153=CARTESIAN_POINT('',(-8.9E1,7.E1,4.E1));
#3154=CARTESIAN_POINT('',(-9.6E1,7.E1,4.E1));
#3155=VERTEX_POINT('',#3153);
#3156=VERTEX_POINT('',#3154);
#3157=CARTESIAN_POINT('',(-8.9E1,1.5E2,4.E1));
#3158=CARTESIAN_POINT('',(-9.6E1,1.5E2,4.E1));
#3159=VERTEX_POINT('',#3157);
#3160=VERTEX_POINT('',#3158);
#3161=CARTESIAN_POINT('',(-7.9E1,7.E1,4.E1));
#3162=CARTESIAN_POINT('',(-8.6E1,7.E1,4.E1));
#3163=VERTEX_POINT('',#3161);
#3164=VERTEX_POINT('',#3162);
#3165=CARTESIAN_POINT('',(-7.9E1,1.5E2,4.E1));
#3166=CARTESIAN_POINT('',(-8.6E1,1.5E2,4.E1));
#3167=VERTEX_POINT('',#3165);
#3168=VERTEX_POINT('',#3166);
#3169=CARTESIAN_POINT('',(-6.9E1,7.E1,4.E1));
#3170=CARTESIAN_POINT('',(-7.6E1,7.E1,4.E1));
#3171=VERTEX_POINT('',#3169);
#3172=VERTEX_POINT('',#3170);
#3173=CARTESIAN_POINT('',(-6.9E1,1.5E2,4.E1));
#3174=CARTESIAN_POINT('',(-7.6E1,1.5E2,4.E1));
#3175=VERTEX_POINT('',#3173);
#3176=VERTEX_POINT('',#3174);
#3177=CARTESIAN_POINT('',(-5.9E1,7.E1,4.E1));
#3178=CARTESIAN_POINT('',(-6.6E1,7.E1,4.E1));
#3179=VERTEX_POINT('',#3177);
#3180=VERTEX_POINT('',#3178);
#3181=CARTESIAN_POINT('',(-5.9E1,1.5E2,4.E1));
#3182=CARTESIAN_POINT('',(-6.6E1,1.5E2,4.E1));
#3183=VERTEX_POINT('',#3181);
#3184=VERTEX_POINT('',#3182);
#3185=CARTESIAN_POINT('',(-4.9E1,7.E1,4.E1));
#3186=CARTESIAN_POINT('',(-5.6E1,7.E1,4.E1));
#3187=VERTEX_POINT('',#3185);
#3188=VERTEX_POINT('',#3186);
#3189=CARTESIAN_POINT('',(-4.9E1,1.5E2,4.E1));
#3190=CARTESIAN_POINT('',(-5.6E1,1.5E2,4.E1));
#3191=VERTEX_POINT('',#3189);
#3192=VERTEX_POINT('',#3190);
#3193=CARTESIAN_POINT('',(-3.9E1,7.E1,4.E1));
#3194=CARTESIAN_POINT('',(-4.6E1,7.E1,4.E1));
#3195=VERTEX_POINT('',#3193);
#3196=VERTEX_POINT('',#3194);
#3197=CARTESIAN_POINT('',(-3.9E1,1.5E2,4.E1));
#3198=CARTESIAN_POINT('',(-4.6E1,1.5E2,4.E1));
#3199=VERTEX_POINT('',#3197);
#3200=VERTEX_POINT('',#3198);
#3201=CARTESIAN_POINT('',(-2.9E1,7.E1,4.E1));
#3202=CARTESIAN_POINT('',(-3.6E1,7.E1,4.E1));
#3203=VERTEX_POINT('',#3201);
#3204=VERTEX_POINT('',#3202);
#3205=CARTESIAN_POINT('',(-2.9E1,1.5E2,4.E1));
#3206=CARTESIAN_POINT('',(-3.6E1,1.5E2,4.E1));
#3207=VERTEX_POINT('',#3205);
#3208=VERTEX_POINT('',#3206);
#3209=CARTESIAN_POINT('',(-1.9E1,7.E1,4.E1));
#3210=CARTESIAN_POINT('',(-2.6E1,7.E1,4.E1));
#3211=VERTEX_POINT('',#3209);
#3212=VERTEX_POINT('',#3210);
#3213=CARTESIAN_POINT('',(-1.9E1,1.5E2,4.E1));
#3214=CARTESIAN_POINT('',(-2.6E1,1.5E2,4.E1));
#3215=VERTEX_POINT('',#3213);
#3216=VERTEX_POINT('',#3214);
#3217=CARTESIAN_POINT('',(-9.E0,7.E1,-1.E1));
#3218=CARTESIAN_POINT('',(-1.6E1,7.E1,-1.E1));
#3219=VERTEX_POINT('',#3217);
#3220=VERTEX_POINT('',#3218);
#3221=CARTESIAN_POINT('',(-9.E0,1.5E2,-1.E1));
#3222=CARTESIAN_POINT('',(-1.6E1,1.5E2,-1.E1));
#3223=VERTEX_POINT('',#3221);
#3224=VERTEX_POINT('',#3222);
#3225=CARTESIAN_POINT('',(-9.E0,7.E1,0.E0));
#3226=CARTESIAN_POINT('',(-1.6E1,7.E1,0.E0));
#3227=VERTEX_POINT('',#3225);
#3228=VERTEX_POINT('',#3226);
#3229=CARTESIAN_POINT('',(-9.E0,1.5E2,0.E0));
#3230=CARTESIAN_POINT('',(-1.6E1,1.5E2,0.E0));
#3231=VERTEX_POINT('',#3229);
#3232=VERTEX_POINT('',#3230);
#3233=CARTESIAN_POINT('',(-9.E0,7.E1,1.E1));
#3234=CARTESIAN_POINT('',(-1.6E1,7.E1,1.E1));
#3235=VERTEX_POINT('',#3233);
#3236=VERTEX_POINT('',#3234);
#3237=CARTESIAN_POINT('',(-9.E0,1.5E2,1.E1));
#3238=CARTESIAN_POINT('',(-1.6E1,1.5E2,1.E1));
#3239=VERTEX_POINT('',#3237);
#3240=VERTEX_POINT('',#3238);
#3241=CARTESIAN_POINT('',(-9.E0,7.E1,2.E1));
#3242=CARTESIAN_POINT('',(-1.6E1,7.E1,2.E1));
#3243=VERTEX_POINT('',#3241);
#3244=VERTEX_POINT('',#3242);
#3245=CARTESIAN_POINT('',(-9.E0,1.5E2,2.E1));
#3246=CARTESIAN_POINT('',(-1.6E1,1.5E2,2.E1));
#3247=VERTEX_POINT('',#3245);
#3248=VERTEX_POINT('',#3246);
#3249=CARTESIAN_POINT('',(-9.E0,7.E1,3.E1));
#3250=CARTESIAN_POINT('',(-1.6E1,7.E1,3.E1));
#3251=VERTEX_POINT('',#3249);
#3252=VERTEX_POINT('',#3250);
#3253=CARTESIAN_POINT('',(-9.E0,1.5E2,3.E1));
#3254=CARTESIAN_POINT('',(-1.6E1,1.5E2,3.E1));
#3255=VERTEX_POINT('',#3253);
#3256=VERTEX_POINT('',#3254);
#3257=CARTESIAN_POINT('',(-9.E0,7.E1,4.E1));
#3258=CARTESIAN_POINT('',(-1.6E1,7.E1,4.E1));
#3259=VERTEX_POINT('',#3257);
#3260=VERTEX_POINT('',#3258);
#3261=CARTESIAN_POINT('',(-9.E0,1.5E2,4.E1));
#3262=CARTESIAN_POINT('',(-1.6E1,1.5E2,4.E1));
#3263=VERTEX_POINT('',#3261);
#3264=VERTEX_POINT('',#3262);
#3265=CARTESIAN_POINT('',(-1.09E2,7.E1,5.E1));
#3266=CARTESIAN_POINT('',(-1.16E2,7.E1,5.E1));
#3267=VERTEX_POINT('',#3265);
#3268=VERTEX_POINT('',#3266);
#3269=CARTESIAN_POINT('',(-1.09E2,1.5E2,5.E1));
#3270=CARTESIAN_POINT('',(-1.16E2,1.5E2,5.E1));
#3271=VERTEX_POINT('',#3269);
#3272=VERTEX_POINT('',#3270);
#3273=CARTESIAN_POINT('',(-9.9E1,7.E1,5.E1));
#3274=CARTESIAN_POINT('',(-1.06E2,7.E1,5.E1));
#3275=VERTEX_POINT('',#3273);
#3276=VERTEX_POINT('',#3274);
#3277=CARTESIAN_POINT('',(-9.9E1,1.5E2,5.E1));
#3278=CARTESIAN_POINT('',(-1.06E2,1.5E2,5.E1));
#3279=VERTEX_POINT('',#3277);
#3280=VERTEX_POINT('',#3278);
#3281=CARTESIAN_POINT('',(-8.9E1,7.E1,5.E1));
#3282=CARTESIAN_POINT('',(-9.6E1,7.E1,5.E1));
#3283=VERTEX_POINT('',#3281);
#3284=VERTEX_POINT('',#3282);
#3285=CARTESIAN_POINT('',(-8.9E1,1.5E2,5.E1));
#3286=CARTESIAN_POINT('',(-9.6E1,1.5E2,5.E1));
#3287=VERTEX_POINT('',#3285);
#3288=VERTEX_POINT('',#3286);
#3289=CARTESIAN_POINT('',(-7.9E1,7.E1,5.E1));
#3290=CARTESIAN_POINT('',(-8.6E1,7.E1,5.E1));
#3291=VERTEX_POINT('',#3289);
#3292=VERTEX_POINT('',#3290);
#3293=CARTESIAN_POINT('',(-7.9E1,1.5E2,5.E1));
#3294=CARTESIAN_POINT('',(-8.6E1,1.5E2,5.E1));
#3295=VERTEX_POINT('',#3293);
#3296=VERTEX_POINT('',#3294);
#3297=CARTESIAN_POINT('',(-6.9E1,7.E1,5.E1));
#3298=CARTESIAN_POINT('',(-7.6E1,7.E1,5.E1));
#3299=VERTEX_POINT('',#3297);
#3300=VERTEX_POINT('',#3298);
#3301=CARTESIAN_POINT('',(-6.9E1,1.5E2,5.E1));
#3302=CARTESIAN_POINT('',(-7.6E1,1.5E2,5.E1));
#3303=VERTEX_POINT('',#3301);
#3304=VERTEX_POINT('',#3302);
#3305=CARTESIAN_POINT('',(-5.9E1,7.E1,5.E1));
#3306=CARTESIAN_POINT('',(-6.6E1,7.E1,5.E1));
#3307=VERTEX_POINT('',#3305);
#3308=VERTEX_POINT('',#3306);
#3309=CARTESIAN_POINT('',(-5.9E1,1.5E2,5.E1));
#3310=CARTESIAN_POINT('',(-6.6E1,1.5E2,5.E1));
#3311=VERTEX_POINT('',#3309);
#3312=VERTEX_POINT('',#3310);
#3313=CARTESIAN_POINT('',(-4.9E1,7.E1,5.E1));
#3314=CARTESIAN_POINT('',(-5.6E1,7.E1,5.E1));
#3315=VERTEX_POINT('',#3313);
#3316=VERTEX_POINT('',#3314);
#3317=CARTESIAN_POINT('',(-4.9E1,1.5E2,5.E1));
#3318=CARTESIAN_POINT('',(-5.6E1,1.5E2,5.E1));
#3319=VERTEX_POINT('',#3317);
#3320=VERTEX_POINT('',#3318);
#3321=CARTESIAN_POINT('',(-3.9E1,7.E1,5.E1));
#3322=CARTESIAN_POINT('',(-4.6E1,7.E1,5.E1));
#3323=VERTEX_POINT('',#3321);
#3324=VERTEX_POINT('',#3322);
#3325=CARTESIAN_POINT('',(-3.9E1,1.5E2,5.E1));
#3326=CARTESIAN_POINT('',(-4.6E1,1.5E2,5.E1));
#3327=VERTEX_POINT('',#3325);
#3328=VERTEX_POINT('',#3326);
#3329=CARTESIAN_POINT('',(-2.9E1,7.E1,5.E1));
#3330=CARTESIAN_POINT('',(-3.6E1,7.E1,5.E1));
#3331=VERTEX_POINT('',#3329);
#3332=VERTEX_POINT('',#3330);
#3333=CARTESIAN_POINT('',(-2.9E1,1.5E2,5.E1));
#3334=CARTESIAN_POINT('',(-3.6E1,1.5E2,5.E1));
#3335=VERTEX_POINT('',#3333);
#3336=VERTEX_POINT('',#3334);
#3337=CARTESIAN_POINT('',(-1.9E1,7.E1,5.E1));
#3338=CARTESIAN_POINT('',(-2.6E1,7.E1,5.E1));
#3339=VERTEX_POINT('',#3337);
#3340=VERTEX_POINT('',#3338);
#3341=CARTESIAN_POINT('',(-1.9E1,1.5E2,5.E1));
#3342=CARTESIAN_POINT('',(-2.6E1,1.5E2,5.E1));
#3343=VERTEX_POINT('',#3341);
#3344=VERTEX_POINT('',#3342);
#3345=CARTESIAN_POINT('',(-9.E0,7.E1,5.E1));
#3346=CARTESIAN_POINT('',(-1.6E1,7.E1,5.E1));
#3347=VERTEX_POINT('',#3345);
#3348=VERTEX_POINT('',#3346);
#3349=CARTESIAN_POINT('',(-9.E0,1.5E2,5.E1));
#3350=CARTESIAN_POINT('',(-1.6E1,1.5E2,5.E1));
#3351=VERTEX_POINT('',#3349);
#3352=VERTEX_POINT('',#3350);
#3353=CARTESIAN_POINT('',(-1.09E2,7.E1,6.E1));
#3354=CARTESIAN_POINT('',(-1.16E2,7.E1,6.E1));
#3355=VERTEX_POINT('',#3353);
#3356=VERTEX_POINT('',#3354);
#3357=CARTESIAN_POINT('',(-1.09E2,1.5E2,6.E1));
#3358=CARTESIAN_POINT('',(-1.16E2,1.5E2,6.E1));
#3359=VERTEX_POINT('',#3357);
#3360=VERTEX_POINT('',#3358);
#3361=CARTESIAN_POINT('',(-9.9E1,7.E1,6.E1));
#3362=CARTESIAN_POINT('',(-1.06E2,7.E1,6.E1));
#3363=VERTEX_POINT('',#3361);
#3364=VERTEX_POINT('',#3362);
#3365=CARTESIAN_POINT('',(-9.9E1,1.5E2,6.E1));
#3366=CARTESIAN_POINT('',(-1.06E2,1.5E2,6.E1));
#3367=VERTEX_POINT('',#3365);
#3368=VERTEX_POINT('',#3366);
#3369=CARTESIAN_POINT('',(-8.9E1,7.E1,6.E1));
#3370=CARTESIAN_POINT('',(-9.6E1,7.E1,6.E1));
#3371=VERTEX_POINT('',#3369);
#3372=VERTEX_POINT('',#3370);
#3373=CARTESIAN_POINT('',(-8.9E1,1.5E2,6.E1));
#3374=CARTESIAN_POINT('',(-9.6E1,1.5E2,6.E1));
#3375=VERTEX_POINT('',#3373);
#3376=VERTEX_POINT('',#3374);
#3377=CARTESIAN_POINT('',(-7.9E1,7.E1,6.E1));
#3378=CARTESIAN_POINT('',(-8.6E1,7.E1,6.E1));
#3379=VERTEX_POINT('',#3377);
#3380=VERTEX_POINT('',#3378);
#3381=CARTESIAN_POINT('',(-7.9E1,1.5E2,6.E1));
#3382=CARTESIAN_POINT('',(-8.6E1,1.5E2,6.E1));
#3383=VERTEX_POINT('',#3381);
#3384=VERTEX_POINT('',#3382);
#3385=CARTESIAN_POINT('',(-6.9E1,7.E1,6.E1));
#3386=CARTESIAN_POINT('',(-7.6E1,7.E1,6.E1));
#3387=VERTEX_POINT('',#3385);
#3388=VERTEX_POINT('',#3386);
#3389=CARTESIAN_POINT('',(-6.9E1,1.5E2,6.E1));
#3390=CARTESIAN_POINT('',(-7.6E1,1.5E2,6.E1));
#3391=VERTEX_POINT('',#3389);
#3392=VERTEX_POINT('',#3390);
#3393=CARTESIAN_POINT('',(-5.9E1,7.E1,6.E1));
#3394=CARTESIAN_POINT('',(-6.6E1,7.E1,6.E1));
#3395=VERTEX_POINT('',#3393);
#3396=VERTEX_POINT('',#3394);
#3397=CARTESIAN_POINT('',(-5.9E1,1.5E2,6.E1));
#3398=CARTESIAN_POINT('',(-6.6E1,1.5E2,6.E1));
#3399=VERTEX_POINT('',#3397);
#3400=VERTEX_POINT('',#3398);
#3401=CARTESIAN_POINT('',(-4.9E1,7.E1,6.E1));
#3402=CARTESIAN_POINT('',(-5.6E1,7.E1,6.E1));
#3403=VERTEX_POINT('',#3401);
#3404=VERTEX_POINT('',#3402);
#3405=CARTESIAN_POINT('',(-4.9E1,1.5E2,6.E1));
#3406=CARTESIAN_POINT('',(-5.6E1,1.5E2,6.E1));
#3407=VERTEX_POINT('',#3405);
#3408=VERTEX_POINT('',#3406);
#3409=CARTESIAN_POINT('',(-3.9E1,7.E1,6.E1));
#3410=CARTESIAN_POINT('',(-4.6E1,7.E1,6.E1));
#3411=VERTEX_POINT('',#3409);
#3412=VERTEX_POINT('',#3410);
#3413=CARTESIAN_POINT('',(-3.9E1,1.5E2,6.E1));
#3414=CARTESIAN_POINT('',(-4.6E1,1.5E2,6.E1));
#3415=VERTEX_POINT('',#3413);
#3416=VERTEX_POINT('',#3414);
#3417=CARTESIAN_POINT('',(-2.9E1,7.E1,6.E1));
#3418=CARTESIAN_POINT('',(-3.6E1,7.E1,6.E1));
#3419=VERTEX_POINT('',#3417);
#3420=VERTEX_POINT('',#3418);
#3421=CARTESIAN_POINT('',(-2.9E1,1.5E2,6.E1));
#3422=CARTESIAN_POINT('',(-3.6E1,1.5E2,6.E1));
#3423=VERTEX_POINT('',#3421);
#3424=VERTEX_POINT('',#3422);
#3425=CARTESIAN_POINT('',(-1.9E1,7.E1,6.E1));
#3426=CARTESIAN_POINT('',(-2.6E1,7.E1,6.E1));
#3427=VERTEX_POINT('',#3425);
#3428=VERTEX_POINT('',#3426);
#3429=CARTESIAN_POINT('',(-1.9E1,1.5E2,6.E1));
#3430=CARTESIAN_POINT('',(-2.6E1,1.5E2,6.E1));
#3431=VERTEX_POINT('',#3429);
#3432=VERTEX_POINT('',#3430);
#3433=CARTESIAN_POINT('',(-9.E0,7.E1,6.E1));
#3434=CARTESIAN_POINT('',(-1.6E1,7.E1,6.E1));
#3435=VERTEX_POINT('',#3433);
#3436=VERTEX_POINT('',#3434);
#3437=CARTESIAN_POINT('',(-9.E0,1.5E2,6.E1));
#3438=CARTESIAN_POINT('',(-1.6E1,1.5E2,6.E1));
#3439=VERTEX_POINT('',#3437);
#3440=VERTEX_POINT('',#3438);
#3441=CARTESIAN_POINT('',(-1.25E1,1.5E2,5.E1));
#3442=DIRECTION('',(0.E0,1.E0,0.E0));
#3443=DIRECTION('',(1.E0,0.E0,0.E0));
#3444=AXIS2_PLACEMENT_3D('',#3441,#3442,#3443);
#3445=CYLINDRICAL_SURFACE('',#3444,3.5E0);
#3447=ORIENTED_EDGE('',*,*,#3446,.F.);
#3449=ORIENTED_EDGE('',*,*,#3448,.T.);
#3451=ORIENTED_EDGE('',*,*,#3450,.T.);
#3453=ORIENTED_EDGE('',*,*,#3452,.F.);
#3454=EDGE_LOOP('',(#3447,#3449,#3451,#3453));
#3455=FACE_OUTER_BOUND('',#3454,.F.);
#3456=ADVANCED_FACE('',(#3455),#3445,.F.);
#3457=CARTESIAN_POINT('',(0.E0,1.5E2,0.E0));
#3458=DIRECTION('',(0.E0,1.E0,0.E0));
#3459=DIRECTION('',(1.E0,0.E0,0.E0));
#3460=AXIS2_PLACEMENT_3D('',#3457,#3458,#3459);
#3461=PLANE('',#3460);
#3463=ORIENTED_EDGE('',*,*,#3462,.F.);
#3465=ORIENTED_EDGE('',*,*,#3464,.F.);
#3467=ORIENTED_EDGE('',*,*,#3466,.F.);
#3469=ORIENTED_EDGE('',*,*,#3468,.F.);
#3470=EDGE_LOOP('',(#3463,#3465,#3467,#3469));
#3471=FACE_OUTER_BOUND('',#3470,.F.);
#3473=ORIENTED_EDGE('',*,*,#3472,.T.);
#3475=ORIENTED_EDGE('',*,*,#3474,.T.);
#3476=EDGE_LOOP('',(#3473,#3475));
#3477=FACE_BOUND('',#3476,.F.);
#3479=ORIENTED_EDGE('',*,*,#3478,.T.);
#3481=ORIENTED_EDGE('',*,*,#3480,.T.);
#3482=EDGE_LOOP('',(#3479,#3481));
#3483=FACE_BOUND('',#3482,.F.);
#3485=ORIENTED_EDGE('',*,*,#3484,.T.);
#3487=ORIENTED_EDGE('',*,*,#3486,.T.);
#3488=EDGE_LOOP('',(#3485,#3487));
#3489=FACE_BOUND('',#3488,.F.);
#3491=ORIENTED_EDGE('',*,*,#3490,.T.);
#3493=ORIENTED_EDGE('',*,*,#3492,.T.);
#3494=EDGE_LOOP('',(#3491,#3493));
#3495=FACE_BOUND('',#3494,.F.);
#3497=ORIENTED_EDGE('',*,*,#3496,.T.);
#3499=ORIENTED_EDGE('',*,*,#3498,.T.);
#3500=EDGE_LOOP('',(#3497,#3499));
#3501=FACE_BOUND('',#3500,.F.);
#3503=ORIENTED_EDGE('',*,*,#3502,.T.);
#3505=ORIENTED_EDGE('',*,*,#3504,.T.);
#3506=EDGE_LOOP('',(#3503,#3505));
#3507=FACE_BOUND('',#3506,.F.);
#3509=ORIENTED_EDGE('',*,*,#3508,.T.);
#3511=ORIENTED_EDGE('',*,*,#3510,.T.);
#3512=EDGE_LOOP('',(#3509,#3511));
#3513=FACE_BOUND('',#3512,.F.);
#3515=ORIENTED_EDGE('',*,*,#3514,.T.);
#3517=ORIENTED_EDGE('',*,*,#3516,.T.);
#3518=EDGE_LOOP('',(#3515,#3517));
#3519=FACE_BOUND('',#3518,.F.);
#3521=ORIENTED_EDGE('',*,*,#3520,.T.);
#3523=ORIENTED_EDGE('',*,*,#3522,.T.);
#3524=EDGE_LOOP('',(#3521,#3523));
#3525=FACE_BOUND('',#3524,.F.);
#3527=ORIENTED_EDGE('',*,*,#3526,.T.);
#3529=ORIENTED_EDGE('',*,*,#3528,.T.);
#3530=EDGE_LOOP('',(#3527,#3529));
#3531=FACE_BOUND('',#3530,.F.);
#3533=ORIENTED_EDGE('',*,*,#3532,.T.);
#3535=ORIENTED_EDGE('',*,*,#3534,.T.);
#3536=EDGE_LOOP('',(#3533,#3535));
#3537=FACE_BOUND('',#3536,.F.);
#3539=ORIENTED_EDGE('',*,*,#3538,.T.);
#3541=ORIENTED_EDGE('',*,*,#3540,.T.);
#3542=EDGE_LOOP('',(#3539,#3541));
#3543=FACE_BOUND('',#3542,.F.);
#3545=ORIENTED_EDGE('',*,*,#3544,.T.);
#3547=ORIENTED_EDGE('',*,*,#3546,.T.);
#3548=EDGE_LOOP('',(#3545,#3547));
#3549=FACE_BOUND('',#3548,.F.);
#3551=ORIENTED_EDGE('',*,*,#3550,.T.);
#3553=ORIENTED_EDGE('',*,*,#3552,.T.);
#3554=EDGE_LOOP('',(#3551,#3553));
#3555=FACE_BOUND('',#3554,.F.);
#3557=ORIENTED_EDGE('',*,*,#3556,.T.);
#3559=ORIENTED_EDGE('',*,*,#3558,.T.);
#3560=EDGE_LOOP('',(#3557,#3559));
#3561=FACE_BOUND('',#3560,.F.);
#3563=ORIENTED_EDGE('',*,*,#3562,.T.);
#3565=ORIENTED_EDGE('',*,*,#3564,.T.);
#3566=EDGE_LOOP('',(#3563,#3565));
#3567=FACE_BOUND('',#3566,.F.);
#3569=ORIENTED_EDGE('',*,*,#3568,.T.);
#3571=ORIENTED_EDGE('',*,*,#3570,.T.);
#3572=EDGE_LOOP('',(#3569,#3571));
#3573=FACE_BOUND('',#3572,.F.);
#3575=ORIENTED_EDGE('',*,*,#3574,.T.);
#3577=ORIENTED_EDGE('',*,*,#3576,.T.);
#3578=EDGE_LOOP('',(#3575,#3577));
#3579=FACE_BOUND('',#3578,.F.);
#3581=ORIENTED_EDGE('',*,*,#3580,.T.);
#3583=ORIENTED_EDGE('',*,*,#3582,.T.);
#3584=EDGE_LOOP('',(#3581,#3583));
#3585=FACE_BOUND('',#3584,.F.);
#3587=ORIENTED_EDGE('',*,*,#3586,.T.);
#3589=ORIENTED_EDGE('',*,*,#3588,.T.);
#3590=EDGE_LOOP('',(#3587,#3589));
#3591=FACE_BOUND('',#3590,.F.);
#3593=ORIENTED_EDGE('',*,*,#3592,.T.);
#3595=ORIENTED_EDGE('',*,*,#3594,.T.);
#3596=EDGE_LOOP('',(#3593,#3595));
#3597=FACE_BOUND('',#3596,.F.);
#3599=ORIENTED_EDGE('',*,*,#3598,.T.);
#3601=ORIENTED_EDGE('',*,*,#3600,.T.);
#3602=EDGE_LOOP('',(#3599,#3601));
#3603=FACE_BOUND('',#3602,.F.);
#3605=ORIENTED_EDGE('',*,*,#3604,.T.);
#3607=ORIENTED_EDGE('',*,*,#3606,.T.);
#3608=EDGE_LOOP('',(#3605,#3607));
#3609=FACE_BOUND('',#3608,.F.);
#3611=ORIENTED_EDGE('',*,*,#3610,.T.);
#3613=ORIENTED_EDGE('',*,*,#3612,.T.);
#3614=EDGE_LOOP('',(#3611,#3613));
#3615=FACE_BOUND('',#3614,.F.);
#3617=ORIENTED_EDGE('',*,*,#3616,.T.);
#3619=ORIENTED_EDGE('',*,*,#3618,.T.);
#3620=EDGE_LOOP('',(#3617,#3619));
#3621=FACE_BOUND('',#3620,.F.);
#3623=ORIENTED_EDGE('',*,*,#3622,.T.);
#3625=ORIENTED_EDGE('',*,*,#3624,.T.);
#3626=EDGE_LOOP('',(#3623,#3625));
#3627=FACE_BOUND('',#3626,.F.);
#3629=ORIENTED_EDGE('',*,*,#3628,.T.);
#3631=ORIENTED_EDGE('',*,*,#3630,.T.);
#3632=EDGE_LOOP('',(#3629,#3631));
#3633=FACE_BOUND('',#3632,.F.);
#3635=ORIENTED_EDGE('',*,*,#3634,.T.);
#3637=ORIENTED_EDGE('',*,*,#3636,.T.);
#3638=EDGE_LOOP('',(#3635,#3637));
#3639=FACE_BOUND('',#3638,.F.);
#3641=ORIENTED_EDGE('',*,*,#3640,.T.);
#3643=ORIENTED_EDGE('',*,*,#3642,.T.);
#3644=EDGE_LOOP('',(#3641,#3643));
#3645=FACE_BOUND('',#3644,.F.);
#3647=ORIENTED_EDGE('',*,*,#3646,.T.);
#3649=ORIENTED_EDGE('',*,*,#3648,.T.);
#3650=EDGE_LOOP('',(#3647,#3649));
#3651=FACE_BOUND('',#3650,.F.);
#3653=ORIENTED_EDGE('',*,*,#3652,.T.);
#3655=ORIENTED_EDGE('',*,*,#3654,.T.);
#3656=EDGE_LOOP('',(#3653,#3655));
#3657=FACE_BOUND('',#3656,.F.);
#3659=ORIENTED_EDGE('',*,*,#3658,.T.);
#3661=ORIENTED_EDGE('',*,*,#3660,.T.);
#3662=EDGE_LOOP('',(#3659,#3661));
#3663=FACE_BOUND('',#3662,.F.);
#3665=ORIENTED_EDGE('',*,*,#3664,.T.);
#3667=ORIENTED_EDGE('',*,*,#3666,.T.);
#3668=EDGE_LOOP('',(#3665,#3667));
#3669=FACE_BOUND('',#3668,.F.);
#3671=ORIENTED_EDGE('',*,*,#3670,.T.);
#3673=ORIENTED_EDGE('',*,*,#3672,.T.);
#3674=EDGE_LOOP('',(#3671,#3673));
#3675=FACE_BOUND('',#3674,.F.);
#3677=ORIENTED_EDGE('',*,*,#3676,.T.);
#3679=ORIENTED_EDGE('',*,*,#3678,.T.);
#3680=EDGE_LOOP('',(#3677,#3679));
#3681=FACE_BOUND('',#3680,.F.);
#3683=ORIENTED_EDGE('',*,*,#3682,.T.);
#3685=ORIENTED_EDGE('',*,*,#3684,.T.);
#3686=EDGE_LOOP('',(#3683,#3685));
#3687=FACE_BOUND('',#3686,.F.);
#3689=ORIENTED_EDGE('',*,*,#3688,.T.);
#3691=ORIENTED_EDGE('',*,*,#3690,.T.);
#3692=EDGE_LOOP('',(#3689,#3691));
#3693=FACE_BOUND('',#3692,.F.);
#3695=ORIENTED_EDGE('',*,*,#3694,.T.);
#3697=ORIENTED_EDGE('',*,*,#3696,.T.);
#3698=EDGE_LOOP('',(#3695,#3697));
#3699=FACE_BOUND('',#3698,.F.);
#3701=ORIENTED_EDGE('',*,*,#3700,.T.);
#3703=ORIENTED_EDGE('',*,*,#3702,.T.);
#3704=EDGE_LOOP('',(#3701,#3703));
#3705=FACE_BOUND('',#3704,.F.);
#3707=ORIENTED_EDGE('',*,*,#3706,.T.);
#3709=ORIENTED_EDGE('',*,*,#3708,.T.);
#3710=EDGE_LOOP('',(#3707,#3709));
#3711=FACE_BOUND('',#3710,.F.);
#3713=ORIENTED_EDGE('',*,*,#3712,.T.);
#3715=ORIENTED_EDGE('',*,*,#3714,.T.);
#3716=EDGE_LOOP('',(#3713,#3715));
#3717=FACE_BOUND('',#3716,.F.);
#3719=ORIENTED_EDGE('',*,*,#3718,.T.);
#3721=ORIENTED_EDGE('',*,*,#3720,.T.);
#3722=EDGE_LOOP('',(#3719,#3721));
#3723=FACE_BOUND('',#3722,.F.);
#3725=ORIENTED_EDGE('',*,*,#3724,.T.);
#3727=ORIENTED_EDGE('',*,*,#3726,.T.);
#3728=EDGE_LOOP('',(#3725,#3727));
#3729=FACE_BOUND('',#3728,.F.);
#3731=ORIENTED_EDGE('',*,*,#3730,.T.);
#3733=ORIENTED_EDGE('',*,*,#3732,.T.);
#3734=EDGE_LOOP('',(#3731,#3733));
#3735=FACE_BOUND('',#3734,.F.);
#3737=ORIENTED_EDGE('',*,*,#3736,.T.);
#3739=ORIENTED_EDGE('',*,*,#3738,.T.);
#3740=EDGE_LOOP('',(#3737,#3739));
#3741=FACE_BOUND('',#3740,.F.);
#3743=ORIENTED_EDGE('',*,*,#3742,.T.);
#3745=ORIENTED_EDGE('',*,*,#3744,.T.);
#3746=EDGE_LOOP('',(#3743,#3745));
#3747=FACE_BOUND('',#3746,.F.);
#3749=ORIENTED_EDGE('',*,*,#3748,.T.);
#3751=ORIENTED_EDGE('',*,*,#3750,.T.);
#3752=EDGE_LOOP('',(#3749,#3751));
#3753=FACE_BOUND('',#3752,.F.);
#3755=ORIENTED_EDGE('',*,*,#3754,.T.);
#3757=ORIENTED_EDGE('',*,*,#3756,.T.);
#3758=EDGE_LOOP('',(#3755,#3757));
#3759=FACE_BOUND('',#3758,.F.);
#3761=ORIENTED_EDGE('',*,*,#3760,.T.);
#3763=ORIENTED_EDGE('',*,*,#3762,.T.);
#3764=EDGE_LOOP('',(#3761,#3763));
#3765=FACE_BOUND('',#3764,.F.);
#3767=ORIENTED_EDGE('',*,*,#3766,.T.);
#3769=ORIENTED_EDGE('',*,*,#3768,.T.);
#3770=EDGE_LOOP('',(#3767,#3769));
#3771=FACE_BOUND('',#3770,.F.);
#3773=ORIENTED_EDGE('',*,*,#3772,.T.);
#3775=ORIENTED_EDGE('',*,*,#3774,.T.);
#3776=EDGE_LOOP('',(#3773,#3775));
#3777=FACE_BOUND('',#3776,.F.);
#3779=ORIENTED_EDGE('',*,*,#3778,.T.);
#3781=ORIENTED_EDGE('',*,*,#3780,.T.);
#3782=EDGE_LOOP('',(#3779,#3781));
#3783=FACE_BOUND('',#3782,.F.);
#3785=ORIENTED_EDGE('',*,*,#3784,.T.);
#3787=ORIENTED_EDGE('',*,*,#3786,.T.);
#3788=EDGE_LOOP('',(#3785,#3787));
#3789=FACE_BOUND('',#3788,.F.);
#3791=ORIENTED_EDGE('',*,*,#3790,.T.);
#3793=ORIENTED_EDGE('',*,*,#3792,.T.);
#3794=EDGE_LOOP('',(#3791,#3793));
#3795=FACE_BOUND('',#3794,.F.);
#3797=ORIENTED_EDGE('',*,*,#3796,.T.);
#3799=ORIENTED_EDGE('',*,*,#3798,.T.);
#3800=EDGE_LOOP('',(#3797,#3799));
#3801=FACE_BOUND('',#3800,.F.);
#3803=ORIENTED_EDGE('',*,*,#3802,.T.);
#3805=ORIENTED_EDGE('',*,*,#3804,.T.);
#3806=EDGE_LOOP('',(#3803,#3805));
#3807=FACE_BOUND('',#3806,.F.);
#3809=ORIENTED_EDGE('',*,*,#3808,.T.);
#3811=ORIENTED_EDGE('',*,*,#3810,.T.);
#3812=EDGE_LOOP('',(#3809,#3811));
#3813=FACE_BOUND('',#3812,.F.);
#3815=ORIENTED_EDGE('',*,*,#3814,.T.);
#3817=ORIENTED_EDGE('',*,*,#3816,.T.);
#3818=EDGE_LOOP('',(#3815,#3817));
#3819=FACE_BOUND('',#3818,.F.);
#3821=ORIENTED_EDGE('',*,*,#3820,.T.);
#3823=ORIENTED_EDGE('',*,*,#3822,.T.);
#3824=EDGE_LOOP('',(#3821,#3823));
#3825=FACE_BOUND('',#3824,.F.);
#3827=ORIENTED_EDGE('',*,*,#3826,.T.);
#3829=ORIENTED_EDGE('',*,*,#3828,.T.);
#3830=EDGE_LOOP('',(#3827,#3829));
#3831=FACE_BOUND('',#3830,.F.);
#3833=ORIENTED_EDGE('',*,*,#3832,.T.);
#3835=ORIENTED_EDGE('',*,*,#3834,.T.);
#3836=EDGE_LOOP('',(#3833,#3835));
#3837=FACE_BOUND('',#3836,.F.);
#3839=ORIENTED_EDGE('',*,*,#3838,.T.);
#3841=ORIENTED_EDGE('',*,*,#3840,.T.);
#3842=EDGE_LOOP('',(#3839,#3841));
#3843=FACE_BOUND('',#3842,.F.);
#3845=ORIENTED_EDGE('',*,*,#3844,.T.);
#3847=ORIENTED_EDGE('',*,*,#3846,.T.);
#3848=EDGE_LOOP('',(#3845,#3847));
#3849=FACE_BOUND('',#3848,.F.);
#3851=ORIENTED_EDGE('',*,*,#3850,.T.);
#3853=ORIENTED_EDGE('',*,*,#3852,.T.);
#3854=EDGE_LOOP('',(#3851,#3853));
#3855=FACE_BOUND('',#3854,.F.);
#3857=ORIENTED_EDGE('',*,*,#3856,.T.);
#3859=ORIENTED_EDGE('',*,*,#3858,.T.);
#3860=EDGE_LOOP('',(#3857,#3859));
#3861=FACE_BOUND('',#3860,.F.);
#3863=ORIENTED_EDGE('',*,*,#3862,.T.);
#3865=ORIENTED_EDGE('',*,*,#3864,.T.);
#3866=EDGE_LOOP('',(#3863,#3865));
#3867=FACE_BOUND('',#3866,.F.);
#3869=ORIENTED_EDGE('',*,*,#3868,.T.);
#3871=ORIENTED_EDGE('',*,*,#3870,.T.);
#3872=EDGE_LOOP('',(#3869,#3871));
#3873=FACE_BOUND('',#3872,.F.);
#3875=ORIENTED_EDGE('',*,*,#3874,.T.);
#3877=ORIENTED_EDGE('',*,*,#3876,.T.);
#3878=EDGE_LOOP('',(#3875,#3877));
#3879=FACE_BOUND('',#3878,.F.);
#3881=ORIENTED_EDGE('',*,*,#3880,.T.);
#3883=ORIENTED_EDGE('',*,*,#3882,.T.);
#3884=EDGE_LOOP('',(#3881,#3883));
#3885=FACE_BOUND('',#3884,.F.);
#3887=ORIENTED_EDGE('',*,*,#3886,.T.);
#3889=ORIENTED_EDGE('',*,*,#3888,.T.);
#3890=EDGE_LOOP('',(#3887,#3889));
#3891=FACE_BOUND('',#3890,.F.);
#3893=ORIENTED_EDGE('',*,*,#3892,.T.);
#3895=ORIENTED_EDGE('',*,*,#3894,.T.);
#3896=EDGE_LOOP('',(#3893,#3895));
#3897=FACE_BOUND('',#3896,.F.);
#3899=ORIENTED_EDGE('',*,*,#3898,.T.);
#3901=ORIENTED_EDGE('',*,*,#3900,.T.);
#3902=EDGE_LOOP('',(#3899,#3901));
#3903=FACE_BOUND('',#3902,.F.);
#3905=ORIENTED_EDGE('',*,*,#3904,.T.);
#3907=ORIENTED_EDGE('',*,*,#3906,.T.);
#3908=EDGE_LOOP('',(#3905,#3907));
#3909=FACE_BOUND('',#3908,.F.);
#3911=ORIENTED_EDGE('',*,*,#3910,.T.);
#3913=ORIENTED_EDGE('',*,*,#3912,.T.);
#3914=EDGE_LOOP('',(#3911,#3913));
#3915=FACE_BOUND('',#3914,.F.);
#3917=ORIENTED_EDGE('',*,*,#3916,.T.);
#3919=ORIENTED_EDGE('',*,*,#3918,.T.);
#3920=EDGE_LOOP('',(#3917,#3919));
#3921=FACE_BOUND('',#3920,.F.);
#3923=ORIENTED_EDGE('',*,*,#3922,.T.);
#3925=ORIENTED_EDGE('',*,*,#3924,.T.);
#3926=EDGE_LOOP('',(#3923,#3925));
#3927=FACE_BOUND('',#3926,.F.);
#3928=ORIENTED_EDGE('',*,*,#3446,.T.);
#3930=ORIENTED_EDGE('',*,*,#3929,.T.);
#3931=EDGE_LOOP('',(#3928,#3930));
#3932=FACE_BOUND('',#3931,.F.);
#3934=ORIENTED_EDGE('',*,*,#3933,.T.);
#3936=ORIENTED_EDGE('',*,*,#3935,.T.);
#3937=EDGE_LOOP('',(#3934,#3936));
#3938=FACE_BOUND('',#3937,.F.);
#3940=ORIENTED_EDGE('',*,*,#3939,.T.);
#3942=ORIENTED_EDGE('',*,*,#3941,.T.);
#3943=EDGE_LOOP('',(#3940,#3942));
#3944=FACE_BOUND('',#3943,.F.);
#3946=ORIENTED_EDGE('',*,*,#3945,.T.);
#3948=ORIENTED_EDGE('',*,*,#3947,.T.);
#3949=EDGE_LOOP('',(#3946,#3948));
#3950=FACE_BOUND('',#3949,.F.);
#3952=ORIENTED_EDGE('',*,*,#3951,.T.);
#3954=ORIENTED_EDGE('',*,*,#3953,.T.);
#3955=EDGE_LOOP('',(#3952,#3954));
#3956=FACE_BOUND('',#3955,.F.);
#3958=ORIENTED_EDGE('',*,*,#3957,.T.);
#3960=ORIENTED_EDGE('',*,*,#3959,.T.);
#3961=EDGE_LOOP('',(#3958,#3960));
#3962=FACE_BOUND('',#3961,.F.);
#3964=ORIENTED_EDGE('',*,*,#3963,.T.);
#3966=ORIENTED_EDGE('',*,*,#3965,.T.);
#3967=EDGE_LOOP('',(#3964,#3966));
#3968=FACE_BOUND('',#3967,.F.);
#3970=ORIENTED_EDGE('',*,*,#3969,.T.);
#3972=ORIENTED_EDGE('',*,*,#3971,.T.);
#3973=EDGE_LOOP('',(#3970,#3972));
#3974=FACE_BOUND('',#3973,.F.);
#3976=ORIENTED_EDGE('',*,*,#3975,.T.);
#3978=ORIENTED_EDGE('',*,*,#3977,.T.);
#3979=EDGE_LOOP('',(#3976,#3978));
#3980=FACE_BOUND('',#3979,.F.);
#3982=ORIENTED_EDGE('',*,*,#3981,.T.);
#3984=ORIENTED_EDGE('',*,*,#3983,.T.);
#3985=EDGE_LOOP('',(#3982,#3984));
#3986=FACE_BOUND('',#3985,.F.);
#3988=ORIENTED_EDGE('',*,*,#3987,.T.);
#3990=ORIENTED_EDGE('',*,*,#3989,.T.);
#3991=EDGE_LOOP('',(#3988,#3990));
#3992=FACE_BOUND('',#3991,.F.);
#3994=ORIENTED_EDGE('',*,*,#3993,.T.);
#3996=ORIENTED_EDGE('',*,*,#3995,.T.);
#3997=EDGE_LOOP('',(#3994,#3996));
#3998=FACE_BOUND('',#3997,.F.);
#3999=ADVANCED_FACE('',(#3471,#3477,#3483,#3489,#3495,#3501,#3507,#3513,#3519,
#3525,#3531,#3537,#3543,#3549,#3555,#3561,#3567,#3573,#3579,#3585,#3591,#3597,
#3603,#3609,#3615,#3621,#3627,#3633,#3639,#3645,#3651,#3657,#3663,#3669,#3675,
#3681,#3687,#3693,#3699,#3705,#3711,#3717,#3723,#3729,#3735,#3741,#3747,#3753,
#3759,#3765,#3771,#3777,#3783,#3789,#3795,#3801,#3807,#3813,#3819,#3825,#3831,
#3837,#3843,#3849,#3855,#3861,#3867,#3873,#3879,#3885,#3891,#3897,#3903,#3909,
#3915,#3921,#3927,#3932,#3938,#3944,#3950,#3956,#3962,#3968,#3974,#3980,#3986,
#3992,#3998),#3461,.T.);
#4000=CARTESIAN_POINT('',(-1.175E2,1.E1,-1.5E1));
#4001=DIRECTION('',(-1.E0,0.E0,0.E0));
#4002=DIRECTION('',(0.E0,0.E0,1.E0));
#4003=AXIS2_PLACEMENT_3D('',#4000,#4001,#4002);
#4004=PLANE('',#4003);
#4006=ORIENTED_EDGE('',*,*,#4005,.F.);
#4008=ORIENTED_EDGE('',*,*,#4007,.T.);
#4009=ORIENTED_EDGE('',*,*,#3462,.T.);
#4011=ORIENTED_EDGE('',*,*,#4010,.F.);
#4012=EDGE_LOOP('',(#4006,#4008,#4009,#4011));
#4013=FACE_OUTER_BOUND('',#4012,.F.);
#4014=ADVANCED_FACE('',(#4013),#4004,.T.);
#4015=CARTESIAN_POINT('',(0.E0,1.E1,0.E0));
#4016=DIRECTION('',(0.E0,1.E0,0.E0));
#4017=DIRECTION('',(1.E0,0.E0,0.E0));
#4018=AXIS2_PLACEMENT_3D('',#4015,#4016,#4017);
#4019=PLANE('',#4018);
#4020=ORIENTED_EDGE('',*,*,#4005,.T.);
#4022=ORIENTED_EDGE('',*,*,#4021,.F.);
#4024=ORIENTED_EDGE('',*,*,#4023,.F.);
#4026=ORIENTED_EDGE('',*,*,#4025,.F.);
#4027=EDGE_LOOP('',(#4020,#4022,#4024,#4026));
#4028=FACE_OUTER_BOUND('',#4027,.F.);
#4030=ORIENTED_EDGE('',*,*,#4029,.F.);
#4032=ORIENTED_EDGE('',*,*,#4031,.F.);
#4033=EDGE_LOOP('',(#4030,#4032));
#4034=FACE_BOUND('',#4033,.F.);
#4036=ORIENTED_EDGE('',*,*,#4035,.F.);
#4038=ORIENTED_EDGE('',*,*,#4037,.F.);
#4039=EDGE_LOOP('',(#4036,#4038));
#4040=FACE_BOUND('',#4039,.F.);
#4041=ADVANCED_FACE('',(#4028,#4034,#4040),#4019,.T.);
#4042=CARTESIAN_POINT('',(0.E0,1.E1,0.E0));
#4043=DIRECTION('',(0.E0,1.E0,0.E0));
#4044=DIRECTION('',(1.E0,0.E0,0.E0));
#4045=AXIS2_PLACEMENT_3D('',#4042,#4043,#4044);
#4046=PLANE('',#4045);
#4048=ORIENTED_EDGE('',*,*,#4047,.T.);
#4050=ORIENTED_EDGE('',*,*,#4049,.F.);
#4052=ORIENTED_EDGE('',*,*,#4051,.F.);
#4054=ORIENTED_EDGE('',*,*,#4053,.F.);
#4055=EDGE_LOOP('',(#4048,#4050,#4052,#4054));
#4056=FACE_OUTER_BOUND('',#4055,.F.);
#4058=ORIENTED_EDGE('',*,*,#4057,.F.);
#4060=ORIENTED_EDGE('',*,*,#4059,.F.);
#4061=EDGE_LOOP('',(#4058,#4060));
#4062=FACE_BOUND('',#4061,.F.);
#4064=ORIENTED_EDGE('',*,*,#4063,.F.);
#4066=ORIENTED_EDGE('',*,*,#4065,.F.);
#4067=EDGE_LOOP('',(#4064,#4066));
#4068=FACE_BOUND('',#4067,.F.);
#4069=ADVANCED_FACE('',(#4056,#4062,#4068),#4046,.T.);
#4070=CARTESIAN_POINT('',(0.E0,0.E0,0.E0));
#4071=DIRECTION('',(0.E0,1.E0,0.E0));
#4072=DIRECTION('',(1.E0,0.E0,0.E0));
#4073=AXIS2_PLACEMENT_3D('',#4070,#4071,#4072);
#4074=CYLINDRICAL_SURFACE('',#4073,3.5E0);
#4076=ORIENTED_EDGE('',*,*,#4075,.F.);
#4078=ORIENTED_EDGE('',*,*,#4077,.T.);
#4079=ORIENTED_EDGE('',*,*,#4057,.T.);
#4081=ORIENTED_EDGE('',*,*,#4080,.F.);
#4082=EDGE_LOOP('',(#4076,#4078,#4079,#4081));
#4083=FACE_OUTER_BOUND('',#4082,.F.);
#4084=ADVANCED_FACE('',(#4083),#4074,.F.);
#4085=CARTESIAN_POINT('',(0.E0,0.E0,0.E0));
#4086=DIRECTION('',(0.E0,1.E0,0.E0));
#4087=DIRECTION('',(1.E0,0.E0,0.E0));
#4088=AXIS2_PLACEMENT_3D('',#4085,#4086,#4087);
#4089=PLANE('',#4088);
#4091=ORIENTED_EDGE('',*,*,#4090,.T.);
#4093=ORIENTED_EDGE('',*,*,#4092,.T.);
#4095=ORIENTED_EDGE('',*,*,#4094,.T.);
#4097=ORIENTED_EDGE('',*,*,#4096,.T.);
#4098=EDGE_LOOP('',(#4091,#4093,#4095,#4097));
#4099=FACE_OUTER_BOUND('',#4098,.F.);
#4101=ORIENTED_EDGE('',*,*,#4100,.T.);
#4103=ORIENTED_EDGE('',*,*,#4102,.T.);
#4104=EDGE_LOOP('',(#4101,#4103));
#4105=FACE_BOUND('',#4104,.F.);
#4107=ORIENTED_EDGE('',*,*,#4106,.T.);
#4109=ORIENTED_EDGE('',*,*,#4108,.T.);
#4110=EDGE_LOOP('',(#4107,#4109));
#4111=FACE_BOUND('',#4110,.F.);
#4113=ORIENTED_EDGE('',*,*,#4112,.T.);
#4115=ORIENTED_EDGE('',*,*,#4114,.T.);
#4116=EDGE_LOOP('',(#4113,#4115));
#4117=FACE_BOUND('',#4116,.F.);
#4118=ORIENTED_EDGE('',*,*,#4075,.T.);
#4120=ORIENTED_EDGE('',*,*,#4119,.T.);
#4121=EDGE_LOOP('',(#4118,#4120));
#4122=FACE_BOUND('',#4121,.F.);
#4123=ADVANCED_FACE('',(#4099,#4105,#4111,#4117,#4122),#4089,.F.);
#4124=CARTESIAN_POINT('',(0.E0,0.E0,0.E0));
#4125=DIRECTION('',(0.E0,1.E0,0.E0));
#4126=DIRECTION('',(1.E0,0.E0,0.E0));
#4127=AXIS2_PLACEMENT_3D('',#4124,#4125,#4126);
#4128=CYLINDRICAL_SURFACE('',#4127,3.5E0);
#4129=ORIENTED_EDGE('',*,*,#4119,.F.);
#4130=ORIENTED_EDGE('',*,*,#4080,.T.);
#4131=ORIENTED_EDGE('',*,*,#4059,.T.);
#4132=ORIENTED_EDGE('',*,*,#4077,.F.);
#4133=EDGE_LOOP('',(#4129,#4130,#4131,#4132));
#4134=FACE_OUTER_BOUND('',#4133,.F.);
#4135=ADVANCED_FACE('',(#4134),#4128,.F.);
#4136=CARTESIAN_POINT('',(-1.25E2,0.E0,0.E0));
#4137=DIRECTION('',(0.E0,1.E0,0.E0));
#4138=DIRECTION('',(1.E0,0.E0,0.E0));
#4139=AXIS2_PLACEMENT_3D('',#4136,#4137,#4138);
#4140=CYLINDRICAL_SURFACE('',#4139,3.5E0);
#4141=ORIENTED_EDGE('',*,*,#4100,.F.);
#4143=ORIENTED_EDGE('',*,*,#4142,.T.);
#4144=ORIENTED_EDGE('',*,*,#4029,.T.);
#4146=ORIENTED_EDGE('',*,*,#4145,.F.);
#4147=EDGE_LOOP('',(#4141,#4143,#4144,#4146));
#4148=FACE_OUTER_BOUND('',#4147,.F.);
#4149=ADVANCED_FACE('',(#4148),#4140,.F.);
#4150=CARTESIAN_POINT('',(-1.25E2,0.E0,0.E0));
#4151=DIRECTION('',(0.E0,1.E0,0.E0));
#4152=DIRECTION('',(1.E0,0.E0,0.E0));
#4153=AXIS2_PLACEMENT_3D('',#4150,#4151,#4152);
#4154=CYLINDRICAL_SURFACE('',#4153,3.5E0);
#4155=ORIENTED_EDGE('',*,*,#4102,.F.);
#4156=ORIENTED_EDGE('',*,*,#4145,.T.);
#4157=ORIENTED_EDGE('',*,*,#4031,.T.);
#4158=ORIENTED_EDGE('',*,*,#4142,.F.);
#4159=EDGE_LOOP('',(#4155,#4156,#4157,#4158));
#4160=FACE_OUTER_BOUND('',#4159,.F.);
#4161=ADVANCED_FACE('',(#4160),#4154,.F.);
#4162=CARTESIAN_POINT('',(0.E0,0.E0,5.E1));
#4163=DIRECTION('',(0.E0,1.E0,0.E0));
#4164=DIRECTION('',(1.E0,0.E0,0.E0));
#4165=AXIS2_PLACEMENT_3D('',#4162,#4163,#4164);
#4166=CYLINDRICAL_SURFACE('',#4165,3.5E0);
#4167=ORIENTED_EDGE('',*,*,#4106,.F.);
#4169=ORIENTED_EDGE('',*,*,#4168,.T.);
#4170=ORIENTED_EDGE('',*,*,#4063,.T.);
#4172=ORIENTED_EDGE('',*,*,#4171,.F.);
#4173=EDGE_LOOP('',(#4167,#4169,#4170,#4172));
#4174=FACE_OUTER_BOUND('',#4173,.F.);
#4175=ADVANCED_FACE('',(#4174),#4166,.F.);
#4176=CARTESIAN_POINT('',(0.E0,0.E0,5.E1));
#4177=DIRECTION('',(0.E0,1.E0,0.E0));
#4178=DIRECTION('',(1.E0,0.E0,0.E0));
#4179=AXIS2_PLACEMENT_3D('',#4176,#4177,#4178);
#4180=CYLINDRICAL_SURFACE('',#4179,3.5E0);
#4181=ORIENTED_EDGE('',*,*,#4108,.F.);
#4182=ORIENTED_EDGE('',*,*,#4171,.T.);
#4183=ORIENTED_EDGE('',*,*,#4065,.T.);
#4184=ORIENTED_EDGE('',*,*,#4168,.F.);
#4185=EDGE_LOOP('',(#4181,#4182,#4183,#4184));
#4186=FACE_OUTER_BOUND('',#4185,.F.);
#4187=ADVANCED_FACE('',(#4186),#4180,.F.);
#4188=CARTESIAN_POINT('',(-1.25E2,0.E0,5.E1));
#4189=DIRECTION('',(0.E0,1.E0,0.E0));
#4190=DIRECTION('',(1.E0,0.E0,0.E0));
#4191=AXIS2_PLACEMENT_3D('',#4188,#4189,#4190);
#4192=CYLINDRICAL_SURFACE('',#4191,3.5E0);
#4193=ORIENTED_EDGE('',*,*,#4112,.F.);
#4195=ORIENTED_EDGE('',*,*,#4194,.T.);
#4196=ORIENTED_EDGE('',*,*,#4035,.T.);
#4198=ORIENTED_EDGE('',*,*,#4197,.F.);
#4199=EDGE_LOOP('',(#4193,#4195,#4196,#4198));
#4200=FACE_OUTER_BOUND('',#4199,.F.);
#4201=ADVANCED_FACE('',(#4200),#4192,.F.);
#4202=CARTESIAN_POINT('',(-1.25E2,0.E0,5.E1));
#4203=DIRECTION('',(0.E0,1.E0,0.E0));
#4204=DIRECTION('',(1.E0,0.E0,0.E0));
#4205=AXIS2_PLACEMENT_3D('',#4202,#4203,#4204);
#4206=CYLINDRICAL_SURFACE('',#4205,3.5E0);
#4207=ORIENTED_EDGE('',*,*,#4114,.F.);
#4208=ORIENTED_EDGE('',*,*,#4197,.T.);
#4209=ORIENTED_EDGE('',*,*,#4037,.T.);
#4210=ORIENTED_EDGE('',*,*,#4194,.F.);
#4211=EDGE_LOOP('',(#4207,#4208,#4209,#4210));
#4212=FACE_OUTER_BOUND('',#4211,.F.);
#4213=ADVANCED_FACE('',(#4212),#4206,.F.);
#4214=CARTESIAN_POINT('',(-1.325E2,0.E0,-1.5E1));
#4215=DIRECTION('',(-1.E0,0.E0,0.E0));
#4216=DIRECTION('',(0.E0,0.E0,1.E0));
#4217=AXIS2_PLACEMENT_3D('',#4214,#4215,#4216);
#4218=PLANE('',#4217);
#4219=ORIENTED_EDGE('',*,*,#4090,.F.);
#4221=ORIENTED_EDGE('',*,*,#4220,.T.);
#4222=ORIENTED_EDGE('',*,*,#4023,.T.);
#4224=ORIENTED_EDGE('',*,*,#4223,.F.);
#4225=EDGE_LOOP('',(#4219,#4221,#4222,#4224));
#4226=FACE_OUTER_BOUND('',#4225,.F.);
#4227=ADVANCED_FACE('',(#4226),#4218,.T.);
#4228=CARTESIAN_POINT('',(7.5E0,0.E0,-1.5E1));
#4229=DIRECTION('',(0.E0,0.E0,-1.E0));
#4230=DIRECTION('',(-1.E0,0.E0,0.E0));
#4231=AXIS2_PLACEMENT_3D('',#4228,#4229,#4230);
#4232=PLANE('',#4231);
#4233=ORIENTED_EDGE('',*,*,#4049,.T.);
#4235=ORIENTED_EDGE('',*,*,#4234,.T.);
#4236=ORIENTED_EDGE('',*,*,#3464,.T.);
#4237=ORIENTED_EDGE('',*,*,#4007,.F.);
#4238=ORIENTED_EDGE('',*,*,#4025,.T.);
#4239=ORIENTED_EDGE('',*,*,#4220,.F.);
#4240=ORIENTED_EDGE('',*,*,#4096,.F.);
#4242=ORIENTED_EDGE('',*,*,#4241,.T.);
#4243=EDGE_LOOP('',(#4233,#4235,#4236,#4237,#4238,#4239,#4240,#4242));
#4244=FACE_OUTER_BOUND('',#4243,.F.);
#4245=ADVANCED_FACE('',(#4244),#4232,.T.);
#4246=CARTESIAN_POINT('',(-7.5E0,1.E1,6.5E1));
#4247=DIRECTION('',(1.E0,0.E0,0.E0));
#4248=DIRECTION('',(0.E0,0.E0,-1.E0));
#4249=AXIS2_PLACEMENT_3D('',#4246,#4247,#4248);
#4250=PLANE('',#4249);
#4251=ORIENTED_EDGE('',*,*,#4047,.F.);
#4253=ORIENTED_EDGE('',*,*,#4252,.T.);
#4254=ORIENTED_EDGE('',*,*,#3466,.T.);
#4255=ORIENTED_EDGE('',*,*,#4234,.F.);
#4256=EDGE_LOOP('',(#4251,#4253,#4254,#4255));
#4257=FACE_OUTER_BOUND('',#4256,.F.);
#4258=ADVANCED_FACE('',(#4257),#4250,.T.);
#4259=CARTESIAN_POINT('',(-1.325E2,0.E0,6.5E1));
#4260=DIRECTION('',(0.E0,0.E0,1.E0));
#4261=DIRECTION('',(1.E0,0.E0,0.E0));
#4262=AXIS2_PLACEMENT_3D('',#4259,#4260,#4261);
#4263=PLANE('',#4262);
#4264=ORIENTED_EDGE('',*,*,#4021,.T.);
#4265=ORIENTED_EDGE('',*,*,#4010,.T.);
#4266=ORIENTED_EDGE('',*,*,#3468,.T.);
#4267=ORIENTED_EDGE('',*,*,#4252,.F.);
#4268=ORIENTED_EDGE('',*,*,#4053,.T.);
#4270=ORIENTED_EDGE('',*,*,#4269,.F.);
#4271=ORIENTED_EDGE('',*,*,#4092,.F.);
#4272=ORIENTED_EDGE('',*,*,#4223,.T.);
#4273=EDGE_LOOP('',(#4264,#4265,#4266,#4267,#4268,#4270,#4271,#4272));
#4274=FACE_OUTER_BOUND('',#4273,.F.);
#4275=ADVANCED_FACE('',(#4274),#4263,.T.);
#4276=CARTESIAN_POINT('',(7.5E0,0.E0,6.5E1));
#4277=DIRECTION('',(1.E0,0.E0,0.E0));
#4278=DIRECTION('',(0.E0,0.E0,-1.E0));
#4279=AXIS2_PLACEMENT_3D('',#4276,#4277,#4278);
#4280=PLANE('',#4279);
#4281=ORIENTED_EDGE('',*,*,#4094,.F.);
#4282=ORIENTED_EDGE('',*,*,#4269,.T.);
#4283=ORIENTED_EDGE('',*,*,#4051,.T.);
#4284=ORIENTED_EDGE('',*,*,#4241,.F.);
#4285=EDGE_LOOP('',(#4281,#4282,#4283,#4284));
#4286=FACE_OUTER_BOUND('',#4285,.F.);
#4287=ADVANCED_FACE('',(#4286),#4280,.T.);
#4288=CARTESIAN_POINT('',(-1.125E2,1.5E2,-1.E1));
#4289=DIRECTION('',(0.E0,1.E0,0.E0));
#4290=DIRECTION('',(1.E0,0.E0,0.E0));
#4291=AXIS2_PLACEMENT_3D('',#4288,#4289,#4290);
#4292=CYLINDRICAL_SURFACE('',#4291,3.5E0);
#4293=ORIENTED_EDGE('',*,*,#3472,.F.);
#4295=ORIENTED_EDGE('',*,*,#4294,.T.);
#4297=ORIENTED_EDGE('',*,*,#4296,.T.);
#4299=ORIENTED_EDGE('',*,*,#4298,.F.);
#4300=EDGE_LOOP('',(#4293,#4295,#4297,#4299));
#4301=FACE_OUTER_BOUND('',#4300,.F.);
#4302=ADVANCED_FACE('',(#4301),#4292,.F.);
#4303=CARTESIAN_POINT('',(-1.125E2,1.5E2,-1.E1));
#4304=DIRECTION('',(0.E0,1.E0,0.E0));
#4305=DIRECTION('',(1.E0,0.E0,0.E0));
#4306=AXIS2_PLACEMENT_3D('',#4303,#4304,#4305);
#4307=CYLINDRICAL_SURFACE('',#4306,3.5E0);
#4308=ORIENTED_EDGE('',*,*,#3474,.F.);
#4309=ORIENTED_EDGE('',*,*,#4298,.T.);
#4311=ORIENTED_EDGE('',*,*,#4310,.T.);
#4312=ORIENTED_EDGE('',*,*,#4294,.F.);
#4313=EDGE_LOOP('',(#4308,#4309,#4311,#4312));
#4314=FACE_OUTER_BOUND('',#4313,.F.);
#4315=ADVANCED_FACE('',(#4314),#4307,.F.);
#4316=CARTESIAN_POINT('',(0.E0,7.E1,0.E0));
#4317=DIRECTION('',(0.E0,1.E0,0.E0));
#4318=DIRECTION('',(1.E0,0.E0,0.E0));
#4319=AXIS2_PLACEMENT_3D('',#4316,#4317,#4318);
#4320=PLANE('',#4319);
#4321=ORIENTED_EDGE('',*,*,#4296,.F.);
#4322=ORIENTED_EDGE('',*,*,#4310,.F.);
#4323=EDGE_LOOP('',(#4321,#4322));
#4324=FACE_OUTER_BOUND('',#4323,.F.);
#4325=ADVANCED_FACE('',(#4324),#4320,.T.);
#4326=CARTESIAN_POINT('',(-1.025E2,1.5E2,-1.E1));
#4327=DIRECTION('',(0.E0,1.E0,0.E0));
#4328=DIRECTION('',(1.E0,0.E0,0.E0));
#4329=AXIS2_PLACEMENT_3D('',#4326,#4327,#4328);
#4330=CYLINDRICAL_SURFACE('',#4329,3.5E0);
#4331=ORIENTED_EDGE('',*,*,#3478,.F.);
#4333=ORIENTED_EDGE('',*,*,#4332,.T.);
#4335=ORIENTED_EDGE('',*,*,#4334,.T.);
#4337=ORIENTED_EDGE('',*,*,#4336,.F.);
#4338=EDGE_LOOP('',(#4331,#4333,#4335,#4337));
#4339=FACE_OUTER_BOUND('',#4338,.F.);
#4340=ADVANCED_FACE('',(#4339),#4330,.F.);
#4341=CARTESIAN_POINT('',(-1.025E2,1.5E2,-1.E1));
#4342=DIRECTION('',(0.E0,1.E0,0.E0));
#4343=DIRECTION('',(1.E0,0.E0,0.E0));
#4344=AXIS2_PLACEMENT_3D('',#4341,#4342,#4343);
#4345=CYLINDRICAL_SURFACE('',#4344,3.5E0);
#4346=ORIENTED_EDGE('',*,*,#3480,.F.);
#4347=ORIENTED_EDGE('',*,*,#4336,.T.);
#4349=ORIENTED_EDGE('',*,*,#4348,.T.);
#4350=ORIENTED_EDGE('',*,*,#4332,.F.);
#4351=EDGE_LOOP('',(#4346,#4347,#4349,#4350));
#4352=FACE_OUTER_BOUND('',#4351,.F.);
#4353=ADVANCED_FACE('',(#4352),#4345,.F.);
#4354=CARTESIAN_POINT('',(1.E1,7.E1,0.E0));
#4355=DIRECTION('',(0.E0,1.E0,0.E0));
#4356=DIRECTION('',(1.E0,0.E0,0.E0));
#4357=AXIS2_PLACEMENT_3D('',#4354,#4355,#4356);
#4358=PLANE('',#4357);
#4359=ORIENTED_EDGE('',*,*,#4334,.F.);
#4360=ORIENTED_EDGE('',*,*,#4348,.F.);
#4361=EDGE_LOOP('',(#4359,#4360));
#4362=FACE_OUTER_BOUND('',#4361,.F.);
#4363=ADVANCED_FACE('',(#4362),#4358,.T.);
#4364=CARTESIAN_POINT('',(-9.25E1,1.5E2,-1.E1));
#4365=DIRECTION('',(0.E0,1.E0,0.E0));
#4366=DIRECTION('',(1.E0,0.E0,0.E0));
#4367=AXIS2_PLACEMENT_3D('',#4364,#4365,#4366);
#4368=CYLINDRICAL_SURFACE('',#4367,3.5E0);
#4369=ORIENTED_EDGE('',*,*,#3484,.F.);
#4371=ORIENTED_EDGE('',*,*,#4370,.T.);
#4373=ORIENTED_EDGE('',*,*,#4372,.T.);
#4375=ORIENTED_EDGE('',*,*,#4374,.F.);
#4376=EDGE_LOOP('',(#4369,#4371,#4373,#4375));
#4377=FACE_OUTER_BOUND('',#4376,.F.);
#4378=ADVANCED_FACE('',(#4377),#4368,.F.);
#4379=CARTESIAN_POINT('',(-9.25E1,1.5E2,-1.E1));
#4380=DIRECTION('',(0.E0,1.E0,0.E0));
#4381=DIRECTION('',(1.E0,0.E0,0.E0));
#4382=AXIS2_PLACEMENT_3D('',#4379,#4380,#4381);
#4383=CYLINDRICAL_SURFACE('',#4382,3.5E0);
#4384=ORIENTED_EDGE('',*,*,#3486,.F.);
#4385=ORIENTED_EDGE('',*,*,#4374,.T.);
#4387=ORIENTED_EDGE('',*,*,#4386,.T.);
#4388=ORIENTED_EDGE('',*,*,#4370,.F.);
#4389=EDGE_LOOP('',(#4384,#4385,#4387,#4388));
#4390=FACE_OUTER_BOUND('',#4389,.F.);
#4391=ADVANCED_FACE('',(#4390),#4383,.F.);
#4392=CARTESIAN_POINT('',(2.E1,7.E1,0.E0));
#4393=DIRECTION('',(0.E0,1.E0,0.E0));
#4394=DIRECTION('',(1.E0,0.E0,0.E0));
#4395=AXIS2_PLACEMENT_3D('',#4392,#4393,#4394);
#4396=PLANE('',#4395);
#4397=ORIENTED_EDGE('',*,*,#4372,.F.);
#4398=ORIENTED_EDGE('',*,*,#4386,.F.);
#4399=EDGE_LOOP('',(#4397,#4398));
#4400=FACE_OUTER_BOUND('',#4399,.F.);
#4401=ADVANCED_FACE('',(#4400),#4396,.T.);
#4402=CARTESIAN_POINT('',(-8.25E1,1.5E2,-1.E1));
#4403=DIRECTION('',(0.E0,1.E0,0.E0));
#4404=DIRECTION('',(1.E0,0.E0,0.E0));
#4405=AXIS2_PLACEMENT_3D('',#4402,#4403,#4404);
#4406=CYLINDRICAL_SURFACE('',#4405,3.5E0);
#4407=ORIENTED_EDGE('',*,*,#3490,.F.);
#4409=ORIENTED_EDGE('',*,*,#4408,.T.);
#4411=ORIENTED_EDGE('',*,*,#4410,.T.);
#4413=ORIENTED_EDGE('',*,*,#4412,.F.);
#4414=EDGE_LOOP('',(#4407,#4409,#4411,#4413));
#4415=FACE_OUTER_BOUND('',#4414,.F.);
#4416=ADVANCED_FACE('',(#4415),#4406,.F.);
#4417=CARTESIAN_POINT('',(-8.25E1,1.5E2,-1.E1));
#4418=DIRECTION('',(0.E0,1.E0,0.E0));
#4419=DIRECTION('',(1.E0,0.E0,0.E0));
#4420=AXIS2_PLACEMENT_3D('',#4417,#4418,#4419);
#4421=CYLINDRICAL_SURFACE('',#4420,3.5E0);
#4422=ORIENTED_EDGE('',*,*,#3492,.F.);
#4423=ORIENTED_EDGE('',*,*,#4412,.T.);
#4425=ORIENTED_EDGE('',*,*,#4424,.T.);
#4426=ORIENTED_EDGE('',*,*,#4408,.F.);
#4427=EDGE_LOOP('',(#4422,#4423,#4425,#4426));
#4428=FACE_OUTER_BOUND('',#4427,.F.);
#4429=ADVANCED_FACE('',(#4428),#4421,.F.);
#4430=CARTESIAN_POINT('',(3.E1,7.E1,0.E0));
#4431=DIRECTION('',(0.E0,1.E0,0.E0));
#4432=DIRECTION('',(1.E0,0.E0,0.E0));
#4433=AXIS2_PLACEMENT_3D('',#4430,#4431,#4432);
#4434=PLANE('',#4433);
#4435=ORIENTED_EDGE('',*,*,#4410,.F.);
#4436=ORIENTED_EDGE('',*,*,#4424,.F.);
#4437=EDGE_LOOP('',(#4435,#4436));
#4438=FACE_OUTER_BOUND('',#4437,.F.);
#4439=ADVANCED_FACE('',(#4438),#4434,.T.);
#4440=CARTESIAN_POINT('',(-7.25E1,1.5E2,-1.E1));
#4441=DIRECTION('',(0.E0,1.E0,0.E0));
#4442=DIRECTION('',(1.E0,0.E0,0.E0));
#4443=AXIS2_PLACEMENT_3D('',#4440,#4441,#4442);
#4444=CYLINDRICAL_SURFACE('',#4443,3.5E0);
#4445=ORIENTED_EDGE('',*,*,#3496,.F.);
#4447=ORIENTED_EDGE('',*,*,#4446,.T.);
#4449=ORIENTED_EDGE('',*,*,#4448,.T.);
#4451=ORIENTED_EDGE('',*,*,#4450,.F.);
#4452=EDGE_LOOP('',(#4445,#4447,#4449,#4451));
#4453=FACE_OUTER_BOUND('',#4452,.F.);
#4454=ADVANCED_FACE('',(#4453),#4444,.F.);
#4455=CARTESIAN_POINT('',(-7.25E1,1.5E2,-1.E1));
#4456=DIRECTION('',(0.E0,1.E0,0.E0));
#4457=DIRECTION('',(1.E0,0.E0,0.E0));
#4458=AXIS2_PLACEMENT_3D('',#4455,#4456,#4457);
#4459=CYLINDRICAL_SURFACE('',#4458,3.5E0);
#4460=ORIENTED_EDGE('',*,*,#3498,.F.);
#4461=ORIENTED_EDGE('',*,*,#4450,.T.);
#4463=ORIENTED_EDGE('',*,*,#4462,.T.);
#4464=ORIENTED_EDGE('',*,*,#4446,.F.);
#4465=EDGE_LOOP('',(#4460,#4461,#4463,#4464));
#4466=FACE_OUTER_BOUND('',#4465,.F.);
#4467=ADVANCED_FACE('',(#4466),#4459,.F.);
#4468=CARTESIAN_POINT('',(4.E1,7.E1,0.E0));
#4469=DIRECTION('',(0.E0,1.E0,0.E0));
#4470=DIRECTION('',(1.E0,0.E0,0.E0));
#4471=AXIS2_PLACEMENT_3D('',#4468,#4469,#4470);
#4472=PLANE('',#4471);
#4473=ORIENTED_EDGE('',*,*,#4448,.F.);
#4474=ORIENTED_EDGE('',*,*,#4462,.F.);
#4475=EDGE_LOOP('',(#4473,#4474));
#4476=FACE_OUTER_BOUND('',#4475,.F.);
#4477=ADVANCED_FACE('',(#4476),#4472,.T.);
#4478=CARTESIAN_POINT('',(-6.25E1,1.5E2,-1.E1));
#4479=DIRECTION('',(0.E0,1.E0,0.E0));
#4480=DIRECTION('',(1.E0,0.E0,0.E0));
#4481=AXIS2_PLACEMENT_3D('',#4478,#4479,#4480);
#4482=CYLINDRICAL_SURFACE('',#4481,3.5E0);
#4483=ORIENTED_EDGE('',*,*,#3502,.F.);
#4485=ORIENTED_EDGE('',*,*,#4484,.T.);
#4487=ORIENTED_EDGE('',*,*,#4486,.T.);
#4489=ORIENTED_EDGE('',*,*,#4488,.F.);
#4490=EDGE_LOOP('',(#4483,#4485,#4487,#4489));
#4491=FACE_OUTER_BOUND('',#4490,.F.);
#4492=ADVANCED_FACE('',(#4491),#4482,.F.);
#4493=CARTESIAN_POINT('',(-6.25E1,1.5E2,-1.E1));
#4494=DIRECTION('',(0.E0,1.E0,0.E0));
#4495=DIRECTION('',(1.E0,0.E0,0.E0));
#4496=AXIS2_PLACEMENT_3D('',#4493,#4494,#4495);
#4497=CYLINDRICAL_SURFACE('',#4496,3.5E0);
#4498=ORIENTED_EDGE('',*,*,#3504,.F.);
#4499=ORIENTED_EDGE('',*,*,#4488,.T.);
#4501=ORIENTED_EDGE('',*,*,#4500,.T.);
#4502=ORIENTED_EDGE('',*,*,#4484,.F.);
#4503=EDGE_LOOP('',(#4498,#4499,#4501,#4502));
#4504=FACE_OUTER_BOUND('',#4503,.F.);
#4505=ADVANCED_FACE('',(#4504),#4497,.F.);
#4506=CARTESIAN_POINT('',(5.E1,7.E1,0.E0));
#4507=DIRECTION('',(0.E0,1.E0,0.E0));
#4508=DIRECTION('',(1.E0,0.E0,0.E0));
#4509=AXIS2_PLACEMENT_3D('',#4506,#4507,#4508);
#4510=PLANE('',#4509);
#4511=ORIENTED_EDGE('',*,*,#4486,.F.);
#4512=ORIENTED_EDGE('',*,*,#4500,.F.);
#4513=EDGE_LOOP('',(#4511,#4512));
#4514=FACE_OUTER_BOUND('',#4513,.F.);
#4515=ADVANCED_FACE('',(#4514),#4510,.T.);
#4516=CARTESIAN_POINT('',(-5.25E1,1.5E2,-1.E1));
#4517=DIRECTION('',(0.E0,1.E0,0.E0));
#4518=DIRECTION('',(1.E0,0.E0,0.E0));
#4519=AXIS2_PLACEMENT_3D('',#4516,#4517,#4518);
#4520=CYLINDRICAL_SURFACE('',#4519,3.5E0);
#4521=ORIENTED_EDGE('',*,*,#3508,.F.);
#4523=ORIENTED_EDGE('',*,*,#4522,.T.);
#4525=ORIENTED_EDGE('',*,*,#4524,.T.);
#4527=ORIENTED_EDGE('',*,*,#4526,.F.);
#4528=EDGE_LOOP('',(#4521,#4523,#4525,#4527));
#4529=FACE_OUTER_BOUND('',#4528,.F.);
#4530=ADVANCED_FACE('',(#4529),#4520,.F.);
#4531=CARTESIAN_POINT('',(-5.25E1,1.5E2,-1.E1));
#4532=DIRECTION('',(0.E0,1.E0,0.E0));
#4533=DIRECTION('',(1.E0,0.E0,0.E0));
#4534=AXIS2_PLACEMENT_3D('',#4531,#4532,#4533);
#4535=CYLINDRICAL_SURFACE('',#4534,3.5E0);
#4536=ORIENTED_EDGE('',*,*,#3510,.F.);
#4537=ORIENTED_EDGE('',*,*,#4526,.T.);
#4539=ORIENTED_EDGE('',*,*,#4538,.T.);
#4540=ORIENTED_EDGE('',*,*,#4522,.F.);
#4541=EDGE_LOOP('',(#4536,#4537,#4539,#4540));
#4542=FACE_OUTER_BOUND('',#4541,.F.);
#4543=ADVANCED_FACE('',(#4542),#4535,.F.);
#4544=CARTESIAN_POINT('',(6.E1,7.E1,0.E0));
#4545=DIRECTION('',(0.E0,1.E0,0.E0));
#4546=DIRECTION('',(1.E0,0.E0,0.E0));
#4547=AXIS2_PLACEMENT_3D('',#4544,#4545,#4546);
#4548=PLANE('',#4547);
#4549=ORIENTED_EDGE('',*,*,#4524,.F.);
#4550=ORIENTED_EDGE('',*,*,#4538,.F.);
#4551=EDGE_LOOP('',(#4549,#4550));
#4552=FACE_OUTER_BOUND('',#4551,.F.);
#4553=ADVANCED_FACE('',(#4552),#4548,.T.);
#4554=CARTESIAN_POINT('',(-4.25E1,1.5E2,-1.E1));
#4555=DIRECTION('',(0.E0,1.E0,0.E0));
#4556=DIRECTION('',(1.E0,0.E0,0.E0));
#4557=AXIS2_PLACEMENT_3D('',#4554,#4555,#4556);
#4558=CYLINDRICAL_SURFACE('',#4557,3.5E0);
#4559=ORIENTED_EDGE('',*,*,#3514,.F.);
#4561=ORIENTED_EDGE('',*,*,#4560,.T.);
#4563=ORIENTED_EDGE('',*,*,#4562,.T.);
#4565=ORIENTED_EDGE('',*,*,#4564,.F.);
#4566=EDGE_LOOP('',(#4559,#4561,#4563,#4565));
#4567=FACE_OUTER_BOUND('',#4566,.F.);
#4568=ADVANCED_FACE('',(#4567),#4558,.F.);
#4569=CARTESIAN_POINT('',(-4.25E1,1.5E2,-1.E1));
#4570=DIRECTION('',(0.E0,1.E0,0.E0));
#4571=DIRECTION('',(1.E0,0.E0,0.E0));
#4572=AXIS2_PLACEMENT_3D('',#4569,#4570,#4571);
#4573=CYLINDRICAL_SURFACE('',#4572,3.5E0);
#4574=ORIENTED_EDGE('',*,*,#3516,.F.);
#4575=ORIENTED_EDGE('',*,*,#4564,.T.);
#4577=ORIENTED_EDGE('',*,*,#4576,.T.);
#4578=ORIENTED_EDGE('',*,*,#4560,.F.);
#4579=EDGE_LOOP('',(#4574,#4575,#4577,#4578));
#4580=FACE_OUTER_BOUND('',#4579,.F.);
#4581=ADVANCED_FACE('',(#4580),#4573,.F.);
#4582=CARTESIAN_POINT('',(7.E1,7.E1,0.E0));
#4583=DIRECTION('',(0.E0,1.E0,0.E0));
#4584=DIRECTION('',(1.E0,0.E0,0.E0));
#4585=AXIS2_PLACEMENT_3D('',#4582,#4583,#4584);
#4586=PLANE('',#4585);
#4587=ORIENTED_EDGE('',*,*,#4562,.F.);
#4588=ORIENTED_EDGE('',*,*,#4576,.F.);
#4589=EDGE_LOOP('',(#4587,#4588));
#4590=FACE_OUTER_BOUND('',#4589,.F.);
#4591=ADVANCED_FACE('',(#4590),#4586,.T.);
#4592=CARTESIAN_POINT('',(-3.25E1,1.5E2,-1.E1));
#4593=DIRECTION('',(0.E0,1.E0,0.E0));
#4594=DIRECTION('',(1.E0,0.E0,0.E0));
#4595=AXIS2_PLACEMENT_3D('',#4592,#4593,#4594);
#4596=CYLINDRICAL_SURFACE('',#4595,3.5E0);
#4597=ORIENTED_EDGE('',*,*,#3520,.F.);
#4599=ORIENTED_EDGE('',*,*,#4598,.T.);
#4601=ORIENTED_EDGE('',*,*,#4600,.T.);
#4603=ORIENTED_EDGE('',*,*,#4602,.F.);
#4604=EDGE_LOOP('',(#4597,#4599,#4601,#4603));
#4605=FACE_OUTER_BOUND('',#4604,.F.);
#4606=ADVANCED_FACE('',(#4605),#4596,.F.);
#4607=CARTESIAN_POINT('',(-3.25E1,1.5E2,-1.E1));
#4608=DIRECTION('',(0.E0,1.E0,0.E0));
#4609=DIRECTION('',(1.E0,0.E0,0.E0));
#4610=AXIS2_PLACEMENT_3D('',#4607,#4608,#4609);
#4611=CYLINDRICAL_SURFACE('',#4610,3.5E0);
#4612=ORIENTED_EDGE('',*,*,#3522,.F.);
#4613=ORIENTED_EDGE('',*,*,#4602,.T.);
#4615=ORIENTED_EDGE('',*,*,#4614,.T.);
#4616=ORIENTED_EDGE('',*,*,#4598,.F.);
#4617=EDGE_LOOP('',(#4612,#4613,#4615,#4616));
#4618=FACE_OUTER_BOUND('',#4617,.F.);
#4619=ADVANCED_FACE('',(#4618),#4611,.F.);
#4620=CARTESIAN_POINT('',(8.E1,7.E1,0.E0));
#4621=DIRECTION('',(0.E0,1.E0,0.E0));
#4622=DIRECTION('',(1.E0,0.E0,0.E0));
#4623=AXIS2_PLACEMENT_3D('',#4620,#4621,#4622);
#4624=PLANE('',#4623);
#4625=ORIENTED_EDGE('',*,*,#4600,.F.);
#4626=ORIENTED_EDGE('',*,*,#4614,.F.);
#4627=EDGE_LOOP('',(#4625,#4626));
#4628=FACE_OUTER_BOUND('',#4627,.F.);
#4629=ADVANCED_FACE('',(#4628),#4624,.T.);
#4630=CARTESIAN_POINT('',(-2.25E1,1.5E2,-1.E1));
#4631=DIRECTION('',(0.E0,1.E0,0.E0));
#4632=DIRECTION('',(1.E0,0.E0,0.E0));
#4633=AXIS2_PLACEMENT_3D('',#4630,#4631,#4632);
#4634=CYLINDRICAL_SURFACE('',#4633,3.5E0);
#4635=ORIENTED_EDGE('',*,*,#3526,.F.);
#4637=ORIENTED_EDGE('',*,*,#4636,.T.);
#4639=ORIENTED_EDGE('',*,*,#4638,.T.);
#4641=ORIENTED_EDGE('',*,*,#4640,.F.);
#4642=EDGE_LOOP('',(#4635,#4637,#4639,#4641));
#4643=FACE_OUTER_BOUND('',#4642,.F.);
#4644=ADVANCED_FACE('',(#4643),#4634,.F.);
#4645=CARTESIAN_POINT('',(-2.25E1,1.5E2,-1.E1));
#4646=DIRECTION('',(0.E0,1.E0,0.E0));
#4647=DIRECTION('',(1.E0,0.E0,0.E0));
#4648=AXIS2_PLACEMENT_3D('',#4645,#4646,#4647);
#4649=CYLINDRICAL_SURFACE('',#4648,3.5E0);
#4650=ORIENTED_EDGE('',*,*,#3528,.F.);
#4651=ORIENTED_EDGE('',*,*,#4640,.T.);
#4653=ORIENTED_EDGE('',*,*,#4652,.T.);
#4654=ORIENTED_EDGE('',*,*,#4636,.F.);
#4655=EDGE_LOOP('',(#4650,#4651,#4653,#4654));
#4656=FACE_OUTER_BOUND('',#4655,.F.);
#4657=ADVANCED_FACE('',(#4656),#4649,.F.);
#4658=CARTESIAN_POINT('',(9.E1,7.E1,0.E0));
#4659=DIRECTION('',(0.E0,1.E0,0.E0));
#4660=DIRECTION('',(1.E0,0.E0,0.E0));
#4661=AXIS2_PLACEMENT_3D('',#4658,#4659,#4660);
#4662=PLANE('',#4661);
#4663=ORIENTED_EDGE('',*,*,#4638,.F.);
#4664=ORIENTED_EDGE('',*,*,#4652,.F.);
#4665=EDGE_LOOP('',(#4663,#4664));
#4666=FACE_OUTER_BOUND('',#4665,.F.);
#4667=ADVANCED_FACE('',(#4666),#4662,.T.);
#4668=CARTESIAN_POINT('',(-1.25E1,1.5E2,-1.E1));
#4669=DIRECTION('',(0.E0,1.E0,0.E0));
#4670=DIRECTION('',(1.E0,0.E0,0.E0));
#4671=AXIS2_PLACEMENT_3D('',#4668,#4669,#4670);
#4672=CYLINDRICAL_SURFACE('',#4671,3.5E0);
#4673=ORIENTED_EDGE('',*,*,#3532,.F.);
#4675=ORIENTED_EDGE('',*,*,#4674,.T.);
#4677=ORIENTED_EDGE('',*,*,#4676,.T.);
#4679=ORIENTED_EDGE('',*,*,#4678,.F.);
#4680=EDGE_LOOP('',(#4673,#4675,#4677,#4679));
#4681=FACE_OUTER_BOUND('',#4680,.F.);
#4682=ADVANCED_FACE('',(#4681),#4672,.F.);
#4683=CARTESIAN_POINT('',(-1.25E1,1.5E2,-1.E1));
#4684=DIRECTION('',(0.E0,1.E0,0.E0));
#4685=DIRECTION('',(1.E0,0.E0,0.E0));
#4686=AXIS2_PLACEMENT_3D('',#4683,#4684,#4685);
#4687=CYLINDRICAL_SURFACE('',#4686,3.5E0);
#4688=ORIENTED_EDGE('',*,*,#3534,.F.);
#4689=ORIENTED_EDGE('',*,*,#4678,.T.);
#4691=ORIENTED_EDGE('',*,*,#4690,.T.);
#4692=ORIENTED_EDGE('',*,*,#4674,.F.);
#4693=EDGE_LOOP('',(#4688,#4689,#4691,#4692));
#4694=FACE_OUTER_BOUND('',#4693,.F.);
#4695=ADVANCED_FACE('',(#4694),#4687,.F.);
#4696=CARTESIAN_POINT('',(1.E2,7.E1,0.E0));
#4697=DIRECTION('',(0.E0,1.E0,0.E0));
#4698=DIRECTION('',(1.E0,0.E0,0.E0));
#4699=AXIS2_PLACEMENT_3D('',#4696,#4697,#4698);
#4700=PLANE('',#4699);
#4701=ORIENTED_EDGE('',*,*,#4676,.F.);
#4702=ORIENTED_EDGE('',*,*,#4690,.F.);
#4703=EDGE_LOOP('',(#4701,#4702));
#4704=FACE_OUTER_BOUND('',#4703,.F.);
#4705=ADVANCED_FACE('',(#4704),#4700,.T.);
#4706=CARTESIAN_POINT('',(-1.125E2,1.5E2,0.E0));
#4707=DIRECTION('',(0.E0,1.E0,0.E0));
#4708=DIRECTION('',(1.E0,0.E0,0.E0));
#4709=AXIS2_PLACEMENT_3D('',#4706,#4707,#4708);
#4710=CYLINDRICAL_SURFACE('',#4709,3.5E0);
#4711=ORIENTED_EDGE('',*,*,#3538,.F.);
#4713=ORIENTED_EDGE('',*,*,#4712,.T.);
#4715=ORIENTED_EDGE('',*,*,#4714,.T.);
#4717=ORIENTED_EDGE('',*,*,#4716,.F.);
#4718=EDGE_LOOP('',(#4711,#4713,#4715,#4717));
#4719=FACE_OUTER_BOUND('',#4718,.F.);
#4720=ADVANCED_FACE('',(#4719),#4710,.F.);
#4721=CARTESIAN_POINT('',(-1.125E2,1.5E2,0.E0));
#4722=DIRECTION('',(0.E0,1.E0,0.E0));
#4723=DIRECTION('',(1.E0,0.E0,0.E0));
#4724=AXIS2_PLACEMENT_3D('',#4721,#4722,#4723);
#4725=CYLINDRICAL_SURFACE('',#4724,3.5E0);
#4726=ORIENTED_EDGE('',*,*,#3540,.F.);
#4727=ORIENTED_EDGE('',*,*,#4716,.T.);
#4729=ORIENTED_EDGE('',*,*,#4728,.T.);
#4730=ORIENTED_EDGE('',*,*,#4712,.F.);
#4731=EDGE_LOOP('',(#4726,#4727,#4729,#4730));
#4732=FACE_OUTER_BOUND('',#4731,.F.);
#4733=ADVANCED_FACE('',(#4732),#4725,.F.);
#4734=CARTESIAN_POINT('',(0.E0,7.E1,1.E1));
#4735=DIRECTION('',(0.E0,1.E0,0.E0));
#4736=DIRECTION('',(1.E0,0.E0,0.E0));
#4737=AXIS2_PLACEMENT_3D('',#4734,#4735,#4736);
#4738=PLANE('',#4737);
#4739=ORIENTED_EDGE('',*,*,#4714,.F.);
#4740=ORIENTED_EDGE('',*,*,#4728,.F.);
#4741=EDGE_LOOP('',(#4739,#4740));
#4742=FACE_OUTER_BOUND('',#4741,.F.);
#4743=ADVANCED_FACE('',(#4742),#4738,.T.);
#4744=CARTESIAN_POINT('',(-1.025E2,1.5E2,0.E0));
#4745=DIRECTION('',(0.E0,1.E0,0.E0));
#4746=DIRECTION('',(1.E0,0.E0,0.E0));
#4747=AXIS2_PLACEMENT_3D('',#4744,#4745,#4746);
#4748=CYLINDRICAL_SURFACE('',#4747,3.5E0);
#4749=ORIENTED_EDGE('',*,*,#3544,.F.);
#4751=ORIENTED_EDGE('',*,*,#4750,.T.);
#4753=ORIENTED_EDGE('',*,*,#4752,.T.);
#4755=ORIENTED_EDGE('',*,*,#4754,.F.);
#4756=EDGE_LOOP('',(#4749,#4751,#4753,#4755));
#4757=FACE_OUTER_BOUND('',#4756,.F.);
#4758=ADVANCED_FACE('',(#4757),#4748,.F.);
#4759=CARTESIAN_POINT('',(-1.025E2,1.5E2,0.E0));
#4760=DIRECTION('',(0.E0,1.E0,0.E0));
#4761=DIRECTION('',(1.E0,0.E0,0.E0));
#4762=AXIS2_PLACEMENT_3D('',#4759,#4760,#4761);
#4763=CYLINDRICAL_SURFACE('',#4762,3.5E0);
#4764=ORIENTED_EDGE('',*,*,#3546,.F.);
#4765=ORIENTED_EDGE('',*,*,#4754,.T.);
#4767=ORIENTED_EDGE('',*,*,#4766,.T.);
#4768=ORIENTED_EDGE('',*,*,#4750,.F.);
#4769=EDGE_LOOP('',(#4764,#4765,#4767,#4768));
#4770=FACE_OUTER_BOUND('',#4769,.F.);
#4771=ADVANCED_FACE('',(#4770),#4763,.F.);
#4772=CARTESIAN_POINT('',(1.E1,7.E1,1.E1));
#4773=DIRECTION('',(0.E0,1.E0,0.E0));
#4774=DIRECTION('',(1.E0,0.E0,0.E0));
#4775=AXIS2_PLACEMENT_3D('',#4772,#4773,#4774);
#4776=PLANE('',#4775);
#4777=ORIENTED_EDGE('',*,*,#4752,.F.);
#4778=ORIENTED_EDGE('',*,*,#4766,.F.);
#4779=EDGE_LOOP('',(#4777,#4778));
#4780=FACE_OUTER_BOUND('',#4779,.F.);
#4781=ADVANCED_FACE('',(#4780),#4776,.T.);
#4782=CARTESIAN_POINT('',(-9.25E1,1.5E2,0.E0));
#4783=DIRECTION('',(0.E0,1.E0,0.E0));
#4784=DIRECTION('',(1.E0,0.E0,0.E0));
#4785=AXIS2_PLACEMENT_3D('',#4782,#4783,#4784);
#4786=CYLINDRICAL_SURFACE('',#4785,3.5E0);
#4787=ORIENTED_EDGE('',*,*,#3550,.F.);
#4789=ORIENTED_EDGE('',*,*,#4788,.T.);
#4791=ORIENTED_EDGE('',*,*,#4790,.T.);
#4793=ORIENTED_EDGE('',*,*,#4792,.F.);
#4794=EDGE_LOOP('',(#4787,#4789,#4791,#4793));
#4795=FACE_OUTER_BOUND('',#4794,.F.);
#4796=ADVANCED_FACE('',(#4795),#4786,.F.);
#4797=CARTESIAN_POINT('',(-9.25E1,1.5E2,0.E0));
#4798=DIRECTION('',(0.E0,1.E0,0.E0));
#4799=DIRECTION('',(1.E0,0.E0,0.E0));
#4800=AXIS2_PLACEMENT_3D('',#4797,#4798,#4799);
#4801=CYLINDRICAL_SURFACE('',#4800,3.5E0);
#4802=ORIENTED_EDGE('',*,*,#3552,.F.);
#4803=ORIENTED_EDGE('',*,*,#4792,.T.);
#4805=ORIENTED_EDGE('',*,*,#4804,.T.);
#4806=ORIENTED_EDGE('',*,*,#4788,.F.);
#4807=EDGE_LOOP('',(#4802,#4803,#4805,#4806));
#4808=FACE_OUTER_BOUND('',#4807,.F.);
#4809=ADVANCED_FACE('',(#4808),#4801,.F.);
#4810=CARTESIAN_POINT('',(2.E1,7.E1,1.E1));
#4811=DIRECTION('',(0.E0,1.E0,0.E0));
#4812=DIRECTION('',(1.E0,0.E0,0.E0));
#4813=AXIS2_PLACEMENT_3D('',#4810,#4811,#4812);
#4814=PLANE('',#4813);
#4815=ORIENTED_EDGE('',*,*,#4790,.F.);
#4816=ORIENTED_EDGE('',*,*,#4804,.F.);
#4817=EDGE_LOOP('',(#4815,#4816));
#4818=FACE_OUTER_BOUND('',#4817,.F.);
#4819=ADVANCED_FACE('',(#4818),#4814,.T.);
#4820=CARTESIAN_POINT('',(-8.25E1,1.5E2,0.E0));
#4821=DIRECTION('',(0.E0,1.E0,0.E0));
#4822=DIRECTION('',(1.E0,0.E0,0.E0));
#4823=AXIS2_PLACEMENT_3D('',#4820,#4821,#4822);
#4824=CYLINDRICAL_SURFACE('',#4823,3.5E0);
#4825=ORIENTED_EDGE('',*,*,#3556,.F.);
#4827=ORIENTED_EDGE('',*,*,#4826,.T.);
#4829=ORIENTED_EDGE('',*,*,#4828,.T.);
#4831=ORIENTED_EDGE('',*,*,#4830,.F.);
#4832=EDGE_LOOP('',(#4825,#4827,#4829,#4831));
#4833=FACE_OUTER_BOUND('',#4832,.F.);
#4834=ADVANCED_FACE('',(#4833),#4824,.F.);
#4835=CARTESIAN_POINT('',(-8.25E1,1.5E2,0.E0));
#4836=DIRECTION('',(0.E0,1.E0,0.E0));
#4837=DIRECTION('',(1.E0,0.E0,0.E0));
#4838=AXIS2_PLACEMENT_3D('',#4835,#4836,#4837);
#4839=CYLINDRICAL_SURFACE('',#4838,3.5E0);
#4840=ORIENTED_EDGE('',*,*,#3558,.F.);
#4841=ORIENTED_EDGE('',*,*,#4830,.T.);
#4843=ORIENTED_EDGE('',*,*,#4842,.T.);
#4844=ORIENTED_EDGE('',*,*,#4826,.F.);
#4845=EDGE_LOOP('',(#4840,#4841,#4843,#4844));
#4846=FACE_OUTER_BOUND('',#4845,.F.);
#4847=ADVANCED_FACE('',(#4846),#4839,.F.);
#4848=CARTESIAN_POINT('',(3.E1,7.E1,1.E1));
#4849=DIRECTION('',(0.E0,1.E0,0.E0));
#4850=DIRECTION('',(1.E0,0.E0,0.E0));
#4851=AXIS2_PLACEMENT_3D('',#4848,#4849,#4850);
#4852=PLANE('',#4851);
#4853=ORIENTED_EDGE('',*,*,#4828,.F.);
#4854=ORIENTED_EDGE('',*,*,#4842,.F.);
#4855=EDGE_LOOP('',(#4853,#4854));
#4856=FACE_OUTER_BOUND('',#4855,.F.);
#4857=ADVANCED_FACE('',(#4856),#4852,.T.);
#4858=CARTESIAN_POINT('',(-7.25E1,1.5E2,0.E0));
#4859=DIRECTION('',(0.E0,1.E0,0.E0));
#4860=DIRECTION('',(1.E0,0.E0,0.E0));
#4861=AXIS2_PLACEMENT_3D('',#4858,#4859,#4860);
#4862=CYLINDRICAL_SURFACE('',#4861,3.5E0);
#4863=ORIENTED_EDGE('',*,*,#3562,.F.);
#4865=ORIENTED_EDGE('',*,*,#4864,.T.);
#4867=ORIENTED_EDGE('',*,*,#4866,.T.);
#4869=ORIENTED_EDGE('',*,*,#4868,.F.);
#4870=EDGE_LOOP('',(#4863,#4865,#4867,#4869));
#4871=FACE_OUTER_BOUND('',#4870,.F.);
#4872=ADVANCED_FACE('',(#4871),#4862,.F.);
#4873=CARTESIAN_POINT('',(-7.25E1,1.5E2,0.E0));
#4874=DIRECTION('',(0.E0,1.E0,0.E0));
#4875=DIRECTION('',(1.E0,0.E0,0.E0));
#4876=AXIS2_PLACEMENT_3D('',#4873,#4874,#4875);
#4877=CYLINDRICAL_SURFACE('',#4876,3.5E0);
#4878=ORIENTED_EDGE('',*,*,#3564,.F.);
#4879=ORIENTED_EDGE('',*,*,#4868,.T.);
#4881=ORIENTED_EDGE('',*,*,#4880,.T.);
#4882=ORIENTED_EDGE('',*,*,#4864,.F.);
#4883=EDGE_LOOP('',(#4878,#4879,#4881,#4882));
#4884=FACE_OUTER_BOUND('',#4883,.F.);
#4885=ADVANCED_FACE('',(#4884),#4877,.F.);
#4886=CARTESIAN_POINT('',(4.E1,7.E1,1.E1));
#4887=DIRECTION('',(0.E0,1.E0,0.E0));
#4888=DIRECTION('',(1.E0,0.E0,0.E0));
#4889=AXIS2_PLACEMENT_3D('',#4886,#4887,#4888);
#4890=PLANE('',#4889);
#4891=ORIENTED_EDGE('',*,*,#4866,.F.);
#4892=ORIENTED_EDGE('',*,*,#4880,.F.);
#4893=EDGE_LOOP('',(#4891,#4892));
#4894=FACE_OUTER_BOUND('',#4893,.F.);
#4895=ADVANCED_FACE('',(#4894),#4890,.T.);
#4896=CARTESIAN_POINT('',(-6.25E1,1.5E2,0.E0));
#4897=DIRECTION('',(0.E0,1.E0,0.E0));
#4898=DIRECTION('',(1.E0,0.E0,0.E0));
#4899=AXIS2_PLACEMENT_3D('',#4896,#4897,#4898);
#4900=CYLINDRICAL_SURFACE('',#4899,3.5E0);
#4901=ORIENTED_EDGE('',*,*,#3568,.F.);
#4903=ORIENTED_EDGE('',*,*,#4902,.T.);
#4905=ORIENTED_EDGE('',*,*,#4904,.T.);
#4907=ORIENTED_EDGE('',*,*,#4906,.F.);
#4908=EDGE_LOOP('',(#4901,#4903,#4905,#4907));
#4909=FACE_OUTER_BOUND('',#4908,.F.);
#4910=ADVANCED_FACE('',(#4909),#4900,.F.);
#4911=CARTESIAN_POINT('',(-6.25E1,1.5E2,0.E0));
#4912=DIRECTION('',(0.E0,1.E0,0.E0));
#4913=DIRECTION('',(1.E0,0.E0,0.E0));
#4914=AXIS2_PLACEMENT_3D('',#4911,#4912,#4913);
#4915=CYLINDRICAL_SURFACE('',#4914,3.5E0);
#4916=ORIENTED_EDGE('',*,*,#3570,.F.);
#4917=ORIENTED_EDGE('',*,*,#4906,.T.);
#4919=ORIENTED_EDGE('',*,*,#4918,.T.);
#4920=ORIENTED_EDGE('',*,*,#4902,.F.);
#4921=EDGE_LOOP('',(#4916,#4917,#4919,#4920));
#4922=FACE_OUTER_BOUND('',#4921,.F.);
#4923=ADVANCED_FACE('',(#4922),#4915,.F.);
#4924=CARTESIAN_POINT('',(5.E1,7.E1,1.E1));
#4925=DIRECTION('',(0.E0,1.E0,0.E0));
#4926=DIRECTION('',(1.E0,0.E0,0.E0));
#4927=AXIS2_PLACEMENT_3D('',#4924,#4925,#4926);
#4928=PLANE('',#4927);
#4929=ORIENTED_EDGE('',*,*,#4904,.F.);
#4930=ORIENTED_EDGE('',*,*,#4918,.F.);
#4931=EDGE_LOOP('',(#4929,#4930));
#4932=FACE_OUTER_BOUND('',#4931,.F.);
#4933=ADVANCED_FACE('',(#4932),#4928,.T.);
#4934=CARTESIAN_POINT('',(-5.25E1,1.5E2,0.E0));
#4935=DIRECTION('',(0.E0,1.E0,0.E0));
#4936=DIRECTION('',(1.E0,0.E0,0.E0));
#4937=AXIS2_PLACEMENT_3D('',#4934,#4935,#4936);
#4938=CYLINDRICAL_SURFACE('',#4937,3.5E0);
#4939=ORIENTED_EDGE('',*,*,#3574,.F.);
#4941=ORIENTED_EDGE('',*,*,#4940,.T.);
#4943=ORIENTED_EDGE('',*,*,#4942,.T.);
#4945=ORIENTED_EDGE('',*,*,#4944,.F.);
#4946=EDGE_LOOP('',(#4939,#4941,#4943,#4945));
#4947=FACE_OUTER_BOUND('',#4946,.F.);
#4948=ADVANCED_FACE('',(#4947),#4938,.F.);
#4949=CARTESIAN_POINT('',(-5.25E1,1.5E2,0.E0));
#4950=DIRECTION('',(0.E0,1.E0,0.E0));
#4951=DIRECTION('',(1.E0,0.E0,0.E0));
#4952=AXIS2_PLACEMENT_3D('',#4949,#4950,#4951);
#4953=CYLINDRICAL_SURFACE('',#4952,3.5E0);
#4954=ORIENTED_EDGE('',*,*,#3576,.F.);
#4955=ORIENTED_EDGE('',*,*,#4944,.T.);
#4957=ORIENTED_EDGE('',*,*,#4956,.T.);
#4958=ORIENTED_EDGE('',*,*,#4940,.F.);
#4959=EDGE_LOOP('',(#4954,#4955,#4957,#4958));
#4960=FACE_OUTER_BOUND('',#4959,.F.);
#4961=ADVANCED_FACE('',(#4960),#4953,.F.);
#4962=CARTESIAN_POINT('',(6.E1,7.E1,1.E1));
#4963=DIRECTION('',(0.E0,1.E0,0.E0));
#4964=DIRECTION('',(1.E0,0.E0,0.E0));
#4965=AXIS2_PLACEMENT_3D('',#4962,#4963,#4964);
#4966=PLANE('',#4965);
#4967=ORIENTED_EDGE('',*,*,#4942,.F.);
#4968=ORIENTED_EDGE('',*,*,#4956,.F.);
#4969=EDGE_LOOP('',(#4967,#4968));
#4970=FACE_OUTER_BOUND('',#4969,.F.);
#4971=ADVANCED_FACE('',(#4970),#4966,.T.);
#4972=CARTESIAN_POINT('',(-4.25E1,1.5E2,0.E0));
#4973=DIRECTION('',(0.E0,1.E0,0.E0));
#4974=DIRECTION('',(1.E0,0.E0,0.E0));
#4975=AXIS2_PLACEMENT_3D('',#4972,#4973,#4974);
#4976=CYLINDRICAL_SURFACE('',#4975,3.5E0);
#4977=ORIENTED_EDGE('',*,*,#3580,.F.);
#4979=ORIENTED_EDGE('',*,*,#4978,.T.);
#4981=ORIENTED_EDGE('',*,*,#4980,.T.);
#4983=ORIENTED_EDGE('',*,*,#4982,.F.);
#4984=EDGE_LOOP('',(#4977,#4979,#4981,#4983));
#4985=FACE_OUTER_BOUND('',#4984,.F.);
#4986=ADVANCED_FACE('',(#4985),#4976,.F.);
#4987=CARTESIAN_POINT('',(-4.25E1,1.5E2,0.E0));
#4988=DIRECTION('',(0.E0,1.E0,0.E0));
#4989=DIRECTION('',(1.E0,0.E0,0.E0));
#4990=AXIS2_PLACEMENT_3D('',#4987,#4988,#4989);
#4991=CYLINDRICAL_SURFACE('',#4990,3.5E0);
#4992=ORIENTED_EDGE('',*,*,#3582,.F.);
#4993=ORIENTED_EDGE('',*,*,#4982,.T.);
#4995=ORIENTED_EDGE('',*,*,#4994,.T.);
#4996=ORIENTED_EDGE('',*,*,#4978,.F.);
#4997=EDGE_LOOP('',(#4992,#4993,#4995,#4996));
#4998=FACE_OUTER_BOUND('',#4997,.F.);
#4999=ADVANCED_FACE('',(#4998),#4991,.F.);
#5000=CARTESIAN_POINT('',(7.E1,7.E1,1.E1));
#5001=DIRECTION('',(0.E0,1.E0,0.E0));
#5002=DIRECTION('',(1.E0,0.E0,0.E0));
#5003=AXIS2_PLACEMENT_3D('',#5000,#5001,#5002);
#5004=PLANE('',#5003);
#5005=ORIENTED_EDGE('',*,*,#4980,.F.);
#5006=ORIENTED_EDGE('',*,*,#4994,.F.);
#5007=EDGE_LOOP('',(#5005,#5006));
#5008=FACE_OUTER_BOUND('',#5007,.F.);
#5009=ADVANCED_FACE('',(#5008),#5004,.T.);
#5010=CARTESIAN_POINT('',(-3.25E1,1.5E2,0.E0));
#5011=DIRECTION('',(0.E0,1.E0,0.E0));
#5012=DIRECTION('',(1.E0,0.E0,0.E0));
#5013=AXIS2_PLACEMENT_3D('',#5010,#5011,#5012);
#5014=CYLINDRICAL_SURFACE('',#5013,3.5E0);
#5015=ORIENTED_EDGE('',*,*,#3586,.F.);
#5017=ORIENTED_EDGE('',*,*,#5016,.T.);
#5019=ORIENTED_EDGE('',*,*,#5018,.T.);
#5021=ORIENTED_EDGE('',*,*,#5020,.F.);
#5022=EDGE_LOOP('',(#5015,#5017,#5019,#5021));
#5023=FACE_OUTER_BOUND('',#5022,.F.);
#5024=ADVANCED_FACE('',(#5023),#5014,.F.);
#5025=CARTESIAN_POINT('',(-3.25E1,1.5E2,0.E0));
#5026=DIRECTION('',(0.E0,1.E0,0.E0));
#5027=DIRECTION('',(1.E0,0.E0,0.E0));
#5028=AXIS2_PLACEMENT_3D('',#5025,#5026,#5027);
#5029=CYLINDRICAL_SURFACE('',#5028,3.5E0);
#5030=ORIENTED_EDGE('',*,*,#3588,.F.);
#5031=ORIENTED_EDGE('',*,*,#5020,.T.);
#5033=ORIENTED_EDGE('',*,*,#5032,.T.);
#5034=ORIENTED_EDGE('',*,*,#5016,.F.);
#5035=EDGE_LOOP('',(#5030,#5031,#5033,#5034));
#5036=FACE_OUTER_BOUND('',#5035,.F.);
#5037=ADVANCED_FACE('',(#5036),#5029,.F.);
#5038=CARTESIAN_POINT('',(8.E1,7.E1,1.E1));
#5039=DIRECTION('',(0.E0,1.E0,0.E0));
#5040=DIRECTION('',(1.E0,0.E0,0.E0));
#5041=AXIS2_PLACEMENT_3D('',#5038,#5039,#5040);
#5042=PLANE('',#5041);
#5043=ORIENTED_EDGE('',*,*,#5018,.F.);
#5044=ORIENTED_EDGE('',*,*,#5032,.F.);
#5045=EDGE_LOOP('',(#5043,#5044));
#5046=FACE_OUTER_BOUND('',#5045,.F.);
#5047=ADVANCED_FACE('',(#5046),#5042,.T.);
#5048=CARTESIAN_POINT('',(-2.25E1,1.5E2,0.E0));
#5049=DIRECTION('',(0.E0,1.E0,0.E0));
#5050=DIRECTION('',(1.E0,0.E0,0.E0));
#5051=AXIS2_PLACEMENT_3D('',#5048,#5049,#5050);
#5052=CYLINDRICAL_SURFACE('',#5051,3.5E0);
#5053=ORIENTED_EDGE('',*,*,#3592,.F.);
#5055=ORIENTED_EDGE('',*,*,#5054,.T.);
#5057=ORIENTED_EDGE('',*,*,#5056,.T.);
#5059=ORIENTED_EDGE('',*,*,#5058,.F.);
#5060=EDGE_LOOP('',(#5053,#5055,#5057,#5059));
#5061=FACE_OUTER_BOUND('',#5060,.F.);
#5062=ADVANCED_FACE('',(#5061),#5052,.F.);
#5063=CARTESIAN_POINT('',(-2.25E1,1.5E2,0.E0));
#5064=DIRECTION('',(0.E0,1.E0,0.E0));
#5065=DIRECTION('',(1.E0,0.E0,0.E0));
#5066=AXIS2_PLACEMENT_3D('',#5063,#5064,#5065);
#5067=CYLINDRICAL_SURFACE('',#5066,3.5E0);
#5068=ORIENTED_EDGE('',*,*,#3594,.F.);
#5069=ORIENTED_EDGE('',*,*,#5058,.T.);
#5071=ORIENTED_EDGE('',*,*,#5070,.T.);
#5072=ORIENTED_EDGE('',*,*,#5054,.F.);
#5073=EDGE_LOOP('',(#5068,#5069,#5071,#5072));
#5074=FACE_OUTER_BOUND('',#5073,.F.);
#5075=ADVANCED_FACE('',(#5074),#5067,.F.);
#5076=CARTESIAN_POINT('',(9.E1,7.E1,1.E1));
#5077=DIRECTION('',(0.E0,1.E0,0.E0));
#5078=DIRECTION('',(1.E0,0.E0,0.E0));
#5079=AXIS2_PLACEMENT_3D('',#5076,#5077,#5078);
#5080=PLANE('',#5079);
#5081=ORIENTED_EDGE('',*,*,#5056,.F.);
#5082=ORIENTED_EDGE('',*,*,#5070,.F.);
#5083=EDGE_LOOP('',(#5081,#5082));
#5084=FACE_OUTER_BOUND('',#5083,.F.);
#5085=ADVANCED_FACE('',(#5084),#5080,.T.);
#5086=CARTESIAN_POINT('',(-1.25E1,1.5E2,0.E0));
#5087=DIRECTION('',(0.E0,1.E0,0.E0));
#5088=DIRECTION('',(1.E0,0.E0,0.E0));
#5089=AXIS2_PLACEMENT_3D('',#5086,#5087,#5088);
#5090=CYLINDRICAL_SURFACE('',#5089,3.5E0);
#5091=ORIENTED_EDGE('',*,*,#3598,.F.);
#5093=ORIENTED_EDGE('',*,*,#5092,.T.);
#5095=ORIENTED_EDGE('',*,*,#5094,.T.);
#5097=ORIENTED_EDGE('',*,*,#5096,.F.);
#5098=EDGE_LOOP('',(#5091,#5093,#5095,#5097));
#5099=FACE_OUTER_BOUND('',#5098,.F.);
#5100=ADVANCED_FACE('',(#5099),#5090,.F.);
#5101=CARTESIAN_POINT('',(-1.25E1,1.5E2,0.E0));
#5102=DIRECTION('',(0.E0,1.E0,0.E0));
#5103=DIRECTION('',(1.E0,0.E0,0.E0));
#5104=AXIS2_PLACEMENT_3D('',#5101,#5102,#5103);
#5105=CYLINDRICAL_SURFACE('',#5104,3.5E0);
#5106=ORIENTED_EDGE('',*,*,#3600,.F.);
#5107=ORIENTED_EDGE('',*,*,#5096,.T.);
#5109=ORIENTED_EDGE('',*,*,#5108,.T.);
#5110=ORIENTED_EDGE('',*,*,#5092,.F.);
#5111=EDGE_LOOP('',(#5106,#5107,#5109,#5110));
#5112=FACE_OUTER_BOUND('',#5111,.F.);
#5113=ADVANCED_FACE('',(#5112),#5105,.F.);
#5114=CARTESIAN_POINT('',(1.E2,7.E1,1.E1));
#5115=DIRECTION('',(0.E0,1.E0,0.E0));
#5116=DIRECTION('',(1.E0,0.E0,0.E0));
#5117=AXIS2_PLACEMENT_3D('',#5114,#5115,#5116);
#5118=PLANE('',#5117);
#5119=ORIENTED_EDGE('',*,*,#5094,.F.);
#5120=ORIENTED_EDGE('',*,*,#5108,.F.);
#5121=EDGE_LOOP('',(#5119,#5120));
#5122=FACE_OUTER_BOUND('',#5121,.F.);
#5123=ADVANCED_FACE('',(#5122),#5118,.T.);
#5124=CARTESIAN_POINT('',(-1.125E2,1.5E2,1.E1));
#5125=DIRECTION('',(0.E0,1.E0,0.E0));
#5126=DIRECTION('',(1.E0,0.E0,0.E0));
#5127=AXIS2_PLACEMENT_3D('',#5124,#5125,#5126);
#5128=CYLINDRICAL_SURFACE('',#5127,3.5E0);
#5129=ORIENTED_EDGE('',*,*,#3604,.F.);
#5131=ORIENTED_EDGE('',*,*,#5130,.T.);
#5133=ORIENTED_EDGE('',*,*,#5132,.T.);
#5135=ORIENTED_EDGE('',*,*,#5134,.F.);
#5136=EDGE_LOOP('',(#5129,#5131,#5133,#5135));
#5137=FACE_OUTER_BOUND('',#5136,.F.);
#5138=ADVANCED_FACE('',(#5137),#5128,.F.);
#5139=CARTESIAN_POINT('',(-1.125E2,1.5E2,1.E1));
#5140=DIRECTION('',(0.E0,1.E0,0.E0));
#5141=DIRECTION('',(1.E0,0.E0,0.E0));
#5142=AXIS2_PLACEMENT_3D('',#5139,#5140,#5141);
#5143=CYLINDRICAL_SURFACE('',#5142,3.5E0);
#5144=ORIENTED_EDGE('',*,*,#3606,.F.);
#5145=ORIENTED_EDGE('',*,*,#5134,.T.);
#5147=ORIENTED_EDGE('',*,*,#5146,.T.);
#5148=ORIENTED_EDGE('',*,*,#5130,.F.);
#5149=EDGE_LOOP('',(#5144,#5145,#5147,#5148));
#5150=FACE_OUTER_BOUND('',#5149,.F.);
#5151=ADVANCED_FACE('',(#5150),#5143,.F.);
#5152=CARTESIAN_POINT('',(0.E0,7.E1,2.E1));
#5153=DIRECTION('',(0.E0,1.E0,0.E0));
#5154=DIRECTION('',(1.E0,0.E0,0.E0));
#5155=AXIS2_PLACEMENT_3D('',#5152,#5153,#5154);
#5156=PLANE('',#5155);
#5157=ORIENTED_EDGE('',*,*,#5132,.F.);
#5158=ORIENTED_EDGE('',*,*,#5146,.F.);
#5159=EDGE_LOOP('',(#5157,#5158));
#5160=FACE_OUTER_BOUND('',#5159,.F.);
#5161=ADVANCED_FACE('',(#5160),#5156,.T.);
#5162=CARTESIAN_POINT('',(-1.025E2,1.5E2,1.E1));
#5163=DIRECTION('',(0.E0,1.E0,0.E0));
#5164=DIRECTION('',(1.E0,0.E0,0.E0));
#5165=AXIS2_PLACEMENT_3D('',#5162,#5163,#5164);
#5166=CYLINDRICAL_SURFACE('',#5165,3.5E0);
#5167=ORIENTED_EDGE('',*,*,#3610,.F.);
#5169=ORIENTED_EDGE('',*,*,#5168,.T.);
#5171=ORIENTED_EDGE('',*,*,#5170,.T.);
#5173=ORIENTED_EDGE('',*,*,#5172,.F.);
#5174=EDGE_LOOP('',(#5167,#5169,#5171,#5173));
#5175=FACE_OUTER_BOUND('',#5174,.F.);
#5176=ADVANCED_FACE('',(#5175),#5166,.F.);
#5177=CARTESIAN_POINT('',(-1.025E2,1.5E2,1.E1));
#5178=DIRECTION('',(0.E0,1.E0,0.E0));
#5179=DIRECTION('',(1.E0,0.E0,0.E0));
#5180=AXIS2_PLACEMENT_3D('',#5177,#5178,#5179);
#5181=CYLINDRICAL_SURFACE('',#5180,3.5E0);
#5182=ORIENTED_EDGE('',*,*,#3612,.F.);
#5183=ORIENTED_EDGE('',*,*,#5172,.T.);
#5185=ORIENTED_EDGE('',*,*,#5184,.T.);
#5186=ORIENTED_EDGE('',*,*,#5168,.F.);
#5187=EDGE_LOOP('',(#5182,#5183,#5185,#5186));
#5188=FACE_OUTER_BOUND('',#5187,.F.);
#5189=ADVANCED_FACE('',(#5188),#5181,.F.);
#5190=CARTESIAN_POINT('',(1.E1,7.E1,2.E1));
#5191=DIRECTION('',(0.E0,1.E0,0.E0));
#5192=DIRECTION('',(1.E0,0.E0,0.E0));
#5193=AXIS2_PLACEMENT_3D('',#5190,#5191,#5192);
#5194=PLANE('',#5193);
#5195=ORIENTED_EDGE('',*,*,#5170,.F.);
#5196=ORIENTED_EDGE('',*,*,#5184,.F.);
#5197=EDGE_LOOP('',(#5195,#5196));
#5198=FACE_OUTER_BOUND('',#5197,.F.);
#5199=ADVANCED_FACE('',(#5198),#5194,.T.);
#5200=CARTESIAN_POINT('',(-9.25E1,1.5E2,1.E1));
#5201=DIRECTION('',(0.E0,1.E0,0.E0));
#5202=DIRECTION('',(1.E0,0.E0,0.E0));
#5203=AXIS2_PLACEMENT_3D('',#5200,#5201,#5202);
#5204=CYLINDRICAL_SURFACE('',#5203,3.5E0);
#5205=ORIENTED_EDGE('',*,*,#3616,.F.);
#5207=ORIENTED_EDGE('',*,*,#5206,.T.);
#5209=ORIENTED_EDGE('',*,*,#5208,.T.);
#5211=ORIENTED_EDGE('',*,*,#5210,.F.);
#5212=EDGE_LOOP('',(#5205,#5207,#5209,#5211));
#5213=FACE_OUTER_BOUND('',#5212,.F.);
#5214=ADVANCED_FACE('',(#5213),#5204,.F.);
#5215=CARTESIAN_POINT('',(-9.25E1,1.5E2,1.E1));
#5216=DIRECTION('',(0.E0,1.E0,0.E0));
#5217=DIRECTION('',(1.E0,0.E0,0.E0));
#5218=AXIS2_PLACEMENT_3D('',#5215,#5216,#5217);
#5219=CYLINDRICAL_SURFACE('',#5218,3.5E0);
#5220=ORIENTED_EDGE('',*,*,#3618,.F.);
#5221=ORIENTED_EDGE('',*,*,#5210,.T.);
#5223=ORIENTED_EDGE('',*,*,#5222,.T.);
#5224=ORIENTED_EDGE('',*,*,#5206,.F.);
#5225=EDGE_LOOP('',(#5220,#5221,#5223,#5224));
#5226=FACE_OUTER_BOUND('',#5225,.F.);
#5227=ADVANCED_FACE('',(#5226),#5219,.F.);
#5228=CARTESIAN_POINT('',(2.E1,7.E1,2.E1));
#5229=DIRECTION('',(0.E0,1.E0,0.E0));
#5230=DIRECTION('',(1.E0,0.E0,0.E0));
#5231=AXIS2_PLACEMENT_3D('',#5228,#5229,#5230);
#5232=PLANE('',#5231);
#5233=ORIENTED_EDGE('',*,*,#5208,.F.);
#5234=ORIENTED_EDGE('',*,*,#5222,.F.);
#5235=EDGE_LOOP('',(#5233,#5234));
#5236=FACE_OUTER_BOUND('',#5235,.F.);
#5237=ADVANCED_FACE('',(#5236),#5232,.T.);
#5238=CARTESIAN_POINT('',(-8.25E1,1.5E2,1.E1));
#5239=DIRECTION('',(0.E0,1.E0,0.E0));
#5240=DIRECTION('',(1.E0,0.E0,0.E0));
#5241=AXIS2_PLACEMENT_3D('',#5238,#5239,#5240);
#5242=CYLINDRICAL_SURFACE('',#5241,3.5E0);
#5243=ORIENTED_EDGE('',*,*,#3622,.F.);
#5245=ORIENTED_EDGE('',*,*,#5244,.T.);
#5247=ORIENTED_EDGE('',*,*,#5246,.T.);
#5249=ORIENTED_EDGE('',*,*,#5248,.F.);
#5250=EDGE_LOOP('',(#5243,#5245,#5247,#5249));
#5251=FACE_OUTER_BOUND('',#5250,.F.);
#5252=ADVANCED_FACE('',(#5251),#5242,.F.);
#5253=CARTESIAN_POINT('',(-8.25E1,1.5E2,1.E1));
#5254=DIRECTION('',(0.E0,1.E0,0.E0));
#5255=DIRECTION('',(1.E0,0.E0,0.E0));
#5256=AXIS2_PLACEMENT_3D('',#5253,#5254,#5255);
#5257=CYLINDRICAL_SURFACE('',#5256,3.5E0);
#5258=ORIENTED_EDGE('',*,*,#3624,.F.);
#5259=ORIENTED_EDGE('',*,*,#5248,.T.);
#5261=ORIENTED_EDGE('',*,*,#5260,.T.);
#5262=ORIENTED_EDGE('',*,*,#5244,.F.);
#5263=EDGE_LOOP('',(#5258,#5259,#5261,#5262));
#5264=FACE_OUTER_BOUND('',#5263,.F.);
#5265=ADVANCED_FACE('',(#5264),#5257,.F.);
#5266=CARTESIAN_POINT('',(3.E1,7.E1,2.E1));
#5267=DIRECTION('',(0.E0,1.E0,0.E0));
#5268=DIRECTION('',(1.E0,0.E0,0.E0));
#5269=AXIS2_PLACEMENT_3D('',#5266,#5267,#5268);
#5270=PLANE('',#5269);
#5271=ORIENTED_EDGE('',*,*,#5246,.F.);
#5272=ORIENTED_EDGE('',*,*,#5260,.F.);
#5273=EDGE_LOOP('',(#5271,#5272));
#5274=FACE_OUTER_BOUND('',#5273,.F.);
#5275=ADVANCED_FACE('',(#5274),#5270,.T.);
#5276=CARTESIAN_POINT('',(-7.25E1,1.5E2,1.E1));
#5277=DIRECTION('',(0.E0,1.E0,0.E0));
#5278=DIRECTION('',(1.E0,0.E0,0.E0));
#5279=AXIS2_PLACEMENT_3D('',#5276,#5277,#5278);
#5280=CYLINDRICAL_SURFACE('',#5279,3.5E0);
#5281=ORIENTED_EDGE('',*,*,#3628,.F.);
#5283=ORIENTED_EDGE('',*,*,#5282,.T.);
#5285=ORIENTED_EDGE('',*,*,#5284,.T.);
#5287=ORIENTED_EDGE('',*,*,#5286,.F.);
#5288=EDGE_LOOP('',(#5281,#5283,#5285,#5287));
#5289=FACE_OUTER_BOUND('',#5288,.F.);
#5290=ADVANCED_FACE('',(#5289),#5280,.F.);
#5291=CARTESIAN_POINT('',(-7.25E1,1.5E2,1.E1));
#5292=DIRECTION('',(0.E0,1.E0,0.E0));
#5293=DIRECTION('',(1.E0,0.E0,0.E0));
#5294=AXIS2_PLACEMENT_3D('',#5291,#5292,#5293);
#5295=CYLINDRICAL_SURFACE('',#5294,3.5E0);
#5296=ORIENTED_EDGE('',*,*,#3630,.F.);
#5297=ORIENTED_EDGE('',*,*,#5286,.T.);
#5299=ORIENTED_EDGE('',*,*,#5298,.T.);
#5300=ORIENTED_EDGE('',*,*,#5282,.F.);
#5301=EDGE_LOOP('',(#5296,#5297,#5299,#5300));
#5302=FACE_OUTER_BOUND('',#5301,.F.);
#5303=ADVANCED_FACE('',(#5302),#5295,.F.);
#5304=CARTESIAN_POINT('',(4.E1,7.E1,2.E1));
#5305=DIRECTION('',(0.E0,1.E0,0.E0));
#5306=DIRECTION('',(1.E0,0.E0,0.E0));
#5307=AXIS2_PLACEMENT_3D('',#5304,#5305,#5306);
#5308=PLANE('',#5307);
#5309=ORIENTED_EDGE('',*,*,#5284,.F.);
#5310=ORIENTED_EDGE('',*,*,#5298,.F.);
#5311=EDGE_LOOP('',(#5309,#5310));
#5312=FACE_OUTER_BOUND('',#5311,.F.);
#5313=ADVANCED_FACE('',(#5312),#5308,.T.);
#5314=CARTESIAN_POINT('',(-6.25E1,1.5E2,1.E1));
#5315=DIRECTION('',(0.E0,1.E0,0.E0));
#5316=DIRECTION('',(1.E0,0.E0,0.E0));
#5317=AXIS2_PLACEMENT_3D('',#5314,#5315,#5316);
#5318=CYLINDRICAL_SURFACE('',#5317,3.5E0);
#5319=ORIENTED_EDGE('',*,*,#3634,.F.);
#5321=ORIENTED_EDGE('',*,*,#5320,.T.);
#5323=ORIENTED_EDGE('',*,*,#5322,.T.);
#5325=ORIENTED_EDGE('',*,*,#5324,.F.);
#5326=EDGE_LOOP('',(#5319,#5321,#5323,#5325));
#5327=FACE_OUTER_BOUND('',#5326,.F.);
#5328=ADVANCED_FACE('',(#5327),#5318,.F.);
#5329=CARTESIAN_POINT('',(-6.25E1,1.5E2,1.E1));
#5330=DIRECTION('',(0.E0,1.E0,0.E0));
#5331=DIRECTION('',(1.E0,0.E0,0.E0));
#5332=AXIS2_PLACEMENT_3D('',#5329,#5330,#5331);
#5333=CYLINDRICAL_SURFACE('',#5332,3.5E0);
#5334=ORIENTED_EDGE('',*,*,#3636,.F.);
#5335=ORIENTED_EDGE('',*,*,#5324,.T.);
#5337=ORIENTED_EDGE('',*,*,#5336,.T.);
#5338=ORIENTED_EDGE('',*,*,#5320,.F.);
#5339=EDGE_LOOP('',(#5334,#5335,#5337,#5338));
#5340=FACE_OUTER_BOUND('',#5339,.F.);
#5341=ADVANCED_FACE('',(#5340),#5333,.F.);
#5342=CARTESIAN_POINT('',(5.E1,7.E1,2.E1));
#5343=DIRECTION('',(0.E0,1.E0,0.E0));
#5344=DIRECTION('',(1.E0,0.E0,0.E0));
#5345=AXIS2_PLACEMENT_3D('',#5342,#5343,#5344);
#5346=PLANE('',#5345);
#5347=ORIENTED_EDGE('',*,*,#5322,.F.);
#5348=ORIENTED_EDGE('',*,*,#5336,.F.);
#5349=EDGE_LOOP('',(#5347,#5348));
#5350=FACE_OUTER_BOUND('',#5349,.F.);
#5351=ADVANCED_FACE('',(#5350),#5346,.T.);
#5352=CARTESIAN_POINT('',(-5.25E1,1.5E2,1.E1));
#5353=DIRECTION('',(0.E0,1.E0,0.E0));
#5354=DIRECTION('',(1.E0,0.E0,0.E0));
#5355=AXIS2_PLACEMENT_3D('',#5352,#5353,#5354);
#5356=CYLINDRICAL_SURFACE('',#5355,3.5E0);
#5357=ORIENTED_EDGE('',*,*,#3640,.F.);
#5359=ORIENTED_EDGE('',*,*,#5358,.T.);
#5361=ORIENTED_EDGE('',*,*,#5360,.T.);
#5363=ORIENTED_EDGE('',*,*,#5362,.F.);
#5364=EDGE_LOOP('',(#5357,#5359,#5361,#5363));
#5365=FACE_OUTER_BOUND('',#5364,.F.);
#5366=ADVANCED_FACE('',(#5365),#5356,.F.);
#5367=CARTESIAN_POINT('',(-5.25E1,1.5E2,1.E1));
#5368=DIRECTION('',(0.E0,1.E0,0.E0));
#5369=DIRECTION('',(1.E0,0.E0,0.E0));
#5370=AXIS2_PLACEMENT_3D('',#5367,#5368,#5369);
#5371=CYLINDRICAL_SURFACE('',#5370,3.5E0);
#5372=ORIENTED_EDGE('',*,*,#3642,.F.);
#5373=ORIENTED_EDGE('',*,*,#5362,.T.);
#5375=ORIENTED_EDGE('',*,*,#5374,.T.);
#5376=ORIENTED_EDGE('',*,*,#5358,.F.);
#5377=EDGE_LOOP('',(#5372,#5373,#5375,#5376));
#5378=FACE_OUTER_BOUND('',#5377,.F.);
#5379=ADVANCED_FACE('',(#5378),#5371,.F.);
#5380=CARTESIAN_POINT('',(6.E1,7.E1,2.E1));
#5381=DIRECTION('',(0.E0,1.E0,0.E0));
#5382=DIRECTION('',(1.E0,0.E0,0.E0));
#5383=AXIS2_PLACEMENT_3D('',#5380,#5381,#5382);
#5384=PLANE('',#5383);
#5385=ORIENTED_EDGE('',*,*,#5360,.F.);
#5386=ORIENTED_EDGE('',*,*,#5374,.F.);
#5387=EDGE_LOOP('',(#5385,#5386));
#5388=FACE_OUTER_BOUND('',#5387,.F.);
#5389=ADVANCED_FACE('',(#5388),#5384,.T.);
#5390=CARTESIAN_POINT('',(-4.25E1,1.5E2,1.E1));
#5391=DIRECTION('',(0.E0,1.E0,0.E0));
#5392=DIRECTION('',(1.E0,0.E0,0.E0));
#5393=AXIS2_PLACEMENT_3D('',#5390,#5391,#5392);
#5394=CYLINDRICAL_SURFACE('',#5393,3.5E0);
#5395=ORIENTED_EDGE('',*,*,#3646,.F.);
#5397=ORIENTED_EDGE('',*,*,#5396,.T.);
#5399=ORIENTED_EDGE('',*,*,#5398,.T.);
#5401=ORIENTED_EDGE('',*,*,#5400,.F.);
#5402=EDGE_LOOP('',(#5395,#5397,#5399,#5401));
#5403=FACE_OUTER_BOUND('',#5402,.F.);
#5404=ADVANCED_FACE('',(#5403),#5394,.F.);
#5405=CARTESIAN_POINT('',(-4.25E1,1.5E2,1.E1));
#5406=DIRECTION('',(0.E0,1.E0,0.E0));
#5407=DIRECTION('',(1.E0,0.E0,0.E0));
#5408=AXIS2_PLACEMENT_3D('',#5405,#5406,#5407);
#5409=CYLINDRICAL_SURFACE('',#5408,3.5E0);
#5410=ORIENTED_EDGE('',*,*,#3648,.F.);
#5411=ORIENTED_EDGE('',*,*,#5400,.T.);
#5413=ORIENTED_EDGE('',*,*,#5412,.T.);
#5414=ORIENTED_EDGE('',*,*,#5396,.F.);
#5415=EDGE_LOOP('',(#5410,#5411,#5413,#5414));
#5416=FACE_OUTER_BOUND('',#5415,.F.);
#5417=ADVANCED_FACE('',(#5416),#5409,.F.);
#5418=CARTESIAN_POINT('',(7.E1,7.E1,2.E1));
#5419=DIRECTION('',(0.E0,1.E0,0.E0));
#5420=DIRECTION('',(1.E0,0.E0,0.E0));
#5421=AXIS2_PLACEMENT_3D('',#5418,#5419,#5420);
#5422=PLANE('',#5421);
#5423=ORIENTED_EDGE('',*,*,#5398,.F.);
#5424=ORIENTED_EDGE('',*,*,#5412,.F.);
#5425=EDGE_LOOP('',(#5423,#5424));
#5426=FACE_OUTER_BOUND('',#5425,.F.);
#5427=ADVANCED_FACE('',(#5426),#5422,.T.);
#5428=CARTESIAN_POINT('',(-3.25E1,1.5E2,1.E1));
#5429=DIRECTION('',(0.E0,1.E0,0.E0));
#5430=DIRECTION('',(1.E0,0.E0,0.E0));
#5431=AXIS2_PLACEMENT_3D('',#5428,#5429,#5430);
#5432=CYLINDRICAL_SURFACE('',#5431,3.5E0);
#5433=ORIENTED_EDGE('',*,*,#3652,.F.);
#5435=ORIENTED_EDGE('',*,*,#5434,.T.);
#5437=ORIENTED_EDGE('',*,*,#5436,.T.);
#5439=ORIENTED_EDGE('',*,*,#5438,.F.);
#5440=EDGE_LOOP('',(#5433,#5435,#5437,#5439));
#5441=FACE_OUTER_BOUND('',#5440,.F.);
#5442=ADVANCED_FACE('',(#5441),#5432,.F.);
#5443=CARTESIAN_POINT('',(-3.25E1,1.5E2,1.E1));
#5444=DIRECTION('',(0.E0,1.E0,0.E0));
#5445=DIRECTION('',(1.E0,0.E0,0.E0));
#5446=AXIS2_PLACEMENT_3D('',#5443,#5444,#5445);
#5447=CYLINDRICAL_SURFACE('',#5446,3.5E0);
#5448=ORIENTED_EDGE('',*,*,#3654,.F.);
#5449=ORIENTED_EDGE('',*,*,#5438,.T.);
#5451=ORIENTED_EDGE('',*,*,#5450,.T.);
#5452=ORIENTED_EDGE('',*,*,#5434,.F.);
#5453=EDGE_LOOP('',(#5448,#5449,#5451,#5452));
#5454=FACE_OUTER_BOUND('',#5453,.F.);
#5455=ADVANCED_FACE('',(#5454),#5447,.F.);
#5456=CARTESIAN_POINT('',(8.E1,7.E1,2.E1));
#5457=DIRECTION('',(0.E0,1.E0,0.E0));
#5458=DIRECTION('',(1.E0,0.E0,0.E0));
#5459=AXIS2_PLACEMENT_3D('',#5456,#5457,#5458);
#5460=PLANE('',#5459);
#5461=ORIENTED_EDGE('',*,*,#5436,.F.);
#5462=ORIENTED_EDGE('',*,*,#5450,.F.);
#5463=EDGE_LOOP('',(#5461,#5462));
#5464=FACE_OUTER_BOUND('',#5463,.F.);
#5465=ADVANCED_FACE('',(#5464),#5460,.T.);
#5466=CARTESIAN_POINT('',(-2.25E1,1.5E2,1.E1));
#5467=DIRECTION('',(0.E0,1.E0,0.E0));
#5468=DIRECTION('',(1.E0,0.E0,0.E0));
#5469=AXIS2_PLACEMENT_3D('',#5466,#5467,#5468);
#5470=CYLINDRICAL_SURFACE('',#5469,3.5E0);
#5471=ORIENTED_EDGE('',*,*,#3658,.F.);
#5473=ORIENTED_EDGE('',*,*,#5472,.T.);
#5475=ORIENTED_EDGE('',*,*,#5474,.T.);
#5477=ORIENTED_EDGE('',*,*,#5476,.F.);
#5478=EDGE_LOOP('',(#5471,#5473,#5475,#5477));
#5479=FACE_OUTER_BOUND('',#5478,.F.);
#5480=ADVANCED_FACE('',(#5479),#5470,.F.);
#5481=CARTESIAN_POINT('',(-2.25E1,1.5E2,1.E1));
#5482=DIRECTION('',(0.E0,1.E0,0.E0));
#5483=DIRECTION('',(1.E0,0.E0,0.E0));
#5484=AXIS2_PLACEMENT_3D('',#5481,#5482,#5483);
#5485=CYLINDRICAL_SURFACE('',#5484,3.5E0);
#5486=ORIENTED_EDGE('',*,*,#3660,.F.);
#5487=ORIENTED_EDGE('',*,*,#5476,.T.);
#5489=ORIENTED_EDGE('',*,*,#5488,.T.);
#5490=ORIENTED_EDGE('',*,*,#5472,.F.);
#5491=EDGE_LOOP('',(#5486,#5487,#5489,#5490));
#5492=FACE_OUTER_BOUND('',#5491,.F.);
#5493=ADVANCED_FACE('',(#5492),#5485,.F.);
#5494=CARTESIAN_POINT('',(9.E1,7.E1,2.E1));
#5495=DIRECTION('',(0.E0,1.E0,0.E0));
#5496=DIRECTION('',(1.E0,0.E0,0.E0));
#5497=AXIS2_PLACEMENT_3D('',#5494,#5495,#5496);
#5498=PLANE('',#5497);
#5499=ORIENTED_EDGE('',*,*,#5474,.F.);
#5500=ORIENTED_EDGE('',*,*,#5488,.F.);
#5501=EDGE_LOOP('',(#5499,#5500));
#5502=FACE_OUTER_BOUND('',#5501,.F.);
#5503=ADVANCED_FACE('',(#5502),#5498,.T.);
#5504=CARTESIAN_POINT('',(-1.25E1,1.5E2,1.E1));
#5505=DIRECTION('',(0.E0,1.E0,0.E0));
#5506=DIRECTION('',(1.E0,0.E0,0.E0));
#5507=AXIS2_PLACEMENT_3D('',#5504,#5505,#5506);
#5508=CYLINDRICAL_SURFACE('',#5507,3.5E0);
#5509=ORIENTED_EDGE('',*,*,#3664,.F.);
#5511=ORIENTED_EDGE('',*,*,#5510,.T.);
#5513=ORIENTED_EDGE('',*,*,#5512,.T.);
#5515=ORIENTED_EDGE('',*,*,#5514,.F.);
#5516=EDGE_LOOP('',(#5509,#5511,#5513,#5515));
#5517=FACE_OUTER_BOUND('',#5516,.F.);
#5518=ADVANCED_FACE('',(#5517),#5508,.F.);
#5519=CARTESIAN_POINT('',(-1.25E1,1.5E2,1.E1));
#5520=DIRECTION('',(0.E0,1.E0,0.E0));
#5521=DIRECTION('',(1.E0,0.E0,0.E0));
#5522=AXIS2_PLACEMENT_3D('',#5519,#5520,#5521);
#5523=CYLINDRICAL_SURFACE('',#5522,3.5E0);
#5524=ORIENTED_EDGE('',*,*,#3666,.F.);
#5525=ORIENTED_EDGE('',*,*,#5514,.T.);
#5527=ORIENTED_EDGE('',*,*,#5526,.T.);
#5528=ORIENTED_EDGE('',*,*,#5510,.F.);
#5529=EDGE_LOOP('',(#5524,#5525,#5527,#5528));
#5530=FACE_OUTER_BOUND('',#5529,.F.);
#5531=ADVANCED_FACE('',(#5530),#5523,.F.);
#5532=CARTESIAN_POINT('',(1.E2,7.E1,2.E1));
#5533=DIRECTION('',(0.E0,1.E0,0.E0));
#5534=DIRECTION('',(1.E0,0.E0,0.E0));
#5535=AXIS2_PLACEMENT_3D('',#5532,#5533,#5534);
#5536=PLANE('',#5535);
#5537=ORIENTED_EDGE('',*,*,#5512,.F.);
#5538=ORIENTED_EDGE('',*,*,#5526,.F.);
#5539=EDGE_LOOP('',(#5537,#5538));
#5540=FACE_OUTER_BOUND('',#5539,.F.);
#5541=ADVANCED_FACE('',(#5540),#5536,.T.);
#5542=CARTESIAN_POINT('',(-1.125E2,1.5E2,2.E1));
#5543=DIRECTION('',(0.E0,1.E0,0.E0));
#5544=DIRECTION('',(1.E0,0.E0,0.E0));
#5545=AXIS2_PLACEMENT_3D('',#5542,#5543,#5544);
#5546=CYLINDRICAL_SURFACE('',#5545,3.5E0);
#5547=ORIENTED_EDGE('',*,*,#3670,.F.);
#5549=ORIENTED_EDGE('',*,*,#5548,.T.);
#5551=ORIENTED_EDGE('',*,*,#5550,.T.);
#5553=ORIENTED_EDGE('',*,*,#5552,.F.);
#5554=EDGE_LOOP('',(#5547,#5549,#5551,#5553));
#5555=FACE_OUTER_BOUND('',#5554,.F.);
#5556=ADVANCED_FACE('',(#5555),#5546,.F.);
#5557=CARTESIAN_POINT('',(-1.125E2,1.5E2,2.E1));
#5558=DIRECTION('',(0.E0,1.E0,0.E0));
#5559=DIRECTION('',(1.E0,0.E0,0.E0));
#5560=AXIS2_PLACEMENT_3D('',#5557,#5558,#5559);
#5561=CYLINDRICAL_SURFACE('',#5560,3.5E0);
#5562=ORIENTED_EDGE('',*,*,#3672,.F.);
#5563=ORIENTED_EDGE('',*,*,#5552,.T.);
#5565=ORIENTED_EDGE('',*,*,#5564,.T.);
#5566=ORIENTED_EDGE('',*,*,#5548,.F.);
#5567=EDGE_LOOP('',(#5562,#5563,#5565,#5566));
#5568=FACE_OUTER_BOUND('',#5567,.F.);
#5569=ADVANCED_FACE('',(#5568),#5561,.F.);
#5570=CARTESIAN_POINT('',(0.E0,7.E1,3.E1));
#5571=DIRECTION('',(0.E0,1.E0,0.E0));
#5572=DIRECTION('',(1.E0,0.E0,0.E0));
#5573=AXIS2_PLACEMENT_3D('',#5570,#5571,#5572);
#5574=PLANE('',#5573);
#5575=ORIENTED_EDGE('',*,*,#5550,.F.);
#5576=ORIENTED_EDGE('',*,*,#5564,.F.);
#5577=EDGE_LOOP('',(#5575,#5576));
#5578=FACE_OUTER_BOUND('',#5577,.F.);
#5579=ADVANCED_FACE('',(#5578),#5574,.T.);
#5580=CARTESIAN_POINT('',(-1.025E2,1.5E2,2.E1));
#5581=DIRECTION('',(0.E0,1.E0,0.E0));
#5582=DIRECTION('',(1.E0,0.E0,0.E0));
#5583=AXIS2_PLACEMENT_3D('',#5580,#5581,#5582);
#5584=CYLINDRICAL_SURFACE('',#5583,3.5E0);
#5585=ORIENTED_EDGE('',*,*,#3676,.F.);
#5587=ORIENTED_EDGE('',*,*,#5586,.T.);
#5589=ORIENTED_EDGE('',*,*,#5588,.T.);
#5591=ORIENTED_EDGE('',*,*,#5590,.F.);
#5592=EDGE_LOOP('',(#5585,#5587,#5589,#5591));
#5593=FACE_OUTER_BOUND('',#5592,.F.);
#5594=ADVANCED_FACE('',(#5593),#5584,.F.);
#5595=CARTESIAN_POINT('',(-1.025E2,1.5E2,2.E1));
#5596=DIRECTION('',(0.E0,1.E0,0.E0));
#5597=DIRECTION('',(1.E0,0.E0,0.E0));
#5598=AXIS2_PLACEMENT_3D('',#5595,#5596,#5597);
#5599=CYLINDRICAL_SURFACE('',#5598,3.5E0);
#5600=ORIENTED_EDGE('',*,*,#3678,.F.);
#5601=ORIENTED_EDGE('',*,*,#5590,.T.);
#5603=ORIENTED_EDGE('',*,*,#5602,.T.);
#5604=ORIENTED_EDGE('',*,*,#5586,.F.);
#5605=EDGE_LOOP('',(#5600,#5601,#5603,#5604));
#5606=FACE_OUTER_BOUND('',#5605,.F.);
#5607=ADVANCED_FACE('',(#5606),#5599,.F.);
#5608=CARTESIAN_POINT('',(1.E1,7.E1,3.E1));
#5609=DIRECTION('',(0.E0,1.E0,0.E0));
#5610=DIRECTION('',(1.E0,0.E0,0.E0));
#5611=AXIS2_PLACEMENT_3D('',#5608,#5609,#5610);
#5612=PLANE('',#5611);
#5613=ORIENTED_EDGE('',*,*,#5588,.F.);
#5614=ORIENTED_EDGE('',*,*,#5602,.F.);
#5615=EDGE_LOOP('',(#5613,#5614));
#5616=FACE_OUTER_BOUND('',#5615,.F.);
#5617=ADVANCED_FACE('',(#5616),#5612,.T.);
#5618=CARTESIAN_POINT('',(-9.25E1,1.5E2,2.E1));
#5619=DIRECTION('',(0.E0,1.E0,0.E0));
#5620=DIRECTION('',(1.E0,0.E0,0.E0));
#5621=AXIS2_PLACEMENT_3D('',#5618,#5619,#5620);
#5622=CYLINDRICAL_SURFACE('',#5621,3.5E0);
#5623=ORIENTED_EDGE('',*,*,#3682,.F.);
#5625=ORIENTED_EDGE('',*,*,#5624,.T.);
#5627=ORIENTED_EDGE('',*,*,#5626,.T.);
#5629=ORIENTED_EDGE('',*,*,#5628,.F.);
#5630=EDGE_LOOP('',(#5623,#5625,#5627,#5629));
#5631=FACE_OUTER_BOUND('',#5630,.F.);
#5632=ADVANCED_FACE('',(#5631),#5622,.F.);
#5633=CARTESIAN_POINT('',(-9.25E1,1.5E2,2.E1));
#5634=DIRECTION('',(0.E0,1.E0,0.E0));
#5635=DIRECTION('',(1.E0,0.E0,0.E0));
#5636=AXIS2_PLACEMENT_3D('',#5633,#5634,#5635);
#5637=CYLINDRICAL_SURFACE('',#5636,3.5E0);
#5638=ORIENTED_EDGE('',*,*,#3684,.F.);
#5639=ORIENTED_EDGE('',*,*,#5628,.T.);
#5641=ORIENTED_EDGE('',*,*,#5640,.T.);
#5642=ORIENTED_EDGE('',*,*,#5624,.F.);
#5643=EDGE_LOOP('',(#5638,#5639,#5641,#5642));
#5644=FACE_OUTER_BOUND('',#5643,.F.);
#5645=ADVANCED_FACE('',(#5644),#5637,.F.);
#5646=CARTESIAN_POINT('',(2.E1,7.E1,3.E1));
#5647=DIRECTION('',(0.E0,1.E0,0.E0));
#5648=DIRECTION('',(1.E0,0.E0,0.E0));
#5649=AXIS2_PLACEMENT_3D('',#5646,#5647,#5648);
#5650=PLANE('',#5649);
#5651=ORIENTED_EDGE('',*,*,#5626,.F.);
#5652=ORIENTED_EDGE('',*,*,#5640,.F.);
#5653=EDGE_LOOP('',(#5651,#5652));
#5654=FACE_OUTER_BOUND('',#5653,.F.);
#5655=ADVANCED_FACE('',(#5654),#5650,.T.);
#5656=CARTESIAN_POINT('',(-8.25E1,1.5E2,2.E1));
#5657=DIRECTION('',(0.E0,1.E0,0.E0));
#5658=DIRECTION('',(1.E0,0.E0,0.E0));
#5659=AXIS2_PLACEMENT_3D('',#5656,#5657,#5658);
#5660=CYLINDRICAL_SURFACE('',#5659,3.5E0);
#5661=ORIENTED_EDGE('',*,*,#3688,.F.);
#5663=ORIENTED_EDGE('',*,*,#5662,.T.);
#5665=ORIENTED_EDGE('',*,*,#5664,.T.);
#5667=ORIENTED_EDGE('',*,*,#5666,.F.);
#5668=EDGE_LOOP('',(#5661,#5663,#5665,#5667));
#5669=FACE_OUTER_BOUND('',#5668,.F.);
#5670=ADVANCED_FACE('',(#5669),#5660,.F.);
#5671=CARTESIAN_POINT('',(-8.25E1,1.5E2,2.E1));
#5672=DIRECTION('',(0.E0,1.E0,0.E0));
#5673=DIRECTION('',(1.E0,0.E0,0.E0));
#5674=AXIS2_PLACEMENT_3D('',#5671,#5672,#5673);
#5675=CYLINDRICAL_SURFACE('',#5674,3.5E0);
#5676=ORIENTED_EDGE('',*,*,#3690,.F.);
#5677=ORIENTED_EDGE('',*,*,#5666,.T.);
#5679=ORIENTED_EDGE('',*,*,#5678,.T.);
#5680=ORIENTED_EDGE('',*,*,#5662,.F.);
#5681=EDGE_LOOP('',(#5676,#5677,#5679,#5680));
#5682=FACE_OUTER_BOUND('',#5681,.F.);
#5683=ADVANCED_FACE('',(#5682),#5675,.F.);
#5684=CARTESIAN_POINT('',(3.E1,7.E1,3.E1));
#5685=DIRECTION('',(0.E0,1.E0,0.E0));
#5686=DIRECTION('',(1.E0,0.E0,0.E0));
#5687=AXIS2_PLACEMENT_3D('',#5684,#5685,#5686);
#5688=PLANE('',#5687);
#5689=ORIENTED_EDGE('',*,*,#5664,.F.);
#5690=ORIENTED_EDGE('',*,*,#5678,.F.);
#5691=EDGE_LOOP('',(#5689,#5690));
#5692=FACE_OUTER_BOUND('',#5691,.F.);
#5693=ADVANCED_FACE('',(#5692),#5688,.T.);
#5694=CARTESIAN_POINT('',(-7.25E1,1.5E2,2.E1));
#5695=DIRECTION('',(0.E0,1.E0,0.E0));
#5696=DIRECTION('',(1.E0,0.E0,0.E0));
#5697=AXIS2_PLACEMENT_3D('',#5694,#5695,#5696);
#5698=CYLINDRICAL_SURFACE('',#5697,3.5E0);
#5699=ORIENTED_EDGE('',*,*,#3694,.F.);
#5701=ORIENTED_EDGE('',*,*,#5700,.T.);
#5703=ORIENTED_EDGE('',*,*,#5702,.T.);
#5705=ORIENTED_EDGE('',*,*,#5704,.F.);
#5706=EDGE_LOOP('',(#5699,#5701,#5703,#5705));
#5707=FACE_OUTER_BOUND('',#5706,.F.);
#5708=ADVANCED_FACE('',(#5707),#5698,.F.);
#5709=CARTESIAN_POINT('',(-7.25E1,1.5E2,2.E1));
#5710=DIRECTION('',(0.E0,1.E0,0.E0));
#5711=DIRECTION('',(1.E0,0.E0,0.E0));
#5712=AXIS2_PLACEMENT_3D('',#5709,#5710,#5711);
#5713=CYLINDRICAL_SURFACE('',#5712,3.5E0);
#5714=ORIENTED_EDGE('',*,*,#3696,.F.);
#5715=ORIENTED_EDGE('',*,*,#5704,.T.);
#5717=ORIENTED_EDGE('',*,*,#5716,.T.);
#5718=ORIENTED_EDGE('',*,*,#5700,.F.);
#5719=EDGE_LOOP('',(#5714,#5715,#5717,#5718));
#5720=FACE_OUTER_BOUND('',#5719,.F.);
#5721=ADVANCED_FACE('',(#5720),#5713,.F.);
#5722=CARTESIAN_POINT('',(4.E1,7.E1,3.E1));
#5723=DIRECTION('',(0.E0,1.E0,0.E0));
#5724=DIRECTION('',(1.E0,0.E0,0.E0));
#5725=AXIS2_PLACEMENT_3D('',#5722,#5723,#5724);
#5726=PLANE('',#5725);
#5727=ORIENTED_EDGE('',*,*,#5702,.F.);
#5728=ORIENTED_EDGE('',*,*,#5716,.F.);
#5729=EDGE_LOOP('',(#5727,#5728));
#5730=FACE_OUTER_BOUND('',#5729,.F.);
#5731=ADVANCED_FACE('',(#5730),#5726,.T.);
#5732=CARTESIAN_POINT('',(-6.25E1,1.5E2,2.E1));
#5733=DIRECTION('',(0.E0,1.E0,0.E0));
#5734=DIRECTION('',(1.E0,0.E0,0.E0));
#5735=AXIS2_PLACEMENT_3D('',#5732,#5733,#5734);
#5736=CYLINDRICAL_SURFACE('',#5735,3.5E0);
#5737=ORIENTED_EDGE('',*,*,#3700,.F.);
#5739=ORIENTED_EDGE('',*,*,#5738,.T.);
#5741=ORIENTED_EDGE('',*,*,#5740,.T.);
#5743=ORIENTED_EDGE('',*,*,#5742,.F.);
#5744=EDGE_LOOP('',(#5737,#5739,#5741,#5743));
#5745=FACE_OUTER_BOUND('',#5744,.F.);
#5746=ADVANCED_FACE('',(#5745),#5736,.F.);
#5747=CARTESIAN_POINT('',(-6.25E1,1.5E2,2.E1));
#5748=DIRECTION('',(0.E0,1.E0,0.E0));
#5749=DIRECTION('',(1.E0,0.E0,0.E0));
#5750=AXIS2_PLACEMENT_3D('',#5747,#5748,#5749);
#5751=CYLINDRICAL_SURFACE('',#5750,3.5E0);
#5752=ORIENTED_EDGE('',*,*,#3702,.F.);
#5753=ORIENTED_EDGE('',*,*,#5742,.T.);
#5755=ORIENTED_EDGE('',*,*,#5754,.T.);
#5756=ORIENTED_EDGE('',*,*,#5738,.F.);
#5757=EDGE_LOOP('',(#5752,#5753,#5755,#5756));
#5758=FACE_OUTER_BOUND('',#5757,.F.);
#5759=ADVANCED_FACE('',(#5758),#5751,.F.);
#5760=CARTESIAN_POINT('',(5.E1,7.E1,3.E1));
#5761=DIRECTION('',(0.E0,1.E0,0.E0));
#5762=DIRECTION('',(1.E0,0.E0,0.E0));
#5763=AXIS2_PLACEMENT_3D('',#5760,#5761,#5762);
#5764=PLANE('',#5763);
#5765=ORIENTED_EDGE('',*,*,#5740,.F.);
#5766=ORIENTED_EDGE('',*,*,#5754,.F.);
#5767=EDGE_LOOP('',(#5765,#5766));
#5768=FACE_OUTER_BOUND('',#5767,.F.);
#5769=ADVANCED_FACE('',(#5768),#5764,.T.);
#5770=CARTESIAN_POINT('',(-5.25E1,1.5E2,2.E1));
#5771=DIRECTION('',(0.E0,1.E0,0.E0));
#5772=DIRECTION('',(1.E0,0.E0,0.E0));
#5773=AXIS2_PLACEMENT_3D('',#5770,#5771,#5772);
#5774=CYLINDRICAL_SURFACE('',#5773,3.5E0);
#5775=ORIENTED_EDGE('',*,*,#3706,.F.);
#5777=ORIENTED_EDGE('',*,*,#5776,.T.);
#5779=ORIENTED_EDGE('',*,*,#5778,.T.);
#5781=ORIENTED_EDGE('',*,*,#5780,.F.);
#5782=EDGE_LOOP('',(#5775,#5777,#5779,#5781));
#5783=FACE_OUTER_BOUND('',#5782,.F.);
#5784=ADVANCED_FACE('',(#5783),#5774,.F.);
#5785=CARTESIAN_POINT('',(-5.25E1,1.5E2,2.E1));
#5786=DIRECTION('',(0.E0,1.E0,0.E0));
#5787=DIRECTION('',(1.E0,0.E0,0.E0));
#5788=AXIS2_PLACEMENT_3D('',#5785,#5786,#5787);
#5789=CYLINDRICAL_SURFACE('',#5788,3.5E0);
#5790=ORIENTED_EDGE('',*,*,#3708,.F.);
#5791=ORIENTED_EDGE('',*,*,#5780,.T.);
#5793=ORIENTED_EDGE('',*,*,#5792,.T.);
#5794=ORIENTED_EDGE('',*,*,#5776,.F.);
#5795=EDGE_LOOP('',(#5790,#5791,#5793,#5794));
#5796=FACE_OUTER_BOUND('',#5795,.F.);
#5797=ADVANCED_FACE('',(#5796),#5789,.F.);
#5798=CARTESIAN_POINT('',(6.E1,7.E1,3.E1));
#5799=DIRECTION('',(0.E0,1.E0,0.E0));
#5800=DIRECTION('',(1.E0,0.E0,0.E0));
#5801=AXIS2_PLACEMENT_3D('',#5798,#5799,#5800);
#5802=PLANE('',#5801);
#5803=ORIENTED_EDGE('',*,*,#5778,.F.);
#5804=ORIENTED_EDGE('',*,*,#5792,.F.);
#5805=EDGE_LOOP('',(#5803,#5804));
#5806=FACE_OUTER_BOUND('',#5805,.F.);
#5807=ADVANCED_FACE('',(#5806),#5802,.T.);
#5808=CARTESIAN_POINT('',(-4.25E1,1.5E2,2.E1));
#5809=DIRECTION('',(0.E0,1.E0,0.E0));
#5810=DIRECTION('',(1.E0,0.E0,0.E0));
#5811=AXIS2_PLACEMENT_3D('',#5808,#5809,#5810);
#5812=CYLINDRICAL_SURFACE('',#5811,3.5E0);
#5813=ORIENTED_EDGE('',*,*,#3712,.F.);
#5815=ORIENTED_EDGE('',*,*,#5814,.T.);
#5817=ORIENTED_EDGE('',*,*,#5816,.T.);
#5819=ORIENTED_EDGE('',*,*,#5818,.F.);
#5820=EDGE_LOOP('',(#5813,#5815,#5817,#5819));
#5821=FACE_OUTER_BOUND('',#5820,.F.);
#5822=ADVANCED_FACE('',(#5821),#5812,.F.);
#5823=CARTESIAN_POINT('',(-4.25E1,1.5E2,2.E1));
#5824=DIRECTION('',(0.E0,1.E0,0.E0));
#5825=DIRECTION('',(1.E0,0.E0,0.E0));
#5826=AXIS2_PLACEMENT_3D('',#5823,#5824,#5825);
#5827=CYLINDRICAL_SURFACE('',#5826,3.5E0);
#5828=ORIENTED_EDGE('',*,*,#3714,.F.);
#5829=ORIENTED_EDGE('',*,*,#5818,.T.);
#5831=ORIENTED_EDGE('',*,*,#5830,.T.);
#5832=ORIENTED_EDGE('',*,*,#5814,.F.);
#5833=EDGE_LOOP('',(#5828,#5829,#5831,#5832));
#5834=FACE_OUTER_BOUND('',#5833,.F.);
#5835=ADVANCED_FACE('',(#5834),#5827,.F.);
#5836=CARTESIAN_POINT('',(7.E1,7.E1,3.E1));
#5837=DIRECTION('',(0.E0,1.E0,0.E0));
#5838=DIRECTION('',(1.E0,0.E0,0.E0));
#5839=AXIS2_PLACEMENT_3D('',#5836,#5837,#5838);
#5840=PLANE('',#5839);
#5841=ORIENTED_EDGE('',*,*,#5816,.F.);
#5842=ORIENTED_EDGE('',*,*,#5830,.F.);
#5843=EDGE_LOOP('',(#5841,#5842));
#5844=FACE_OUTER_BOUND('',#5843,.F.);
#5845=ADVANCED_FACE('',(#5844),#5840,.T.);
#5846=CARTESIAN_POINT('',(-3.25E1,1.5E2,2.E1));
#5847=DIRECTION('',(0.E0,1.E0,0.E0));
#5848=DIRECTION('',(1.E0,0.E0,0.E0));
#5849=AXIS2_PLACEMENT_3D('',#5846,#5847,#5848);
#5850=CYLINDRICAL_SURFACE('',#5849,3.5E0);
#5851=ORIENTED_EDGE('',*,*,#3718,.F.);
#5853=ORIENTED_EDGE('',*,*,#5852,.T.);
#5855=ORIENTED_EDGE('',*,*,#5854,.T.);
#5857=ORIENTED_EDGE('',*,*,#5856,.F.);
#5858=EDGE_LOOP('',(#5851,#5853,#5855,#5857));
#5859=FACE_OUTER_BOUND('',#5858,.F.);
#5860=ADVANCED_FACE('',(#5859),#5850,.F.);
#5861=CARTESIAN_POINT('',(-3.25E1,1.5E2,2.E1));
#5862=DIRECTION('',(0.E0,1.E0,0.E0));
#5863=DIRECTION('',(1.E0,0.E0,0.E0));
#5864=AXIS2_PLACEMENT_3D('',#5861,#5862,#5863);
#5865=CYLINDRICAL_SURFACE('',#5864,3.5E0);
#5866=ORIENTED_EDGE('',*,*,#3720,.F.);
#5867=ORIENTED_EDGE('',*,*,#5856,.T.);
#5869=ORIENTED_EDGE('',*,*,#5868,.T.);
#5870=ORIENTED_EDGE('',*,*,#5852,.F.);
#5871=EDGE_LOOP('',(#5866,#5867,#5869,#5870));
#5872=FACE_OUTER_BOUND('',#5871,.F.);
#5873=ADVANCED_FACE('',(#5872),#5865,.F.);
#5874=CARTESIAN_POINT('',(8.E1,7.E1,3.E1));
#5875=DIRECTION('',(0.E0,1.E0,0.E0));
#5876=DIRECTION('',(1.E0,0.E0,0.E0));
#5877=AXIS2_PLACEMENT_3D('',#5874,#5875,#5876);
#5878=PLANE('',#5877);
#5879=ORIENTED_EDGE('',*,*,#5854,.F.);
#5880=ORIENTED_EDGE('',*,*,#5868,.F.);
#5881=EDGE_LOOP('',(#5879,#5880));
#5882=FACE_OUTER_BOUND('',#5881,.F.);
#5883=ADVANCED_FACE('',(#5882),#5878,.T.);
#5884=CARTESIAN_POINT('',(-2.25E1,1.5E2,2.E1));
#5885=DIRECTION('',(0.E0,1.E0,0.E0));
#5886=DIRECTION('',(1.E0,0.E0,0.E0));
#5887=AXIS2_PLACEMENT_3D('',#5884,#5885,#5886);
#5888=CYLINDRICAL_SURFACE('',#5887,3.5E0);
#5889=ORIENTED_EDGE('',*,*,#3724,.F.);
#5891=ORIENTED_EDGE('',*,*,#5890,.T.);
#5893=ORIENTED_EDGE('',*,*,#5892,.T.);
#5895=ORIENTED_EDGE('',*,*,#5894,.F.);
#5896=EDGE_LOOP('',(#5889,#5891,#5893,#5895));
#5897=FACE_OUTER_BOUND('',#5896,.F.);
#5898=ADVANCED_FACE('',(#5897),#5888,.F.);
#5899=CARTESIAN_POINT('',(-2.25E1,1.5E2,2.E1));
#5900=DIRECTION('',(0.E0,1.E0,0.E0));
#5901=DIRECTION('',(1.E0,0.E0,0.E0));
#5902=AXIS2_PLACEMENT_3D('',#5899,#5900,#5901);
#5903=CYLINDRICAL_SURFACE('',#5902,3.5E0);
#5904=ORIENTED_EDGE('',*,*,#3726,.F.);
#5905=ORIENTED_EDGE('',*,*,#5894,.T.);
#5907=ORIENTED_EDGE('',*,*,#5906,.T.);
#5908=ORIENTED_EDGE('',*,*,#5890,.F.);
#5909=EDGE_LOOP('',(#5904,#5905,#5907,#5908));
#5910=FACE_OUTER_BOUND('',#5909,.F.);
#5911=ADVANCED_FACE('',(#5910),#5903,.F.);
#5912=CARTESIAN_POINT('',(9.E1,7.E1,3.E1));
#5913=DIRECTION('',(0.E0,1.E0,0.E0));
#5914=DIRECTION('',(1.E0,0.E0,0.E0));
#5915=AXIS2_PLACEMENT_3D('',#5912,#5913,#5914);
#5916=PLANE('',#5915);
#5917=ORIENTED_EDGE('',*,*,#5892,.F.);
#5918=ORIENTED_EDGE('',*,*,#5906,.F.);
#5919=EDGE_LOOP('',(#5917,#5918));
#5920=FACE_OUTER_BOUND('',#5919,.F.);
#5921=ADVANCED_FACE('',(#5920),#5916,.T.);
#5922=CARTESIAN_POINT('',(-1.25E1,1.5E2,2.E1));
#5923=DIRECTION('',(0.E0,1.E0,0.E0));
#5924=DIRECTION('',(1.E0,0.E0,0.E0));
#5925=AXIS2_PLACEMENT_3D('',#5922,#5923,#5924);
#5926=CYLINDRICAL_SURFACE('',#5925,3.5E0);
#5927=ORIENTED_EDGE('',*,*,#3730,.F.);
#5929=ORIENTED_EDGE('',*,*,#5928,.T.);
#5931=ORIENTED_EDGE('',*,*,#5930,.T.);
#5933=ORIENTED_EDGE('',*,*,#5932,.F.);
#5934=EDGE_LOOP('',(#5927,#5929,#5931,#5933));
#5935=FACE_OUTER_BOUND('',#5934,.F.);
#5936=ADVANCED_FACE('',(#5935),#5926,.F.);
#5937=CARTESIAN_POINT('',(-1.25E1,1.5E2,2.E1));
#5938=DIRECTION('',(0.E0,1.E0,0.E0));
#5939=DIRECTION('',(1.E0,0.E0,0.E0));
#5940=AXIS2_PLACEMENT_3D('',#5937,#5938,#5939);
#5941=CYLINDRICAL_SURFACE('',#5940,3.5E0);
#5942=ORIENTED_EDGE('',*,*,#3732,.F.);
#5943=ORIENTED_EDGE('',*,*,#5932,.T.);
#5945=ORIENTED_EDGE('',*,*,#5944,.T.);
#5946=ORIENTED_EDGE('',*,*,#5928,.F.);
#5947=EDGE_LOOP('',(#5942,#5943,#5945,#5946));
#5948=FACE_OUTER_BOUND('',#5947,.F.);
#5949=ADVANCED_FACE('',(#5948),#5941,.F.);
#5950=CARTESIAN_POINT('',(1.E2,7.E1,3.E1));
#5951=DIRECTION('',(0.E0,1.E0,0.E0));
#5952=DIRECTION('',(1.E0,0.E0,0.E0));
#5953=AXIS2_PLACEMENT_3D('',#5950,#5951,#5952);
#5954=PLANE('',#5953);
#5955=ORIENTED_EDGE('',*,*,#5930,.F.);
#5956=ORIENTED_EDGE('',*,*,#5944,.F.);
#5957=EDGE_LOOP('',(#5955,#5956));
#5958=FACE_OUTER_BOUND('',#5957,.F.);
#5959=ADVANCED_FACE('',(#5958),#5954,.T.);
#5960=CARTESIAN_POINT('',(-1.125E2,1.5E2,3.E1));
#5961=DIRECTION('',(0.E0,1.E0,0.E0));
#5962=DIRECTION('',(1.E0,0.E0,0.E0));
#5963=AXIS2_PLACEMENT_3D('',#5960,#5961,#5962);
#5964=CYLINDRICAL_SURFACE('',#5963,3.5E0);
#5965=ORIENTED_EDGE('',*,*,#3736,.F.);
#5967=ORIENTED_EDGE('',*,*,#5966,.T.);
#5969=ORIENTED_EDGE('',*,*,#5968,.T.);
#5971=ORIENTED_EDGE('',*,*,#5970,.F.);
#5972=EDGE_LOOP('',(#5965,#5967,#5969,#5971));
#5973=FACE_OUTER_BOUND('',#5972,.F.);
#5974=ADVANCED_FACE('',(#5973),#5964,.F.);
#5975=CARTESIAN_POINT('',(-1.125E2,1.5E2,3.E1));
#5976=DIRECTION('',(0.E0,1.E0,0.E0));
#5977=DIRECTION('',(1.E0,0.E0,0.E0));
#5978=AXIS2_PLACEMENT_3D('',#5975,#5976,#5977);
#5979=CYLINDRICAL_SURFACE('',#5978,3.5E0);
#5980=ORIENTED_EDGE('',*,*,#3738,.F.);
#5981=ORIENTED_EDGE('',*,*,#5970,.T.);
#5983=ORIENTED_EDGE('',*,*,#5982,.T.);
#5984=ORIENTED_EDGE('',*,*,#5966,.F.);
#5985=EDGE_LOOP('',(#5980,#5981,#5983,#5984));
#5986=FACE_OUTER_BOUND('',#5985,.F.);
#5987=ADVANCED_FACE('',(#5986),#5979,.F.);
#5988=CARTESIAN_POINT('',(0.E0,7.E1,4.E1));
#5989=DIRECTION('',(0.E0,1.E0,0.E0));
#5990=DIRECTION('',(1.E0,0.E0,0.E0));
#5991=AXIS2_PLACEMENT_3D('',#5988,#5989,#5990);
#5992=PLANE('',#5991);
#5993=ORIENTED_EDGE('',*,*,#5968,.F.);
#5994=ORIENTED_EDGE('',*,*,#5982,.F.);
#5995=EDGE_LOOP('',(#5993,#5994));
#5996=FACE_OUTER_BOUND('',#5995,.F.);
#5997=ADVANCED_FACE('',(#5996),#5992,.T.);
#5998=CARTESIAN_POINT('',(-1.025E2,1.5E2,3.E1));
#5999=DIRECTION('',(0.E0,1.E0,0.E0));
#6000=DIRECTION('',(1.E0,0.E0,0.E0));
#6001=AXIS2_PLACEMENT_3D('',#5998,#5999,#6000);
#6002=CYLINDRICAL_SURFACE('',#6001,3.5E0);
#6003=ORIENTED_EDGE('',*,*,#3742,.F.);
#6005=ORIENTED_EDGE('',*,*,#6004,.T.);
#6007=ORIENTED_EDGE('',*,*,#6006,.T.);
#6009=ORIENTED_EDGE('',*,*,#6008,.F.);
#6010=EDGE_LOOP('',(#6003,#6005,#6007,#6009));
#6011=FACE_OUTER_BOUND('',#6010,.F.);
#6012=ADVANCED_FACE('',(#6011),#6002,.F.);
#6013=CARTESIAN_POINT('',(-1.025E2,1.5E2,3.E1));
#6014=DIRECTION('',(0.E0,1.E0,0.E0));
#6015=DIRECTION('',(1.E0,0.E0,0.E0));
#6016=AXIS2_PLACEMENT_3D('',#6013,#6014,#6015);
#6017=CYLINDRICAL_SURFACE('',#6016,3.5E0);
#6018=ORIENTED_EDGE('',*,*,#3744,.F.);
#6019=ORIENTED_EDGE('',*,*,#6008,.T.);
#6021=ORIENTED_EDGE('',*,*,#6020,.T.);
#6022=ORIENTED_EDGE('',*,*,#6004,.F.);
#6023=EDGE_LOOP('',(#6018,#6019,#6021,#6022));
#6024=FACE_OUTER_BOUND('',#6023,.F.);
#6025=ADVANCED_FACE('',(#6024),#6017,.F.);
#6026=CARTESIAN_POINT('',(1.E1,7.E1,4.E1));
#6027=DIRECTION('',(0.E0,1.E0,0.E0));
#6028=DIRECTION('',(1.E0,0.E0,0.E0));
#6029=AXIS2_PLACEMENT_3D('',#6026,#6027,#6028);
#6030=PLANE('',#6029);
#6031=ORIENTED_EDGE('',*,*,#6006,.F.);
#6032=ORIENTED_EDGE('',*,*,#6020,.F.);
#6033=EDGE_LOOP('',(#6031,#6032));
#6034=FACE_OUTER_BOUND('',#6033,.F.);
#6035=ADVANCED_FACE('',(#6034),#6030,.T.);
#6036=CARTESIAN_POINT('',(-9.25E1,1.5E2,3.E1));
#6037=DIRECTION('',(0.E0,1.E0,0.E0));
#6038=DIRECTION('',(1.E0,0.E0,0.E0));
#6039=AXIS2_PLACEMENT_3D('',#6036,#6037,#6038);
#6040=CYLINDRICAL_SURFACE('',#6039,3.5E0);
#6041=ORIENTED_EDGE('',*,*,#3748,.F.);
#6043=ORIENTED_EDGE('',*,*,#6042,.T.);
#6045=ORIENTED_EDGE('',*,*,#6044,.T.);
#6047=ORIENTED_EDGE('',*,*,#6046,.F.);
#6048=EDGE_LOOP('',(#6041,#6043,#6045,#6047));
#6049=FACE_OUTER_BOUND('',#6048,.F.);
#6050=ADVANCED_FACE('',(#6049),#6040,.F.);
#6051=CARTESIAN_POINT('',(-9.25E1,1.5E2,3.E1));
#6052=DIRECTION('',(0.E0,1.E0,0.E0));
#6053=DIRECTION('',(1.E0,0.E0,0.E0));
#6054=AXIS2_PLACEMENT_3D('',#6051,#6052,#6053);
#6055=CYLINDRICAL_SURFACE('',#6054,3.5E0);
#6056=ORIENTED_EDGE('',*,*,#3750,.F.);
#6057=ORIENTED_EDGE('',*,*,#6046,.T.);
#6059=ORIENTED_EDGE('',*,*,#6058,.T.);
#6060=ORIENTED_EDGE('',*,*,#6042,.F.);
#6061=EDGE_LOOP('',(#6056,#6057,#6059,#6060));
#6062=FACE_OUTER_BOUND('',#6061,.F.);
#6063=ADVANCED_FACE('',(#6062),#6055,.F.);
#6064=CARTESIAN_POINT('',(2.E1,7.E1,4.E1));
#6065=DIRECTION('',(0.E0,1.E0,0.E0));
#6066=DIRECTION('',(1.E0,0.E0,0.E0));
#6067=AXIS2_PLACEMENT_3D('',#6064,#6065,#6066);
#6068=PLANE('',#6067);
#6069=ORIENTED_EDGE('',*,*,#6044,.F.);
#6070=ORIENTED_EDGE('',*,*,#6058,.F.);
#6071=EDGE_LOOP('',(#6069,#6070));
#6072=FACE_OUTER_BOUND('',#6071,.F.);
#6073=ADVANCED_FACE('',(#6072),#6068,.T.);
#6074=CARTESIAN_POINT('',(-8.25E1,1.5E2,3.E1));
#6075=DIRECTION('',(0.E0,1.E0,0.E0));
#6076=DIRECTION('',(1.E0,0.E0,0.E0));
#6077=AXIS2_PLACEMENT_3D('',#6074,#6075,#6076);
#6078=CYLINDRICAL_SURFACE('',#6077,3.5E0);
#6079=ORIENTED_EDGE('',*,*,#3754,.F.);
#6081=ORIENTED_EDGE('',*,*,#6080,.T.);
#6083=ORIENTED_EDGE('',*,*,#6082,.T.);
#6085=ORIENTED_EDGE('',*,*,#6084,.F.);
#6086=EDGE_LOOP('',(#6079,#6081,#6083,#6085));
#6087=FACE_OUTER_BOUND('',#6086,.F.);
#6088=ADVANCED_FACE('',(#6087),#6078,.F.);
#6089=CARTESIAN_POINT('',(-8.25E1,1.5E2,3.E1));
#6090=DIRECTION('',(0.E0,1.E0,0.E0));
#6091=DIRECTION('',(1.E0,0.E0,0.E0));
#6092=AXIS2_PLACEMENT_3D('',#6089,#6090,#6091);
#6093=CYLINDRICAL_SURFACE('',#6092,3.5E0);
#6094=ORIENTED_EDGE('',*,*,#3756,.F.);
#6095=ORIENTED_EDGE('',*,*,#6084,.T.);
#6097=ORIENTED_EDGE('',*,*,#6096,.T.);
#6098=ORIENTED_EDGE('',*,*,#6080,.F.);
#6099=EDGE_LOOP('',(#6094,#6095,#6097,#6098));
#6100=FACE_OUTER_BOUND('',#6099,.F.);
#6101=ADVANCED_FACE('',(#6100),#6093,.F.);
#6102=CARTESIAN_POINT('',(3.E1,7.E1,4.E1));
#6103=DIRECTION('',(0.E0,1.E0,0.E0));
#6104=DIRECTION('',(1.E0,0.E0,0.E0));
#6105=AXIS2_PLACEMENT_3D('',#6102,#6103,#6104);
#6106=PLANE('',#6105);
#6107=ORIENTED_EDGE('',*,*,#6082,.F.);
#6108=ORIENTED_EDGE('',*,*,#6096,.F.);
#6109=EDGE_LOOP('',(#6107,#6108));
#6110=FACE_OUTER_BOUND('',#6109,.F.);
#6111=ADVANCED_FACE('',(#6110),#6106,.T.);
#6112=CARTESIAN_POINT('',(-7.25E1,1.5E2,3.E1));
#6113=DIRECTION('',(0.E0,1.E0,0.E0));
#6114=DIRECTION('',(1.E0,0.E0,0.E0));
#6115=AXIS2_PLACEMENT_3D('',#6112,#6113,#6114);
#6116=CYLINDRICAL_SURFACE('',#6115,3.5E0);
#6117=ORIENTED_EDGE('',*,*,#3760,.F.);
#6119=ORIENTED_EDGE('',*,*,#6118,.T.);
#6121=ORIENTED_EDGE('',*,*,#6120,.T.);
#6123=ORIENTED_EDGE('',*,*,#6122,.F.);
#6124=EDGE_LOOP('',(#6117,#6119,#6121,#6123));
#6125=FACE_OUTER_BOUND('',#6124,.F.);
#6126=ADVANCED_FACE('',(#6125),#6116,.F.);
#6127=CARTESIAN_POINT('',(-7.25E1,1.5E2,3.E1));
#6128=DIRECTION('',(0.E0,1.E0,0.E0));
#6129=DIRECTION('',(1.E0,0.E0,0.E0));
#6130=AXIS2_PLACEMENT_3D('',#6127,#6128,#6129);
#6131=CYLINDRICAL_SURFACE('',#6130,3.5E0);
#6132=ORIENTED_EDGE('',*,*,#3762,.F.);
#6133=ORIENTED_EDGE('',*,*,#6122,.T.);
#6135=ORIENTED_EDGE('',*,*,#6134,.T.);
#6136=ORIENTED_EDGE('',*,*,#6118,.F.);
#6137=EDGE_LOOP('',(#6132,#6133,#6135,#6136));
#6138=FACE_OUTER_BOUND('',#6137,.F.);
#6139=ADVANCED_FACE('',(#6138),#6131,.F.);
#6140=CARTESIAN_POINT('',(4.E1,7.E1,4.E1));
#6141=DIRECTION('',(0.E0,1.E0,0.E0));
#6142=DIRECTION('',(1.E0,0.E0,0.E0));
#6143=AXIS2_PLACEMENT_3D('',#6140,#6141,#6142);
#6144=PLANE('',#6143);
#6145=ORIENTED_EDGE('',*,*,#6120,.F.);
#6146=ORIENTED_EDGE('',*,*,#6134,.F.);
#6147=EDGE_LOOP('',(#6145,#6146));
#6148=FACE_OUTER_BOUND('',#6147,.F.);
#6149=ADVANCED_FACE('',(#6148),#6144,.T.);
#6150=CARTESIAN_POINT('',(-6.25E1,1.5E2,3.E1));
#6151=DIRECTION('',(0.E0,1.E0,0.E0));
#6152=DIRECTION('',(1.E0,0.E0,0.E0));
#6153=AXIS2_PLACEMENT_3D('',#6150,#6151,#6152);
#6154=CYLINDRICAL_SURFACE('',#6153,3.5E0);
#6155=ORIENTED_EDGE('',*,*,#3766,.F.);
#6157=ORIENTED_EDGE('',*,*,#6156,.T.);
#6159=ORIENTED_EDGE('',*,*,#6158,.T.);
#6161=ORIENTED_EDGE('',*,*,#6160,.F.);
#6162=EDGE_LOOP('',(#6155,#6157,#6159,#6161));
#6163=FACE_OUTER_BOUND('',#6162,.F.);
#6164=ADVANCED_FACE('',(#6163),#6154,.F.);
#6165=CARTESIAN_POINT('',(-6.25E1,1.5E2,3.E1));
#6166=DIRECTION('',(0.E0,1.E0,0.E0));
#6167=DIRECTION('',(1.E0,0.E0,0.E0));
#6168=AXIS2_PLACEMENT_3D('',#6165,#6166,#6167);
#6169=CYLINDRICAL_SURFACE('',#6168,3.5E0);
#6170=ORIENTED_EDGE('',*,*,#3768,.F.);
#6171=ORIENTED_EDGE('',*,*,#6160,.T.);
#6173=ORIENTED_EDGE('',*,*,#6172,.T.);
#6174=ORIENTED_EDGE('',*,*,#6156,.F.);
#6175=EDGE_LOOP('',(#6170,#6171,#6173,#6174));
#6176=FACE_OUTER_BOUND('',#6175,.F.);
#6177=ADVANCED_FACE('',(#6176),#6169,.F.);
#6178=CARTESIAN_POINT('',(5.E1,7.E1,4.E1));
#6179=DIRECTION('',(0.E0,1.E0,0.E0));
#6180=DIRECTION('',(1.E0,0.E0,0.E0));
#6181=AXIS2_PLACEMENT_3D('',#6178,#6179,#6180);
#6182=PLANE('',#6181);
#6183=ORIENTED_EDGE('',*,*,#6158,.F.);
#6184=ORIENTED_EDGE('',*,*,#6172,.F.);
#6185=EDGE_LOOP('',(#6183,#6184));
#6186=FACE_OUTER_BOUND('',#6185,.F.);
#6187=ADVANCED_FACE('',(#6186),#6182,.T.);
#6188=CARTESIAN_POINT('',(-5.25E1,1.5E2,3.E1));
#6189=DIRECTION('',(0.E0,1.E0,0.E0));
#6190=DIRECTION('',(1.E0,0.E0,0.E0));
#6191=AXIS2_PLACEMENT_3D('',#6188,#6189,#6190);
#6192=CYLINDRICAL_SURFACE('',#6191,3.5E0);
#6193=ORIENTED_EDGE('',*,*,#3772,.F.);
#6195=ORIENTED_EDGE('',*,*,#6194,.T.);
#6197=ORIENTED_EDGE('',*,*,#6196,.T.);
#6199=ORIENTED_EDGE('',*,*,#6198,.F.);
#6200=EDGE_LOOP('',(#6193,#6195,#6197,#6199));
#6201=FACE_OUTER_BOUND('',#6200,.F.);
#6202=ADVANCED_FACE('',(#6201),#6192,.F.);
#6203=CARTESIAN_POINT('',(-5.25E1,1.5E2,3.E1));
#6204=DIRECTION('',(0.E0,1.E0,0.E0));
#6205=DIRECTION('',(1.E0,0.E0,0.E0));
#6206=AXIS2_PLACEMENT_3D('',#6203,#6204,#6205);
#6207=CYLINDRICAL_SURFACE('',#6206,3.5E0);
#6208=ORIENTED_EDGE('',*,*,#3774,.F.);
#6209=ORIENTED_EDGE('',*,*,#6198,.T.);
#6211=ORIENTED_EDGE('',*,*,#6210,.T.);
#6212=ORIENTED_EDGE('',*,*,#6194,.F.);
#6213=EDGE_LOOP('',(#6208,#6209,#6211,#6212));
#6214=FACE_OUTER_BOUND('',#6213,.F.);
#6215=ADVANCED_FACE('',(#6214),#6207,.F.);
#6216=CARTESIAN_POINT('',(6.E1,7.E1,4.E1));
#6217=DIRECTION('',(0.E0,1.E0,0.E0));
#6218=DIRECTION('',(1.E0,0.E0,0.E0));
#6219=AXIS2_PLACEMENT_3D('',#6216,#6217,#6218);
#6220=PLANE('',#6219);
#6221=ORIENTED_EDGE('',*,*,#6196,.F.);
#6222=ORIENTED_EDGE('',*,*,#6210,.F.);
#6223=EDGE_LOOP('',(#6221,#6222));
#6224=FACE_OUTER_BOUND('',#6223,.F.);
#6225=ADVANCED_FACE('',(#6224),#6220,.T.);
#6226=CARTESIAN_POINT('',(-4.25E1,1.5E2,3.E1));
#6227=DIRECTION('',(0.E0,1.E0,0.E0));
#6228=DIRECTION('',(1.E0,0.E0,0.E0));
#6229=AXIS2_PLACEMENT_3D('',#6226,#6227,#6228);
#6230=CYLINDRICAL_SURFACE('',#6229,3.5E0);
#6231=ORIENTED_EDGE('',*,*,#3778,.F.);
#6233=ORIENTED_EDGE('',*,*,#6232,.T.);
#6235=ORIENTED_EDGE('',*,*,#6234,.T.);
#6237=ORIENTED_EDGE('',*,*,#6236,.F.);
#6238=EDGE_LOOP('',(#6231,#6233,#6235,#6237));
#6239=FACE_OUTER_BOUND('',#6238,.F.);
#6240=ADVANCED_FACE('',(#6239),#6230,.F.);
#6241=CARTESIAN_POINT('',(-4.25E1,1.5E2,3.E1));
#6242=DIRECTION('',(0.E0,1.E0,0.E0));
#6243=DIRECTION('',(1.E0,0.E0,0.E0));
#6244=AXIS2_PLACEMENT_3D('',#6241,#6242,#6243);
#6245=CYLINDRICAL_SURFACE('',#6244,3.5E0);
#6246=ORIENTED_EDGE('',*,*,#3780,.F.);
#6247=ORIENTED_EDGE('',*,*,#6236,.T.);
#6249=ORIENTED_EDGE('',*,*,#6248,.T.);
#6250=ORIENTED_EDGE('',*,*,#6232,.F.);
#6251=EDGE_LOOP('',(#6246,#6247,#6249,#6250));
#6252=FACE_OUTER_BOUND('',#6251,.F.);
#6253=ADVANCED_FACE('',(#6252),#6245,.F.);
#6254=CARTESIAN_POINT('',(7.E1,7.E1,4.E1));
#6255=DIRECTION('',(0.E0,1.E0,0.E0));
#6256=DIRECTION('',(1.E0,0.E0,0.E0));
#6257=AXIS2_PLACEMENT_3D('',#6254,#6255,#6256);
#6258=PLANE('',#6257);
#6259=ORIENTED_EDGE('',*,*,#6234,.F.);
#6260=ORIENTED_EDGE('',*,*,#6248,.F.);
#6261=EDGE_LOOP('',(#6259,#6260));
#6262=FACE_OUTER_BOUND('',#6261,.F.);
#6263=ADVANCED_FACE('',(#6262),#6258,.T.);
#6264=CARTESIAN_POINT('',(-3.25E1,1.5E2,3.E1));
#6265=DIRECTION('',(0.E0,1.E0,0.E0));
#6266=DIRECTION('',(1.E0,0.E0,0.E0));
#6267=AXIS2_PLACEMENT_3D('',#6264,#6265,#6266);
#6268=CYLINDRICAL_SURFACE('',#6267,3.5E0);
#6269=ORIENTED_EDGE('',*,*,#3784,.F.);
#6271=ORIENTED_EDGE('',*,*,#6270,.T.);
#6273=ORIENTED_EDGE('',*,*,#6272,.T.);
#6275=ORIENTED_EDGE('',*,*,#6274,.F.);
#6276=EDGE_LOOP('',(#6269,#6271,#6273,#6275));
#6277=FACE_OUTER_BOUND('',#6276,.F.);
#6278=ADVANCED_FACE('',(#6277),#6268,.F.);
#6279=CARTESIAN_POINT('',(-3.25E1,1.5E2,3.E1));
#6280=DIRECTION('',(0.E0,1.E0,0.E0));
#6281=DIRECTION('',(1.E0,0.E0,0.E0));
#6282=AXIS2_PLACEMENT_3D('',#6279,#6280,#6281);
#6283=CYLINDRICAL_SURFACE('',#6282,3.5E0);
#6284=ORIENTED_EDGE('',*,*,#3786,.F.);
#6285=ORIENTED_EDGE('',*,*,#6274,.T.);
#6287=ORIENTED_EDGE('',*,*,#6286,.T.);
#6288=ORIENTED_EDGE('',*,*,#6270,.F.);
#6289=EDGE_LOOP('',(#6284,#6285,#6287,#6288));
#6290=FACE_OUTER_BOUND('',#6289,.F.);
#6291=ADVANCED_FACE('',(#6290),#6283,.F.);
#6292=CARTESIAN_POINT('',(8.E1,7.E1,4.E1));
#6293=DIRECTION('',(0.E0,1.E0,0.E0));
#6294=DIRECTION('',(1.E0,0.E0,0.E0));
#6295=AXIS2_PLACEMENT_3D('',#6292,#6293,#6294);
#6296=PLANE('',#6295);
#6297=ORIENTED_EDGE('',*,*,#6272,.F.);
#6298=ORIENTED_EDGE('',*,*,#6286,.F.);
#6299=EDGE_LOOP('',(#6297,#6298));
#6300=FACE_OUTER_BOUND('',#6299,.F.);
#6301=ADVANCED_FACE('',(#6300),#6296,.T.);
#6302=CARTESIAN_POINT('',(-2.25E1,1.5E2,3.E1));
#6303=DIRECTION('',(0.E0,1.E0,0.E0));
#6304=DIRECTION('',(1.E0,0.E0,0.E0));
#6305=AXIS2_PLACEMENT_3D('',#6302,#6303,#6304);
#6306=CYLINDRICAL_SURFACE('',#6305,3.5E0);
#6307=ORIENTED_EDGE('',*,*,#3790,.F.);
#6309=ORIENTED_EDGE('',*,*,#6308,.T.);
#6311=ORIENTED_EDGE('',*,*,#6310,.T.);
#6313=ORIENTED_EDGE('',*,*,#6312,.F.);
#6314=EDGE_LOOP('',(#6307,#6309,#6311,#6313));
#6315=FACE_OUTER_BOUND('',#6314,.F.);
#6316=ADVANCED_FACE('',(#6315),#6306,.F.);
#6317=CARTESIAN_POINT('',(-2.25E1,1.5E2,3.E1));
#6318=DIRECTION('',(0.E0,1.E0,0.E0));
#6319=DIRECTION('',(1.E0,0.E0,0.E0));
#6320=AXIS2_PLACEMENT_3D('',#6317,#6318,#6319);
#6321=CYLINDRICAL_SURFACE('',#6320,3.5E0);
#6322=ORIENTED_EDGE('',*,*,#3792,.F.);
#6323=ORIENTED_EDGE('',*,*,#6312,.T.);
#6325=ORIENTED_EDGE('',*,*,#6324,.T.);
#6326=ORIENTED_EDGE('',*,*,#6308,.F.);
#6327=EDGE_LOOP('',(#6322,#6323,#6325,#6326));
#6328=FACE_OUTER_BOUND('',#6327,.F.);
#6329=ADVANCED_FACE('',(#6328),#6321,.F.);
#6330=CARTESIAN_POINT('',(9.E1,7.E1,4.E1));
#6331=DIRECTION('',(0.E0,1.E0,0.E0));
#6332=DIRECTION('',(1.E0,0.E0,0.E0));
#6333=AXIS2_PLACEMENT_3D('',#6330,#6331,#6332);
#6334=PLANE('',#6333);
#6335=ORIENTED_EDGE('',*,*,#6310,.F.);
#6336=ORIENTED_EDGE('',*,*,#6324,.F.);
#6337=EDGE_LOOP('',(#6335,#6336));
#6338=FACE_OUTER_BOUND('',#6337,.F.);
#6339=ADVANCED_FACE('',(#6338),#6334,.T.);
#6340=CARTESIAN_POINT('',(-1.25E1,1.5E2,3.E1));
#6341=DIRECTION('',(0.E0,1.E0,0.E0));
#6342=DIRECTION('',(1.E0,0.E0,0.E0));
#6343=AXIS2_PLACEMENT_3D('',#6340,#6341,#6342);
#6344=CYLINDRICAL_SURFACE('',#6343,3.5E0);
#6345=ORIENTED_EDGE('',*,*,#3796,.F.);
#6347=ORIENTED_EDGE('',*,*,#6346,.T.);
#6349=ORIENTED_EDGE('',*,*,#6348,.T.);
#6351=ORIENTED_EDGE('',*,*,#6350,.F.);
#6352=EDGE_LOOP('',(#6345,#6347,#6349,#6351));
#6353=FACE_OUTER_BOUND('',#6352,.F.);
#6354=ADVANCED_FACE('',(#6353),#6344,.F.);
#6355=CARTESIAN_POINT('',(-1.25E1,1.5E2,3.E1));
#6356=DIRECTION('',(0.E0,1.E0,0.E0));
#6357=DIRECTION('',(1.E0,0.E0,0.E0));
#6358=AXIS2_PLACEMENT_3D('',#6355,#6356,#6357);
#6359=CYLINDRICAL_SURFACE('',#6358,3.5E0);
#6360=ORIENTED_EDGE('',*,*,#3798,.F.);
#6361=ORIENTED_EDGE('',*,*,#6350,.T.);
#6363=ORIENTED_EDGE('',*,*,#6362,.T.);
#6364=ORIENTED_EDGE('',*,*,#6346,.F.);
#6365=EDGE_LOOP('',(#6360,#6361,#6363,#6364));
#6366=FACE_OUTER_BOUND('',#6365,.F.);
#6367=ADVANCED_FACE('',(#6366),#6359,.F.);
#6368=CARTESIAN_POINT('',(1.E2,7.E1,4.E1));
#6369=DIRECTION('',(0.E0,1.E0,0.E0));
#6370=DIRECTION('',(1.E0,0.E0,0.E0));
#6371=AXIS2_PLACEMENT_3D('',#6368,#6369,#6370);
#6372=PLANE('',#6371);
#6373=ORIENTED_EDGE('',*,*,#6348,.F.);
#6374=ORIENTED_EDGE('',*,*,#6362,.F.);
#6375=EDGE_LOOP('',(#6373,#6374));
#6376=FACE_OUTER_BOUND('',#6375,.F.);
#6377=ADVANCED_FACE('',(#6376),#6372,.T.);
#6378=CARTESIAN_POINT('',(-1.125E2,1.5E2,4.E1));
#6379=DIRECTION('',(0.E0,1.E0,0.E0));
#6380=DIRECTION('',(1.E0,0.E0,0.E0));
#6381=AXIS2_PLACEMENT_3D('',#6378,#6379,#6380);
#6382=CYLINDRICAL_SURFACE('',#6381,3.5E0);
#6383=ORIENTED_EDGE('',*,*,#3802,.F.);
#6385=ORIENTED_EDGE('',*,*,#6384,.T.);
#6387=ORIENTED_EDGE('',*,*,#6386,.T.);
#6389=ORIENTED_EDGE('',*,*,#6388,.F.);
#6390=EDGE_LOOP('',(#6383,#6385,#6387,#6389));
#6391=FACE_OUTER_BOUND('',#6390,.F.);
#6392=ADVANCED_FACE('',(#6391),#6382,.F.);
#6393=CARTESIAN_POINT('',(-1.125E2,1.5E2,4.E1));
#6394=DIRECTION('',(0.E0,1.E0,0.E0));
#6395=DIRECTION('',(1.E0,0.E0,0.E0));
#6396=AXIS2_PLACEMENT_3D('',#6393,#6394,#6395);
#6397=CYLINDRICAL_SURFACE('',#6396,3.5E0);
#6398=ORIENTED_EDGE('',*,*,#3804,.F.);
#6399=ORIENTED_EDGE('',*,*,#6388,.T.);
#6401=ORIENTED_EDGE('',*,*,#6400,.T.);
#6402=ORIENTED_EDGE('',*,*,#6384,.F.);
#6403=EDGE_LOOP('',(#6398,#6399,#6401,#6402));
#6404=FACE_OUTER_BOUND('',#6403,.F.);
#6405=ADVANCED_FACE('',(#6404),#6397,.F.);
#6406=CARTESIAN_POINT('',(0.E0,7.E1,5.E1));
#6407=DIRECTION('',(0.E0,1.E0,0.E0));
#6408=DIRECTION('',(1.E0,0.E0,0.E0));
#6409=AXIS2_PLACEMENT_3D('',#6406,#6407,#6408);
#6410=PLANE('',#6409);
#6411=ORIENTED_EDGE('',*,*,#6386,.F.);
#6412=ORIENTED_EDGE('',*,*,#6400,.F.);
#6413=EDGE_LOOP('',(#6411,#6412));
#6414=FACE_OUTER_BOUND('',#6413,.F.);
#6415=ADVANCED_FACE('',(#6414),#6410,.T.);
#6416=CARTESIAN_POINT('',(-1.025E2,1.5E2,4.E1));
#6417=DIRECTION('',(0.E0,1.E0,0.E0));
#6418=DIRECTION('',(1.E0,0.E0,0.E0));
#6419=AXIS2_PLACEMENT_3D('',#6416,#6417,#6418);
#6420=CYLINDRICAL_SURFACE('',#6419,3.5E0);
#6421=ORIENTED_EDGE('',*,*,#3808,.F.);
#6423=ORIENTED_EDGE('',*,*,#6422,.T.);
#6425=ORIENTED_EDGE('',*,*,#6424,.T.);
#6427=ORIENTED_EDGE('',*,*,#6426,.F.);
#6428=EDGE_LOOP('',(#6421,#6423,#6425,#6427));
#6429=FACE_OUTER_BOUND('',#6428,.F.);
#6430=ADVANCED_FACE('',(#6429),#6420,.F.);
#6431=CARTESIAN_POINT('',(-1.025E2,1.5E2,4.E1));
#6432=DIRECTION('',(0.E0,1.E0,0.E0));
#6433=DIRECTION('',(1.E0,0.E0,0.E0));
#6434=AXIS2_PLACEMENT_3D('',#6431,#6432,#6433);
#6435=CYLINDRICAL_SURFACE('',#6434,3.5E0);
#6436=ORIENTED_EDGE('',*,*,#3810,.F.);
#6437=ORIENTED_EDGE('',*,*,#6426,.T.);
#6439=ORIENTED_EDGE('',*,*,#6438,.T.);
#6440=ORIENTED_EDGE('',*,*,#6422,.F.);
#6441=EDGE_LOOP('',(#6436,#6437,#6439,#6440));
#6442=FACE_OUTER_BOUND('',#6441,.F.);
#6443=ADVANCED_FACE('',(#6442),#6435,.F.);
#6444=CARTESIAN_POINT('',(1.E1,7.E1,5.E1));
#6445=DIRECTION('',(0.E0,1.E0,0.E0));
#6446=DIRECTION('',(1.E0,0.E0,0.E0));
#6447=AXIS2_PLACEMENT_3D('',#6444,#6445,#6446);
#6448=PLANE('',#6447);
#6449=ORIENTED_EDGE('',*,*,#6424,.F.);
#6450=ORIENTED_EDGE('',*,*,#6438,.F.);
#6451=EDGE_LOOP('',(#6449,#6450));
#6452=FACE_OUTER_BOUND('',#6451,.F.);
#6453=ADVANCED_FACE('',(#6452),#6448,.T.);
#6454=CARTESIAN_POINT('',(-9.25E1,1.5E2,4.E1));
#6455=DIRECTION('',(0.E0,1.E0,0.E0));
#6456=DIRECTION('',(1.E0,0.E0,0.E0));
#6457=AXIS2_PLACEMENT_3D('',#6454,#6455,#6456);
#6458=CYLINDRICAL_SURFACE('',#6457,3.5E0);
#6459=ORIENTED_EDGE('',*,*,#3814,.F.);
#6461=ORIENTED_EDGE('',*,*,#6460,.T.);
#6463=ORIENTED_EDGE('',*,*,#6462,.T.);
#6465=ORIENTED_EDGE('',*,*,#6464,.F.);
#6466=EDGE_LOOP('',(#6459,#6461,#6463,#6465));
#6467=FACE_OUTER_BOUND('',#6466,.F.);
#6468=ADVANCED_FACE('',(#6467),#6458,.F.);
#6469=CARTESIAN_POINT('',(-9.25E1,1.5E2,4.E1));
#6470=DIRECTION('',(0.E0,1.E0,0.E0));
#6471=DIRECTION('',(1.E0,0.E0,0.E0));
#6472=AXIS2_PLACEMENT_3D('',#6469,#6470,#6471);
#6473=CYLINDRICAL_SURFACE('',#6472,3.5E0);
#6474=ORIENTED_EDGE('',*,*,#3816,.F.);
#6475=ORIENTED_EDGE('',*,*,#6464,.T.);
#6477=ORIENTED_EDGE('',*,*,#6476,.T.);
#6478=ORIENTED_EDGE('',*,*,#6460,.F.);
#6479=EDGE_LOOP('',(#6474,#6475,#6477,#6478));
#6480=FACE_OUTER_BOUND('',#6479,.F.);
#6481=ADVANCED_FACE('',(#6480),#6473,.F.);
#6482=CARTESIAN_POINT('',(2.E1,7.E1,5.E1));
#6483=DIRECTION('',(0.E0,1.E0,0.E0));
#6484=DIRECTION('',(1.E0,0.E0,0.E0));
#6485=AXIS2_PLACEMENT_3D('',#6482,#6483,#6484);
#6486=PLANE('',#6485);
#6487=ORIENTED_EDGE('',*,*,#6462,.F.);
#6488=ORIENTED_EDGE('',*,*,#6476,.F.);
#6489=EDGE_LOOP('',(#6487,#6488));
#6490=FACE_OUTER_BOUND('',#6489,.F.);
#6491=ADVANCED_FACE('',(#6490),#6486,.T.);
#6492=CARTESIAN_POINT('',(-8.25E1,1.5E2,4.E1));
#6493=DIRECTION('',(0.E0,1.E0,0.E0));
#6494=DIRECTION('',(1.E0,0.E0,0.E0));
#6495=AXIS2_PLACEMENT_3D('',#6492,#6493,#6494);
#6496=CYLINDRICAL_SURFACE('',#6495,3.5E0);
#6497=ORIENTED_EDGE('',*,*,#3820,.F.);
#6499=ORIENTED_EDGE('',*,*,#6498,.T.);
#6501=ORIENTED_EDGE('',*,*,#6500,.T.);
#6503=ORIENTED_EDGE('',*,*,#6502,.F.);
#6504=EDGE_LOOP('',(#6497,#6499,#6501,#6503));
#6505=FACE_OUTER_BOUND('',#6504,.F.);
#6506=ADVANCED_FACE('',(#6505),#6496,.F.);
#6507=CARTESIAN_POINT('',(-8.25E1,1.5E2,4.E1));
#6508=DIRECTION('',(0.E0,1.E0,0.E0));
#6509=DIRECTION('',(1.E0,0.E0,0.E0));
#6510=AXIS2_PLACEMENT_3D('',#6507,#6508,#6509);
#6511=CYLINDRICAL_SURFACE('',#6510,3.5E0);
#6512=ORIENTED_EDGE('',*,*,#3822,.F.);
#6513=ORIENTED_EDGE('',*,*,#6502,.T.);
#6515=ORIENTED_EDGE('',*,*,#6514,.T.);
#6516=ORIENTED_EDGE('',*,*,#6498,.F.);
#6517=EDGE_LOOP('',(#6512,#6513,#6515,#6516));
#6518=FACE_OUTER_BOUND('',#6517,.F.);
#6519=ADVANCED_FACE('',(#6518),#6511,.F.);
#6520=CARTESIAN_POINT('',(3.E1,7.E1,5.E1));
#6521=DIRECTION('',(0.E0,1.E0,0.E0));
#6522=DIRECTION('',(1.E0,0.E0,0.E0));
#6523=AXIS2_PLACEMENT_3D('',#6520,#6521,#6522);
#6524=PLANE('',#6523);
#6525=ORIENTED_EDGE('',*,*,#6500,.F.);
#6526=ORIENTED_EDGE('',*,*,#6514,.F.);
#6527=EDGE_LOOP('',(#6525,#6526));
#6528=FACE_OUTER_BOUND('',#6527,.F.);
#6529=ADVANCED_FACE('',(#6528),#6524,.T.);
#6530=CARTESIAN_POINT('',(-7.25E1,1.5E2,4.E1));
#6531=DIRECTION('',(0.E0,1.E0,0.E0));
#6532=DIRECTION('',(1.E0,0.E0,0.E0));
#6533=AXIS2_PLACEMENT_3D('',#6530,#6531,#6532);
#6534=CYLINDRICAL_SURFACE('',#6533,3.5E0);
#6535=ORIENTED_EDGE('',*,*,#3826,.F.);
#6537=ORIENTED_EDGE('',*,*,#6536,.T.);
#6539=ORIENTED_EDGE('',*,*,#6538,.T.);
#6541=ORIENTED_EDGE('',*,*,#6540,.F.);
#6542=EDGE_LOOP('',(#6535,#6537,#6539,#6541));
#6543=FACE_OUTER_BOUND('',#6542,.F.);
#6544=ADVANCED_FACE('',(#6543),#6534,.F.);
#6545=CARTESIAN_POINT('',(-7.25E1,1.5E2,4.E1));
#6546=DIRECTION('',(0.E0,1.E0,0.E0));
#6547=DIRECTION('',(1.E0,0.E0,0.E0));
#6548=AXIS2_PLACEMENT_3D('',#6545,#6546,#6547);
#6549=CYLINDRICAL_SURFACE('',#6548,3.5E0);
#6550=ORIENTED_EDGE('',*,*,#3828,.F.);
#6551=ORIENTED_EDGE('',*,*,#6540,.T.);
#6553=ORIENTED_EDGE('',*,*,#6552,.T.);
#6554=ORIENTED_EDGE('',*,*,#6536,.F.);
#6555=EDGE_LOOP('',(#6550,#6551,#6553,#6554));
#6556=FACE_OUTER_BOUND('',#6555,.F.);
#6557=ADVANCED_FACE('',(#6556),#6549,.F.);
#6558=CARTESIAN_POINT('',(4.E1,7.E1,5.E1));
#6559=DIRECTION('',(0.E0,1.E0,0.E0));
#6560=DIRECTION('',(1.E0,0.E0,0.E0));
#6561=AXIS2_PLACEMENT_3D('',#6558,#6559,#6560);
#6562=PLANE('',#6561);
#6563=ORIENTED_EDGE('',*,*,#6538,.F.);
#6564=ORIENTED_EDGE('',*,*,#6552,.F.);
#6565=EDGE_LOOP('',(#6563,#6564));
#6566=FACE_OUTER_BOUND('',#6565,.F.);
#6567=ADVANCED_FACE('',(#6566),#6562,.T.);
#6568=CARTESIAN_POINT('',(-6.25E1,1.5E2,4.E1));
#6569=DIRECTION('',(0.E0,1.E0,0.E0));
#6570=DIRECTION('',(1.E0,0.E0,0.E0));
#6571=AXIS2_PLACEMENT_3D('',#6568,#6569,#6570);
#6572=CYLINDRICAL_SURFACE('',#6571,3.5E0);
#6573=ORIENTED_EDGE('',*,*,#3832,.F.);
#6575=ORIENTED_EDGE('',*,*,#6574,.T.);
#6577=ORIENTED_EDGE('',*,*,#6576,.T.);
#6579=ORIENTED_EDGE('',*,*,#6578,.F.);
#6580=EDGE_LOOP('',(#6573,#6575,#6577,#6579));
#6581=FACE_OUTER_BOUND('',#6580,.F.);
#6582=ADVANCED_FACE('',(#6581),#6572,.F.);
#6583=CARTESIAN_POINT('',(-6.25E1,1.5E2,4.E1));
#6584=DIRECTION('',(0.E0,1.E0,0.E0));
#6585=DIRECTION('',(1.E0,0.E0,0.E0));
#6586=AXIS2_PLACEMENT_3D('',#6583,#6584,#6585);
#6587=CYLINDRICAL_SURFACE('',#6586,3.5E0);
#6588=ORIENTED_EDGE('',*,*,#3834,.F.);
#6589=ORIENTED_EDGE('',*,*,#6578,.T.);
#6591=ORIENTED_EDGE('',*,*,#6590,.T.);
#6592=ORIENTED_EDGE('',*,*,#6574,.F.);
#6593=EDGE_LOOP('',(#6588,#6589,#6591,#6592));
#6594=FACE_OUTER_BOUND('',#6593,.F.);
#6595=ADVANCED_FACE('',(#6594),#6587,.F.);
#6596=CARTESIAN_POINT('',(5.E1,7.E1,5.E1));
#6597=DIRECTION('',(0.E0,1.E0,0.E0));
#6598=DIRECTION('',(1.E0,0.E0,0.E0));
#6599=AXIS2_PLACEMENT_3D('',#6596,#6597,#6598);
#6600=PLANE('',#6599);
#6601=ORIENTED_EDGE('',*,*,#6576,.F.);
#6602=ORIENTED_EDGE('',*,*,#6590,.F.);
#6603=EDGE_LOOP('',(#6601,#6602));
#6604=FACE_OUTER_BOUND('',#6603,.F.);
#6605=ADVANCED_FACE('',(#6604),#6600,.T.);
#6606=CARTESIAN_POINT('',(-5.25E1,1.5E2,4.E1));
#6607=DIRECTION('',(0.E0,1.E0,0.E0));
#6608=DIRECTION('',(1.E0,0.E0,0.E0));
#6609=AXIS2_PLACEMENT_3D('',#6606,#6607,#6608);
#6610=CYLINDRICAL_SURFACE('',#6609,3.5E0);
#6611=ORIENTED_EDGE('',*,*,#3838,.F.);
#6613=ORIENTED_EDGE('',*,*,#6612,.T.);
#6615=ORIENTED_EDGE('',*,*,#6614,.T.);
#6617=ORIENTED_EDGE('',*,*,#6616,.F.);
#6618=EDGE_LOOP('',(#6611,#6613,#6615,#6617));
#6619=FACE_OUTER_BOUND('',#6618,.F.);
#6620=ADVANCED_FACE('',(#6619),#6610,.F.);
#6621=CARTESIAN_POINT('',(-5.25E1,1.5E2,4.E1));
#6622=DIRECTION('',(0.E0,1.E0,0.E0));
#6623=DIRECTION('',(1.E0,0.E0,0.E0));
#6624=AXIS2_PLACEMENT_3D('',#6621,#6622,#6623);
#6625=CYLINDRICAL_SURFACE('',#6624,3.5E0);
#6626=ORIENTED_EDGE('',*,*,#3840,.F.);
#6627=ORIENTED_EDGE('',*,*,#6616,.T.);
#6629=ORIENTED_EDGE('',*,*,#6628,.T.);
#6630=ORIENTED_EDGE('',*,*,#6612,.F.);
#6631=EDGE_LOOP('',(#6626,#6627,#6629,#6630));
#6632=FACE_OUTER_BOUND('',#6631,.F.);
#6633=ADVANCED_FACE('',(#6632),#6625,.F.);
#6634=CARTESIAN_POINT('',(6.E1,7.E1,5.E1));
#6635=DIRECTION('',(0.E0,1.E0,0.E0));
#6636=DIRECTION('',(1.E0,0.E0,0.E0));
#6637=AXIS2_PLACEMENT_3D('',#6634,#6635,#6636);
#6638=PLANE('',#6637);
#6639=ORIENTED_EDGE('',*,*,#6614,.F.);
#6640=ORIENTED_EDGE('',*,*,#6628,.F.);
#6641=EDGE_LOOP('',(#6639,#6640));
#6642=FACE_OUTER_BOUND('',#6641,.F.);
#6643=ADVANCED_FACE('',(#6642),#6638,.T.);
#6644=CARTESIAN_POINT('',(-4.25E1,1.5E2,4.E1));
#6645=DIRECTION('',(0.E0,1.E0,0.E0));
#6646=DIRECTION('',(1.E0,0.E0,0.E0));
#6647=AXIS2_PLACEMENT_3D('',#6644,#6645,#6646);
#6648=CYLINDRICAL_SURFACE('',#6647,3.5E0);
#6649=ORIENTED_EDGE('',*,*,#3844,.F.);
#6651=ORIENTED_EDGE('',*,*,#6650,.T.);
#6653=ORIENTED_EDGE('',*,*,#6652,.T.);
#6655=ORIENTED_EDGE('',*,*,#6654,.F.);
#6656=EDGE_LOOP('',(#6649,#6651,#6653,#6655));
#6657=FACE_OUTER_BOUND('',#6656,.F.);
#6658=ADVANCED_FACE('',(#6657),#6648,.F.);
#6659=CARTESIAN_POINT('',(-4.25E1,1.5E2,4.E1));
#6660=DIRECTION('',(0.E0,1.E0,0.E0));
#6661=DIRECTION('',(1.E0,0.E0,0.E0));
#6662=AXIS2_PLACEMENT_3D('',#6659,#6660,#6661);
#6663=CYLINDRICAL_SURFACE('',#6662,3.5E0);
#6664=ORIENTED_EDGE('',*,*,#3846,.F.);
#6665=ORIENTED_EDGE('',*,*,#6654,.T.);
#6667=ORIENTED_EDGE('',*,*,#6666,.T.);
#6668=ORIENTED_EDGE('',*,*,#6650,.F.);
#6669=EDGE_LOOP('',(#6664,#6665,#6667,#6668));
#6670=FACE_OUTER_BOUND('',#6669,.F.);
#6671=ADVANCED_FACE('',(#6670),#6663,.F.);
#6672=CARTESIAN_POINT('',(7.E1,7.E1,5.E1));
#6673=DIRECTION('',(0.E0,1.E0,0.E0));
#6674=DIRECTION('',(1.E0,0.E0,0.E0));
#6675=AXIS2_PLACEMENT_3D('',#6672,#6673,#6674);
#6676=PLANE('',#6675);
#6677=ORIENTED_EDGE('',*,*,#6652,.F.);
#6678=ORIENTED_EDGE('',*,*,#6666,.F.);
#6679=EDGE_LOOP('',(#6677,#6678));
#6680=FACE_OUTER_BOUND('',#6679,.F.);
#6681=ADVANCED_FACE('',(#6680),#6676,.T.);
#6682=CARTESIAN_POINT('',(-3.25E1,1.5E2,4.E1));
#6683=DIRECTION('',(0.E0,1.E0,0.E0));
#6684=DIRECTION('',(1.E0,0.E0,0.E0));
#6685=AXIS2_PLACEMENT_3D('',#6682,#6683,#6684);
#6686=CYLINDRICAL_SURFACE('',#6685,3.5E0);
#6687=ORIENTED_EDGE('',*,*,#3850,.F.);
#6689=ORIENTED_EDGE('',*,*,#6688,.T.);
#6691=ORIENTED_EDGE('',*,*,#6690,.T.);
#6693=ORIENTED_EDGE('',*,*,#6692,.F.);
#6694=EDGE_LOOP('',(#6687,#6689,#6691,#6693));
#6695=FACE_OUTER_BOUND('',#6694,.F.);
#6696=ADVANCED_FACE('',(#6695),#6686,.F.);
#6697=CARTESIAN_POINT('',(-3.25E1,1.5E2,4.E1));
#6698=DIRECTION('',(0.E0,1.E0,0.E0));
#6699=DIRECTION('',(1.E0,0.E0,0.E0));
#6700=AXIS2_PLACEMENT_3D('',#6697,#6698,#6699);
#6701=CYLINDRICAL_SURFACE('',#6700,3.5E0);
#6702=ORIENTED_EDGE('',*,*,#3852,.F.);
#6703=ORIENTED_EDGE('',*,*,#6692,.T.);
#6705=ORIENTED_EDGE('',*,*,#6704,.T.);
#6706=ORIENTED_EDGE('',*,*,#6688,.F.);
#6707=EDGE_LOOP('',(#6702,#6703,#6705,#6706));
#6708=FACE_OUTER_BOUND('',#6707,.F.);
#6709=ADVANCED_FACE('',(#6708),#6701,.F.);
#6710=CARTESIAN_POINT('',(8.E1,7.E1,5.E1));
#6711=DIRECTION('',(0.E0,1.E0,0.E0));
#6712=DIRECTION('',(1.E0,0.E0,0.E0));
#6713=AXIS2_PLACEMENT_3D('',#6710,#6711,#6712);
#6714=PLANE('',#6713);
#6715=ORIENTED_EDGE('',*,*,#6690,.F.);
#6716=ORIENTED_EDGE('',*,*,#6704,.F.);
#6717=EDGE_LOOP('',(#6715,#6716));
#6718=FACE_OUTER_BOUND('',#6717,.F.);
#6719=ADVANCED_FACE('',(#6718),#6714,.T.);
#6720=CARTESIAN_POINT('',(-2.25E1,1.5E2,4.E1));
#6721=DIRECTION('',(0.E0,1.E0,0.E0));
#6722=DIRECTION('',(1.E0,0.E0,0.E0));
#6723=AXIS2_PLACEMENT_3D('',#6720,#6721,#6722);
#6724=CYLINDRICAL_SURFACE('',#6723,3.5E0);
#6725=ORIENTED_EDGE('',*,*,#3856,.F.);
#6727=ORIENTED_EDGE('',*,*,#6726,.T.);
#6729=ORIENTED_EDGE('',*,*,#6728,.T.);
#6731=ORIENTED_EDGE('',*,*,#6730,.F.);
#6732=EDGE_LOOP('',(#6725,#6727,#6729,#6731));
#6733=FACE_OUTER_BOUND('',#6732,.F.);
#6734=ADVANCED_FACE('',(#6733),#6724,.F.);
#6735=CARTESIAN_POINT('',(-2.25E1,1.5E2,4.E1));
#6736=DIRECTION('',(0.E0,1.E0,0.E0));
#6737=DIRECTION('',(1.E0,0.E0,0.E0));
#6738=AXIS2_PLACEMENT_3D('',#6735,#6736,#6737);
#6739=CYLINDRICAL_SURFACE('',#6738,3.5E0);
#6740=ORIENTED_EDGE('',*,*,#3858,.F.);
#6741=ORIENTED_EDGE('',*,*,#6730,.T.);
#6743=ORIENTED_EDGE('',*,*,#6742,.T.);
#6744=ORIENTED_EDGE('',*,*,#6726,.F.);
#6745=EDGE_LOOP('',(#6740,#6741,#6743,#6744));
#6746=FACE_OUTER_BOUND('',#6745,.F.);
#6747=ADVANCED_FACE('',(#6746),#6739,.F.);
#6748=CARTESIAN_POINT('',(9.E1,7.E1,5.E1));
#6749=DIRECTION('',(0.E0,1.E0,0.E0));
#6750=DIRECTION('',(1.E0,0.E0,0.E0));
#6751=AXIS2_PLACEMENT_3D('',#6748,#6749,#6750);
#6752=PLANE('',#6751);
#6753=ORIENTED_EDGE('',*,*,#6728,.F.);
#6754=ORIENTED_EDGE('',*,*,#6742,.F.);
#6755=EDGE_LOOP('',(#6753,#6754));
#6756=FACE_OUTER_BOUND('',#6755,.F.);
#6757=ADVANCED_FACE('',(#6756),#6752,.T.);
#6758=CARTESIAN_POINT('',(-1.25E1,1.5E2,4.E1));
#6759=DIRECTION('',(0.E0,1.E0,0.E0));
#6760=DIRECTION('',(1.E0,0.E0,0.E0));
#6761=AXIS2_PLACEMENT_3D('',#6758,#6759,#6760);
#6762=CYLINDRICAL_SURFACE('',#6761,3.5E0);
#6763=ORIENTED_EDGE('',*,*,#3862,.F.);
#6765=ORIENTED_EDGE('',*,*,#6764,.T.);
#6767=ORIENTED_EDGE('',*,*,#6766,.T.);
#6769=ORIENTED_EDGE('',*,*,#6768,.F.);
#6770=EDGE_LOOP('',(#6763,#6765,#6767,#6769));
#6771=FACE_OUTER_BOUND('',#6770,.F.);
#6772=ADVANCED_FACE('',(#6771),#6762,.F.);
#6773=CARTESIAN_POINT('',(-1.25E1,1.5E2,4.E1));
#6774=DIRECTION('',(0.E0,1.E0,0.E0));
#6775=DIRECTION('',(1.E0,0.E0,0.E0));
#6776=AXIS2_PLACEMENT_3D('',#6773,#6774,#6775);
#6777=CYLINDRICAL_SURFACE('',#6776,3.5E0);
#6778=ORIENTED_EDGE('',*,*,#3864,.F.);
#6779=ORIENTED_EDGE('',*,*,#6768,.T.);
#6781=ORIENTED_EDGE('',*,*,#6780,.T.);
#6782=ORIENTED_EDGE('',*,*,#6764,.F.);
#6783=EDGE_LOOP('',(#6778,#6779,#6781,#6782));
#6784=FACE_OUTER_BOUND('',#6783,.F.);
#6785=ADVANCED_FACE('',(#6784),#6777,.F.);
#6786=CARTESIAN_POINT('',(1.E2,7.E1,5.E1));
#6787=DIRECTION('',(0.E0,1.E0,0.E0));
#6788=DIRECTION('',(1.E0,0.E0,0.E0));
#6789=AXIS2_PLACEMENT_3D('',#6786,#6787,#6788);
#6790=PLANE('',#6789);
#6791=ORIENTED_EDGE('',*,*,#6766,.F.);
#6792=ORIENTED_EDGE('',*,*,#6780,.F.);
#6793=EDGE_LOOP('',(#6791,#6792));
#6794=FACE_OUTER_BOUND('',#6793,.F.);
#6795=ADVANCED_FACE('',(#6794),#6790,.T.);
#6796=CARTESIAN_POINT('',(-1.125E2,1.5E2,5.E1));
#6797=DIRECTION('',(0.E0,1.E0,0.E0));
#6798=DIRECTION('',(1.E0,0.E0,0.E0));
#6799=AXIS2_PLACEMENT_3D('',#6796,#6797,#6798);
#6800=CYLINDRICAL_SURFACE('',#6799,3.5E0);
#6801=ORIENTED_EDGE('',*,*,#3868,.F.);
#6803=ORIENTED_EDGE('',*,*,#6802,.T.);
#6805=ORIENTED_EDGE('',*,*,#6804,.T.);
#6807=ORIENTED_EDGE('',*,*,#6806,.F.);
#6808=EDGE_LOOP('',(#6801,#6803,#6805,#6807));
#6809=FACE_OUTER_BOUND('',#6808,.F.);
#6810=ADVANCED_FACE('',(#6809),#6800,.F.);
#6811=CARTESIAN_POINT('',(-1.125E2,1.5E2,5.E1));
#6812=DIRECTION('',(0.E0,1.E0,0.E0));
#6813=DIRECTION('',(1.E0,0.E0,0.E0));
#6814=AXIS2_PLACEMENT_3D('',#6811,#6812,#6813);
#6815=CYLINDRICAL_SURFACE('',#6814,3.5E0);
#6816=ORIENTED_EDGE('',*,*,#3870,.F.);
#6817=ORIENTED_EDGE('',*,*,#6806,.T.);
#6819=ORIENTED_EDGE('',*,*,#6818,.T.);
#6820=ORIENTED_EDGE('',*,*,#6802,.F.);
#6821=EDGE_LOOP('',(#6816,#6817,#6819,#6820));
#6822=FACE_OUTER_BOUND('',#6821,.F.);
#6823=ADVANCED_FACE('',(#6822),#6815,.F.);
#6824=CARTESIAN_POINT('',(0.E0,7.E1,6.E1));
#6825=DIRECTION('',(0.E0,1.E0,0.E0));
#6826=DIRECTION('',(1.E0,0.E0,0.E0));
#6827=AXIS2_PLACEMENT_3D('',#6824,#6825,#6826);
#6828=PLANE('',#6827);
#6829=ORIENTED_EDGE('',*,*,#6804,.F.);
#6830=ORIENTED_EDGE('',*,*,#6818,.F.);
#6831=EDGE_LOOP('',(#6829,#6830));
#6832=FACE_OUTER_BOUND('',#6831,.F.);
#6833=ADVANCED_FACE('',(#6832),#6828,.T.);
#6834=CARTESIAN_POINT('',(-1.025E2,1.5E2,5.E1));
#6835=DIRECTION('',(0.E0,1.E0,0.E0));
#6836=DIRECTION('',(1.E0,0.E0,0.E0));
#6837=AXIS2_PLACEMENT_3D('',#6834,#6835,#6836);
#6838=CYLINDRICAL_SURFACE('',#6837,3.5E0);
#6839=ORIENTED_EDGE('',*,*,#3874,.F.);
#6841=ORIENTED_EDGE('',*,*,#6840,.T.);
#6843=ORIENTED_EDGE('',*,*,#6842,.T.);
#6845=ORIENTED_EDGE('',*,*,#6844,.F.);
#6846=EDGE_LOOP('',(#6839,#6841,#6843,#6845));
#6847=FACE_OUTER_BOUND('',#6846,.F.);
#6848=ADVANCED_FACE('',(#6847),#6838,.F.);
#6849=CARTESIAN_POINT('',(-1.025E2,1.5E2,5.E1));
#6850=DIRECTION('',(0.E0,1.E0,0.E0));
#6851=DIRECTION('',(1.E0,0.E0,0.E0));
#6852=AXIS2_PLACEMENT_3D('',#6849,#6850,#6851);
#6853=CYLINDRICAL_SURFACE('',#6852,3.5E0);
#6854=ORIENTED_EDGE('',*,*,#3876,.F.);
#6855=ORIENTED_EDGE('',*,*,#6844,.T.);
#6857=ORIENTED_EDGE('',*,*,#6856,.T.);
#6858=ORIENTED_EDGE('',*,*,#6840,.F.);
#6859=EDGE_LOOP('',(#6854,#6855,#6857,#6858));
#6860=FACE_OUTER_BOUND('',#6859,.F.);
#6861=ADVANCED_FACE('',(#6860),#6853,.F.);
#6862=CARTESIAN_POINT('',(1.E1,7.E1,6.E1));
#6863=DIRECTION('',(0.E0,1.E0,0.E0));
#6864=DIRECTION('',(1.E0,0.E0,0.E0));
#6865=AXIS2_PLACEMENT_3D('',#6862,#6863,#6864);
#6866=PLANE('',#6865);
#6867=ORIENTED_EDGE('',*,*,#6842,.F.);
#6868=ORIENTED_EDGE('',*,*,#6856,.F.);
#6869=EDGE_LOOP('',(#6867,#6868));
#6870=FACE_OUTER_BOUND('',#6869,.F.);
#6871=ADVANCED_FACE('',(#6870),#6866,.T.);
#6872=CARTESIAN_POINT('',(-9.25E1,1.5E2,5.E1));
#6873=DIRECTION('',(0.E0,1.E0,0.E0));
#6874=DIRECTION('',(1.E0,0.E0,0.E0));
#6875=AXIS2_PLACEMENT_3D('',#6872,#6873,#6874);
#6876=CYLINDRICAL_SURFACE('',#6875,3.5E0);
#6877=ORIENTED_EDGE('',*,*,#3880,.F.);
#6879=ORIENTED_EDGE('',*,*,#6878,.T.);
#6881=ORIENTED_EDGE('',*,*,#6880,.T.);
#6883=ORIENTED_EDGE('',*,*,#6882,.F.);
#6884=EDGE_LOOP('',(#6877,#6879,#6881,#6883));
#6885=FACE_OUTER_BOUND('',#6884,.F.);
#6886=ADVANCED_FACE('',(#6885),#6876,.F.);
#6887=CARTESIAN_POINT('',(-9.25E1,1.5E2,5.E1));
#6888=DIRECTION('',(0.E0,1.E0,0.E0));
#6889=DIRECTION('',(1.E0,0.E0,0.E0));
#6890=AXIS2_PLACEMENT_3D('',#6887,#6888,#6889);
#6891=CYLINDRICAL_SURFACE('',#6890,3.5E0);
#6892=ORIENTED_EDGE('',*,*,#3882,.F.);
#6893=ORIENTED_EDGE('',*,*,#6882,.T.);
#6895=ORIENTED_EDGE('',*,*,#6894,.T.);
#6896=ORIENTED_EDGE('',*,*,#6878,.F.);
#6897=EDGE_LOOP('',(#6892,#6893,#6895,#6896));
#6898=FACE_OUTER_BOUND('',#6897,.F.);
#6899=ADVANCED_FACE('',(#6898),#6891,.F.);
#6900=CARTESIAN_POINT('',(2.E1,7.E1,6.E1));
#6901=DIRECTION('',(0.E0,1.E0,0.E0));
#6902=DIRECTION('',(1.E0,0.E0,0.E0));
#6903=AXIS2_PLACEMENT_3D('',#6900,#6901,#6902);
#6904=PLANE('',#6903);
#6905=ORIENTED_EDGE('',*,*,#6880,.F.);
#6906=ORIENTED_EDGE('',*,*,#6894,.F.);
#6907=EDGE_LOOP('',(#6905,#6906));
#6908=FACE_OUTER_BOUND('',#6907,.F.);
#6909=ADVANCED_FACE('',(#6908),#6904,.T.);
#6910=CARTESIAN_POINT('',(-8.25E1,1.5E2,5.E1));
#6911=DIRECTION('',(0.E0,1.E0,0.E0));
#6912=DIRECTION('',(1.E0,0.E0,0.E0));
#6913=AXIS2_PLACEMENT_3D('',#6910,#6911,#6912);
#6914=CYLINDRICAL_SURFACE('',#6913,3.5E0);
#6915=ORIENTED_EDGE('',*,*,#3886,.F.);
#6917=ORIENTED_EDGE('',*,*,#6916,.T.);
#6919=ORIENTED_EDGE('',*,*,#6918,.T.);
#6921=ORIENTED_EDGE('',*,*,#6920,.F.);
#6922=EDGE_LOOP('',(#6915,#6917,#6919,#6921));
#6923=FACE_OUTER_BOUND('',#6922,.F.);
#6924=ADVANCED_FACE('',(#6923),#6914,.F.);
#6925=CARTESIAN_POINT('',(-8.25E1,1.5E2,5.E1));
#6926=DIRECTION('',(0.E0,1.E0,0.E0));
#6927=DIRECTION('',(1.E0,0.E0,0.E0));
#6928=AXIS2_PLACEMENT_3D('',#6925,#6926,#6927);
#6929=CYLINDRICAL_SURFACE('',#6928,3.5E0);
#6930=ORIENTED_EDGE('',*,*,#3888,.F.);
#6931=ORIENTED_EDGE('',*,*,#6920,.T.);
#6933=ORIENTED_EDGE('',*,*,#6932,.T.);
#6934=ORIENTED_EDGE('',*,*,#6916,.F.);
#6935=EDGE_LOOP('',(#6930,#6931,#6933,#6934));
#6936=FACE_OUTER_BOUND('',#6935,.F.);
#6937=ADVANCED_FACE('',(#6936),#6929,.F.);
#6938=CARTESIAN_POINT('',(3.E1,7.E1,6.E1));
#6939=DIRECTION('',(0.E0,1.E0,0.E0));
#6940=DIRECTION('',(1.E0,0.E0,0.E0));
#6941=AXIS2_PLACEMENT_3D('',#6938,#6939,#6940);
#6942=PLANE('',#6941);
#6943=ORIENTED_EDGE('',*,*,#6918,.F.);
#6944=ORIENTED_EDGE('',*,*,#6932,.F.);
#6945=EDGE_LOOP('',(#6943,#6944));
#6946=FACE_OUTER_BOUND('',#6945,.F.);
#6947=ADVANCED_FACE('',(#6946),#6942,.T.);
#6948=CARTESIAN_POINT('',(-7.25E1,1.5E2,5.E1));
#6949=DIRECTION('',(0.E0,1.E0,0.E0));
#6950=DIRECTION('',(1.E0,0.E0,0.E0));
#6951=AXIS2_PLACEMENT_3D('',#6948,#6949,#6950);
#6952=CYLINDRICAL_SURFACE('',#6951,3.5E0);
#6953=ORIENTED_EDGE('',*,*,#3892,.F.);
#6955=ORIENTED_EDGE('',*,*,#6954,.T.);
#6957=ORIENTED_EDGE('',*,*,#6956,.T.);
#6959=ORIENTED_EDGE('',*,*,#6958,.F.);
#6960=EDGE_LOOP('',(#6953,#6955,#6957,#6959));
#6961=FACE_OUTER_BOUND('',#6960,.F.);
#6962=ADVANCED_FACE('',(#6961),#6952,.F.);
#6963=CARTESIAN_POINT('',(-7.25E1,1.5E2,5.E1));
#6964=DIRECTION('',(0.E0,1.E0,0.E0));
#6965=DIRECTION('',(1.E0,0.E0,0.E0));
#6966=AXIS2_PLACEMENT_3D('',#6963,#6964,#6965);
#6967=CYLINDRICAL_SURFACE('',#6966,3.5E0);
#6968=ORIENTED_EDGE('',*,*,#3894,.F.);
#6969=ORIENTED_EDGE('',*,*,#6958,.T.);
#6971=ORIENTED_EDGE('',*,*,#6970,.T.);
#6972=ORIENTED_EDGE('',*,*,#6954,.F.);
#6973=EDGE_LOOP('',(#6968,#6969,#6971,#6972));
#6974=FACE_OUTER_BOUND('',#6973,.F.);
#6975=ADVANCED_FACE('',(#6974),#6967,.F.);
#6976=CARTESIAN_POINT('',(4.E1,7.E1,6.E1));
#6977=DIRECTION('',(0.E0,1.E0,0.E0));
#6978=DIRECTION('',(1.E0,0.E0,0.E0));
#6979=AXIS2_PLACEMENT_3D('',#6976,#6977,#6978);
#6980=PLANE('',#6979);
#6981=ORIENTED_EDGE('',*,*,#6956,.F.);
#6982=ORIENTED_EDGE('',*,*,#6970,.F.);
#6983=EDGE_LOOP('',(#6981,#6982));
#6984=FACE_OUTER_BOUND('',#6983,.F.);
#6985=ADVANCED_FACE('',(#6984),#6980,.T.);
#6986=CARTESIAN_POINT('',(-6.25E1,1.5E2,5.E1));
#6987=DIRECTION('',(0.E0,1.E0,0.E0));
#6988=DIRECTION('',(1.E0,0.E0,0.E0));
#6989=AXIS2_PLACEMENT_3D('',#6986,#6987,#6988);
#6990=CYLINDRICAL_SURFACE('',#6989,3.5E0);
#6991=ORIENTED_EDGE('',*,*,#3898,.F.);
#6993=ORIENTED_EDGE('',*,*,#6992,.T.);
#6995=ORIENTED_EDGE('',*,*,#6994,.T.);
#6997=ORIENTED_EDGE('',*,*,#6996,.F.);
#6998=EDGE_LOOP('',(#6991,#6993,#6995,#6997));
#6999=FACE_OUTER_BOUND('',#6998,.F.);
#7000=ADVANCED_FACE('',(#6999),#6990,.F.);
#7001=CARTESIAN_POINT('',(-6.25E1,1.5E2,5.E1));
#7002=DIRECTION('',(0.E0,1.E0,0.E0));
#7003=DIRECTION('',(1.E0,0.E0,0.E0));
#7004=AXIS2_PLACEMENT_3D('',#7001,#7002,#7003);
#7005=CYLINDRICAL_SURFACE('',#7004,3.5E0);
#7006=ORIENTED_EDGE('',*,*,#3900,.F.);
#7007=ORIENTED_EDGE('',*,*,#6996,.T.);
#7009=ORIENTED_EDGE('',*,*,#7008,.T.);
#7010=ORIENTED_EDGE('',*,*,#6992,.F.);
#7011=EDGE_LOOP('',(#7006,#7007,#7009,#7010));
#7012=FACE_OUTER_BOUND('',#7011,.F.);
#7013=ADVANCED_FACE('',(#7012),#7005,.F.);
#7014=CARTESIAN_POINT('',(5.E1,7.E1,6.E1));
#7015=DIRECTION('',(0.E0,1.E0,0.E0));
#7016=DIRECTION('',(1.E0,0.E0,0.E0));
#7017=AXIS2_PLACEMENT_3D('',#7014,#7015,#7016);
#7018=PLANE('',#7017);
#7019=ORIENTED_EDGE('',*,*,#6994,.F.);
#7020=ORIENTED_EDGE('',*,*,#7008,.F.);
#7021=EDGE_LOOP('',(#7019,#7020));
#7022=FACE_OUTER_BOUND('',#7021,.F.);
#7023=ADVANCED_FACE('',(#7022),#7018,.T.);
#7024=CARTESIAN_POINT('',(-5.25E1,1.5E2,5.E1));
#7025=DIRECTION('',(0.E0,1.E0,0.E0));
#7026=DIRECTION('',(1.E0,0.E0,0.E0));
#7027=AXIS2_PLACEMENT_3D('',#7024,#7025,#7026);
#7028=CYLINDRICAL_SURFACE('',#7027,3.5E0);
#7029=ORIENTED_EDGE('',*,*,#3904,.F.);
#7031=ORIENTED_EDGE('',*,*,#7030,.T.);
#7033=ORIENTED_EDGE('',*,*,#7032,.T.);
#7035=ORIENTED_EDGE('',*,*,#7034,.F.);
#7036=EDGE_LOOP('',(#7029,#7031,#7033,#7035));
#7037=FACE_OUTER_BOUND('',#7036,.F.);
#7038=ADVANCED_FACE('',(#7037),#7028,.F.);
#7039=CARTESIAN_POINT('',(-5.25E1,1.5E2,5.E1));
#7040=DIRECTION('',(0.E0,1.E0,0.E0));
#7041=DIRECTION('',(1.E0,0.E0,0.E0));
#7042=AXIS2_PLACEMENT_3D('',#7039,#7040,#7041);
#7043=CYLINDRICAL_SURFACE('',#7042,3.5E0);
#7044=ORIENTED_EDGE('',*,*,#3906,.F.);
#7045=ORIENTED_EDGE('',*,*,#7034,.T.);
#7047=ORIENTED_EDGE('',*,*,#7046,.T.);
#7048=ORIENTED_EDGE('',*,*,#7030,.F.);
#7049=EDGE_LOOP('',(#7044,#7045,#7047,#7048));
#7050=FACE_OUTER_BOUND('',#7049,.F.);
#7051=ADVANCED_FACE('',(#7050),#7043,.F.);
#7052=CARTESIAN_POINT('',(6.E1,7.E1,6.E1));
#7053=DIRECTION('',(0.E0,1.E0,0.E0));
#7054=DIRECTION('',(1.E0,0.E0,0.E0));
#7055=AXIS2_PLACEMENT_3D('',#7052,#7053,#7054);
#7056=PLANE('',#7055);
#7057=ORIENTED_EDGE('',*,*,#7032,.F.);
#7058=ORIENTED_EDGE('',*,*,#7046,.F.);
#7059=EDGE_LOOP('',(#7057,#7058));
#7060=FACE_OUTER_BOUND('',#7059,.F.);
#7061=ADVANCED_FACE('',(#7060),#7056,.T.);
#7062=CARTESIAN_POINT('',(-4.25E1,1.5E2,5.E1));
#7063=DIRECTION('',(0.E0,1.E0,0.E0));
#7064=DIRECTION('',(1.E0,0.E0,0.E0));
#7065=AXIS2_PLACEMENT_3D('',#7062,#7063,#7064);
#7066=CYLINDRICAL_SURFACE('',#7065,3.5E0);
#7067=ORIENTED_EDGE('',*,*,#3910,.F.);
#7069=ORIENTED_EDGE('',*,*,#7068,.T.);
#7071=ORIENTED_EDGE('',*,*,#7070,.T.);
#7073=ORIENTED_EDGE('',*,*,#7072,.F.);
#7074=EDGE_LOOP('',(#7067,#7069,#7071,#7073));
#7075=FACE_OUTER_BOUND('',#7074,.F.);
#7076=ADVANCED_FACE('',(#7075),#7066,.F.);
#7077=CARTESIAN_POINT('',(-4.25E1,1.5E2,5.E1));
#7078=DIRECTION('',(0.E0,1.E0,0.E0));
#7079=DIRECTION('',(1.E0,0.E0,0.E0));
#7080=AXIS2_PLACEMENT_3D('',#7077,#7078,#7079);
#7081=CYLINDRICAL_SURFACE('',#7080,3.5E0);
#7082=ORIENTED_EDGE('',*,*,#3912,.F.);
#7083=ORIENTED_EDGE('',*,*,#7072,.T.);
#7085=ORIENTED_EDGE('',*,*,#7084,.T.);
#7086=ORIENTED_EDGE('',*,*,#7068,.F.);
#7087=EDGE_LOOP('',(#7082,#7083,#7085,#7086));
#7088=FACE_OUTER_BOUND('',#7087,.F.);
#7089=ADVANCED_FACE('',(#7088),#7081,.F.);
#7090=CARTESIAN_POINT('',(7.E1,7.E1,6.E1));
#7091=DIRECTION('',(0.E0,1.E0,0.E0));
#7092=DIRECTION('',(1.E0,0.E0,0.E0));
#7093=AXIS2_PLACEMENT_3D('',#7090,#7091,#7092);
#7094=PLANE('',#7093);
#7095=ORIENTED_EDGE('',*,*,#7070,.F.);
#7096=ORIENTED_EDGE('',*,*,#7084,.F.);
#7097=EDGE_LOOP('',(#7095,#7096));
#7098=FACE_OUTER_BOUND('',#7097,.F.);
#7099=ADVANCED_FACE('',(#7098),#7094,.T.);
#7100=CARTESIAN_POINT('',(-3.25E1,1.5E2,5.E1));
#7101=DIRECTION('',(0.E0,1.E0,0.E0));
#7102=DIRECTION('',(1.E0,0.E0,0.E0));
#7103=AXIS2_PLACEMENT_3D('',#7100,#7101,#7102);
#7104=CYLINDRICAL_SURFACE('',#7103,3.5E0);
#7105=ORIENTED_EDGE('',*,*,#3916,.F.);
#7107=ORIENTED_EDGE('',*,*,#7106,.T.);
#7109=ORIENTED_EDGE('',*,*,#7108,.T.);
#7111=ORIENTED_EDGE('',*,*,#7110,.F.);
#7112=EDGE_LOOP('',(#7105,#7107,#7109,#7111));
#7113=FACE_OUTER_BOUND('',#7112,.F.);
#7114=ADVANCED_FACE('',(#7113),#7104,.F.);
#7115=CARTESIAN_POINT('',(-3.25E1,1.5E2,5.E1));
#7116=DIRECTION('',(0.E0,1.E0,0.E0));
#7117=DIRECTION('',(1.E0,0.E0,0.E0));
#7118=AXIS2_PLACEMENT_3D('',#7115,#7116,#7117);
#7119=CYLINDRICAL_SURFACE('',#7118,3.5E0);
#7120=ORIENTED_EDGE('',*,*,#3918,.F.);
#7121=ORIENTED_EDGE('',*,*,#7110,.T.);
#7123=ORIENTED_EDGE('',*,*,#7122,.T.);
#7124=ORIENTED_EDGE('',*,*,#7106,.F.);
#7125=EDGE_LOOP('',(#7120,#7121,#7123,#7124));
#7126=FACE_OUTER_BOUND('',#7125,.F.);
#7127=ADVANCED_FACE('',(#7126),#7119,.F.);
#7128=CARTESIAN_POINT('',(8.E1,7.E1,6.E1));
#7129=DIRECTION('',(0.E0,1.E0,0.E0));
#7130=DIRECTION('',(1.E0,0.E0,0.E0));
#7131=AXIS2_PLACEMENT_3D('',#7128,#7129,#7130);
#7132=PLANE('',#7131);
#7133=ORIENTED_EDGE('',*,*,#7108,.F.);
#7134=ORIENTED_EDGE('',*,*,#7122,.F.);
#7135=EDGE_LOOP('',(#7133,#7134));
#7136=FACE_OUTER_BOUND('',#7135,.F.);
#7137=ADVANCED_FACE('',(#7136),#7132,.T.);
#7138=CARTESIAN_POINT('',(-2.25E1,1.5E2,5.E1));
#7139=DIRECTION('',(0.E0,1.E0,0.E0));
#7140=DIRECTION('',(1.E0,0.E0,0.E0));
#7141=AXIS2_PLACEMENT_3D('',#7138,#7139,#7140);
#7142=CYLINDRICAL_SURFACE('',#7141,3.5E0);
#7143=ORIENTED_EDGE('',*,*,#3922,.F.);
#7145=ORIENTED_EDGE('',*,*,#7144,.T.);
#7147=ORIENTED_EDGE('',*,*,#7146,.T.);
#7149=ORIENTED_EDGE('',*,*,#7148,.F.);
#7150=EDGE_LOOP('',(#7143,#7145,#7147,#7149));
#7151=FACE_OUTER_BOUND('',#7150,.F.);
#7152=ADVANCED_FACE('',(#7151),#7142,.F.);
#7153=CARTESIAN_POINT('',(-2.25E1,1.5E2,5.E1));
#7154=DIRECTION('',(0.E0,1.E0,0.E0));
#7155=DIRECTION('',(1.E0,0.E0,0.E0));
#7156=AXIS2_PLACEMENT_3D('',#7153,#7154,#7155);
#7157=CYLINDRICAL_SURFACE('',#7156,3.5E0);
#7158=ORIENTED_EDGE('',*,*,#3924,.F.);
#7159=ORIENTED_EDGE('',*,*,#7148,.T.);
#7161=ORIENTED_EDGE('',*,*,#7160,.T.);
#7162=ORIENTED_EDGE('',*,*,#7144,.F.);
#7163=EDGE_LOOP('',(#7158,#7159,#7161,#7162));
#7164=FACE_OUTER_BOUND('',#7163,.F.);
#7165=ADVANCED_FACE('',(#7164),#7157,.F.);
#7166=CARTESIAN_POINT('',(9.E1,7.E1,6.E1));
#7167=DIRECTION('',(0.E0,1.E0,0.E0));
#7168=DIRECTION('',(1.E0,0.E0,0.E0));
#7169=AXIS2_PLACEMENT_3D('',#7166,#7167,#7168);
#7170=PLANE('',#7169);
#7171=ORIENTED_EDGE('',*,*,#7146,.F.);
#7172=ORIENTED_EDGE('',*,*,#7160,.F.);
#7173=EDGE_LOOP('',(#7171,#7172));
#7174=FACE_OUTER_BOUND('',#7173,.F.);
#7175=ADVANCED_FACE('',(#7174),#7170,.T.);
#7176=CARTESIAN_POINT('',(-1.25E1,1.5E2,5.E1));
#7177=DIRECTION('',(0.E0,1.E0,0.E0));
#7178=DIRECTION('',(1.E0,0.E0,0.E0));
#7179=AXIS2_PLACEMENT_3D('',#7176,#7177,#7178);
#7180=CYLINDRICAL_SURFACE('',#7179,3.5E0);
#7181=ORIENTED_EDGE('',*,*,#3929,.F.);
#7182=ORIENTED_EDGE('',*,*,#3452,.T.);
#7184=ORIENTED_EDGE('',*,*,#7183,.T.);
#7185=ORIENTED_EDGE('',*,*,#3448,.F.);
#7186=EDGE_LOOP('',(#7181,#7182,#7184,#7185));
#7187=FACE_OUTER_BOUND('',#7186,.F.);
#7188=ADVANCED_FACE('',(#7187),#7180,.F.);
#7189=CARTESIAN_POINT('',(1.E2,7.E1,6.E1));
#7190=DIRECTION('',(0.E0,1.E0,0.E0));
#7191=DIRECTION('',(1.E0,0.E0,0.E0));
#7192=AXIS2_PLACEMENT_3D('',#7189,#7190,#7191);
#7193=PLANE('',#7192);
#7194=ORIENTED_EDGE('',*,*,#3450,.F.);
#7195=ORIENTED_EDGE('',*,*,#7183,.F.);
#7196=EDGE_LOOP('',(#7194,#7195));
#7197=FACE_OUTER_BOUND('',#7196,.F.);
#7198=ADVANCED_FACE('',(#7197),#7193,.T.);
#7199=CARTESIAN_POINT('',(-1.125E2,1.5E2,6.E1));
#7200=DIRECTION('',(0.E0,1.E0,0.E0));
#7201=DIRECTION('',(1.E0,0.E0,0.E0));
#7202=AXIS2_PLACEMENT_3D('',#7199,#7200,#7201);
#7203=CYLINDRICAL_SURFACE('',#7202,3.5E0);
#7204=ORIENTED_EDGE('',*,*,#3933,.F.);
#7206=ORIENTED_EDGE('',*,*,#7205,.T.);
#7208=ORIENTED_EDGE('',*,*,#7207,.T.);
#7210=ORIENTED_EDGE('',*,*,#7209,.F.);
#7211=EDGE_LOOP('',(#7204,#7206,#7208,#7210));
#7212=FACE_OUTER_BOUND('',#7211,.F.);
#7213=ADVANCED_FACE('',(#7212),#7203,.F.);
#7214=CARTESIAN_POINT('',(-1.125E2,1.5E2,6.E1));
#7215=DIRECTION('',(0.E0,1.E0,0.E0));
#7216=DIRECTION('',(1.E0,0.E0,0.E0));
#7217=AXIS2_PLACEMENT_3D('',#7214,#7215,#7216);
#7218=CYLINDRICAL_SURFACE('',#7217,3.5E0);
#7219=ORIENTED_EDGE('',*,*,#3935,.F.);
#7220=ORIENTED_EDGE('',*,*,#7209,.T.);
#7222=ORIENTED_EDGE('',*,*,#7221,.T.);
#7223=ORIENTED_EDGE('',*,*,#7205,.F.);
#7224=EDGE_LOOP('',(#7219,#7220,#7222,#7223));
#7225=FACE_OUTER_BOUND('',#7224,.F.);
#7226=ADVANCED_FACE('',(#7225),#7218,.F.);
#7227=CARTESIAN_POINT('',(0.E0,7.E1,7.E1));
#7228=DIRECTION('',(0.E0,1.E0,0.E0));
#7229=DIRECTION('',(1.E0,0.E0,0.E0));
#7230=AXIS2_PLACEMENT_3D('',#7227,#7228,#7229);
#7231=PLANE('',#7230);
#7232=ORIENTED_EDGE('',*,*,#7207,.F.);
#7233=ORIENTED_EDGE('',*,*,#7221,.F.);
#7234=EDGE_LOOP('',(#7232,#7233));
#7235=FACE_OUTER_BOUND('',#7234,.F.);
#7236=ADVANCED_FACE('',(#7235),#7231,.T.);
#7237=CARTESIAN_POINT('',(-1.025E2,1.5E2,6.E1));
#7238=DIRECTION('',(0.E0,1.E0,0.E0));
#7239=DIRECTION('',(1.E0,0.E0,0.E0));
#7240=AXIS2_PLACEMENT_3D('',#7237,#7238,#7239);
#7241=CYLINDRICAL_SURFACE('',#7240,3.5E0);
#7242=ORIENTED_EDGE('',*,*,#3939,.F.);
#7244=ORIENTED_EDGE('',*,*,#7243,.T.);
#7246=ORIENTED_EDGE('',*,*,#7245,.T.);
#7248=ORIENTED_EDGE('',*,*,#7247,.F.);
#7249=EDGE_LOOP('',(#7242,#7244,#7246,#7248));
#7250=FACE_OUTER_BOUND('',#7249,.F.);
#7251=ADVANCED_FACE('',(#7250),#7241,.F.);
#7252=CARTESIAN_POINT('',(-1.025E2,1.5E2,6.E1));
#7253=DIRECTION('',(0.E0,1.E0,0.E0));
#7254=DIRECTION('',(1.E0,0.E0,0.E0));
#7255=AXIS2_PLACEMENT_3D('',#7252,#7253,#7254);
#7256=CYLINDRICAL_SURFACE('',#7255,3.5E0);
#7257=ORIENTED_EDGE('',*,*,#3941,.F.);
#7258=ORIENTED_EDGE('',*,*,#7247,.T.);
#7260=ORIENTED_EDGE('',*,*,#7259,.T.);
#7261=ORIENTED_EDGE('',*,*,#7243,.F.);
#7262=EDGE_LOOP('',(#7257,#7258,#7260,#7261));
#7263=FACE_OUTER_BOUND('',#7262,.F.);
#7264=ADVANCED_FACE('',(#7263),#7256,.F.);
#7265=CARTESIAN_POINT('',(1.E1,7.E1,7.E1));
#7266=DIRECTION('',(0.E0,1.E0,0.E0));
#7267=DIRECTION('',(1.E0,0.E0,0.E0));
#7268=AXIS2_PLACEMENT_3D('',#7265,#7266,#7267);
#7269=PLANE('',#7268);
#7270=ORIENTED_EDGE('',*,*,#7245,.F.);
#7271=ORIENTED_EDGE('',*,*,#7259,.F.);
#7272=EDGE_LOOP('',(#7270,#7271));
#7273=FACE_OUTER_BOUND('',#7272,.F.);
#7274=ADVANCED_FACE('',(#7273),#7269,.T.);
#7275=CARTESIAN_POINT('',(-9.25E1,1.5E2,6.E1));
#7276=DIRECTION('',(0.E0,1.E0,0.E0));
#7277=DIRECTION('',(1.E0,0.E0,0.E0));
#7278=AXIS2_PLACEMENT_3D('',#7275,#7276,#7277);
#7279=CYLINDRICAL_SURFACE('',#7278,3.5E0);
#7280=ORIENTED_EDGE('',*,*,#3945,.F.);
#7282=ORIENTED_EDGE('',*,*,#7281,.T.);
#7284=ORIENTED_EDGE('',*,*,#7283,.T.);
#7286=ORIENTED_EDGE('',*,*,#7285,.F.);
#7287=EDGE_LOOP('',(#7280,#7282,#7284,#7286));
#7288=FACE_OUTER_BOUND('',#7287,.F.);
#7289=ADVANCED_FACE('',(#7288),#7279,.F.);
#7290=CARTESIAN_POINT('',(-9.25E1,1.5E2,6.E1));
#7291=DIRECTION('',(0.E0,1.E0,0.E0));
#7292=DIRECTION('',(1.E0,0.E0,0.E0));
#7293=AXIS2_PLACEMENT_3D('',#7290,#7291,#7292);
#7294=CYLINDRICAL_SURFACE('',#7293,3.5E0);
#7295=ORIENTED_EDGE('',*,*,#3947,.F.);
#7296=ORIENTED_EDGE('',*,*,#7285,.T.);
#7298=ORIENTED_EDGE('',*,*,#7297,.T.);
#7299=ORIENTED_EDGE('',*,*,#7281,.F.);
#7300=EDGE_LOOP('',(#7295,#7296,#7298,#7299));
#7301=FACE_OUTER_BOUND('',#7300,.F.);
#7302=ADVANCED_FACE('',(#7301),#7294,.F.);
#7303=CARTESIAN_POINT('',(2.E1,7.E1,7.E1));
#7304=DIRECTION('',(0.E0,1.E0,0.E0));
#7305=DIRECTION('',(1.E0,0.E0,0.E0));
#7306=AXIS2_PLACEMENT_3D('',#7303,#7304,#7305);
#7307=PLANE('',#7306);
#7308=ORIENTED_EDGE('',*,*,#7283,.F.);
#7309=ORIENTED_EDGE('',*,*,#7297,.F.);
#7310=EDGE_LOOP('',(#7308,#7309));
#7311=FACE_OUTER_BOUND('',#7310,.F.);
#7312=ADVANCED_FACE('',(#7311),#7307,.T.);
#7313=CARTESIAN_POINT('',(-8.25E1,1.5E2,6.E1));
#7314=DIRECTION('',(0.E0,1.E0,0.E0));
#7315=DIRECTION('',(1.E0,0.E0,0.E0));
#7316=AXIS2_PLACEMENT_3D('',#7313,#7314,#7315);
#7317=CYLINDRICAL_SURFACE('',#7316,3.5E0);
#7318=ORIENTED_EDGE('',*,*,#3951,.F.);
#7320=ORIENTED_EDGE('',*,*,#7319,.T.);
#7322=ORIENTED_EDGE('',*,*,#7321,.T.);
#7324=ORIENTED_EDGE('',*,*,#7323,.F.);
#7325=EDGE_LOOP('',(#7318,#7320,#7322,#7324));
#7326=FACE_OUTER_BOUND('',#7325,.F.);
#7327=ADVANCED_FACE('',(#7326),#7317,.F.);
#7328=CARTESIAN_POINT('',(-8.25E1,1.5E2,6.E1));
#7329=DIRECTION('',(0.E0,1.E0,0.E0));
#7330=DIRECTION('',(1.E0,0.E0,0.E0));
#7331=AXIS2_PLACEMENT_3D('',#7328,#7329,#7330);
#7332=CYLINDRICAL_SURFACE('',#7331,3.5E0);
#7333=ORIENTED_EDGE('',*,*,#3953,.F.);
#7334=ORIENTED_EDGE('',*,*,#7323,.T.);
#7336=ORIENTED_EDGE('',*,*,#7335,.T.);
#7337=ORIENTED_EDGE('',*,*,#7319,.F.);
#7338=EDGE_LOOP('',(#7333,#7334,#7336,#7337));
#7339=FACE_OUTER_BOUND('',#7338,.F.);
#7340=ADVANCED_FACE('',(#7339),#7332,.F.);
#7341=CARTESIAN_POINT('',(3.E1,7.E1,7.E1));
#7342=DIRECTION('',(0.E0,1.E0,0.E0));
#7343=DIRECTION('',(1.E0,0.E0,0.E0));
#7344=AXIS2_PLACEMENT_3D('',#7341,#7342,#7343);
#7345=PLANE('',#7344);
#7346=ORIENTED_EDGE('',*,*,#7321,.F.);
#7347=ORIENTED_EDGE('',*,*,#7335,.F.);
#7348=EDGE_LOOP('',(#7346,#7347));
#7349=FACE_OUTER_BOUND('',#7348,.F.);
#7350=ADVANCED_FACE('',(#7349),#7345,.T.);
#7351=CARTESIAN_POINT('',(-7.25E1,1.5E2,6.E1));
#7352=DIRECTION('',(0.E0,1.E0,0.E0));
#7353=DIRECTION('',(1.E0,0.E0,0.E0));
#7354=AXIS2_PLACEMENT_3D('',#7351,#7352,#7353);
#7355=CYLINDRICAL_SURFACE('',#7354,3.5E0);
#7356=ORIENTED_EDGE('',*,*,#3957,.F.);
#7358=ORIENTED_EDGE('',*,*,#7357,.T.);
#7360=ORIENTED_EDGE('',*,*,#7359,.T.);
#7362=ORIENTED_EDGE('',*,*,#7361,.F.);
#7363=EDGE_LOOP('',(#7356,#7358,#7360,#7362));
#7364=FACE_OUTER_BOUND('',#7363,.F.);
#7365=ADVANCED_FACE('',(#7364),#7355,.F.);
#7366=CARTESIAN_POINT('',(-7.25E1,1.5E2,6.E1));
#7367=DIRECTION('',(0.E0,1.E0,0.E0));
#7368=DIRECTION('',(1.E0,0.E0,0.E0));
#7369=AXIS2_PLACEMENT_3D('',#7366,#7367,#7368);
#7370=CYLINDRICAL_SURFACE('',#7369,3.5E0);
#7371=ORIENTED_EDGE('',*,*,#3959,.F.);
#7372=ORIENTED_EDGE('',*,*,#7361,.T.);
#7374=ORIENTED_EDGE('',*,*,#7373,.T.);
#7375=ORIENTED_EDGE('',*,*,#7357,.F.);
#7376=EDGE_LOOP('',(#7371,#7372,#7374,#7375));
#7377=FACE_OUTER_BOUND('',#7376,.F.);
#7378=ADVANCED_FACE('',(#7377),#7370,.F.);
#7379=CARTESIAN_POINT('',(4.E1,7.E1,7.E1));
#7380=DIRECTION('',(0.E0,1.E0,0.E0));
#7381=DIRECTION('',(1.E0,0.E0,0.E0));
#7382=AXIS2_PLACEMENT_3D('',#7379,#7380,#7381);
#7383=PLANE('',#7382);
#7384=ORIENTED_EDGE('',*,*,#7359,.F.);
#7385=ORIENTED_EDGE('',*,*,#7373,.F.);
#7386=EDGE_LOOP('',(#7384,#7385));
#7387=FACE_OUTER_BOUND('',#7386,.F.);
#7388=ADVANCED_FACE('',(#7387),#7383,.T.);
#7389=CARTESIAN_POINT('',(-6.25E1,1.5E2,6.E1));
#7390=DIRECTION('',(0.E0,1.E0,0.E0));
#7391=DIRECTION('',(1.E0,0.E0,0.E0));
#7392=AXIS2_PLACEMENT_3D('',#7389,#7390,#7391);
#7393=CYLINDRICAL_SURFACE('',#7392,3.5E0);
#7394=ORIENTED_EDGE('',*,*,#3963,.F.);
#7396=ORIENTED_EDGE('',*,*,#7395,.T.);
#7398=ORIENTED_EDGE('',*,*,#7397,.T.);
#7400=ORIENTED_EDGE('',*,*,#7399,.F.);
#7401=EDGE_LOOP('',(#7394,#7396,#7398,#7400));
#7402=FACE_OUTER_BOUND('',#7401,.F.);
#7403=ADVANCED_FACE('',(#7402),#7393,.F.);
#7404=CARTESIAN_POINT('',(-6.25E1,1.5E2,6.E1));
#7405=DIRECTION('',(0.E0,1.E0,0.E0));
#7406=DIRECTION('',(1.E0,0.E0,0.E0));
#7407=AXIS2_PLACEMENT_3D('',#7404,#7405,#7406);
#7408=CYLINDRICAL_SURFACE('',#7407,3.5E0);
#7409=ORIENTED_EDGE('',*,*,#3965,.F.);
#7410=ORIENTED_EDGE('',*,*,#7399,.T.);
#7412=ORIENTED_EDGE('',*,*,#7411,.T.);
#7413=ORIENTED_EDGE('',*,*,#7395,.F.);
#7414=EDGE_LOOP('',(#7409,#7410,#7412,#7413));
#7415=FACE_OUTER_BOUND('',#7414,.F.);
#7416=ADVANCED_FACE('',(#7415),#7408,.F.);
#7417=CARTESIAN_POINT('',(5.E1,7.E1,7.E1));
#7418=DIRECTION('',(0.E0,1.E0,0.E0));
#7419=DIRECTION('',(1.E0,0.E0,0.E0));
#7420=AXIS2_PLACEMENT_3D('',#7417,#7418,#7419);
#7421=PLANE('',#7420);
#7422=ORIENTED_EDGE('',*,*,#7397,.F.);
#7423=ORIENTED_EDGE('',*,*,#7411,.F.);
#7424=EDGE_LOOP('',(#7422,#7423));
#7425=FACE_OUTER_BOUND('',#7424,.F.);
#7426=ADVANCED_FACE('',(#7425),#7421,.T.);
#7427=CARTESIAN_POINT('',(-5.25E1,1.5E2,6.E1));
#7428=DIRECTION('',(0.E0,1.E0,0.E0));
#7429=DIRECTION('',(1.E0,0.E0,0.E0));
#7430=AXIS2_PLACEMENT_3D('',#7427,#7428,#7429);
#7431=CYLINDRICAL_SURFACE('',#7430,3.5E0);
#7432=ORIENTED_EDGE('',*,*,#3969,.F.);
#7434=ORIENTED_EDGE('',*,*,#7433,.T.);
#7436=ORIENTED_EDGE('',*,*,#7435,.T.);
#7438=ORIENTED_EDGE('',*,*,#7437,.F.);
#7439=EDGE_LOOP('',(#7432,#7434,#7436,#7438));
#7440=FACE_OUTER_BOUND('',#7439,.F.);
#7441=ADVANCED_FACE('',(#7440),#7431,.F.);
#7442=CARTESIAN_POINT('',(-5.25E1,1.5E2,6.E1));
#7443=DIRECTION('',(0.E0,1.E0,0.E0));
#7444=DIRECTION('',(1.E0,0.E0,0.E0));
#7445=AXIS2_PLACEMENT_3D('',#7442,#7443,#7444);
#7446=CYLINDRICAL_SURFACE('',#7445,3.5E0);
#7447=ORIENTED_EDGE('',*,*,#3971,.F.);
#7448=ORIENTED_EDGE('',*,*,#7437,.T.);
#7450=ORIENTED_EDGE('',*,*,#7449,.T.);
#7451=ORIENTED_EDGE('',*,*,#7433,.F.);
#7452=EDGE_LOOP('',(#7447,#7448,#7450,#7451));
#7453=FACE_OUTER_BOUND('',#7452,.F.);
#7454=ADVANCED_FACE('',(#7453),#7446,.F.);
#7455=CARTESIAN_POINT('',(6.E1,7.E1,7.E1));
#7456=DIRECTION('',(0.E0,1.E0,0.E0));
#7457=DIRECTION('',(1.E0,0.E0,0.E0));
#7458=AXIS2_PLACEMENT_3D('',#7455,#7456,#7457);
#7459=PLANE('',#7458);
#7460=ORIENTED_EDGE('',*,*,#7435,.F.);
#7461=ORIENTED_EDGE('',*,*,#7449,.F.);
#7462=EDGE_LOOP('',(#7460,#7461));
#7463=FACE_OUTER_BOUND('',#7462,.F.);
#7464=ADVANCED_FACE('',(#7463),#7459,.T.);
#7465=CARTESIAN_POINT('',(-4.25E1,1.5E2,6.E1));
#7466=DIRECTION('',(0.E0,1.E0,0.E0));
#7467=DIRECTION('',(1.E0,0.E0,0.E0));
#7468=AXIS2_PLACEMENT_3D('',#7465,#7466,#7467);
#7469=CYLINDRICAL_SURFACE('',#7468,3.5E0);
#7470=ORIENTED_EDGE('',*,*,#3975,.F.);
#7472=ORIENTED_EDGE('',*,*,#7471,.T.);
#7474=ORIENTED_EDGE('',*,*,#7473,.T.);
#7476=ORIENTED_EDGE('',*,*,#7475,.F.);
#7477=EDGE_LOOP('',(#7470,#7472,#7474,#7476));
#7478=FACE_OUTER_BOUND('',#7477,.F.);
#7479=ADVANCED_FACE('',(#7478),#7469,.F.);
#7480=CARTESIAN_POINT('',(-4.25E1,1.5E2,6.E1));
#7481=DIRECTION('',(0.E0,1.E0,0.E0));
#7482=DIRECTION('',(1.E0,0.E0,0.E0));
#7483=AXIS2_PLACEMENT_3D('',#7480,#7481,#7482);
#7484=CYLINDRICAL_SURFACE('',#7483,3.5E0);
#7485=ORIENTED_EDGE('',*,*,#3977,.F.);
#7486=ORIENTED_EDGE('',*,*,#7475,.T.);
#7488=ORIENTED_EDGE('',*,*,#7487,.T.);
#7489=ORIENTED_EDGE('',*,*,#7471,.F.);
#7490=EDGE_LOOP('',(#7485,#7486,#7488,#7489));
#7491=FACE_OUTER_BOUND('',#7490,.F.);
#7492=ADVANCED_FACE('',(#7491),#7484,.F.);
#7493=CARTESIAN_POINT('',(7.E1,7.E1,7.E1));
#7494=DIRECTION('',(0.E0,1.E0,0.E0));
#7495=DIRECTION('',(1.E0,0.E0,0.E0));
#7496=AXIS2_PLACEMENT_3D('',#7493,#7494,#7495);
#7497=PLANE('',#7496);
#7498=ORIENTED_EDGE('',*,*,#7473,.F.);
#7499=ORIENTED_EDGE('',*,*,#7487,.F.);
#7500=EDGE_LOOP('',(#7498,#7499));
#7501=FACE_OUTER_BOUND('',#7500,.F.);
#7502=ADVANCED_FACE('',(#7501),#7497,.T.);
#7503=CARTESIAN_POINT('',(-3.25E1,1.5E2,6.E1));
#7504=DIRECTION('',(0.E0,1.E0,0.E0));
#7505=DIRECTION('',(1.E0,0.E0,0.E0));
#7506=AXIS2_PLACEMENT_3D('',#7503,#7504,#7505);
#7507=CYLINDRICAL_SURFACE('',#7506,3.5E0);
#7508=ORIENTED_EDGE('',*,*,#3981,.F.);
#7510=ORIENTED_EDGE('',*,*,#7509,.T.);
#7512=ORIENTED_EDGE('',*,*,#7511,.T.);
#7514=ORIENTED_EDGE('',*,*,#7513,.F.);
#7515=EDGE_LOOP('',(#7508,#7510,#7512,#7514));
#7516=FACE_OUTER_BOUND('',#7515,.F.);
#7517=ADVANCED_FACE('',(#7516),#7507,.F.);
#7518=CARTESIAN_POINT('',(-3.25E1,1.5E2,6.E1));
#7519=DIRECTION('',(0.E0,1.E0,0.E0));
#7520=DIRECTION('',(1.E0,0.E0,0.E0));
#7521=AXIS2_PLACEMENT_3D('',#7518,#7519,#7520);
#7522=CYLINDRICAL_SURFACE('',#7521,3.5E0);
#7523=ORIENTED_EDGE('',*,*,#3983,.F.);
#7524=ORIENTED_EDGE('',*,*,#7513,.T.);
#7526=ORIENTED_EDGE('',*,*,#7525,.T.);
#7527=ORIENTED_EDGE('',*,*,#7509,.F.);
#7528=EDGE_LOOP('',(#7523,#7524,#7526,#7527));
#7529=FACE_OUTER_BOUND('',#7528,.F.);
#7530=ADVANCED_FACE('',(#7529),#7522,.F.);
#7531=CARTESIAN_POINT('',(8.E1,7.E1,7.E1));
#7532=DIRECTION('',(0.E0,1.E0,0.E0));
#7533=DIRECTION('',(1.E0,0.E0,0.E0));
#7534=AXIS2_PLACEMENT_3D('',#7531,#7532,#7533);
#7535=PLANE('',#7534);
#7536=ORIENTED_EDGE('',*,*,#7511,.F.);
#7537=ORIENTED_EDGE('',*,*,#7525,.F.);
#7538=EDGE_LOOP('',(#7536,#7537));
#7539=FACE_OUTER_BOUND('',#7538,.F.);
#7540=ADVANCED_FACE('',(#7539),#7535,.T.);
#7541=CARTESIAN_POINT('',(-2.25E1,1.5E2,6.E1));
#7542=DIRECTION('',(0.E0,1.E0,0.E0));
#7543=DIRECTION('',(1.E0,0.E0,0.E0));
#7544=AXIS2_PLACEMENT_3D('',#7541,#7542,#7543);
#7545=CYLINDRICAL_SURFACE('',#7544,3.5E0);
#7546=ORIENTED_EDGE('',*,*,#3987,.F.);
#7548=ORIENTED_EDGE('',*,*,#7547,.T.);
#7550=ORIENTED_EDGE('',*,*,#7549,.T.);
#7552=ORIENTED_EDGE('',*,*,#7551,.F.);
#7553=EDGE_LOOP('',(#7546,#7548,#7550,#7552));
#7554=FACE_OUTER_BOUND('',#7553,.F.);
#7555=ADVANCED_FACE('',(#7554),#7545,.F.);
#7556=CARTESIAN_POINT('',(-2.25E1,1.5E2,6.E1));
#7557=DIRECTION('',(0.E0,1.E0,0.E0));
#7558=DIRECTION('',(1.E0,0.E0,0.E0));
#7559=AXIS2_PLACEMENT_3D('',#7556,#7557,#7558);
#7560=CYLINDRICAL_SURFACE('',#7559,3.5E0);
#7561=ORIENTED_EDGE('',*,*,#3989,.F.);
#7562=ORIENTED_EDGE('',*,*,#7551,.T.);
#7564=ORIENTED_EDGE('',*,*,#7563,.T.);
#7565=ORIENTED_EDGE('',*,*,#7547,.F.);
#7566=EDGE_LOOP('',(#7561,#7562,#7564,#7565));
#7567=FACE_OUTER_BOUND('',#7566,.F.);
#7568=ADVANCED_FACE('',(#7567),#7560,.F.);
#7569=CARTESIAN_POINT('',(9.E1,7.E1,7.E1));
#7570=DIRECTION('',(0.E0,1.E0,0.E0));
#7571=DIRECTION('',(1.E0,0.E0,0.E0));
#7572=AXIS2_PLACEMENT_3D('',#7569,#7570,#7571);
#7573=PLANE('',#7572);
#7574=ORIENTED_EDGE('',*,*,#7549,.F.);
#7575=ORIENTED_EDGE('',*,*,#7563,.F.);
#7576=EDGE_LOOP('',(#7574,#7575));
#7577=FACE_OUTER_BOUND('',#7576,.F.);
#7578=ADVANCED_FACE('',(#7577),#7573,.T.);
#7579=CARTESIAN_POINT('',(-1.25E1,1.5E2,6.E1));
#7580=DIRECTION('',(0.E0,1.E0,0.E0));
#7581=DIRECTION('',(1.E0,0.E0,0.E0));
#7582=AXIS2_PLACEMENT_3D('',#7579,#7580,#7581);
#7583=CYLINDRICAL_SURFACE('',#7582,3.5E0);
#7584=ORIENTED_EDGE('',*,*,#3993,.F.);
#7586=ORIENTED_EDGE('',*,*,#7585,.T.);
#7588=ORIENTED_EDGE('',*,*,#7587,.T.);
#7590=ORIENTED_EDGE('',*,*,#7589,.F.);
#7591=EDGE_LOOP('',(#7584,#7586,#7588,#7590));
#7592=FACE_OUTER_BOUND('',#7591,.F.);
#7593=ADVANCED_FACE('',(#7592),#7583,.F.);
#7594=CARTESIAN_POINT('',(-1.25E1,1.5E2,6.E1));
#7595=DIRECTION('',(0.E0,1.E0,0.E0));
#7596=DIRECTION('',(1.E0,0.E0,0.E0));
#7597=AXIS2_PLACEMENT_3D('',#7594,#7595,#7596);
#7598=CYLINDRICAL_SURFACE('',#7597,3.5E0);
#7599=ORIENTED_EDGE('',*,*,#3995,.F.);
#7600=ORIENTED_EDGE('',*,*,#7589,.T.);
#7602=ORIENTED_EDGE('',*,*,#7601,.T.);
#7603=ORIENTED_EDGE('',*,*,#7585,.F.);
#7604=EDGE_LOOP('',(#7599,#7600,#7602,#7603));
#7605=FACE_OUTER_BOUND('',#7604,.F.);
#7606=ADVANCED_FACE('',(#7605),#7598,.F.);
#7607=CARTESIAN_POINT('',(1.E2,7.E1,7.E1));
#7608=DIRECTION('',(0.E0,1.E0,0.E0));
#7609=DIRECTION('',(1.E0,0.E0,0.E0));
#7610=AXIS2_PLACEMENT_3D('',#7607,#7608,#7609);
#7611=PLANE('',#7610);
#7612=ORIENTED_EDGE('',*,*,#7587,.F.);
#7613=ORIENTED_EDGE('',*,*,#7601,.F.);
#7614=EDGE_LOOP('',(#7612,#7613));
#7615=FACE_OUTER_BOUND('',#7614,.F.);
#7616=ADVANCED_FACE('',(#7615),#7611,.T.);
#7618=DIRECTION('',(0.E0,1.E0,0.E0));
#7619=VECTOR('',#7618,4.E1);
#7620=CARTESIAN_POINT('',(-1.118111084070E2,1.E1,5.678301948305E1));
#7621=LINE('',#7620,#7619);
#7622=DIRECTION('',(0.E0,0.E0,-1.E0));
#7623=VECTOR('',#7622,6.424995704341E1);
#7624=CARTESIAN_POINT('',(-1.467416528613E1,1.E1,5.678301948305E1));
#7625=LINE('',#7624,#7623);
#7626=DIRECTION('',(-1.E0,0.E0,0.E0));
#7627=VECTOR('',#7626,9.713694312087E1);
#7628=CARTESIAN_POINT('',(-1.467416528613E1,1.E1,-7.466937560353E0));
#7629=LINE('',#7628,#7627);
#7630=DIRECTION('',(0.E0,0.E0,1.E0));
#7631=VECTOR('',#7630,6.424995704341E1);
#7632=CARTESIAN_POINT('',(-1.118111084070E2,1.E1,-7.466937560353E0));
#7633=LINE('',#7632,#7631);
#7634=DIRECTION('',(1.E0,0.E0,0.E0));
#7635=VECTOR('',#7634,9.713694312087E1);
#7636=CARTESIAN_POINT('',(-1.118111084070E2,1.E1,5.678301948305E1));
#7637=LINE('',#7636,#7635);
#7638=DIRECTION('',(0.E0,1.E0,0.E0));
#7639=VECTOR('',#7638,4.E1);
#7640=CARTESIAN_POINT('',(-1.467416528613E1,1.E1,5.678301948305E1));
#7641=LINE('',#7640,#7639);
#7642=DIRECTION('',(0.E0,0.E0,-1.E0));
#7643=VECTOR('',#7642,6.424995704341E1);
#7644=CARTESIAN_POINT('',(-1.467416528613E1,5.E1,5.678301948305E1));
#7645=LINE('',#7644,#7643);
#7646=DIRECTION('',(1.E0,0.E0,0.E0));
#7647=VECTOR('',#7646,9.713694312087E1);
#7648=CARTESIAN_POINT('',(-1.118111084070E2,5.E1,5.678301948305E1));
#7649=LINE('',#7648,#7647);
#7650=DIRECTION('',(0.E0,0.E0,1.E0));
#7651=VECTOR('',#7650,6.424995704341E1);
#7652=CARTESIAN_POINT('',(-1.118111084070E2,5.E1,-7.466937560353E0));
#7653=LINE('',#7652,#7651);
#7654=DIRECTION('',(-1.E0,0.E0,0.E0));
#7655=VECTOR('',#7654,9.713694312087E1);
#7656=CARTESIAN_POINT('',(-1.467416528613E1,5.E1,-7.466937560353E0));
#7657=LINE('',#7656,#7655);
#7658=DIRECTION('',(0.E0,1.E0,0.E0));
#7659=VECTOR('',#7658,4.E1);
#7660=CARTESIAN_POINT('',(-1.118111084070E2,1.E1,-7.466937560353E0));
#7661=LINE('',#7660,#7659);
#7662=DIRECTION('',(0.E0,1.E0,0.E0));
#7663=VECTOR('',#7662,4.E1);
#7664=CARTESIAN_POINT('',(-1.467416528613E1,1.E1,-7.466937560353E0));
#7665=LINE('',#7664,#7663);
#7666=CARTESIAN_POINT('',(-1.467416528613E1,1.E1,5.678301948305E1));
#7667=CARTESIAN_POINT('',(-1.467416528613E1,1.E1,-7.466937560353E0));
#7668=VERTEX_POINT('',#7666);
#7669=VERTEX_POINT('',#7667);
#7670=CARTESIAN_POINT('',(-1.118111084070E2,1.E1,-7.466937560353E0));
#7671=VERTEX_POINT('',#7670);
#7672=CARTESIAN_POINT('',(-1.118111084070E2,1.E1,5.678301948305E1));
#7673=VERTEX_POINT('',#7672);
#7674=CARTESIAN_POINT('',(-1.467416528613E1,5.E1,5.678301948305E1));
#7675=CARTESIAN_POINT('',(-1.467416528613E1,5.E1,-7.466937560353E0));
#7676=VERTEX_POINT('',#7674);
#7677=VERTEX_POINT('',#7675);
#7678=CARTESIAN_POINT('',(-1.118111084070E2,5.E1,-7.466937560353E0));
#7679=VERTEX_POINT('',#7678);
#7680=CARTESIAN_POINT('',(-1.118111084070E2,5.E1,5.678301948305E1));
#7681=VERTEX_POINT('',#7680);
#7682=CARTESIAN_POINT('',(-1.118111084070E2,1.E1,5.678301948305E1));
#7683=DIRECTION('',(0.E0,0.E0,1.E0));
#7684=DIRECTION('',(1.E0,0.E0,0.E0));
#7685=AXIS2_PLACEMENT_3D('',#7682,#7683,#7684);
#7686=PLANE('',#7685);
#7688=ORIENTED_EDGE('',*,*,#7687,.F.);
#7690=ORIENTED_EDGE('',*,*,#7689,.T.);
#7692=ORIENTED_EDGE('',*,*,#7691,.T.);
#7694=ORIENTED_EDGE('',*,*,#7693,.F.);
#7695=EDGE_LOOP('',(#7688,#7690,#7692,#7694));
#7696=FACE_OUTER_BOUND('',#7695,.F.);
#7697=ADVANCED_FACE('',(#7696),#7686,.T.);
#7698=CARTESIAN_POINT('',(0.E0,1.E1,0.E0));
#7699=DIRECTION('',(0.E0,1.E0,0.E0));
#7700=DIRECTION('',(-1.E0,0.E0,0.E0));
#7701=AXIS2_PLACEMENT_3D('',#7698,#7699,#7700);
#7702=PLANE('',#7701);
#7704=ORIENTED_EDGE('',*,*,#7703,.T.);
#7706=ORIENTED_EDGE('',*,*,#7705,.T.);
#7708=ORIENTED_EDGE('',*,*,#7707,.T.);
#7709=ORIENTED_EDGE('',*,*,#7687,.T.);
#7710=EDGE_LOOP('',(#7704,#7706,#7708,#7709));
#7711=FACE_OUTER_BOUND('',#7710,.F.);
#7712=ADVANCED_FACE('',(#7711),#7702,.F.);
#7713=CARTESIAN_POINT('',(-1.467416528613E1,1.E1,5.678301948305E1));
#7714=DIRECTION('',(1.E0,0.E0,0.E0));
#7715=DIRECTION('',(0.E0,0.E0,-1.E0));
#7716=AXIS2_PLACEMENT_3D('',#7713,#7714,#7715);
#7717=PLANE('',#7716);
#7718=ORIENTED_EDGE('',*,*,#7703,.F.);
#7719=ORIENTED_EDGE('',*,*,#7693,.T.);
#7721=ORIENTED_EDGE('',*,*,#7720,.T.);
#7723=ORIENTED_EDGE('',*,*,#7722,.F.);
#7724=EDGE_LOOP('',(#7718,#7719,#7721,#7723));
#7725=FACE_OUTER_BOUND('',#7724,.F.);
#7726=ADVANCED_FACE('',(#7725),#7717,.T.);
#7727=CARTESIAN_POINT('',(0.E0,5.E1,0.E0));
#7728=DIRECTION('',(0.E0,1.E0,0.E0));
#7729=DIRECTION('',(-1.E0,0.E0,0.E0));
#7730=AXIS2_PLACEMENT_3D('',#7727,#7728,#7729);
#7731=PLANE('',#7730);
#7732=ORIENTED_EDGE('',*,*,#7720,.F.);
#7733=ORIENTED_EDGE('',*,*,#7691,.F.);
#7735=ORIENTED_EDGE('',*,*,#7734,.F.);
#7737=ORIENTED_EDGE('',*,*,#7736,.F.);
#7738=EDGE_LOOP('',(#7732,#7733,#7735,#7737));
#7739=FACE_OUTER_BOUND('',#7738,.F.);
#7740=ADVANCED_FACE('',(#7739),#7731,.T.);
#7741=CARTESIAN_POINT('',(-1.118111084070E2,1.E1,-7.466937560353E0));
#7742=DIRECTION('',(-1.E0,0.E0,0.E0));
#7743=DIRECTION('',(0.E0,0.E0,1.E0));
#7744=AXIS2_PLACEMENT_3D('',#7741,#7742,#7743);
#7745=PLANE('',#7744);
#7746=ORIENTED_EDGE('',*,*,#7707,.F.);
#7748=ORIENTED_EDGE('',*,*,#7747,.T.);
#7749=ORIENTED_EDGE('',*,*,#7734,.T.);
#7750=ORIENTED_EDGE('',*,*,#7689,.F.);
#7751=EDGE_LOOP('',(#7746,#7748,#7749,#7750));
#7752=FACE_OUTER_BOUND('',#7751,.F.);
#7753=ADVANCED_FACE('',(#7752),#7745,.T.);
#7754=CARTESIAN_POINT('',(-1.467416528613E1,1.E1,-7.466937560353E0));
#7755=DIRECTION('',(0.E0,0.E0,-1.E0));
#7756=DIRECTION('',(-1.E0,0.E0,0.E0));
#7757=AXIS2_PLACEMENT_3D('',#7754,#7755,#7756);
#7758=PLANE('',#7757);
#7759=ORIENTED_EDGE('',*,*,#7705,.F.);
#7760=ORIENTED_EDGE('',*,*,#7722,.T.);
#7761=ORIENTED_EDGE('',*,*,#7736,.T.);
#7762=ORIENTED_EDGE('',*,*,#7747,.F.);
#7763=EDGE_LOOP('',(#7759,#7760,#7761,#7762));
#7764=FACE_OUTER_BOUND('',#7763,.F.);
#7765=ADVANCED_FACE('',(#7764),#7758,.T.);
#7767=ORIENTED_CLOSED_SHELL('',*,#7766,.F.);
#7770=DIMENSIONAL_EXPONENTS(0.E0,0.E0,0.E0,0.E0,0.E0,0.E0,0.E0);
#7772=PLANE_ANGLE_MEASURE_WITH_UNIT(PLANE_ANGLE_MEASURE(1.745329251994E-2),
#7771);
#7773=(CONVERSION_BASED_UNIT('DEGREE',#7772)NAMED_UNIT(*)PLANE_ANGLE_UNIT());
#7775=UNCERTAINTY_MEASURE_WITH_UNIT(LENGTH_MEASURE(9.906E-3),#7769,'closure',
'Maximum model space distance between geometric entities at asserted connectivities');
#7776=(GEOMETRIC_REPRESENTATION_CONTEXT(3)GLOBAL_UNCERTAINTY_ASSIGNED_CONTEXT((
#7775))GLOBAL_UNIT_ASSIGNED_CONTEXT((#7769,#7773,#7774))REPRESENTATION_CONTEXT(
'ID1','3'));
#7778=APPLICATION_CONTEXT(
'CONFIGURATION CONTROLLED 3D DESIGNS OF MECHANICAL PARTS AND ASSEMBLIES');
#7779=APPLICATION_PROTOCOL_DEFINITION('international standard',
'config_control_design',1994,#7778);
#7780=DESIGN_CONTEXT('',#7778,'design');
#7781=MECHANICAL_CONTEXT('',#7778,'mechanical');
#7782=PRODUCT('PIPETTIPRACK88','PIPETTIPRACK88','NOT SPECIFIED',(#7781));
#7783=PRODUCT_DEFINITION_FORMATION_WITH_SPECIFIED_SOURCE('1','LAST_VERSION',
#7782,.MADE.);
#7787=PRODUCT_CATEGORY('part','');
#7788=PRODUCT_RELATED_PRODUCT_CATEGORY('detail','',(#7782));
#7789=PRODUCT_CATEGORY_RELATIONSHIP('','',#7787,#7788);
#7790=SECURITY_CLASSIFICATION_LEVEL('unclassified');
#7791=SECURITY_CLASSIFICATION('','',#7790);
#7792=CC_DESIGN_SECURITY_CLASSIFICATION(#7791,(#7783));
#7793=APPROVAL_STATUS('approved');
#7794=APPROVAL(#7793,'');
#7795=CC_DESIGN_APPROVAL(#7794,(#7791,#7783,#7784));
#7796=CALENDAR_DATE(126,4,6);
#7797=COORDINATED_UNIVERSAL_TIME_OFFSET(9,0,.AHEAD.);
#7798=LOCAL_TIME(14,24,5.E0,#7797);
#7799=DATE_AND_TIME(#7796,#7798);
#7800=APPROVAL_DATE_TIME(#7799,#7794);
#7801=DATE_TIME_ROLE('creation_date');
#7802=CC_DESIGN_DATE_AND_TIME_ASSIGNMENT(#7799,#7801,(#7784));
#7803=DATE_TIME_ROLE('classification_date');
#7804=CC_DESIGN_DATE_AND_TIME_ASSIGNMENT(#7799,#7803,(#7791));
#7805=PERSON('UNSPECIFIED','UNSPECIFIED',$,$,$,$);
#7806=ORGANIZATION('UNSPECIFIED','UNSPECIFIED','UNSPECIFIED');
#7807=PERSON_AND_ORGANIZATION(#7805,#7806);
#7808=APPROVAL_ROLE('approver');
#7809=APPROVAL_PERSON_ORGANIZATION(#7807,#7794,#7808);
#7810=PERSON_AND_ORGANIZATION_ROLE('creator');
#7811=CC_DESIGN_PERSON_AND_ORGANIZATION_ASSIGNMENT(#7807,#7810,(#7783,#7784));
#7812=PERSON_AND_ORGANIZATION_ROLE('design_supplier');
#7813=CC_DESIGN_PERSON_AND_ORGANIZATION_ASSIGNMENT(#7807,#7812,(#7783));
#7814=PERSON_AND_ORGANIZATION_ROLE('classification_officer');
#7815=CC_DESIGN_PERSON_AND_ORGANIZATION_ASSIGNMENT(#7807,#7814,(#7791));
#7816=PERSON_AND_ORGANIZATION_ROLE('design_owner');
#7817=CC_DESIGN_PERSON_AND_ORGANIZATION_ASSIGNMENT(#7807,#7816,(#7782));
#25=CIRCLE('',#24,3.5E0);
#30=CIRCLE('',#29,3.5E0);
#35=CIRCLE('',#34,3.5E0);
#40=CIRCLE('',#39,3.5E0);
#45=CIRCLE('',#44,3.5E0);
#50=CIRCLE('',#49,3.5E0);
#55=CIRCLE('',#54,3.5E0);
#60=CIRCLE('',#59,3.5E0);
#65=CIRCLE('',#64,3.5E0);
#70=CIRCLE('',#69,3.5E0);
#75=CIRCLE('',#74,3.5E0);
#80=CIRCLE('',#79,3.5E0);
#85=CIRCLE('',#84,3.5E0);
#90=CIRCLE('',#89,3.5E0);
#95=CIRCLE('',#94,3.5E0);
#100=CIRCLE('',#99,3.5E0);
#105=CIRCLE('',#104,3.5E0);
#110=CIRCLE('',#109,3.5E0);
#115=CIRCLE('',#114,3.5E0);
#120=CIRCLE('',#119,3.5E0);
#125=CIRCLE('',#124,3.5E0);
#130=CIRCLE('',#129,3.5E0);
#135=CIRCLE('',#134,3.5E0);
#140=CIRCLE('',#139,3.5E0);
#145=CIRCLE('',#144,3.5E0);
#150=CIRCLE('',#149,3.5E0);
#155=CIRCLE('',#154,3.5E0);
#160=CIRCLE('',#159,3.5E0);
#165=CIRCLE('',#164,3.5E0);
#170=CIRCLE('',#169,3.5E0);
#175=CIRCLE('',#174,3.5E0);
#180=CIRCLE('',#179,3.5E0);
#185=CIRCLE('',#184,3.5E0);
#190=CIRCLE('',#189,3.5E0);
#195=CIRCLE('',#194,3.5E0);
#200=CIRCLE('',#199,3.5E0);
#205=CIRCLE('',#204,3.5E0);
#210=CIRCLE('',#209,3.5E0);
#215=CIRCLE('',#214,3.5E0);
#220=CIRCLE('',#219,3.5E0);
#225=CIRCLE('',#224,3.5E0);
#230=CIRCLE('',#229,3.5E0);
#235=CIRCLE('',#234,3.5E0);
#240=CIRCLE('',#239,3.5E0);
#245=CIRCLE('',#244,3.5E0);
#250=CIRCLE('',#249,3.5E0);
#255=CIRCLE('',#254,3.5E0);
#260=CIRCLE('',#259,3.5E0);
#265=CIRCLE('',#264,3.5E0);
#270=CIRCLE('',#269,3.5E0);
#275=CIRCLE('',#274,3.5E0);
#280=CIRCLE('',#279,3.5E0);
#285=CIRCLE('',#284,3.5E0);
#290=CIRCLE('',#289,3.5E0);
#295=CIRCLE('',#294,3.5E0);
#300=CIRCLE('',#299,3.5E0);
#305=CIRCLE('',#304,3.5E0);
#310=CIRCLE('',#309,3.5E0);
#315=CIRCLE('',#314,3.5E0);
#320=CIRCLE('',#319,3.5E0);
#325=CIRCLE('',#324,3.5E0);
#330=CIRCLE('',#329,3.5E0);
#335=CIRCLE('',#334,3.5E0);
#340=CIRCLE('',#339,3.5E0);
#345=CIRCLE('',#344,3.5E0);
#350=CIRCLE('',#349,3.5E0);
#355=CIRCLE('',#354,3.5E0);
#360=CIRCLE('',#359,3.5E0);
#365=CIRCLE('',#364,3.5E0);
#370=CIRCLE('',#369,3.5E0);
#375=CIRCLE('',#374,3.5E0);
#380=CIRCLE('',#379,3.5E0);
#385=CIRCLE('',#384,3.5E0);
#390=CIRCLE('',#389,3.5E0);
#395=CIRCLE('',#394,3.5E0);
#400=CIRCLE('',#399,3.5E0);
#405=CIRCLE('',#404,3.5E0);
#410=CIRCLE('',#409,3.5E0);
#415=CIRCLE('',#414,3.5E0);
#420=CIRCLE('',#419,3.5E0);
#425=CIRCLE('',#424,3.5E0);
#430=CIRCLE('',#429,3.5E0);
#435=CIRCLE('',#434,3.5E0);
#440=CIRCLE('',#439,3.5E0);
#445=CIRCLE('',#444,3.5E0);
#450=CIRCLE('',#449,3.5E0);
#455=CIRCLE('',#454,3.5E0);
#460=CIRCLE('',#459,3.5E0);
#465=CIRCLE('',#464,3.5E0);
#470=CIRCLE('',#469,3.5E0);
#475=CIRCLE('',#474,3.5E0);
#480=CIRCLE('',#479,3.5E0);
#485=CIRCLE('',#484,3.5E0);
#490=CIRCLE('',#489,3.5E0);
#495=CIRCLE('',#494,3.5E0);
#500=CIRCLE('',#499,3.5E0);
#505=CIRCLE('',#504,3.5E0);
#510=CIRCLE('',#509,3.5E0);
#515=CIRCLE('',#514,3.5E0);
#520=CIRCLE('',#519,3.5E0);
#525=CIRCLE('',#524,3.5E0);
#530=CIRCLE('',#529,3.5E0);
#535=CIRCLE('',#534,3.5E0);
#540=CIRCLE('',#539,3.5E0);
#545=CIRCLE('',#544,3.5E0);
#550=CIRCLE('',#549,3.5E0);
#555=CIRCLE('',#554,3.5E0);
#560=CIRCLE('',#559,3.5E0);
#565=CIRCLE('',#564,3.5E0);
#570=CIRCLE('',#569,3.5E0);
#575=CIRCLE('',#574,3.5E0);
#580=CIRCLE('',#579,3.5E0);
#585=CIRCLE('',#584,3.5E0);
#590=CIRCLE('',#589,3.5E0);
#595=CIRCLE('',#594,3.5E0);
#600=CIRCLE('',#599,3.5E0);
#605=CIRCLE('',#604,3.5E0);
#610=CIRCLE('',#609,3.5E0);
#615=CIRCLE('',#614,3.5E0);
#620=CIRCLE('',#619,3.5E0);
#625=CIRCLE('',#624,3.5E0);
#630=CIRCLE('',#629,3.5E0);
#635=CIRCLE('',#634,3.5E0);
#640=CIRCLE('',#639,3.5E0);
#645=CIRCLE('',#644,3.5E0);
#650=CIRCLE('',#649,3.5E0);
#655=CIRCLE('',#654,3.5E0);
#660=CIRCLE('',#659,3.5E0);
#665=CIRCLE('',#664,3.5E0);
#670=CIRCLE('',#669,3.5E0);
#675=CIRCLE('',#674,3.5E0);
#680=CIRCLE('',#679,3.5E0);
#685=CIRCLE('',#684,3.5E0);
#690=CIRCLE('',#689,3.5E0);
#695=CIRCLE('',#694,3.5E0);
#700=CIRCLE('',#699,3.5E0);
#705=CIRCLE('',#704,3.5E0);
#710=CIRCLE('',#709,3.5E0);
#715=CIRCLE('',#714,3.5E0);
#720=CIRCLE('',#719,3.5E0);
#725=CIRCLE('',#724,3.5E0);
#730=CIRCLE('',#729,3.5E0);
#735=CIRCLE('',#734,3.5E0);
#740=CIRCLE('',#739,3.5E0);
#745=CIRCLE('',#744,3.5E0);
#750=CIRCLE('',#749,3.5E0);
#755=CIRCLE('',#754,3.5E0);
#760=CIRCLE('',#759,3.5E0);
#765=CIRCLE('',#764,3.5E0);
#770=CIRCLE('',#769,3.5E0);
#775=CIRCLE('',#774,3.5E0);
#780=CIRCLE('',#779,3.5E0);
#785=CIRCLE('',#784,3.5E0);
#790=CIRCLE('',#789,3.5E0);
#795=CIRCLE('',#794,3.5E0);
#800=CIRCLE('',#799,3.5E0);
#805=CIRCLE('',#804,3.5E0);
#810=CIRCLE('',#809,3.5E0);
#815=CIRCLE('',#814,3.5E0);
#820=CIRCLE('',#819,3.5E0);
#825=CIRCLE('',#824,3.5E0);
#830=CIRCLE('',#829,3.5E0);
#835=CIRCLE('',#834,3.5E0);
#840=CIRCLE('',#839,3.5E0);
#845=CIRCLE('',#844,3.5E0);
#850=CIRCLE('',#849,3.5E0);
#855=CIRCLE('',#854,3.5E0);
#860=CIRCLE('',#859,3.5E0);
#865=CIRCLE('',#864,3.5E0);
#870=CIRCLE('',#869,3.5E0);
#875=CIRCLE('',#874,3.5E0);
#880=CIRCLE('',#879,3.5E0);
#885=CIRCLE('',#884,3.5E0);
#890=CIRCLE('',#889,3.5E0);
#895=CIRCLE('',#894,3.5E0);
#900=CIRCLE('',#899,3.5E0);
#909=CIRCLE('',#908,3.5E0);
#914=CIRCLE('',#913,3.5E0);
#919=CIRCLE('',#918,3.5E0);
#924=CIRCLE('',#923,3.5E0);
#929=CIRCLE('',#928,3.5E0);
#934=CIRCLE('',#933,3.5E0);
#939=CIRCLE('',#938,3.5E0);
#944=CIRCLE('',#943,3.5E0);
#985=CIRCLE('',#984,3.5E0);
#990=CIRCLE('',#989,3.5E0);
#995=CIRCLE('',#994,3.5E0);
#1000=CIRCLE('',#999,3.5E0);
#1005=CIRCLE('',#1004,3.5E0);
#1010=CIRCLE('',#1009,3.5E0);
#1015=CIRCLE('',#1014,3.5E0);
#1020=CIRCLE('',#1019,3.5E0);
#1105=CIRCLE('',#1104,3.5E0);
#1110=CIRCLE('',#1109,3.5E0);
#1123=CIRCLE('',#1122,3.5E0);
#1128=CIRCLE('',#1127,3.5E0);
#1141=CIRCLE('',#1140,3.5E0);
#1146=CIRCLE('',#1145,3.5E0);
#1159=CIRCLE('',#1158,3.5E0);
#1164=CIRCLE('',#1163,3.5E0);
#1177=CIRCLE('',#1176,3.5E0);
#1182=CIRCLE('',#1181,3.5E0);
#1195=CIRCLE('',#1194,3.5E0);
#1200=CIRCLE('',#1199,3.5E0);
#1213=CIRCLE('',#1212,3.5E0);
#1218=CIRCLE('',#1217,3.5E0);
#1231=CIRCLE('',#1230,3.5E0);
#1236=CIRCLE('',#1235,3.5E0);
#1249=CIRCLE('',#1248,3.5E0);
#1254=CIRCLE('',#1253,3.5E0);
#1267=CIRCLE('',#1266,3.5E0);
#1272=CIRCLE('',#1271,3.5E0);
#1285=CIRCLE('',#1284,3.5E0);
#1290=CIRCLE('',#1289,3.5E0);
#1303=CIRCLE('',#1302,3.5E0);
#1308=CIRCLE('',#1307,3.5E0);
#1321=CIRCLE('',#1320,3.5E0);
#1326=CIRCLE('',#1325,3.5E0);
#1339=CIRCLE('',#1338,3.5E0);
#1344=CIRCLE('',#1343,3.5E0);
#1357=CIRCLE('',#1356,3.5E0);
#1362=CIRCLE('',#1361,3.5E0);
#1375=CIRCLE('',#1374,3.5E0);
#1380=CIRCLE('',#1379,3.5E0);
#1393=CIRCLE('',#1392,3.5E0);
#1398=CIRCLE('',#1397,3.5E0);
#1411=CIRCLE('',#1410,3.5E0);
#1416=CIRCLE('',#1415,3.5E0);
#1429=CIRCLE('',#1428,3.5E0);
#1434=CIRCLE('',#1433,3.5E0);
#1447=CIRCLE('',#1446,3.5E0);
#1452=CIRCLE('',#1451,3.5E0);
#1465=CIRCLE('',#1464,3.5E0);
#1470=CIRCLE('',#1469,3.5E0);
#1483=CIRCLE('',#1482,3.5E0);
#1488=CIRCLE('',#1487,3.5E0);
#1501=CIRCLE('',#1500,3.5E0);
#1506=CIRCLE('',#1505,3.5E0);
#1519=CIRCLE('',#1518,3.5E0);
#1524=CIRCLE('',#1523,3.5E0);
#1537=CIRCLE('',#1536,3.5E0);
#1542=CIRCLE('',#1541,3.5E0);
#1555=CIRCLE('',#1554,3.5E0);
#1560=CIRCLE('',#1559,3.5E0);
#1573=CIRCLE('',#1572,3.5E0);
#1578=CIRCLE('',#1577,3.5E0);
#1591=CIRCLE('',#1590,3.5E0);
#1596=CIRCLE('',#1595,3.5E0);
#1609=CIRCLE('',#1608,3.5E0);
#1614=CIRCLE('',#1613,3.5E0);
#1627=CIRCLE('',#1626,3.5E0);
#1632=CIRCLE('',#1631,3.5E0);
#1645=CIRCLE('',#1644,3.5E0);
#1650=CIRCLE('',#1649,3.5E0);
#1663=CIRCLE('',#1662,3.5E0);
#1668=CIRCLE('',#1667,3.5E0);
#1681=CIRCLE('',#1680,3.5E0);
#1686=CIRCLE('',#1685,3.5E0);
#1699=CIRCLE('',#1698,3.5E0);
#1704=CIRCLE('',#1703,3.5E0);
#1717=CIRCLE('',#1716,3.5E0);
#1722=CIRCLE('',#1721,3.5E0);
#1735=CIRCLE('',#1734,3.5E0);
#1740=CIRCLE('',#1739,3.5E0);
#1753=CIRCLE('',#1752,3.5E0);
#1758=CIRCLE('',#1757,3.5E0);
#1771=CIRCLE('',#1770,3.5E0);
#1776=CIRCLE('',#1775,3.5E0);
#1789=CIRCLE('',#1788,3.5E0);
#1794=CIRCLE('',#1793,3.5E0);
#1807=CIRCLE('',#1806,3.5E0);
#1812=CIRCLE('',#1811,3.5E0);
#1825=CIRCLE('',#1824,3.5E0);
#1830=CIRCLE('',#1829,3.5E0);
#1843=CIRCLE('',#1842,3.5E0);
#1848=CIRCLE('',#1847,3.5E0);
#1861=CIRCLE('',#1860,3.5E0);
#1866=CIRCLE('',#1865,3.5E0);
#1879=CIRCLE('',#1878,3.5E0);
#1884=CIRCLE('',#1883,3.5E0);
#1897=CIRCLE('',#1896,3.5E0);
#1902=CIRCLE('',#1901,3.5E0);
#1915=CIRCLE('',#1914,3.5E0);
#1920=CIRCLE('',#1919,3.5E0);
#1933=CIRCLE('',#1932,3.5E0);
#1938=CIRCLE('',#1937,3.5E0);
#1951=CIRCLE('',#1950,3.5E0);
#1956=CIRCLE('',#1955,3.5E0);
#1969=CIRCLE('',#1968,3.5E0);
#1974=CIRCLE('',#1973,3.5E0);
#1987=CIRCLE('',#1986,3.5E0);
#1992=CIRCLE('',#1991,3.5E0);
#2005=CIRCLE('',#2004,3.5E0);
#2010=CIRCLE('',#2009,3.5E0);
#2023=CIRCLE('',#2022,3.5E0);
#2028=CIRCLE('',#2027,3.5E0);
#2041=CIRCLE('',#2040,3.5E0);
#2046=CIRCLE('',#2045,3.5E0);
#2059=CIRCLE('',#2058,3.5E0);
#2064=CIRCLE('',#2063,3.5E0);
#2077=CIRCLE('',#2076,3.5E0);
#2082=CIRCLE('',#2081,3.5E0);
#2095=CIRCLE('',#2094,3.5E0);
#2100=CIRCLE('',#2099,3.5E0);
#2113=CIRCLE('',#2112,3.5E0);
#2118=CIRCLE('',#2117,3.5E0);
#2131=CIRCLE('',#2130,3.5E0);
#2136=CIRCLE('',#2135,3.5E0);
#2149=CIRCLE('',#2148,3.5E0);
#2154=CIRCLE('',#2153,3.5E0);
#2167=CIRCLE('',#2166,3.5E0);
#2172=CIRCLE('',#2171,3.5E0);
#2185=CIRCLE('',#2184,3.5E0);
#2190=CIRCLE('',#2189,3.5E0);
#2203=CIRCLE('',#2202,3.5E0);
#2208=CIRCLE('',#2207,3.5E0);
#2221=CIRCLE('',#2220,3.5E0);
#2226=CIRCLE('',#2225,3.5E0);
#2239=CIRCLE('',#2238,3.5E0);
#2244=CIRCLE('',#2243,3.5E0);
#2257=CIRCLE('',#2256,3.5E0);
#2262=CIRCLE('',#2261,3.5E0);
#2275=CIRCLE('',#2274,3.5E0);
#2280=CIRCLE('',#2279,3.5E0);
#2293=CIRCLE('',#2292,3.5E0);
#2298=CIRCLE('',#2297,3.5E0);
#2311=CIRCLE('',#2310,3.5E0);
#2316=CIRCLE('',#2315,3.5E0);
#2329=CIRCLE('',#2328,3.5E0);
#2334=CIRCLE('',#2333,3.5E0);
#2347=CIRCLE('',#2346,3.5E0);
#2352=CIRCLE('',#2351,3.5E0);
#2365=CIRCLE('',#2364,3.5E0);
#2370=CIRCLE('',#2369,3.5E0);
#2383=CIRCLE('',#2382,3.5E0);
#2388=CIRCLE('',#2387,3.5E0);
#2401=CIRCLE('',#2400,3.5E0);
#2406=CIRCLE('',#2405,3.5E0);
#2419=CIRCLE('',#2418,3.5E0);
#2424=CIRCLE('',#2423,3.5E0);
#2437=CIRCLE('',#2436,3.5E0);
#2442=CIRCLE('',#2441,3.5E0);
#2455=CIRCLE('',#2454,3.5E0);
#2460=CIRCLE('',#2459,3.5E0);
#2469=CIRCLE('',#2468,3.5E0);
#2474=CIRCLE('',#2473,3.5E0);
#2487=CIRCLE('',#2486,3.5E0);
#2492=CIRCLE('',#2491,3.5E0);
#2505=CIRCLE('',#2504,3.5E0);
#2510=CIRCLE('',#2509,3.5E0);
#2523=CIRCLE('',#2522,3.5E0);
#2528=CIRCLE('',#2527,3.5E0);
#2541=CIRCLE('',#2540,3.5E0);
#2546=CIRCLE('',#2545,3.5E0);
#2559=CIRCLE('',#2558,3.5E0);
#2564=CIRCLE('',#2563,3.5E0);
#2577=CIRCLE('',#2576,3.5E0);
#2582=CIRCLE('',#2581,3.5E0);
#2595=CIRCLE('',#2594,3.5E0);
#2600=CIRCLE('',#2599,3.5E0);
#2613=CIRCLE('',#2612,3.5E0);
#2618=CIRCLE('',#2617,3.5E0);
#2631=CIRCLE('',#2630,3.5E0);
#2636=CIRCLE('',#2635,3.5E0);
#2649=CIRCLE('',#2648,3.5E0);
#2654=CIRCLE('',#2653,3.5E0);
#2667=CIRCLE('',#2666,3.5E0);
#2672=CIRCLE('',#2671,3.5E0);
#3446=EDGE_CURVE('',#3351,#3352,#785,.T.);
#3448=EDGE_CURVE('',#3351,#3347,#4,.T.);
#3450=EDGE_CURVE('',#3347,#3348,#2469,.T.);
#3452=EDGE_CURVE('',#3352,#3348,#2464,.T.);
#3462=EDGE_CURVE('',#2723,#2724,#8,.T.);
#3464=EDGE_CURVE('',#2728,#2723,#12,.T.);
#3466=EDGE_CURVE('',#2726,#2728,#16,.T.);
#3468=EDGE_CURVE('',#2724,#2726,#20,.T.);
#3472=EDGE_CURVE('',#2743,#2744,#25,.T.);
#3474=EDGE_CURVE('',#2744,#2743,#30,.T.);
#3478=EDGE_CURVE('',#2751,#2752,#35,.T.);
#3480=EDGE_CURVE('',#2752,#2751,#40,.T.);
#3484=EDGE_CURVE('',#2759,#2760,#45,.T.);
#3486=EDGE_CURVE('',#2760,#2759,#50,.T.);
#3490=EDGE_CURVE('',#2767,#2768,#55,.T.);
#3492=EDGE_CURVE('',#2768,#2767,#60,.T.);
#3496=EDGE_CURVE('',#2775,#2776,#65,.T.);
#3498=EDGE_CURVE('',#2776,#2775,#70,.T.);
#3502=EDGE_CURVE('',#2783,#2784,#75,.T.);
#3504=EDGE_CURVE('',#2784,#2783,#80,.T.);
#3508=EDGE_CURVE('',#2791,#2792,#85,.T.);
#3510=EDGE_CURVE('',#2792,#2791,#90,.T.);
#3514=EDGE_CURVE('',#2799,#2800,#95,.T.);
#3516=EDGE_CURVE('',#2800,#2799,#100,.T.);
#3520=EDGE_CURVE('',#2807,#2808,#105,.T.);
#3522=EDGE_CURVE('',#2808,#2807,#110,.T.);
#3526=EDGE_CURVE('',#2815,#2816,#115,.T.);
#3528=EDGE_CURVE('',#2816,#2815,#120,.T.);
#3532=EDGE_CURVE('',#3223,#3224,#125,.T.);
#3534=EDGE_CURVE('',#3224,#3223,#130,.T.);
#3538=EDGE_CURVE('',#2823,#2824,#135,.T.);
#3540=EDGE_CURVE('',#2824,#2823,#140,.T.);
#3544=EDGE_CURVE('',#2831,#2832,#145,.T.);
#3546=EDGE_CURVE('',#2832,#2831,#150,.T.);
#3550=EDGE_CURVE('',#2839,#2840,#155,.T.);
#3552=EDGE_CURVE('',#2840,#2839,#160,.T.);
#3556=EDGE_CURVE('',#2847,#2848,#165,.T.);
#3558=EDGE_CURVE('',#2848,#2847,#170,.T.);
#3562=EDGE_CURVE('',#2855,#2856,#175,.T.);
#3564=EDGE_CURVE('',#2856,#2855,#180,.T.);
#3568=EDGE_CURVE('',#2863,#2864,#185,.T.);
#3570=EDGE_CURVE('',#2864,#2863,#190,.T.);
#3574=EDGE_CURVE('',#2871,#2872,#195,.T.);
#3576=EDGE_CURVE('',#2872,#2871,#200,.T.);
#3580=EDGE_CURVE('',#2879,#2880,#205,.T.);
#3582=EDGE_CURVE('',#2880,#2879,#210,.T.);
#3586=EDGE_CURVE('',#2887,#2888,#215,.T.);
#3588=EDGE_CURVE('',#2888,#2887,#220,.T.);
#3592=EDGE_CURVE('',#2895,#2896,#225,.T.);
#3594=EDGE_CURVE('',#2896,#2895,#230,.T.);
#3598=EDGE_CURVE('',#3231,#3232,#235,.T.);
#3600=EDGE_CURVE('',#3232,#3231,#240,.T.);
#3604=EDGE_CURVE('',#2903,#2904,#245,.T.);
#3606=EDGE_CURVE('',#2904,#2903,#250,.T.);
#3610=EDGE_CURVE('',#2911,#2912,#255,.T.);
#3612=EDGE_CURVE('',#2912,#2911,#260,.T.);
#3616=EDGE_CURVE('',#2919,#2920,#265,.T.);
#3618=EDGE_CURVE('',#2920,#2919,#270,.T.);
#3622=EDGE_CURVE('',#2927,#2928,#275,.T.);
#3624=EDGE_CURVE('',#2928,#2927,#280,.T.);
#3628=EDGE_CURVE('',#2935,#2936,#285,.T.);
#3630=EDGE_CURVE('',#2936,#2935,#290,.T.);
#3634=EDGE_CURVE('',#2943,#2944,#295,.T.);
#3636=EDGE_CURVE('',#2944,#2943,#300,.T.);
#3640=EDGE_CURVE('',#2951,#2952,#305,.T.);
#3642=EDGE_CURVE('',#2952,#2951,#310,.T.);
#3646=EDGE_CURVE('',#2959,#2960,#315,.T.);
#3648=EDGE_CURVE('',#2960,#2959,#320,.T.);
#3652=EDGE_CURVE('',#2967,#2968,#325,.T.);
#3654=EDGE_CURVE('',#2968,#2967,#330,.T.);
#3658=EDGE_CURVE('',#2975,#2976,#335,.T.);
#3660=EDGE_CURVE('',#2976,#2975,#340,.T.);
#3664=EDGE_CURVE('',#3239,#3240,#345,.T.);
#3666=EDGE_CURVE('',#3240,#3239,#350,.T.);
#3670=EDGE_CURVE('',#2983,#2984,#355,.T.);
#3672=EDGE_CURVE('',#2984,#2983,#360,.T.);
#3676=EDGE_CURVE('',#2991,#2992,#365,.T.);
#3678=EDGE_CURVE('',#2992,#2991,#370,.T.);
#3682=EDGE_CURVE('',#2999,#3000,#375,.T.);
#3684=EDGE_CURVE('',#3000,#2999,#380,.T.);
#3688=EDGE_CURVE('',#3007,#3008,#385,.T.);
#3690=EDGE_CURVE('',#3008,#3007,#390,.T.);
#3694=EDGE_CURVE('',#3015,#3016,#395,.T.);
#3696=EDGE_CURVE('',#3016,#3015,#400,.T.);
#3700=EDGE_CURVE('',#3023,#3024,#405,.T.);
#3702=EDGE_CURVE('',#3024,#3023,#410,.T.);
#3706=EDGE_CURVE('',#3031,#3032,#415,.T.);
#3708=EDGE_CURVE('',#3032,#3031,#420,.T.);
#3712=EDGE_CURVE('',#3039,#3040,#425,.T.);
#3714=EDGE_CURVE('',#3040,#3039,#430,.T.);
#3718=EDGE_CURVE('',#3047,#3048,#435,.T.);
#3720=EDGE_CURVE('',#3048,#3047,#440,.T.);
#3724=EDGE_CURVE('',#3055,#3056,#445,.T.);
#3726=EDGE_CURVE('',#3056,#3055,#450,.T.);
#3730=EDGE_CURVE('',#3247,#3248,#455,.T.);
#3732=EDGE_CURVE('',#3248,#3247,#460,.T.);
#3736=EDGE_CURVE('',#3063,#3064,#465,.T.);
#3738=EDGE_CURVE('',#3064,#3063,#470,.T.);
#3742=EDGE_CURVE('',#3071,#3072,#475,.T.);
#3744=EDGE_CURVE('',#3072,#3071,#480,.T.);
#3748=EDGE_CURVE('',#3079,#3080,#485,.T.);
#3750=EDGE_CURVE('',#3080,#3079,#490,.T.);
#3754=EDGE_CURVE('',#3087,#3088,#495,.T.);
#3756=EDGE_CURVE('',#3088,#3087,#500,.T.);
#3760=EDGE_CURVE('',#3095,#3096,#505,.T.);
#3762=EDGE_CURVE('',#3096,#3095,#510,.T.);
#3766=EDGE_CURVE('',#3103,#3104,#515,.T.);
#3768=EDGE_CURVE('',#3104,#3103,#520,.T.);
#3772=EDGE_CURVE('',#3111,#3112,#525,.T.);
#3774=EDGE_CURVE('',#3112,#3111,#530,.T.);
#3778=EDGE_CURVE('',#3119,#3120,#535,.T.);
#3780=EDGE_CURVE('',#3120,#3119,#540,.T.);
#3784=EDGE_CURVE('',#3127,#3128,#545,.T.);
#3786=EDGE_CURVE('',#3128,#3127,#550,.T.);
#3790=EDGE_CURVE('',#3135,#3136,#555,.T.);
#3792=EDGE_CURVE('',#3136,#3135,#560,.T.);
#3796=EDGE_CURVE('',#3255,#3256,#565,.T.);
#3798=EDGE_CURVE('',#3256,#3255,#570,.T.);
#3802=EDGE_CURVE('',#3143,#3144,#575,.T.);
#3804=EDGE_CURVE('',#3144,#3143,#580,.T.);
#3808=EDGE_CURVE('',#3151,#3152,#585,.T.);
#3810=EDGE_CURVE('',#3152,#3151,#590,.T.);
#3814=EDGE_CURVE('',#3159,#3160,#595,.T.);
#3816=EDGE_CURVE('',#3160,#3159,#600,.T.);
#3820=EDGE_CURVE('',#3167,#3168,#605,.T.);
#3822=EDGE_CURVE('',#3168,#3167,#610,.T.);
#3826=EDGE_CURVE('',#3175,#3176,#615,.T.);
#3828=EDGE_CURVE('',#3176,#3175,#620,.T.);
#3832=EDGE_CURVE('',#3183,#3184,#625,.T.);
#3834=EDGE_CURVE('',#3184,#3183,#630,.T.);
#3838=EDGE_CURVE('',#3191,#3192,#635,.T.);
#3840=EDGE_CURVE('',#3192,#3191,#640,.T.);
#3844=EDGE_CURVE('',#3199,#3200,#645,.T.);
#3846=EDGE_CURVE('',#3200,#3199,#650,.T.);
#3850=EDGE_CURVE('',#3207,#3208,#655,.T.);
#3852=EDGE_CURVE('',#3208,#3207,#660,.T.);
#3856=EDGE_CURVE('',#3215,#3216,#665,.T.);
#3858=EDGE_CURVE('',#3216,#3215,#670,.T.);
#3862=EDGE_CURVE('',#3263,#3264,#675,.T.);
#3864=EDGE_CURVE('',#3264,#3263,#680,.T.);
#3868=EDGE_CURVE('',#3271,#3272,#685,.T.);
#3870=EDGE_CURVE('',#3272,#3271,#690,.T.);
#3874=EDGE_CURVE('',#3279,#3280,#695,.T.);
#3876=EDGE_CURVE('',#3280,#3279,#700,.T.);
#3880=EDGE_CURVE('',#3287,#3288,#705,.T.);
#3882=EDGE_CURVE('',#3288,#3287,#710,.T.);
#3886=EDGE_CURVE('',#3295,#3296,#715,.T.);
#3888=EDGE_CURVE('',#3296,#3295,#720,.T.);
#3892=EDGE_CURVE('',#3303,#3304,#725,.T.);
#3894=EDGE_CURVE('',#3304,#3303,#730,.T.);
#3898=EDGE_CURVE('',#3311,#3312,#735,.T.);
#3900=EDGE_CURVE('',#3312,#3311,#740,.T.);
#3904=EDGE_CURVE('',#3319,#3320,#745,.T.);
#3906=EDGE_CURVE('',#3320,#3319,#750,.T.);
#3910=EDGE_CURVE('',#3327,#3328,#755,.T.);
#3912=EDGE_CURVE('',#3328,#3327,#760,.T.);
#3916=EDGE_CURVE('',#3335,#3336,#765,.T.);
#3918=EDGE_CURVE('',#3336,#3335,#770,.T.);
#3922=EDGE_CURVE('',#3343,#3344,#775,.T.);
#3924=EDGE_CURVE('',#3344,#3343,#780,.T.);
#3929=EDGE_CURVE('',#3352,#3351,#790,.T.);
#3933=EDGE_CURVE('',#3359,#3360,#795,.T.);
#3935=EDGE_CURVE('',#3360,#3359,#800,.T.);
#3939=EDGE_CURVE('',#3367,#3368,#805,.T.);
#3941=EDGE_CURVE('',#3368,#3367,#810,.T.);
#3945=EDGE_CURVE('',#3375,#3376,#815,.T.);
#3947=EDGE_CURVE('',#3376,#3375,#820,.T.);
#3951=EDGE_CURVE('',#3383,#3384,#825,.T.);
#3953=EDGE_CURVE('',#3384,#3383,#830,.T.);
#3957=EDGE_CURVE('',#3391,#3392,#835,.T.);
#3959=EDGE_CURVE('',#3392,#3391,#840,.T.);
#3963=EDGE_CURVE('',#3399,#3400,#845,.T.);
#3965=EDGE_CURVE('',#3400,#3399,#850,.T.);
#3969=EDGE_CURVE('',#3407,#3408,#855,.T.);
#3971=EDGE_CURVE('',#3408,#3407,#860,.T.);
#3975=EDGE_CURVE('',#3415,#3416,#865,.T.);
#3977=EDGE_CURVE('',#3416,#3415,#870,.T.);
#3981=EDGE_CURVE('',#3423,#3424,#875,.T.);
#3983=EDGE_CURVE('',#3424,#3423,#880,.T.);
#3987=EDGE_CURVE('',#3431,#3432,#885,.T.);
#3989=EDGE_CURVE('',#3432,#3431,#890,.T.);
#3993=EDGE_CURVE('',#3439,#3440,#895,.T.);
#3995=EDGE_CURVE('',#3440,#3439,#900,.T.);
#4005=EDGE_CURVE('',#2731,#2732,#948,.T.);
#4007=EDGE_CURVE('',#2731,#2723,#904,.T.);
#4010=EDGE_CURVE('',#2732,#2724,#1084,.T.);
#4021=EDGE_CURVE('',#2716,#2732,#952,.T.);
#4023=EDGE_CURVE('',#2715,#2716,#956,.T.);
#4025=EDGE_CURVE('',#2731,#2715,#960,.T.);
#4029=EDGE_CURVE('',#2703,#2704,#919,.T.);
#4031=EDGE_CURVE('',#2704,#2703,#924,.T.);
#4035=EDGE_CURVE('',#2711,#2712,#939,.T.);
#4037=EDGE_CURVE('',#2712,#2711,#944,.T.);
#4047=EDGE_CURVE('',#2735,#2736,#964,.T.);
#4049=EDGE_CURVE('',#2720,#2736,#968,.T.);
#4051=EDGE_CURVE('',#2719,#2720,#972,.T.);
#4053=EDGE_CURVE('',#2735,#2719,#976,.T.);
#4057=EDGE_CURVE('',#2699,#2700,#909,.T.);
#4059=EDGE_CURVE('',#2700,#2699,#914,.T.);
#4063=EDGE_CURVE('',#2707,#2708,#929,.T.);
#4065=EDGE_CURVE('',#2708,#2707,#934,.T.);
#4075=EDGE_CURVE('',#2675,#2676,#985,.T.);
#4077=EDGE_CURVE('',#2675,#2699,#980,.T.);
#4080=EDGE_CURVE('',#2676,#2700,#1040,.T.);
#4090=EDGE_CURVE('',#2691,#2692,#1024,.T.);
#4092=EDGE_CURVE('',#2692,#2694,#1028,.T.);
#4094=EDGE_CURVE('',#2694,#2696,#1032,.T.);
#4096=EDGE_CURVE('',#2696,#2691,#1036,.T.);
#4100=EDGE_CURVE('',#2679,#2680,#995,.T.);
#4102=EDGE_CURVE('',#2680,#2679,#1000,.T.);
#4106=EDGE_CURVE('',#2683,#2684,#1005,.T.);
#4108=EDGE_CURVE('',#2684,#2683,#1010,.T.);
#4112=EDGE_CURVE('',#2687,#2688,#1015,.T.);
#4114=EDGE_CURVE('',#2688,#2687,#1020,.T.);
#4119=EDGE_CURVE('',#2676,#2675,#990,.T.);
#4142=EDGE_CURVE('',#2679,#2703,#1044,.T.);
#4145=EDGE_CURVE('',#2680,#2704,#1048,.T.);
#4168=EDGE_CURVE('',#2683,#2707,#1052,.T.);
#4171=EDGE_CURVE('',#2684,#2708,#1056,.T.);
#4194=EDGE_CURVE('',#2687,#2711,#1060,.T.);
#4197=EDGE_CURVE('',#2688,#2712,#1064,.T.);
#4220=EDGE_CURVE('',#2691,#2715,#1068,.T.);
#4223=EDGE_CURVE('',#2692,#2716,#1088,.T.);
#4234=EDGE_CURVE('',#2736,#2728,#1072,.T.);
#4241=EDGE_CURVE('',#2696,#2720,#1076,.T.);
#4252=EDGE_CURVE('',#2735,#2726,#1080,.T.);
#4269=EDGE_CURVE('',#2694,#2719,#1092,.T.);
#4294=EDGE_CURVE('',#2743,#2739,#1096,.T.);
#4296=EDGE_CURVE('',#2739,#2740,#1105,.T.);
#4298=EDGE_CURVE('',#2744,#2740,#1100,.T.);
#4310=EDGE_CURVE('',#2740,#2739,#1110,.T.);
#4332=EDGE_CURVE('',#2751,#2747,#1114,.T.);
#4334=EDGE_CURVE('',#2747,#2748,#1123,.T.);
#4336=EDGE_CURVE('',#2752,#2748,#1118,.T.);
#4348=EDGE_CURVE('',#2748,#2747,#1128,.T.);
#4370=EDGE_CURVE('',#2759,#2755,#1132,.T.);
#4372=EDGE_CURVE('',#2755,#2756,#1141,.T.);
#4374=EDGE_CURVE('',#2760,#2756,#1136,.T.);
#4386=EDGE_CURVE('',#2756,#2755,#1146,.T.);
#4408=EDGE_CURVE('',#2767,#2763,#1150,.T.);
#4410=EDGE_CURVE('',#2763,#2764,#1159,.T.);
#4412=EDGE_CURVE('',#2768,#2764,#1154,.T.);
#4424=EDGE_CURVE('',#2764,#2763,#1164,.T.);
#4446=EDGE_CURVE('',#2775,#2771,#1168,.T.);
#4448=EDGE_CURVE('',#2771,#2772,#1177,.T.);
#4450=EDGE_CURVE('',#2776,#2772,#1172,.T.);
#4462=EDGE_CURVE('',#2772,#2771,#1182,.T.);
#4484=EDGE_CURVE('',#2783,#2779,#1186,.T.);
#4486=EDGE_CURVE('',#2779,#2780,#1195,.T.);
#4488=EDGE_CURVE('',#2784,#2780,#1190,.T.);
#4500=EDGE_CURVE('',#2780,#2779,#1200,.T.);
#4522=EDGE_CURVE('',#2791,#2787,#1204,.T.);
#4524=EDGE_CURVE('',#2787,#2788,#1213,.T.);
#4526=EDGE_CURVE('',#2792,#2788,#1208,.T.);
#4538=EDGE_CURVE('',#2788,#2787,#1218,.T.);
#4560=EDGE_CURVE('',#2799,#2795,#1222,.T.);
#4562=EDGE_CURVE('',#2795,#2796,#1231,.T.);
#4564=EDGE_CURVE('',#2800,#2796,#1226,.T.);
#4576=EDGE_CURVE('',#2796,#2795,#1236,.T.);
#4598=EDGE_CURVE('',#2807,#2803,#1240,.T.);
#4600=EDGE_CURVE('',#2803,#2804,#1249,.T.);
#4602=EDGE_CURVE('',#2808,#2804,#1244,.T.);
#4614=EDGE_CURVE('',#2804,#2803,#1254,.T.);
#4636=EDGE_CURVE('',#2815,#2811,#1258,.T.);
#4638=EDGE_CURVE('',#2811,#2812,#1267,.T.);
#4640=EDGE_CURVE('',#2816,#2812,#1262,.T.);
#4652=EDGE_CURVE('',#2812,#2811,#1272,.T.);
#4674=EDGE_CURVE('',#3223,#3219,#1276,.T.);
#4676=EDGE_CURVE('',#3219,#3220,#1285,.T.);
#4678=EDGE_CURVE('',#3224,#3220,#1280,.T.);
#4690=EDGE_CURVE('',#3220,#3219,#1290,.T.);
#4712=EDGE_CURVE('',#2823,#2819,#1294,.T.);
#4714=EDGE_CURVE('',#2819,#2820,#1303,.T.);
#4716=EDGE_CURVE('',#2824,#2820,#1298,.T.);
#4728=EDGE_CURVE('',#2820,#2819,#1308,.T.);
#4750=EDGE_CURVE('',#2831,#2827,#1312,.T.);
#4752=EDGE_CURVE('',#2827,#2828,#1321,.T.);
#4754=EDGE_CURVE('',#2832,#2828,#1316,.T.);
#4766=EDGE_CURVE('',#2828,#2827,#1326,.T.);
#4788=EDGE_CURVE('',#2839,#2835,#1330,.T.);
#4790=EDGE_CURVE('',#2835,#2836,#1339,.T.);
#4792=EDGE_CURVE('',#2840,#2836,#1334,.T.);
#4804=EDGE_CURVE('',#2836,#2835,#1344,.T.);
#4826=EDGE_CURVE('',#2847,#2843,#1348,.T.);
#4828=EDGE_CURVE('',#2843,#2844,#1357,.T.);
#4830=EDGE_CURVE('',#2848,#2844,#1352,.T.);
#4842=EDGE_CURVE('',#2844,#2843,#1362,.T.);
#4864=EDGE_CURVE('',#2855,#2851,#1366,.T.);
#4866=EDGE_CURVE('',#2851,#2852,#1375,.T.);
#4868=EDGE_CURVE('',#2856,#2852,#1370,.T.);
#4880=EDGE_CURVE('',#2852,#2851,#1380,.T.);
#4902=EDGE_CURVE('',#2863,#2859,#1384,.T.);
#4904=EDGE_CURVE('',#2859,#2860,#1393,.T.);
#4906=EDGE_CURVE('',#2864,#2860,#1388,.T.);
#4918=EDGE_CURVE('',#2860,#2859,#1398,.T.);
#4940=EDGE_CURVE('',#2871,#2867,#1402,.T.);
#4942=EDGE_CURVE('',#2867,#2868,#1411,.T.);
#4944=EDGE_CURVE('',#2872,#2868,#1406,.T.);
#4956=EDGE_CURVE('',#2868,#2867,#1416,.T.);
#4978=EDGE_CURVE('',#2879,#2875,#1420,.T.);
#4980=EDGE_CURVE('',#2875,#2876,#1429,.T.);
#4982=EDGE_CURVE('',#2880,#2876,#1424,.T.);
#4994=EDGE_CURVE('',#2876,#2875,#1434,.T.);
#5016=EDGE_CURVE('',#2887,#2883,#1438,.T.);
#5018=EDGE_CURVE('',#2883,#2884,#1447,.T.);
#5020=EDGE_CURVE('',#2888,#2884,#1442,.T.);
#5032=EDGE_CURVE('',#2884,#2883,#1452,.T.);
#5054=EDGE_CURVE('',#2895,#2891,#1456,.T.);
#5056=EDGE_CURVE('',#2891,#2892,#1465,.T.);
#5058=EDGE_CURVE('',#2896,#2892,#1460,.T.);
#5070=EDGE_CURVE('',#2892,#2891,#1470,.T.);
#5092=EDGE_CURVE('',#3231,#3227,#1474,.T.);
#5094=EDGE_CURVE('',#3227,#3228,#1483,.T.);
#5096=EDGE_CURVE('',#3232,#3228,#1478,.T.);
#5108=EDGE_CURVE('',#3228,#3227,#1488,.T.);
#5130=EDGE_CURVE('',#2903,#2899,#1492,.T.);
#5132=EDGE_CURVE('',#2899,#2900,#1501,.T.);
#5134=EDGE_CURVE('',#2904,#2900,#1496,.T.);
#5146=EDGE_CURVE('',#2900,#2899,#1506,.T.);
#5168=EDGE_CURVE('',#2911,#2907,#1510,.T.);
#5170=EDGE_CURVE('',#2907,#2908,#1519,.T.);
#5172=EDGE_CURVE('',#2912,#2908,#1514,.T.);
#5184=EDGE_CURVE('',#2908,#2907,#1524,.T.);
#5206=EDGE_CURVE('',#2919,#2915,#1528,.T.);
#5208=EDGE_CURVE('',#2915,#2916,#1537,.T.);
#5210=EDGE_CURVE('',#2920,#2916,#1532,.T.);
#5222=EDGE_CURVE('',#2916,#2915,#1542,.T.);
#5244=EDGE_CURVE('',#2927,#2923,#1546,.T.);
#5246=EDGE_CURVE('',#2923,#2924,#1555,.T.);
#5248=EDGE_CURVE('',#2928,#2924,#1550,.T.);
#5260=EDGE_CURVE('',#2924,#2923,#1560,.T.);
#5282=EDGE_CURVE('',#2935,#2931,#1564,.T.);
#5284=EDGE_CURVE('',#2931,#2932,#1573,.T.);
#5286=EDGE_CURVE('',#2936,#2932,#1568,.T.);
#5298=EDGE_CURVE('',#2932,#2931,#1578,.T.);
#5320=EDGE_CURVE('',#2943,#2939,#1582,.T.);
#5322=EDGE_CURVE('',#2939,#2940,#1591,.T.);
#5324=EDGE_CURVE('',#2944,#2940,#1586,.T.);
#5336=EDGE_CURVE('',#2940,#2939,#1596,.T.);
#5358=EDGE_CURVE('',#2951,#2947,#1600,.T.);
#5360=EDGE_CURVE('',#2947,#2948,#1609,.T.);
#5362=EDGE_CURVE('',#2952,#2948,#1604,.T.);
#5374=EDGE_CURVE('',#2948,#2947,#1614,.T.);
#5396=EDGE_CURVE('',#2959,#2955,#1618,.T.);
#5398=EDGE_CURVE('',#2955,#2956,#1627,.T.);
#5400=EDGE_CURVE('',#2960,#2956,#1622,.T.);
#5412=EDGE_CURVE('',#2956,#2955,#1632,.T.);
#5434=EDGE_CURVE('',#2967,#2963,#1636,.T.);
#5436=EDGE_CURVE('',#2963,#2964,#1645,.T.);
#5438=EDGE_CURVE('',#2968,#2964,#1640,.T.);
#5450=EDGE_CURVE('',#2964,#2963,#1650,.T.);
#5472=EDGE_CURVE('',#2975,#2971,#1654,.T.);
#5474=EDGE_CURVE('',#2971,#2972,#1663,.T.);
#5476=EDGE_CURVE('',#2976,#2972,#1658,.T.);
#5488=EDGE_CURVE('',#2972,#2971,#1668,.T.);
#5510=EDGE_CURVE('',#3239,#3235,#1672,.T.);
#5512=EDGE_CURVE('',#3235,#3236,#1681,.T.);
#5514=EDGE_CURVE('',#3240,#3236,#1676,.T.);
#5526=EDGE_CURVE('',#3236,#3235,#1686,.T.);
#5548=EDGE_CURVE('',#2983,#2979,#1690,.T.);
#5550=EDGE_CURVE('',#2979,#2980,#1699,.T.);
#5552=EDGE_CURVE('',#2984,#2980,#1694,.T.);
#5564=EDGE_CURVE('',#2980,#2979,#1704,.T.);
#5586=EDGE_CURVE('',#2991,#2987,#1708,.T.);
#5588=EDGE_CURVE('',#2987,#2988,#1717,.T.);
#5590=EDGE_CURVE('',#2992,#2988,#1712,.T.);
#5602=EDGE_CURVE('',#2988,#2987,#1722,.T.);
#5624=EDGE_CURVE('',#2999,#2995,#1726,.T.);
#5626=EDGE_CURVE('',#2995,#2996,#1735,.T.);
#5628=EDGE_CURVE('',#3000,#2996,#1730,.T.);
#5640=EDGE_CURVE('',#2996,#2995,#1740,.T.);
#5662=EDGE_CURVE('',#3007,#3003,#1744,.T.);
#5664=EDGE_CURVE('',#3003,#3004,#1753,.T.);
#5666=EDGE_CURVE('',#3008,#3004,#1748,.T.);
#5678=EDGE_CURVE('',#3004,#3003,#1758,.T.);
#5700=EDGE_CURVE('',#3015,#3011,#1762,.T.);
#5702=EDGE_CURVE('',#3011,#3012,#1771,.T.);
#5704=EDGE_CURVE('',#3016,#3012,#1766,.T.);
#5716=EDGE_CURVE('',#3012,#3011,#1776,.T.);
#5738=EDGE_CURVE('',#3023,#3019,#1780,.T.);
#5740=EDGE_CURVE('',#3019,#3020,#1789,.T.);
#5742=EDGE_CURVE('',#3024,#3020,#1784,.T.);
#5754=EDGE_CURVE('',#3020,#3019,#1794,.T.);
#5776=EDGE_CURVE('',#3031,#3027,#1798,.T.);
#5778=EDGE_CURVE('',#3027,#3028,#1807,.T.);
#5780=EDGE_CURVE('',#3032,#3028,#1802,.T.);
#5792=EDGE_CURVE('',#3028,#3027,#1812,.T.);
#5814=EDGE_CURVE('',#3039,#3035,#1816,.T.);
#5816=EDGE_CURVE('',#3035,#3036,#1825,.T.);
#5818=EDGE_CURVE('',#3040,#3036,#1820,.T.);
#5830=EDGE_CURVE('',#3036,#3035,#1830,.T.);
#5852=EDGE_CURVE('',#3047,#3043,#1834,.T.);
#5854=EDGE_CURVE('',#3043,#3044,#1843,.T.);
#5856=EDGE_CURVE('',#3048,#3044,#1838,.T.);
#5868=EDGE_CURVE('',#3044,#3043,#1848,.T.);
#5890=EDGE_CURVE('',#3055,#3051,#1852,.T.);
#5892=EDGE_CURVE('',#3051,#3052,#1861,.T.);
#5894=EDGE_CURVE('',#3056,#3052,#1856,.T.);
#5906=EDGE_CURVE('',#3052,#3051,#1866,.T.);
#5928=EDGE_CURVE('',#3247,#3243,#1870,.T.);
#5930=EDGE_CURVE('',#3243,#3244,#1879,.T.);
#5932=EDGE_CURVE('',#3248,#3244,#1874,.T.);
#5944=EDGE_CURVE('',#3244,#3243,#1884,.T.);
#5966=EDGE_CURVE('',#3063,#3059,#1888,.T.);
#5968=EDGE_CURVE('',#3059,#3060,#1897,.T.);
#5970=EDGE_CURVE('',#3064,#3060,#1892,.T.);
#5982=EDGE_CURVE('',#3060,#3059,#1902,.T.);
#6004=EDGE_CURVE('',#3071,#3067,#1906,.T.);
#6006=EDGE_CURVE('',#3067,#3068,#1915,.T.);
#6008=EDGE_CURVE('',#3072,#3068,#1910,.T.);
#6020=EDGE_CURVE('',#3068,#3067,#1920,.T.);
#6042=EDGE_CURVE('',#3079,#3075,#1924,.T.);
#6044=EDGE_CURVE('',#3075,#3076,#1933,.T.);
#6046=EDGE_CURVE('',#3080,#3076,#1928,.T.);
#6058=EDGE_CURVE('',#3076,#3075,#1938,.T.);
#6080=EDGE_CURVE('',#3087,#3083,#1942,.T.);
#6082=EDGE_CURVE('',#3083,#3084,#1951,.T.);
#6084=EDGE_CURVE('',#3088,#3084,#1946,.T.);
#6096=EDGE_CURVE('',#3084,#3083,#1956,.T.);
#6118=EDGE_CURVE('',#3095,#3091,#1960,.T.);
#6120=EDGE_CURVE('',#3091,#3092,#1969,.T.);
#6122=EDGE_CURVE('',#3096,#3092,#1964,.T.);
#6134=EDGE_CURVE('',#3092,#3091,#1974,.T.);
#6156=EDGE_CURVE('',#3103,#3099,#1978,.T.);
#6158=EDGE_CURVE('',#3099,#3100,#1987,.T.);
#6160=EDGE_CURVE('',#3104,#3100,#1982,.T.);
#6172=EDGE_CURVE('',#3100,#3099,#1992,.T.);
#6194=EDGE_CURVE('',#3111,#3107,#1996,.T.);
#6196=EDGE_CURVE('',#3107,#3108,#2005,.T.);
#6198=EDGE_CURVE('',#3112,#3108,#2000,.T.);
#6210=EDGE_CURVE('',#3108,#3107,#2010,.T.);
#6232=EDGE_CURVE('',#3119,#3115,#2014,.T.);
#6234=EDGE_CURVE('',#3115,#3116,#2023,.T.);
#6236=EDGE_CURVE('',#3120,#3116,#2018,.T.);
#6248=EDGE_CURVE('',#3116,#3115,#2028,.T.);
#6270=EDGE_CURVE('',#3127,#3123,#2032,.T.);
#6272=EDGE_CURVE('',#3123,#3124,#2041,.T.);
#6274=EDGE_CURVE('',#3128,#3124,#2036,.T.);
#6286=EDGE_CURVE('',#3124,#3123,#2046,.T.);
#6308=EDGE_CURVE('',#3135,#3131,#2050,.T.);
#6310=EDGE_CURVE('',#3131,#3132,#2059,.T.);
#6312=EDGE_CURVE('',#3136,#3132,#2054,.T.);
#6324=EDGE_CURVE('',#3132,#3131,#2064,.T.);
#6346=EDGE_CURVE('',#3255,#3251,#2068,.T.);
#6348=EDGE_CURVE('',#3251,#3252,#2077,.T.);
#6350=EDGE_CURVE('',#3256,#3252,#2072,.T.);
#6362=EDGE_CURVE('',#3252,#3251,#2082,.T.);
#6384=EDGE_CURVE('',#3143,#3139,#2086,.T.);
#6386=EDGE_CURVE('',#3139,#3140,#2095,.T.);
#6388=EDGE_CURVE('',#3144,#3140,#2090,.T.);
#6400=EDGE_CURVE('',#3140,#3139,#2100,.T.);
#6422=EDGE_CURVE('',#3151,#3147,#2104,.T.);
#6424=EDGE_CURVE('',#3147,#3148,#2113,.T.);
#6426=EDGE_CURVE('',#3152,#3148,#2108,.T.);
#6438=EDGE_CURVE('',#3148,#3147,#2118,.T.);
#6460=EDGE_CURVE('',#3159,#3155,#2122,.T.);
#6462=EDGE_CURVE('',#3155,#3156,#2131,.T.);
#6464=EDGE_CURVE('',#3160,#3156,#2126,.T.);
#6476=EDGE_CURVE('',#3156,#3155,#2136,.T.);
#6498=EDGE_CURVE('',#3167,#3163,#2140,.T.);
#6500=EDGE_CURVE('',#3163,#3164,#2149,.T.);
#6502=EDGE_CURVE('',#3168,#3164,#2144,.T.);
#6514=EDGE_CURVE('',#3164,#3163,#2154,.T.);
#6536=EDGE_CURVE('',#3175,#3171,#2158,.T.);
#6538=EDGE_CURVE('',#3171,#3172,#2167,.T.);
#6540=EDGE_CURVE('',#3176,#3172,#2162,.T.);
#6552=EDGE_CURVE('',#3172,#3171,#2172,.T.);
#6574=EDGE_CURVE('',#3183,#3179,#2176,.T.);
#6576=EDGE_CURVE('',#3179,#3180,#2185,.T.);
#6578=EDGE_CURVE('',#3184,#3180,#2180,.T.);
#6590=EDGE_CURVE('',#3180,#3179,#2190,.T.);
#6612=EDGE_CURVE('',#3191,#3187,#2194,.T.);
#6614=EDGE_CURVE('',#3187,#3188,#2203,.T.);
#6616=EDGE_CURVE('',#3192,#3188,#2198,.T.);
#6628=EDGE_CURVE('',#3188,#3187,#2208,.T.);
#6650=EDGE_CURVE('',#3199,#3195,#2212,.T.);
#6652=EDGE_CURVE('',#3195,#3196,#2221,.T.);
#6654=EDGE_CURVE('',#3200,#3196,#2216,.T.);
#6666=EDGE_CURVE('',#3196,#3195,#2226,.T.);
#6688=EDGE_CURVE('',#3207,#3203,#2230,.T.);
#6690=EDGE_CURVE('',#3203,#3204,#2239,.T.);
#6692=EDGE_CURVE('',#3208,#3204,#2234,.T.);
#6704=EDGE_CURVE('',#3204,#3203,#2244,.T.);
#6726=EDGE_CURVE('',#3215,#3211,#2248,.T.);
#6728=EDGE_CURVE('',#3211,#3212,#2257,.T.);
#6730=EDGE_CURVE('',#3216,#3212,#2252,.T.);
#6742=EDGE_CURVE('',#3212,#3211,#2262,.T.);
#6764=EDGE_CURVE('',#3263,#3259,#2266,.T.);
#6766=EDGE_CURVE('',#3259,#3260,#2275,.T.);
#6768=EDGE_CURVE('',#3264,#3260,#2270,.T.);
#6780=EDGE_CURVE('',#3260,#3259,#2280,.T.);
#6802=EDGE_CURVE('',#3271,#3267,#2284,.T.);
#6804=EDGE_CURVE('',#3267,#3268,#2293,.T.);
#6806=EDGE_CURVE('',#3272,#3268,#2288,.T.);
#6818=EDGE_CURVE('',#3268,#3267,#2298,.T.);
#6840=EDGE_CURVE('',#3279,#3275,#2302,.T.);
#6842=EDGE_CURVE('',#3275,#3276,#2311,.T.);
#6844=EDGE_CURVE('',#3280,#3276,#2306,.T.);
#6856=EDGE_CURVE('',#3276,#3275,#2316,.T.);
#6878=EDGE_CURVE('',#3287,#3283,#2320,.T.);
#6880=EDGE_CURVE('',#3283,#3284,#2329,.T.);
#6882=EDGE_CURVE('',#3288,#3284,#2324,.T.);
#6894=EDGE_CURVE('',#3284,#3283,#2334,.T.);
#6916=EDGE_CURVE('',#3295,#3291,#2338,.T.);
#6918=EDGE_CURVE('',#3291,#3292,#2347,.T.);
#6920=EDGE_CURVE('',#3296,#3292,#2342,.T.);
#6932=EDGE_CURVE('',#3292,#3291,#2352,.T.);
#6954=EDGE_CURVE('',#3303,#3299,#2356,.T.);
#6956=EDGE_CURVE('',#3299,#3300,#2365,.T.);
#6958=EDGE_CURVE('',#3304,#3300,#2360,.T.);
#6970=EDGE_CURVE('',#3300,#3299,#2370,.T.);
#6992=EDGE_CURVE('',#3311,#3307,#2374,.T.);
#6994=EDGE_CURVE('',#3307,#3308,#2383,.T.);
#6996=EDGE_CURVE('',#3312,#3308,#2378,.T.);
#7008=EDGE_CURVE('',#3308,#3307,#2388,.T.);
#7030=EDGE_CURVE('',#3319,#3315,#2392,.T.);
#7032=EDGE_CURVE('',#3315,#3316,#2401,.T.);
#7034=EDGE_CURVE('',#3320,#3316,#2396,.T.);
#7046=EDGE_CURVE('',#3316,#3315,#2406,.T.);
#7068=EDGE_CURVE('',#3327,#3323,#2410,.T.);
#7070=EDGE_CURVE('',#3323,#3324,#2419,.T.);
#7072=EDGE_CURVE('',#3328,#3324,#2414,.T.);
#7084=EDGE_CURVE('',#3324,#3323,#2424,.T.);
#7106=EDGE_CURVE('',#3335,#3331,#2428,.T.);
#7108=EDGE_CURVE('',#3331,#3332,#2437,.T.);
#7110=EDGE_CURVE('',#3336,#3332,#2432,.T.);
#7122=EDGE_CURVE('',#3332,#3331,#2442,.T.);
#7144=EDGE_CURVE('',#3343,#3339,#2446,.T.);
#7146=EDGE_CURVE('',#3339,#3340,#2455,.T.);
#7148=EDGE_CURVE('',#3344,#3340,#2450,.T.);
#7160=EDGE_CURVE('',#3340,#3339,#2460,.T.);
#7183=EDGE_CURVE('',#3348,#3347,#2474,.T.);
#7205=EDGE_CURVE('',#3359,#3355,#2478,.T.);
#7207=EDGE_CURVE('',#3355,#3356,#2487,.T.);
#7209=EDGE_CURVE('',#3360,#3356,#2482,.T.);
#7221=EDGE_CURVE('',#3356,#3355,#2492,.T.);
#7243=EDGE_CURVE('',#3367,#3363,#2496,.T.);
#7245=EDGE_CURVE('',#3363,#3364,#2505,.T.);
#7247=EDGE_CURVE('',#3368,#3364,#2500,.T.);
#7259=EDGE_CURVE('',#3364,#3363,#2510,.T.);
#7281=EDGE_CURVE('',#3375,#3371,#2514,.T.);
#7283=EDGE_CURVE('',#3371,#3372,#2523,.T.);
#7285=EDGE_CURVE('',#3376,#3372,#2518,.T.);
#7297=EDGE_CURVE('',#3372,#3371,#2528,.T.);
#7319=EDGE_CURVE('',#3383,#3379,#2532,.T.);
#7321=EDGE_CURVE('',#3379,#3380,#2541,.T.);
#7323=EDGE_CURVE('',#3384,#3380,#2536,.T.);
#7335=EDGE_CURVE('',#3380,#3379,#2546,.T.);
#7357=EDGE_CURVE('',#3391,#3387,#2550,.T.);
#7359=EDGE_CURVE('',#3387,#3388,#2559,.T.);
#7361=EDGE_CURVE('',#3392,#3388,#2554,.T.);
#7373=EDGE_CURVE('',#3388,#3387,#2564,.T.);
#7395=EDGE_CURVE('',#3399,#3395,#2568,.T.);
#7397=EDGE_CURVE('',#3395,#3396,#2577,.T.);
#7399=EDGE_CURVE('',#3400,#3396,#2572,.T.);
#7411=EDGE_CURVE('',#3396,#3395,#2582,.T.);
#7433=EDGE_CURVE('',#3407,#3403,#2586,.T.);
#7435=EDGE_CURVE('',#3403,#3404,#2595,.T.);
#7437=EDGE_CURVE('',#3408,#3404,#2590,.T.);
#7449=EDGE_CURVE('',#3404,#3403,#2600,.T.);
#7471=EDGE_CURVE('',#3415,#3411,#2604,.T.);
#7473=EDGE_CURVE('',#3411,#3412,#2613,.T.);
#7475=EDGE_CURVE('',#3416,#3412,#2608,.T.);
#7487=EDGE_CURVE('',#3412,#3411,#2618,.T.);
#7509=EDGE_CURVE('',#3423,#3419,#2622,.T.);
#7511=EDGE_CURVE('',#3419,#3420,#2631,.T.);
#7513=EDGE_CURVE('',#3424,#3420,#2626,.T.);
#7525=EDGE_CURVE('',#3420,#3419,#2636,.T.);
#7547=EDGE_CURVE('',#3431,#3427,#2640,.T.);
#7549=EDGE_CURVE('',#3427,#3428,#2649,.T.);
#7551=EDGE_CURVE('',#3432,#3428,#2644,.T.);
#7563=EDGE_CURVE('',#3428,#3427,#2654,.T.);
#7585=EDGE_CURVE('',#3439,#3435,#2658,.T.);
#7587=EDGE_CURVE('',#3435,#3436,#2667,.T.);
#7589=EDGE_CURVE('',#3440,#3436,#2662,.T.);
#7601=EDGE_CURVE('',#3436,#3435,#2672,.T.);
#7617=CLOSED_SHELL('',(#3456,#3999,#4014,#4041,#4069,#4084,#4123,#4135,#4149,
#4161,#4175,#4187,#4201,#4213,#4227,#4245,#4258,#4275,#4287,#4302,#4315,#4325,
#4340,#4353,#4363,#4378,#4391,#4401,#4416,#4429,#4439,#4454,#4467,#4477,#4492,
#4505,#4515,#4530,#4543,#4553,#4568,#4581,#4591,#4606,#4619,#4629,#4644,#4657,
#4667,#4682,#4695,#4705,#4720,#4733,#4743,#4758,#4771,#4781,#4796,#4809,#4819,
#4834,#4847,#4857,#4872,#4885,#4895,#4910,#4923,#4933,#4948,#4961,#4971,#4986,
#4999,#5009,#5024,#5037,#5047,#5062,#5075,#5085,#5100,#5113,#5123,#5138,#5151,
#5161,#5176,#5189,#5199,#5214,#5227,#5237,#5252,#5265,#5275,#5290,#5303,#5313,
#5328,#5341,#5351,#5366,#5379,#5389,#5404,#5417,#5427,#5442,#5455,#5465,#5480,
#5493,#5503,#5518,#5531,#5541,#5556,#5569,#5579,#5594,#5607,#5617,#5632,#5645,
#5655,#5670,#5683,#5693,#5708,#5721,#5731,#5746,#5759,#5769,#5784,#5797,#5807,
#5822,#5835,#5845,#5860,#5873,#5883,#5898,#5911,#5921,#5936,#5949,#5959,#5974,
#5987,#5997,#6012,#6025,#6035,#6050,#6063,#6073,#6088,#6101,#6111,#6126,#6139,
#6149,#6164,#6177,#6187,#6202,#6215,#6225,#6240,#6253,#6263,#6278,#6291,#6301,
#6316,#6329,#6339,#6354,#6367,#6377,#6392,#6405,#6415,#6430,#6443,#6453,#6468,
#6481,#6491,#6506,#6519,#6529,#6544,#6557,#6567,#6582,#6595,#6605,#6620,#6633,
#6643,#6658,#6671,#6681,#6696,#6709,#6719,#6734,#6747,#6757,#6772,#6785,#6795,
#6810,#6823,#6833,#6848,#6861,#6871,#6886,#6899,#6909,#6924,#6937,#6947,#6962,
#6975,#6985,#7000,#7013,#7023,#7038,#7051,#7061,#7076,#7089,#7099,#7114,#7127,
#7137,#7152,#7165,#7175,#7188,#7198,#7213,#7226,#7236,#7251,#7264,#7274,#7289,
#7302,#7312,#7327,#7340,#7350,#7365,#7378,#7388,#7403,#7416,#7426,#7441,#7454,
#7464,#7479,#7492,#7502,#7517,#7530,#7540,#7555,#7568,#7578,#7593,#7606,#7616));
#7687=EDGE_CURVE('',#7673,#7668,#7637,.T.);
#7689=EDGE_CURVE('',#7673,#7681,#7621,.T.);
#7691=EDGE_CURVE('',#7681,#7676,#7649,.T.);
#7693=EDGE_CURVE('',#7668,#7676,#7641,.T.);
#7703=EDGE_CURVE('',#7668,#7669,#7625,.T.);
#7705=EDGE_CURVE('',#7669,#7671,#7629,.T.);
#7707=EDGE_CURVE('',#7671,#7673,#7633,.T.);
#7720=EDGE_CURVE('',#7676,#7677,#7645,.T.);
#7722=EDGE_CURVE('',#7669,#7677,#7665,.T.);
#7734=EDGE_CURVE('',#7679,#7681,#7653,.T.);
#7736=EDGE_CURVE('',#7677,#7679,#7657,.T.);
#7747=EDGE_CURVE('',#7671,#7679,#7661,.T.);
#7766=CLOSED_SHELL('',(#7697,#7712,#7726,#7740,#7753,#7765));
#7768=BREP_WITH_VOIDS('',#7617,(#7767));
#7769=(LENGTH_UNIT()NAMED_UNIT(*)SI_UNIT(.MILLI.,.METRE.));
#7771=(NAMED_UNIT(*)PLANE_ANGLE_UNIT()SI_UNIT($,.RADIAN.));
#7774=(NAMED_UNIT(*)SI_UNIT($,.STERADIAN.)SOLID_ANGLE_UNIT());
#7777=ADVANCED_BREP_SHAPE_REPRESENTATION('',(#7768),#7776);
#7784=PRODUCT_DEFINITION('design','',#7783,#7780);
#7785=PRODUCT_DEFINITION_SHAPE('','SHAPE FOR PIPETTIPRACK88.',#7784);
#7786=SHAPE_DEFINITION_REPRESENTATION(#7785,#7777);
ENDSEC;
END-ISO-10303-21;
